ISO-10303-21;
HEADER;
FILE_DESCRIPTION(('Open CASCADE Model'),'2;1');
FILE_NAME('\X2\043F0440043E043B04510442\X0\_\X2\0434043204350440044C\X0\','2026-10-09T10:28:48',('Author'),(
    'Open CASCADE'),'Open CASCADE STEP processor 8.0','build123d',
  'Unknown');
FILE_SCHEMA(('AUTOMOTIVE_DESIGN { 1 0 10303 214 1 1 1 1 }'));
ENDSEC;
DATA;
#1 = APPLICATION_PROTOCOL_DEFINITION('international standard',
  'automotive_design',2000,#2);
#2 = APPLICATION_CONTEXT(
  'core data for automotive mechanical design processes');
#3 = SHAPE_DEFINITION_REPRESENTATION(#4,#10);
#4 = PRODUCT_DEFINITION_SHAPE('','',#5);
#5 = PRODUCT_DEFINITION('design','',#6,#9);
#6 = PRODUCT_DEFINITION_FORMATION('','',#7);
#7 = PRODUCT('\X2\043F0440043E043B04510442\X0\_\X2\0434043204350440044C\X0\',
  '\X2\043F0440043E043B04510442\X0\_\X2\0434043204350440044C\X0\','',(#8));
#8 = PRODUCT_CONTEXT('',#2,'mechanical');
#9 = PRODUCT_DEFINITION_CONTEXT('part definition',#2,'design');
#10 = SHAPE_REPRESENTATION('',(#11,#15,#19,#23,#27,#31,#35,#39,#43,#47,
    #51,#55,#59,#63,#67,#71,#75,#79,#83,#87,#91,#95,#99,#103,#107,#111,
    #115,#119,#123,#127,#131,#135,#139,#143),#147);
#11 = AXIS2_PLACEMENT_3D('',#12,#13,#14);
#12 = CARTESIAN_POINT('',(0.,0.,0.));
#13 = DIRECTION('',(0.,0.,1.));
#14 = DIRECTION('',(1.,0.,-0.));
#15 = AXIS2_PLACEMENT_3D('',#16,#17,#18);
#16 = CARTESIAN_POINT('',(0.,0.,0.));
#17 = DIRECTION('',(0.,0.,1.));
#18 = DIRECTION('',(1.,0.,-0.));
#19 = AXIS2_PLACEMENT_3D('',#20,#21,#22);
#20 = CARTESIAN_POINT('',(0.,0.,0.));
#21 = DIRECTION('',(0.,0.,1.));
#22 = DIRECTION('',(1.,0.,-0.));
#23 = AXIS2_PLACEMENT_3D('',#24,#25,#26);
#24 = CARTESIAN_POINT('',(25.,0.,0.));
#25 = DIRECTION('',(0.,0.,1.));
#26 = DIRECTION('',(1.,0.,-0.));
#27 = AXIS2_PLACEMENT_3D('',#28,#29,#30);
#28 = CARTESIAN_POINT('',(0.,0.,0.));
#29 = DIRECTION('',(0.,0.,1.));
#30 = DIRECTION('',(1.,0.,-0.));
#31 = AXIS2_PLACEMENT_3D('',#32,#33,#34);
#32 = CARTESIAN_POINT('',(0.,-3.,0.));
#33 = DIRECTION('',(0.,0.,1.));
#34 = DIRECTION('',(1.,0.,-0.));
#35 = AXIS2_PLACEMENT_3D('',#36,#37,#38);
#36 = CARTESIAN_POINT('',(997.,0.,0.));
#37 = DIRECTION('',(0.,0.,1.));
#38 = DIRECTION('',(1.,0.,-0.));
#39 = AXIS2_PLACEMENT_3D('',#40,#41,#42);
#40 = CARTESIAN_POINT('',(997.,0.,0.));
#41 = DIRECTION('',(0.,0.,1.));
#42 = DIRECTION('',(1.,0.,-0.));
#43 = AXIS2_PLACEMENT_3D('',#44,#45,#46);
#44 = CARTESIAN_POINT('',(1.022E+03,0.,0.));
#45 = DIRECTION('',(0.,0.,1.));
#46 = DIRECTION('',(1.,0.,-0.));
#47 = AXIS2_PLACEMENT_3D('',#48,#49,#50);
#48 = CARTESIAN_POINT('',(1.022E+03,0.,2.375E+03));
#49 = DIRECTION('',(0.,0.,1.));
#50 = DIRECTION('',(1.,0.,-0.));
#51 = AXIS2_PLACEMENT_3D('',#52,#53,#54);
#52 = CARTESIAN_POINT('',(1.0705E+03,0.,25.));
#53 = DIRECTION('',(0.,0.,1.));
#54 = DIRECTION('',(1.,0.,-0.));
#55 = AXIS2_PLACEMENT_3D('',#56,#57,#58);
#56 = CARTESIAN_POINT('',(1.8955E+03,0.,25.));
#57 = DIRECTION('',(0.,0.,1.));
#58 = DIRECTION('',(1.,0.,-0.));
#59 = AXIS2_PLACEMENT_3D('',#60,#61,#62);
#60 = CARTESIAN_POINT('',(1.022E+03,0.,2.075E+03));
#61 = DIRECTION('',(0.,0.,1.));
#62 = DIRECTION('',(1.,0.,-0.));
#63 = AXIS2_PLACEMENT_3D('',#64,#65,#66);
#64 = CARTESIAN_POINT('',(1.1005E+03,0.,30.));
#65 = DIRECTION('',(0.,0.,1.));
#66 = DIRECTION('',(1.,0.,-0.));
#67 = AXIS2_PLACEMENT_3D('',#68,#69,#70);
#68 = CARTESIAN_POINT('',(1.8405E+03,0.,30.));
#69 = DIRECTION('',(0.,0.,1.));
#70 = DIRECTION('',(1.,0.,-0.));
#71 = AXIS2_PLACEMENT_3D('',#72,#73,#74);
#72 = CARTESIAN_POINT('',(1.1505E+03,0.,30.));
#73 = DIRECTION('',(0.,0.,1.));
#74 = DIRECTION('',(1.,0.,-0.));
#75 = AXIS2_PLACEMENT_3D('',#76,#77,#78);
#76 = CARTESIAN_POINT('',(1.1505E+03,0.,1.025E+03));
#77 = DIRECTION('',(0.,0.,1.));
#78 = DIRECTION('',(1.,0.,-0.));
#79 = AXIS2_PLACEMENT_3D('',#80,#81,#82);
#80 = CARTESIAN_POINT('',(1.1505E+03,0.,2.02E+03));
#81 = DIRECTION('',(0.,0.,1.));
#82 = DIRECTION('',(1.,0.,-0.));
#83 = AXIS2_PLACEMENT_3D('',#84,#85,#86);
#84 = CARTESIAN_POINT('',(1.1005E+03,-3.,30.));
#85 = DIRECTION('',(0.,0.,1.));
#86 = DIRECTION('',(1.,0.,-0.));
#87 = AXIS2_PLACEMENT_3D('',#88,#89,#90);
#88 = CARTESIAN_POINT('',(1.0955E+03,25.,300.));
#89 = DIRECTION('',(0.,0.,1.));
#90 = DIRECTION('',(1.,0.,-0.));
#91 = AXIS2_PLACEMENT_3D('',#92,#93,#94);
#92 = CARTESIAN_POINT('',(1.0955E+03,25.,1.7E+03));
#93 = DIRECTION('',(0.,0.,1.));
#94 = DIRECTION('',(1.,0.,-0.));
#95 = AXIS2_PLACEMENT_3D('',#96,#97,#98);
#96 = CARTESIAN_POINT('',(1.8455E+03,25.,1.E+03));
#97 = DIRECTION('',(0.,0.,1.));
#98 = DIRECTION('',(1.,0.,-0.));
#99 = AXIS2_PLACEMENT_3D('',#100,#101,#102);
#100 = CARTESIAN_POINT('',(997.,0.,0.));
#101 = DIRECTION('',(0.,0.,1.));
#102 = DIRECTION('',(1.,0.,-0.));
#103 = AXIS2_PLACEMENT_3D('',#104,#105,#106);
#104 = CARTESIAN_POINT('',(1.994E+03,0.,0.));
#105 = DIRECTION('',(0.,0.,1.));
#106 = DIRECTION('',(1.,0.,-0.));
#107 = AXIS2_PLACEMENT_3D('',#108,#109,#110);
#108 = CARTESIAN_POINT('',(1.994E+03,0.,0.));
#109 = DIRECTION('',(0.,0.,1.));
#110 = DIRECTION('',(1.,0.,-0.));
#111 = AXIS2_PLACEMENT_3D('',#112,#113,#114);
#112 = CARTESIAN_POINT('',(2.019E+03,0.,0.));
#113 = DIRECTION('',(0.,0.,1.));
#114 = DIRECTION('',(1.,0.,-0.));
#115 = AXIS2_PLACEMENT_3D('',#116,#117,#118);
#116 = CARTESIAN_POINT('',(1.994E+03,0.,0.));
#117 = DIRECTION('',(0.,0.,1.));
#118 = DIRECTION('',(1.,0.,-0.));
#119 = AXIS2_PLACEMENT_3D('',#120,#121,#122);
#120 = CARTESIAN_POINT('',(1.994E+03,-3.,0.));
#121 = DIRECTION('',(0.,0.,1.));
#122 = DIRECTION('',(1.,0.,-0.));
#123 = AXIS2_PLACEMENT_3D('',#124,#125,#126);
#124 = CARTESIAN_POINT('',(972.,25.,300.));
#125 = DIRECTION('',(1.,-0.,1.110223024625E-16));
#126 = DIRECTION('',(1.110223024625E-16,0.,-1.));
#127 = AXIS2_PLACEMENT_3D('',#128,#129,#130);
#128 = CARTESIAN_POINT('',(972.,25.,1.E+03));
#129 = DIRECTION('',(1.,-0.,1.110223024625E-16));
#130 = DIRECTION('',(1.110223024625E-16,0.,-1.));
#131 = AXIS2_PLACEMENT_3D('',#132,#133,#134);
#132 = CARTESIAN_POINT('',(972.,25.,1.7E+03));
#133 = DIRECTION('',(1.,-0.,1.110223024625E-16));
#134 = DIRECTION('',(1.110223024625E-16,0.,-1.));
#135 = AXIS2_PLACEMENT_3D('',#136,#137,#138);
#136 = CARTESIAN_POINT('',(1.969E+03,25.,300.));
#137 = DIRECTION('',(1.,-0.,1.110223024625E-16));
#138 = DIRECTION('',(1.110223024625E-16,0.,-1.));
#139 = AXIS2_PLACEMENT_3D('',#140,#141,#142);
#140 = CARTESIAN_POINT('',(1.969E+03,25.,1.E+03));
#141 = DIRECTION('',(1.,-0.,1.110223024625E-16));
#142 = DIRECTION('',(1.110223024625E-16,0.,-1.));
#143 = AXIS2_PLACEMENT_3D('',#144,#145,#146);
#144 = CARTESIAN_POINT('',(1.969E+03,25.,1.7E+03));
#145 = DIRECTION('',(1.,-0.,1.110223024625E-16));
#146 = DIRECTION('',(1.110223024625E-16,0.,-1.));
#147 = ( GEOMETRIC_REPRESENTATION_CONTEXT(3) 
GLOBAL_UNCERTAINTY_ASSIGNED_CONTEXT((#151)) GLOBAL_UNIT_ASSIGNED_CONTEXT
((#148,#149,#150)) REPRESENTATION_CONTEXT('Context #1',
  '3D Context with UNIT and UNCERTAINTY') );
#148 = ( LENGTH_UNIT() NAMED_UNIT(*) SI_UNIT(.MILLI.,.METRE.) );
#149 = ( NAMED_UNIT(*) PLANE_ANGLE_UNIT() SI_UNIT($,.RADIAN.) );
#150 = ( NAMED_UNIT(*) SI_UNIT($,.STERADIAN.) SOLID_ANGLE_UNIT() );
#151 = UNCERTAINTY_MEASURE_WITH_UNIT(LENGTH_MEASURE(1.E-07),#148,
  'distance_accuracy_value','confusion accuracy');
#152 = PRODUCT_RELATED_PRODUCT_CATEGORY('part',$,(#7));
#153 = SHAPE_DEFINITION_REPRESENTATION(#154,#160);
#154 = PRODUCT_DEFINITION_SHAPE('','',#155);
#155 = PRODUCT_DEFINITION('design','',#156,#159);
#156 = PRODUCT_DEFINITION_FORMATION('','',#157);
#157 = PRODUCT(
  '\X2\04410442043E0439043A0430\X0\_\X2\0449043804420430\X0\_25\X2\0445\X0\50\X2\0445\X0\2400',
  '\X2\04410442043E0439043A0430\X0\_\X2\0449043804420430\X0\_25\X2\0445\X0\50\X2\0445\X0\2400','',(#158)
  );
#158 = PRODUCT_CONTEXT('',#2,'mechanical');
#159 = PRODUCT_DEFINITION_CONTEXT('part definition',#2,'design');
#160 = ADVANCED_BREP_SHAPE_REPRESENTATION('',(#11,#161),#1415);
#161 = MANIFOLD_SOLID_BREP('',#162);
#162 = CLOSED_SHELL('',(#163,#624,#700,#749,#798,#825,#875,#925,#975,
    #1025,#1075,#1125,#1175,#1225,#1275,#1325,#1375));
#163 = ADVANCED_FACE('',(#164,#283,#314,#345,#376,#407,#438,#469,#500,
    #531,#562,#593),#178,.F.);
#164 = FACE_BOUND('',#165,.F.);
#165 = EDGE_LOOP('',(#166,#201,#229,#257));
#166 = ORIENTED_EDGE('',*,*,#167,.F.);
#167 = EDGE_CURVE('',#168,#170,#172,.T.);
#168 = VERTEX_POINT('',#169);
#169 = CARTESIAN_POINT('',(0.,0.,0.));
#170 = VERTEX_POINT('',#171);
#171 = CARTESIAN_POINT('',(0.,0.,2.4E+03));
#172 = SURFACE_CURVE('',#173,(#177,#189),.PCURVE_S1.);
#173 = LINE('',#174,#175);
#174 = CARTESIAN_POINT('',(0.,0.,0.));
#175 = VECTOR('',#176,1.);
#176 = DIRECTION('',(0.,0.,1.));
#177 = PCURVE('',#178,#183);
#178 = PLANE('',#179);
#179 = AXIS2_PLACEMENT_3D('',#180,#181,#182);
#180 = CARTESIAN_POINT('',(0.,0.,0.));
#181 = DIRECTION('',(1.,0.,-0.));
#182 = DIRECTION('',(0.,0.,1.));
#183 = DEFINITIONAL_REPRESENTATION('',(#184),#188);
#184 = LINE('',#185,#186);
#185 = CARTESIAN_POINT('',(0.,0.));
#186 = VECTOR('',#187,1.);
#187 = DIRECTION('',(1.,0.));
#188 = ( GEOMETRIC_REPRESENTATION_CONTEXT(2) 
PARAMETRIC_REPRESENTATION_CONTEXT() REPRESENTATION_CONTEXT('2D SPACE',''
  ) );
#189 = PCURVE('',#190,#195);
#190 = PLANE('',#191);
#191 = AXIS2_PLACEMENT_3D('',#192,#193,#194);
#192 = CARTESIAN_POINT('',(0.,0.,0.));
#193 = DIRECTION('',(-0.,1.,0.));
#194 = DIRECTION('',(0.,0.,1.));
#195 = DEFINITIONAL_REPRESENTATION('',(#196),#200);
#196 = LINE('',#197,#198);
#197 = CARTESIAN_POINT('',(0.,0.));
#198 = VECTOR('',#199,1.);
#199 = DIRECTION('',(1.,0.));
#200 = ( GEOMETRIC_REPRESENTATION_CONTEXT(2) 
PARAMETRIC_REPRESENTATION_CONTEXT() REPRESENTATION_CONTEXT('2D SPACE',''
  ) );
#201 = ORIENTED_EDGE('',*,*,#202,.T.);
#202 = EDGE_CURVE('',#168,#203,#205,.T.);
#203 = VERTEX_POINT('',#204);
#204 = CARTESIAN_POINT('',(0.,50.,0.));
#205 = SURFACE_CURVE('',#206,(#210,#217),.PCURVE_S1.);
#206 = LINE('',#207,#208);
#207 = CARTESIAN_POINT('',(0.,0.,0.));
#208 = VECTOR('',#209,1.);
#209 = DIRECTION('',(-0.,1.,0.));
#210 = PCURVE('',#178,#211);
#211 = DEFINITIONAL_REPRESENTATION('',(#212),#216);
#212 = LINE('',#213,#214);
#213 = CARTESIAN_POINT('',(0.,0.));
#214 = VECTOR('',#215,1.);
#215 = DIRECTION('',(0.,-1.));
#216 = ( GEOMETRIC_REPRESENTATION_CONTEXT(2) 
PARAMETRIC_REPRESENTATION_CONTEXT() REPRESENTATION_CONTEXT('2D SPACE',''
  ) );
#217 = PCURVE('',#218,#223);
#218 = PLANE('',#219);
#219 = AXIS2_PLACEMENT_3D('',#220,#221,#222);
#220 = CARTESIAN_POINT('',(0.,0.,0.));
#221 = DIRECTION('',(0.,0.,1.));
#222 = DIRECTION('',(1.,0.,-0.));
#223 = DEFINITIONAL_REPRESENTATION('',(#224),#228);
#224 = LINE('',#225,#226);
#225 = CARTESIAN_POINT('',(0.,0.));
#226 = VECTOR('',#227,1.);
#227 = DIRECTION('',(0.,1.));
#228 = ( GEOMETRIC_REPRESENTATION_CONTEXT(2) 
PARAMETRIC_REPRESENTATION_CONTEXT() REPRESENTATION_CONTEXT('2D SPACE',''
  ) );
#229 = ORIENTED_EDGE('',*,*,#230,.T.);
#230 = EDGE_CURVE('',#203,#231,#233,.T.);
#231 = VERTEX_POINT('',#232);
#232 = CARTESIAN_POINT('',(0.,50.,2.4E+03));
#233 = SURFACE_CURVE('',#234,(#238,#245),.PCURVE_S1.);
#234 = LINE('',#235,#236);
#235 = CARTESIAN_POINT('',(0.,50.,0.));
#236 = VECTOR('',#237,1.);
#237 = DIRECTION('',(0.,0.,1.));
#238 = PCURVE('',#178,#239);
#239 = DEFINITIONAL_REPRESENTATION('',(#240),#244);
#240 = LINE('',#241,#242);
#241 = CARTESIAN_POINT('',(0.,-50.));
#242 = VECTOR('',#243,1.);
#243 = DIRECTION('',(1.,0.));
#244 = ( GEOMETRIC_REPRESENTATION_CONTEXT(2) 
PARAMETRIC_REPRESENTATION_CONTEXT() REPRESENTATION_CONTEXT('2D SPACE',''
  ) );
#245 = PCURVE('',#246,#251);
#246 = PLANE('',#247);
#247 = AXIS2_PLACEMENT_3D('',#248,#249,#250);
#248 = CARTESIAN_POINT('',(0.,50.,0.));
#249 = DIRECTION('',(-0.,1.,0.));
#250 = DIRECTION('',(0.,0.,1.));
#251 = DEFINITIONAL_REPRESENTATION('',(#252),#256);
#252 = LINE('',#253,#254);
#253 = CARTESIAN_POINT('',(0.,0.));
#254 = VECTOR('',#255,1.);
#255 = DIRECTION('',(1.,0.));
#256 = ( GEOMETRIC_REPRESENTATION_CONTEXT(2) 
PARAMETRIC_REPRESENTATION_CONTEXT() REPRESENTATION_CONTEXT('2D SPACE',''
  ) );
#257 = ORIENTED_EDGE('',*,*,#258,.F.);
#258 = EDGE_CURVE('',#170,#231,#259,.T.);
#259 = SURFACE_CURVE('',#260,(#264,#271),.PCURVE_S1.);
#260 = LINE('',#261,#262);
#261 = CARTESIAN_POINT('',(0.,0.,2.4E+03));
#262 = VECTOR('',#263,1.);
#263 = DIRECTION('',(-0.,1.,0.));
#264 = PCURVE('',#178,#265);
#265 = DEFINITIONAL_REPRESENTATION('',(#266),#270);
#266 = LINE('',#267,#268);
#267 = CARTESIAN_POINT('',(2.4E+03,0.));
#268 = VECTOR('',#269,1.);
#269 = DIRECTION('',(0.,-1.));
#270 = ( GEOMETRIC_REPRESENTATION_CONTEXT(2) 
PARAMETRIC_REPRESENTATION_CONTEXT() REPRESENTATION_CONTEXT('2D SPACE',''
  ) );
#271 = PCURVE('',#272,#277);
#272 = PLANE('',#273);
#273 = AXIS2_PLACEMENT_3D('',#274,#275,#276);
#274 = CARTESIAN_POINT('',(0.,0.,2.4E+03));
#275 = DIRECTION('',(0.,0.,1.));
#276 = DIRECTION('',(1.,0.,-0.));
#277 = DEFINITIONAL_REPRESENTATION('',(#278),#282);
#278 = LINE('',#279,#280);
#279 = CARTESIAN_POINT('',(0.,0.));
#280 = VECTOR('',#281,1.);
#281 = DIRECTION('',(0.,1.));
#282 = ( GEOMETRIC_REPRESENTATION_CONTEXT(2) 
PARAMETRIC_REPRESENTATION_CONTEXT() REPRESENTATION_CONTEXT('2D SPACE',''
  ) );
#283 = FACE_BOUND('',#284,.F.);
#284 = EDGE_LOOP('',(#285));
#285 = ORIENTED_EDGE('',*,*,#286,.F.);
#286 = EDGE_CURVE('',#287,#287,#289,.T.);
#287 = VERTEX_POINT('',#288);
#288 = CARTESIAN_POINT('',(0.,25.,294.5));
#289 = SURFACE_CURVE('',#290,(#295,#302),.PCURVE_S1.);
#290 = CIRCLE('',#291,5.5);
#291 = AXIS2_PLACEMENT_3D('',#292,#293,#294);
#292 = CARTESIAN_POINT('',(0.,25.,300.));
#293 = DIRECTION('',(1.,0.,1.110223024625E-16));
#294 = DIRECTION('',(1.110223024625E-16,0.,-1.));
#295 = PCURVE('',#178,#296);
#296 = DEFINITIONAL_REPRESENTATION('',(#297),#301);
#297 = CIRCLE('',#298,5.5);
#298 = AXIS2_PLACEMENT_2D('',#299,#300);
#299 = CARTESIAN_POINT('',(300.,-25.));
#300 = DIRECTION('',(-1.,0.));
#301 = ( GEOMETRIC_REPRESENTATION_CONTEXT(2) 
PARAMETRIC_REPRESENTATION_CONTEXT() REPRESENTATION_CONTEXT('2D SPACE',''
  ) );
#302 = PCURVE('',#303,#308);
#303 = CYLINDRICAL_SURFACE('',#304,5.5);
#304 = AXIS2_PLACEMENT_3D('',#305,#306,#307);
#305 = CARTESIAN_POINT('',(-1.,25.,300.));
#306 = DIRECTION('',(1.,0.,1.110223024625E-16));
#307 = DIRECTION('',(1.110223024625E-16,0.,-1.));
#308 = DEFINITIONAL_REPRESENTATION('',(#309),#313);
#309 = LINE('',#310,#311);
#310 = CARTESIAN_POINT('',(0.,1.));
#311 = VECTOR('',#312,1.);
#312 = DIRECTION('',(1.,0.));
#313 = ( GEOMETRIC_REPRESENTATION_CONTEXT(2) 
PARAMETRIC_REPRESENTATION_CONTEXT() REPRESENTATION_CONTEXT('2D SPACE',''
  ) );
#314 = FACE_BOUND('',#315,.F.);
#315 = EDGE_LOOP('',(#316));
#316 = ORIENTED_EDGE('',*,*,#317,.F.);
#317 = EDGE_CURVE('',#318,#318,#320,.T.);
#318 = VERTEX_POINT('',#319);
#319 = CARTESIAN_POINT('',(0.,25.,394.5));
#320 = SURFACE_CURVE('',#321,(#326,#333),.PCURVE_S1.);
#321 = CIRCLE('',#322,5.5);
#322 = AXIS2_PLACEMENT_3D('',#323,#324,#325);
#323 = CARTESIAN_POINT('',(0.,25.,400.));
#324 = DIRECTION('',(1.,0.,1.110223024625E-16));
#325 = DIRECTION('',(1.110223024625E-16,0.,-1.));
#326 = PCURVE('',#178,#327);
#327 = DEFINITIONAL_REPRESENTATION('',(#328),#332);
#328 = CIRCLE('',#329,5.5);
#329 = AXIS2_PLACEMENT_2D('',#330,#331);
#330 = CARTESIAN_POINT('',(400.,-25.));
#331 = DIRECTION('',(-1.,0.));
#332 = ( GEOMETRIC_REPRESENTATION_CONTEXT(2) 
PARAMETRIC_REPRESENTATION_CONTEXT() REPRESENTATION_CONTEXT('2D SPACE',''
  ) );
#333 = PCURVE('',#334,#339);
#334 = CYLINDRICAL_SURFACE('',#335,5.5);
#335 = AXIS2_PLACEMENT_3D('',#336,#337,#338);
#336 = CARTESIAN_POINT('',(-1.,25.,400.));
#337 = DIRECTION('',(1.,0.,1.110223024625E-16));
#338 = DIRECTION('',(1.110223024625E-16,0.,-1.));
#339 = DEFINITIONAL_REPRESENTATION('',(#340),#344);
#340 = LINE('',#341,#342);
#341 = CARTESIAN_POINT('',(0.,1.));
#342 = VECTOR('',#343,1.);
#343 = DIRECTION('',(1.,0.));
#344 = ( GEOMETRIC_REPRESENTATION_CONTEXT(2) 
PARAMETRIC_REPRESENTATION_CONTEXT() REPRESENTATION_CONTEXT('2D SPACE',''
  ) );
#345 = FACE_BOUND('',#346,.F.);
#346 = EDGE_LOOP('',(#347));
#347 = ORIENTED_EDGE('',*,*,#348,.F.);
#348 = EDGE_CURVE('',#349,#349,#351,.T.);
#349 = VERTEX_POINT('',#350);
#350 = CARTESIAN_POINT('',(0.,25.,494.5));
#351 = SURFACE_CURVE('',#352,(#357,#364),.PCURVE_S1.);
#352 = CIRCLE('',#353,5.5);
#353 = AXIS2_PLACEMENT_3D('',#354,#355,#356);
#354 = CARTESIAN_POINT('',(0.,25.,500.));
#355 = DIRECTION('',(1.,0.,1.110223024625E-16));
#356 = DIRECTION('',(1.110223024625E-16,0.,-1.));
#357 = PCURVE('',#178,#358);
#358 = DEFINITIONAL_REPRESENTATION('',(#359),#363);
#359 = CIRCLE('',#360,5.5);
#360 = AXIS2_PLACEMENT_2D('',#361,#362);
#361 = CARTESIAN_POINT('',(500.,-25.));
#362 = DIRECTION('',(-1.,0.));
#363 = ( GEOMETRIC_REPRESENTATION_CONTEXT(2) 
PARAMETRIC_REPRESENTATION_CONTEXT() REPRESENTATION_CONTEXT('2D SPACE',''
  ) );
#364 = PCURVE('',#365,#370);
#365 = CYLINDRICAL_SURFACE('',#366,5.5);
#366 = AXIS2_PLACEMENT_3D('',#367,#368,#369);
#367 = CARTESIAN_POINT('',(-1.,25.,500.));
#368 = DIRECTION('',(1.,0.,1.110223024625E-16));
#369 = DIRECTION('',(1.110223024625E-16,0.,-1.));
#370 = DEFINITIONAL_REPRESENTATION('',(#371),#375);
#371 = LINE('',#372,#373);
#372 = CARTESIAN_POINT('',(0.,1.));
#373 = VECTOR('',#374,1.);
#374 = DIRECTION('',(1.,0.));
#375 = ( GEOMETRIC_REPRESENTATION_CONTEXT(2) 
PARAMETRIC_REPRESENTATION_CONTEXT() REPRESENTATION_CONTEXT('2D SPACE',''
  ) );
#376 = FACE_BOUND('',#377,.F.);
#377 = EDGE_LOOP('',(#378));
#378 = ORIENTED_EDGE('',*,*,#379,.F.);
#379 = EDGE_CURVE('',#380,#380,#382,.T.);
#380 = VERTEX_POINT('',#381);
#381 = CARTESIAN_POINT('',(0.,25.,594.5));
#382 = SURFACE_CURVE('',#383,(#388,#395),.PCURVE_S1.);
#383 = CIRCLE('',#384,5.5);
#384 = AXIS2_PLACEMENT_3D('',#385,#386,#387);
#385 = CARTESIAN_POINT('',(0.,25.,600.));
#386 = DIRECTION('',(1.,0.,1.110223024625E-16));
#387 = DIRECTION('',(1.110223024625E-16,0.,-1.));
#388 = PCURVE('',#178,#389);
#389 = DEFINITIONAL_REPRESENTATION('',(#390),#394);
#390 = CIRCLE('',#391,5.5);
#391 = AXIS2_PLACEMENT_2D('',#392,#393);
#392 = CARTESIAN_POINT('',(600.,-25.));
#393 = DIRECTION('',(-1.,0.));
#394 = ( GEOMETRIC_REPRESENTATION_CONTEXT(2) 
PARAMETRIC_REPRESENTATION_CONTEXT() REPRESENTATION_CONTEXT('2D SPACE',''
  ) );
#395 = PCURVE('',#396,#401);
#396 = CYLINDRICAL_SURFACE('',#397,5.5);
#397 = AXIS2_PLACEMENT_3D('',#398,#399,#400);
#398 = CARTESIAN_POINT('',(-1.,25.,600.));
#399 = DIRECTION('',(1.,0.,1.110223024625E-16));
#400 = DIRECTION('',(1.110223024625E-16,0.,-1.));
#401 = DEFINITIONAL_REPRESENTATION('',(#402),#406);
#402 = LINE('',#403,#404);
#403 = CARTESIAN_POINT('',(0.,1.));
#404 = VECTOR('',#405,1.);
#405 = DIRECTION('',(1.,0.));
#406 = ( GEOMETRIC_REPRESENTATION_CONTEXT(2) 
PARAMETRIC_REPRESENTATION_CONTEXT() REPRESENTATION_CONTEXT('2D SPACE',''
  ) );
#407 = FACE_BOUND('',#408,.F.);
#408 = EDGE_LOOP('',(#409));
#409 = ORIENTED_EDGE('',*,*,#410,.F.);
#410 = EDGE_CURVE('',#411,#411,#413,.T.);
#411 = VERTEX_POINT('',#412);
#412 = CARTESIAN_POINT('',(0.,25.,694.5));
#413 = SURFACE_CURVE('',#414,(#419,#426),.PCURVE_S1.);
#414 = CIRCLE('',#415,5.5);
#415 = AXIS2_PLACEMENT_3D('',#416,#417,#418);
#416 = CARTESIAN_POINT('',(0.,25.,700.));
#417 = DIRECTION('',(1.,0.,1.110223024625E-16));
#418 = DIRECTION('',(1.110223024625E-16,0.,-1.));
#419 = PCURVE('',#178,#420);
#420 = DEFINITIONAL_REPRESENTATION('',(#421),#425);
#421 = CIRCLE('',#422,5.5);
#422 = AXIS2_PLACEMENT_2D('',#423,#424);
#423 = CARTESIAN_POINT('',(700.,-25.));
#424 = DIRECTION('',(-1.,0.));
#425 = ( GEOMETRIC_REPRESENTATION_CONTEXT(2) 
PARAMETRIC_REPRESENTATION_CONTEXT() REPRESENTATION_CONTEXT('2D SPACE',''
  ) );
#426 = PCURVE('',#427,#432);
#427 = CYLINDRICAL_SURFACE('',#428,5.5);
#428 = AXIS2_PLACEMENT_3D('',#429,#430,#431);
#429 = CARTESIAN_POINT('',(-1.,25.,700.));
#430 = DIRECTION('',(1.,0.,1.110223024625E-16));
#431 = DIRECTION('',(1.110223024625E-16,0.,-1.));
#432 = DEFINITIONAL_REPRESENTATION('',(#433),#437);
#433 = LINE('',#434,#435);
#434 = CARTESIAN_POINT('',(0.,1.));
#435 = VECTOR('',#436,1.);
#436 = DIRECTION('',(1.,0.));
#437 = ( GEOMETRIC_REPRESENTATION_CONTEXT(2) 
PARAMETRIC_REPRESENTATION_CONTEXT() REPRESENTATION_CONTEXT('2D SPACE',''
  ) );
#438 = FACE_BOUND('',#439,.F.);
#439 = EDGE_LOOP('',(#440));
#440 = ORIENTED_EDGE('',*,*,#441,.F.);
#441 = EDGE_CURVE('',#442,#442,#444,.T.);
#442 = VERTEX_POINT('',#443);
#443 = CARTESIAN_POINT('',(0.,25.,994.5));
#444 = SURFACE_CURVE('',#445,(#450,#457),.PCURVE_S1.);
#445 = CIRCLE('',#446,5.5);
#446 = AXIS2_PLACEMENT_3D('',#447,#448,#449);
#447 = CARTESIAN_POINT('',(0.,25.,1.E+03));
#448 = DIRECTION('',(1.,0.,1.110223024625E-16));
#449 = DIRECTION('',(1.110223024625E-16,0.,-1.));
#450 = PCURVE('',#178,#451);
#451 = DEFINITIONAL_REPRESENTATION('',(#452),#456);
#452 = CIRCLE('',#453,5.5);
#453 = AXIS2_PLACEMENT_2D('',#454,#455);
#454 = CARTESIAN_POINT('',(1.E+03,-25.));
#455 = DIRECTION('',(-1.,0.));
#456 = ( GEOMETRIC_REPRESENTATION_CONTEXT(2) 
PARAMETRIC_REPRESENTATION_CONTEXT() REPRESENTATION_CONTEXT('2D SPACE',''
  ) );
#457 = PCURVE('',#458,#463);
#458 = CYLINDRICAL_SURFACE('',#459,5.5);
#459 = AXIS2_PLACEMENT_3D('',#460,#461,#462);
#460 = CARTESIAN_POINT('',(-1.,25.,1.E+03));
#461 = DIRECTION('',(1.,0.,1.110223024625E-16));
#462 = DIRECTION('',(1.110223024625E-16,0.,-1.));
#463 = DEFINITIONAL_REPRESENTATION('',(#464),#468);
#464 = LINE('',#465,#466);
#465 = CARTESIAN_POINT('',(0.,1.));
#466 = VECTOR('',#467,1.);
#467 = DIRECTION('',(1.,0.));
#468 = ( GEOMETRIC_REPRESENTATION_CONTEXT(2) 
PARAMETRIC_REPRESENTATION_CONTEXT() REPRESENTATION_CONTEXT('2D SPACE',''
  ) );
#469 = FACE_BOUND('',#470,.F.);
#470 = EDGE_LOOP('',(#471));
#471 = ORIENTED_EDGE('',*,*,#472,.F.);
#472 = EDGE_CURVE('',#473,#473,#475,.T.);
#473 = VERTEX_POINT('',#474);
#474 = CARTESIAN_POINT('',(0.,25.,1.1945E+03));
#475 = SURFACE_CURVE('',#476,(#481,#488),.PCURVE_S1.);
#476 = CIRCLE('',#477,5.5);
#477 = AXIS2_PLACEMENT_3D('',#478,#479,#480);
#478 = CARTESIAN_POINT('',(0.,25.,1.2E+03));
#479 = DIRECTION('',(1.,0.,1.110223024625E-16));
#480 = DIRECTION('',(1.110223024625E-16,0.,-1.));
#481 = PCURVE('',#178,#482);
#482 = DEFINITIONAL_REPRESENTATION('',(#483),#487);
#483 = CIRCLE('',#484,5.5);
#484 = AXIS2_PLACEMENT_2D('',#485,#486);
#485 = CARTESIAN_POINT('',(1.2E+03,-25.));
#486 = DIRECTION('',(-1.,0.));
#487 = ( GEOMETRIC_REPRESENTATION_CONTEXT(2) 
PARAMETRIC_REPRESENTATION_CONTEXT() REPRESENTATION_CONTEXT('2D SPACE',''
  ) );
#488 = PCURVE('',#489,#494);
#489 = CYLINDRICAL_SURFACE('',#490,5.5);
#490 = AXIS2_PLACEMENT_3D('',#491,#492,#493);
#491 = CARTESIAN_POINT('',(-1.,25.,1.2E+03));
#492 = DIRECTION('',(1.,0.,1.110223024625E-16));
#493 = DIRECTION('',(1.110223024625E-16,0.,-1.));
#494 = DEFINITIONAL_REPRESENTATION('',(#495),#499);
#495 = LINE('',#496,#497);
#496 = CARTESIAN_POINT('',(0.,1.));
#497 = VECTOR('',#498,1.);
#498 = DIRECTION('',(1.,0.));
#499 = ( GEOMETRIC_REPRESENTATION_CONTEXT(2) 
PARAMETRIC_REPRESENTATION_CONTEXT() REPRESENTATION_CONTEXT('2D SPACE',''
  ) );
#500 = FACE_BOUND('',#501,.F.);
#501 = EDGE_LOOP('',(#502));
#502 = ORIENTED_EDGE('',*,*,#503,.F.);
#503 = EDGE_CURVE('',#504,#504,#506,.T.);
#504 = VERTEX_POINT('',#505);
#505 = CARTESIAN_POINT('',(0.,25.,1.2945E+03));
#506 = SURFACE_CURVE('',#507,(#512,#519),.PCURVE_S1.);
#507 = CIRCLE('',#508,5.5);
#508 = AXIS2_PLACEMENT_3D('',#509,#510,#511);
#509 = CARTESIAN_POINT('',(0.,25.,1.3E+03));
#510 = DIRECTION('',(1.,0.,1.110223024625E-16));
#511 = DIRECTION('',(1.110223024625E-16,0.,-1.));
#512 = PCURVE('',#178,#513);
#513 = DEFINITIONAL_REPRESENTATION('',(#514),#518);
#514 = CIRCLE('',#515,5.5);
#515 = AXIS2_PLACEMENT_2D('',#516,#517);
#516 = CARTESIAN_POINT('',(1.3E+03,-25.));
#517 = DIRECTION('',(-1.,0.));
#518 = ( GEOMETRIC_REPRESENTATION_CONTEXT(2) 
PARAMETRIC_REPRESENTATION_CONTEXT() REPRESENTATION_CONTEXT('2D SPACE',''
  ) );
#519 = PCURVE('',#520,#525);
#520 = CYLINDRICAL_SURFACE('',#521,5.5);
#521 = AXIS2_PLACEMENT_3D('',#522,#523,#524);
#522 = CARTESIAN_POINT('',(-1.,25.,1.3E+03));
#523 = DIRECTION('',(1.,0.,1.110223024625E-16));
#524 = DIRECTION('',(1.110223024625E-16,0.,-1.));
#525 = DEFINITIONAL_REPRESENTATION('',(#526),#530);
#526 = LINE('',#527,#528);
#527 = CARTESIAN_POINT('',(0.,1.));
#528 = VECTOR('',#529,1.);
#529 = DIRECTION('',(1.,0.));
#530 = ( GEOMETRIC_REPRESENTATION_CONTEXT(2) 
PARAMETRIC_REPRESENTATION_CONTEXT() REPRESENTATION_CONTEXT('2D SPACE',''
  ) );
#531 = FACE_BOUND('',#532,.F.);
#532 = EDGE_LOOP('',(#533));
#533 = ORIENTED_EDGE('',*,*,#534,.F.);
#534 = EDGE_CURVE('',#535,#535,#537,.T.);
#535 = VERTEX_POINT('',#536);
#536 = CARTESIAN_POINT('',(0.,25.,1.6945E+03));
#537 = SURFACE_CURVE('',#538,(#543,#550),.PCURVE_S1.);
#538 = CIRCLE('',#539,5.5);
#539 = AXIS2_PLACEMENT_3D('',#540,#541,#542);
#540 = CARTESIAN_POINT('',(0.,25.,1.7E+03));
#541 = DIRECTION('',(1.,0.,1.110223024625E-16));
#542 = DIRECTION('',(1.110223024625E-16,0.,-1.));
#543 = PCURVE('',#178,#544);
#544 = DEFINITIONAL_REPRESENTATION('',(#545),#549);
#545 = CIRCLE('',#546,5.5);
#546 = AXIS2_PLACEMENT_2D('',#547,#548);
#547 = CARTESIAN_POINT('',(1.7E+03,-25.));
#548 = DIRECTION('',(-1.,0.));
#549 = ( GEOMETRIC_REPRESENTATION_CONTEXT(2) 
PARAMETRIC_REPRESENTATION_CONTEXT() REPRESENTATION_CONTEXT('2D SPACE',''
  ) );
#550 = PCURVE('',#551,#556);
#551 = CYLINDRICAL_SURFACE('',#552,5.5);
#552 = AXIS2_PLACEMENT_3D('',#553,#554,#555);
#553 = CARTESIAN_POINT('',(-1.,25.,1.7E+03));
#554 = DIRECTION('',(1.,0.,1.110223024625E-16));
#555 = DIRECTION('',(1.110223024625E-16,0.,-1.));
#556 = DEFINITIONAL_REPRESENTATION('',(#557),#561);
#557 = LINE('',#558,#559);
#558 = CARTESIAN_POINT('',(0.,1.));
#559 = VECTOR('',#560,1.);
#560 = DIRECTION('',(1.,0.));
#561 = ( GEOMETRIC_REPRESENTATION_CONTEXT(2) 
PARAMETRIC_REPRESENTATION_CONTEXT() REPRESENTATION_CONTEXT('2D SPACE',''
  ) );
#562 = FACE_BOUND('',#563,.F.);
#563 = EDGE_LOOP('',(#564));
#564 = ORIENTED_EDGE('',*,*,#565,.F.);
#565 = EDGE_CURVE('',#566,#566,#568,.T.);
#566 = VERTEX_POINT('',#567);
#567 = CARTESIAN_POINT('',(0.,25.,1.7945E+03));
#568 = SURFACE_CURVE('',#569,(#574,#581),.PCURVE_S1.);
#569 = CIRCLE('',#570,5.5);
#570 = AXIS2_PLACEMENT_3D('',#571,#572,#573);
#571 = CARTESIAN_POINT('',(0.,25.,1.8E+03));
#572 = DIRECTION('',(1.,0.,1.110223024625E-16));
#573 = DIRECTION('',(1.110223024625E-16,0.,-1.));
#574 = PCURVE('',#178,#575);
#575 = DEFINITIONAL_REPRESENTATION('',(#576),#580);
#576 = CIRCLE('',#577,5.5);
#577 = AXIS2_PLACEMENT_2D('',#578,#579);
#578 = CARTESIAN_POINT('',(1.8E+03,-25.));
#579 = DIRECTION('',(-1.,0.));
#580 = ( GEOMETRIC_REPRESENTATION_CONTEXT(2) 
PARAMETRIC_REPRESENTATION_CONTEXT() REPRESENTATION_CONTEXT('2D SPACE',''
  ) );
#581 = PCURVE('',#582,#587);
#582 = CYLINDRICAL_SURFACE('',#583,5.5);
#583 = AXIS2_PLACEMENT_3D('',#584,#585,#586);
#584 = CARTESIAN_POINT('',(-1.,25.,1.8E+03));
#585 = DIRECTION('',(1.,0.,1.110223024625E-16));
#586 = DIRECTION('',(1.110223024625E-16,0.,-1.));
#587 = DEFINITIONAL_REPRESENTATION('',(#588),#592);
#588 = LINE('',#589,#590);
#589 = CARTESIAN_POINT('',(0.,1.));
#590 = VECTOR('',#591,1.);
#591 = DIRECTION('',(1.,0.));
#592 = ( GEOMETRIC_REPRESENTATION_CONTEXT(2) 
PARAMETRIC_REPRESENTATION_CONTEXT() REPRESENTATION_CONTEXT('2D SPACE',''
  ) );
#593 = FACE_BOUND('',#594,.F.);
#594 = EDGE_LOOP('',(#595));
#595 = ORIENTED_EDGE('',*,*,#596,.F.);
#596 = EDGE_CURVE('',#597,#597,#599,.T.);
#597 = VERTEX_POINT('',#598);
#598 = CARTESIAN_POINT('',(0.,25.,1.8945E+03));
#599 = SURFACE_CURVE('',#600,(#605,#612),.PCURVE_S1.);
#600 = CIRCLE('',#601,5.5);
#601 = AXIS2_PLACEMENT_3D('',#602,#603,#604);
#602 = CARTESIAN_POINT('',(0.,25.,1.9E+03));
#603 = DIRECTION('',(1.,0.,1.110223024625E-16));
#604 = DIRECTION('',(1.110223024625E-16,0.,-1.));
#605 = PCURVE('',#178,#606);
#606 = DEFINITIONAL_REPRESENTATION('',(#607),#611);
#607 = CIRCLE('',#608,5.5);
#608 = AXIS2_PLACEMENT_2D('',#609,#610);
#609 = CARTESIAN_POINT('',(1.9E+03,-25.));
#610 = DIRECTION('',(-1.,0.));
#611 = ( GEOMETRIC_REPRESENTATION_CONTEXT(2) 
PARAMETRIC_REPRESENTATION_CONTEXT() REPRESENTATION_CONTEXT('2D SPACE',''
  ) );
#612 = PCURVE('',#613,#618);
#613 = CYLINDRICAL_SURFACE('',#614,5.5);
#614 = AXIS2_PLACEMENT_3D('',#615,#616,#617);
#615 = CARTESIAN_POINT('',(-1.,25.,1.9E+03));
#616 = DIRECTION('',(1.,0.,1.110223024625E-16));
#617 = DIRECTION('',(1.110223024625E-16,0.,-1.));
#618 = DEFINITIONAL_REPRESENTATION('',(#619),#623);
#619 = LINE('',#620,#621);
#620 = CARTESIAN_POINT('',(0.,1.));
#621 = VECTOR('',#622,1.);
#622 = DIRECTION('',(1.,0.));
#623 = ( GEOMETRIC_REPRESENTATION_CONTEXT(2) 
PARAMETRIC_REPRESENTATION_CONTEXT() REPRESENTATION_CONTEXT('2D SPACE',''
  ) );
#624 = ADVANCED_FACE('',(#625),#190,.F.);
#625 = FACE_BOUND('',#626,.F.);
#626 = EDGE_LOOP('',(#627,#650,#651,#674));
#627 = ORIENTED_EDGE('',*,*,#628,.F.);
#628 = EDGE_CURVE('',#168,#629,#631,.T.);
#629 = VERTEX_POINT('',#630);
#630 = CARTESIAN_POINT('',(25.,0.,0.));
#631 = SURFACE_CURVE('',#632,(#636,#643),.PCURVE_S1.);
#632 = LINE('',#633,#634);
#633 = CARTESIAN_POINT('',(0.,0.,0.));
#634 = VECTOR('',#635,1.);
#635 = DIRECTION('',(1.,0.,-0.));
#636 = PCURVE('',#190,#637);
#637 = DEFINITIONAL_REPRESENTATION('',(#638),#642);
#638 = LINE('',#639,#640);
#639 = CARTESIAN_POINT('',(0.,0.));
#640 = VECTOR('',#641,1.);
#641 = DIRECTION('',(0.,1.));
#642 = ( GEOMETRIC_REPRESENTATION_CONTEXT(2) 
PARAMETRIC_REPRESENTATION_CONTEXT() REPRESENTATION_CONTEXT('2D SPACE',''
  ) );
#643 = PCURVE('',#218,#644);
#644 = DEFINITIONAL_REPRESENTATION('',(#645),#649);
#645 = LINE('',#646,#647);
#646 = CARTESIAN_POINT('',(0.,0.));
#647 = VECTOR('',#648,1.);
#648 = DIRECTION('',(1.,0.));
#649 = ( GEOMETRIC_REPRESENTATION_CONTEXT(2) 
PARAMETRIC_REPRESENTATION_CONTEXT() REPRESENTATION_CONTEXT('2D SPACE',''
  ) );
#650 = ORIENTED_EDGE('',*,*,#167,.T.);
#651 = ORIENTED_EDGE('',*,*,#652,.T.);
#652 = EDGE_CURVE('',#170,#653,#655,.T.);
#653 = VERTEX_POINT('',#654);
#654 = CARTESIAN_POINT('',(25.,0.,2.4E+03));
#655 = SURFACE_CURVE('',#656,(#660,#667),.PCURVE_S1.);
#656 = LINE('',#657,#658);
#657 = CARTESIAN_POINT('',(0.,0.,2.4E+03));
#658 = VECTOR('',#659,1.);
#659 = DIRECTION('',(1.,0.,-0.));
#660 = PCURVE('',#190,#661);
#661 = DEFINITIONAL_REPRESENTATION('',(#662),#666);
#662 = LINE('',#663,#664);
#663 = CARTESIAN_POINT('',(2.4E+03,0.));
#664 = VECTOR('',#665,1.);
#665 = DIRECTION('',(0.,1.));
#666 = ( GEOMETRIC_REPRESENTATION_CONTEXT(2) 
PARAMETRIC_REPRESENTATION_CONTEXT() REPRESENTATION_CONTEXT('2D SPACE',''
  ) );
#667 = PCURVE('',#272,#668);
#668 = DEFINITIONAL_REPRESENTATION('',(#669),#673);
#669 = LINE('',#670,#671);
#670 = CARTESIAN_POINT('',(0.,0.));
#671 = VECTOR('',#672,1.);
#672 = DIRECTION('',(1.,0.));
#673 = ( GEOMETRIC_REPRESENTATION_CONTEXT(2) 
PARAMETRIC_REPRESENTATION_CONTEXT() REPRESENTATION_CONTEXT('2D SPACE',''
  ) );
#674 = ORIENTED_EDGE('',*,*,#675,.F.);
#675 = EDGE_CURVE('',#629,#653,#676,.T.);
#676 = SURFACE_CURVE('',#677,(#681,#688),.PCURVE_S1.);
#677 = LINE('',#678,#679);
#678 = CARTESIAN_POINT('',(25.,0.,0.));
#679 = VECTOR('',#680,1.);
#680 = DIRECTION('',(0.,0.,1.));
#681 = PCURVE('',#190,#682);
#682 = DEFINITIONAL_REPRESENTATION('',(#683),#687);
#683 = LINE('',#684,#685);
#684 = CARTESIAN_POINT('',(0.,25.));
#685 = VECTOR('',#686,1.);
#686 = DIRECTION('',(1.,0.));
#687 = ( GEOMETRIC_REPRESENTATION_CONTEXT(2) 
PARAMETRIC_REPRESENTATION_CONTEXT() REPRESENTATION_CONTEXT('2D SPACE',''
  ) );
#688 = PCURVE('',#689,#694);
#689 = PLANE('',#690);
#690 = AXIS2_PLACEMENT_3D('',#691,#692,#693);
#691 = CARTESIAN_POINT('',(25.,0.,0.));
#692 = DIRECTION('',(1.,0.,-0.));
#693 = DIRECTION('',(0.,0.,1.));
#694 = DEFINITIONAL_REPRESENTATION('',(#695),#699);
#695 = LINE('',#696,#697);
#696 = CARTESIAN_POINT('',(0.,0.));
#697 = VECTOR('',#698,1.);
#698 = DIRECTION('',(1.,0.));
#699 = ( GEOMETRIC_REPRESENTATION_CONTEXT(2) 
PARAMETRIC_REPRESENTATION_CONTEXT() REPRESENTATION_CONTEXT('2D SPACE',''
  ) );
#700 = ADVANCED_FACE('',(#701),#272,.T.);
#701 = FACE_BOUND('',#702,.T.);
#702 = EDGE_LOOP('',(#703,#704,#705,#728));
#703 = ORIENTED_EDGE('',*,*,#258,.F.);
#704 = ORIENTED_EDGE('',*,*,#652,.T.);
#705 = ORIENTED_EDGE('',*,*,#706,.T.);
#706 = EDGE_CURVE('',#653,#707,#709,.T.);
#707 = VERTEX_POINT('',#708);
#708 = CARTESIAN_POINT('',(25.,50.,2.4E+03));
#709 = SURFACE_CURVE('',#710,(#714,#721),.PCURVE_S1.);
#710 = LINE('',#711,#712);
#711 = CARTESIAN_POINT('',(25.,0.,2.4E+03));
#712 = VECTOR('',#713,1.);
#713 = DIRECTION('',(-0.,1.,0.));
#714 = PCURVE('',#272,#715);
#715 = DEFINITIONAL_REPRESENTATION('',(#716),#720);
#716 = LINE('',#717,#718);
#717 = CARTESIAN_POINT('',(25.,0.));
#718 = VECTOR('',#719,1.);
#719 = DIRECTION('',(0.,1.));
#720 = ( GEOMETRIC_REPRESENTATION_CONTEXT(2) 
PARAMETRIC_REPRESENTATION_CONTEXT() REPRESENTATION_CONTEXT('2D SPACE',''
  ) );
#721 = PCURVE('',#689,#722);
#722 = DEFINITIONAL_REPRESENTATION('',(#723),#727);
#723 = LINE('',#724,#725);
#724 = CARTESIAN_POINT('',(2.4E+03,0.));
#725 = VECTOR('',#726,1.);
#726 = DIRECTION('',(0.,-1.));
#727 = ( GEOMETRIC_REPRESENTATION_CONTEXT(2) 
PARAMETRIC_REPRESENTATION_CONTEXT() REPRESENTATION_CONTEXT('2D SPACE',''
  ) );
#728 = ORIENTED_EDGE('',*,*,#729,.F.);
#729 = EDGE_CURVE('',#231,#707,#730,.T.);
#730 = SURFACE_CURVE('',#731,(#735,#742),.PCURVE_S1.);
#731 = LINE('',#732,#733);
#732 = CARTESIAN_POINT('',(0.,50.,2.4E+03));
#733 = VECTOR('',#734,1.);
#734 = DIRECTION('',(1.,0.,-0.));
#735 = PCURVE('',#272,#736);
#736 = DEFINITIONAL_REPRESENTATION('',(#737),#741);
#737 = LINE('',#738,#739);
#738 = CARTESIAN_POINT('',(0.,50.));
#739 = VECTOR('',#740,1.);
#740 = DIRECTION('',(1.,0.));
#741 = ( GEOMETRIC_REPRESENTATION_CONTEXT(2) 
PARAMETRIC_REPRESENTATION_CONTEXT() REPRESENTATION_CONTEXT('2D SPACE',''
  ) );
#742 = PCURVE('',#246,#743);
#743 = DEFINITIONAL_REPRESENTATION('',(#744),#748);
#744 = LINE('',#745,#746);
#745 = CARTESIAN_POINT('',(2.4E+03,0.));
#746 = VECTOR('',#747,1.);
#747 = DIRECTION('',(0.,1.));
#748 = ( GEOMETRIC_REPRESENTATION_CONTEXT(2) 
PARAMETRIC_REPRESENTATION_CONTEXT() REPRESENTATION_CONTEXT('2D SPACE',''
  ) );
#749 = ADVANCED_FACE('',(#750),#218,.F.);
#750 = FACE_BOUND('',#751,.F.);
#751 = EDGE_LOOP('',(#752,#753,#754,#777));
#752 = ORIENTED_EDGE('',*,*,#202,.F.);
#753 = ORIENTED_EDGE('',*,*,#628,.T.);
#754 = ORIENTED_EDGE('',*,*,#755,.T.);
#755 = EDGE_CURVE('',#629,#756,#758,.T.);
#756 = VERTEX_POINT('',#757);
#757 = CARTESIAN_POINT('',(25.,50.,0.));
#758 = SURFACE_CURVE('',#759,(#763,#770),.PCURVE_S1.);
#759 = LINE('',#760,#761);
#760 = CARTESIAN_POINT('',(25.,0.,0.));
#761 = VECTOR('',#762,1.);
#762 = DIRECTION('',(-0.,1.,0.));
#763 = PCURVE('',#218,#764);
#764 = DEFINITIONAL_REPRESENTATION('',(#765),#769);
#765 = LINE('',#766,#767);
#766 = CARTESIAN_POINT('',(25.,0.));
#767 = VECTOR('',#768,1.);
#768 = DIRECTION('',(0.,1.));
#769 = ( GEOMETRIC_REPRESENTATION_CONTEXT(2) 
PARAMETRIC_REPRESENTATION_CONTEXT() REPRESENTATION_CONTEXT('2D SPACE',''
  ) );
#770 = PCURVE('',#689,#771);
#771 = DEFINITIONAL_REPRESENTATION('',(#772),#776);
#772 = LINE('',#773,#774);
#773 = CARTESIAN_POINT('',(0.,0.));
#774 = VECTOR('',#775,1.);
#775 = DIRECTION('',(0.,-1.));
#776 = ( GEOMETRIC_REPRESENTATION_CONTEXT(2) 
PARAMETRIC_REPRESENTATION_CONTEXT() REPRESENTATION_CONTEXT('2D SPACE',''
  ) );
#777 = ORIENTED_EDGE('',*,*,#778,.F.);
#778 = EDGE_CURVE('',#203,#756,#779,.T.);
#779 = SURFACE_CURVE('',#780,(#784,#791),.PCURVE_S1.);
#780 = LINE('',#781,#782);
#781 = CARTESIAN_POINT('',(0.,50.,0.));
#782 = VECTOR('',#783,1.);
#783 = DIRECTION('',(1.,0.,-0.));
#784 = PCURVE('',#218,#785);
#785 = DEFINITIONAL_REPRESENTATION('',(#786),#790);
#786 = LINE('',#787,#788);
#787 = CARTESIAN_POINT('',(0.,50.));
#788 = VECTOR('',#789,1.);
#789 = DIRECTION('',(1.,0.));
#790 = ( GEOMETRIC_REPRESENTATION_CONTEXT(2) 
PARAMETRIC_REPRESENTATION_CONTEXT() REPRESENTATION_CONTEXT('2D SPACE',''
  ) );
#791 = PCURVE('',#246,#792);
#792 = DEFINITIONAL_REPRESENTATION('',(#793),#797);
#793 = LINE('',#794,#795);
#794 = CARTESIAN_POINT('',(0.,0.));
#795 = VECTOR('',#796,1.);
#796 = DIRECTION('',(0.,1.));
#797 = ( GEOMETRIC_REPRESENTATION_CONTEXT(2) 
PARAMETRIC_REPRESENTATION_CONTEXT() REPRESENTATION_CONTEXT('2D SPACE',''
  ) );
#798 = ADVANCED_FACE('',(#799),#246,.T.);
#799 = FACE_BOUND('',#800,.T.);
#800 = EDGE_LOOP('',(#801,#802,#803,#804));
#801 = ORIENTED_EDGE('',*,*,#778,.F.);
#802 = ORIENTED_EDGE('',*,*,#230,.T.);
#803 = ORIENTED_EDGE('',*,*,#729,.T.);
#804 = ORIENTED_EDGE('',*,*,#805,.F.);
#805 = EDGE_CURVE('',#756,#707,#806,.T.);
#806 = SURFACE_CURVE('',#807,(#811,#818),.PCURVE_S1.);
#807 = LINE('',#808,#809);
#808 = CARTESIAN_POINT('',(25.,50.,0.));
#809 = VECTOR('',#810,1.);
#810 = DIRECTION('',(0.,0.,1.));
#811 = PCURVE('',#246,#812);
#812 = DEFINITIONAL_REPRESENTATION('',(#813),#817);
#813 = LINE('',#814,#815);
#814 = CARTESIAN_POINT('',(0.,25.));
#815 = VECTOR('',#816,1.);
#816 = DIRECTION('',(1.,0.));
#817 = ( GEOMETRIC_REPRESENTATION_CONTEXT(2) 
PARAMETRIC_REPRESENTATION_CONTEXT() REPRESENTATION_CONTEXT('2D SPACE',''
  ) );
#818 = PCURVE('',#689,#819);
#819 = DEFINITIONAL_REPRESENTATION('',(#820),#824);
#820 = LINE('',#821,#822);
#821 = CARTESIAN_POINT('',(0.,-50.));
#822 = VECTOR('',#823,1.);
#823 = DIRECTION('',(1.,0.));
#824 = ( GEOMETRIC_REPRESENTATION_CONTEXT(2) 
PARAMETRIC_REPRESENTATION_CONTEXT() REPRESENTATION_CONTEXT('2D SPACE',''
  ) );
#825 = ADVANCED_FACE('',(#826),#303,.F.);
#826 = FACE_BOUND('',#827,.F.);
#827 = EDGE_LOOP('',(#828,#852,#873,#874));
#828 = ORIENTED_EDGE('',*,*,#829,.F.);
#829 = EDGE_CURVE('',#830,#830,#832,.T.);
#830 = VERTEX_POINT('',#831);
#831 = CARTESIAN_POINT('',(25.,25.,294.5));
#832 = SURFACE_CURVE('',#833,(#838,#845),.PCURVE_S1.);
#833 = CIRCLE('',#834,5.5);
#834 = AXIS2_PLACEMENT_3D('',#835,#836,#837);
#835 = CARTESIAN_POINT('',(25.,25.,300.));
#836 = DIRECTION('',(1.,0.,1.110223024625E-16));
#837 = DIRECTION('',(1.110223024625E-16,0.,-1.));
#838 = PCURVE('',#303,#839);
#839 = DEFINITIONAL_REPRESENTATION('',(#840),#844);
#840 = LINE('',#841,#842);
#841 = CARTESIAN_POINT('',(0.,26.));
#842 = VECTOR('',#843,1.);
#843 = DIRECTION('',(1.,0.));
#844 = ( GEOMETRIC_REPRESENTATION_CONTEXT(2) 
PARAMETRIC_REPRESENTATION_CONTEXT() REPRESENTATION_CONTEXT('2D SPACE',''
  ) );
#845 = PCURVE('',#689,#846);
#846 = DEFINITIONAL_REPRESENTATION('',(#847),#851);
#847 = CIRCLE('',#848,5.5);
#848 = AXIS2_PLACEMENT_2D('',#849,#850);
#849 = CARTESIAN_POINT('',(300.,-25.));
#850 = DIRECTION('',(-1.,0.));
#851 = ( GEOMETRIC_REPRESENTATION_CONTEXT(2) 
PARAMETRIC_REPRESENTATION_CONTEXT() REPRESENTATION_CONTEXT('2D SPACE',''
  ) );
#852 = ORIENTED_EDGE('',*,*,#853,.F.);
#853 = EDGE_CURVE('',#287,#830,#854,.T.);
#854 = SEAM_CURVE('',#855,(#859,#866),.PCURVE_S1.);
#855 = LINE('',#856,#857);
#856 = CARTESIAN_POINT('',(-1.,25.,294.5));
#857 = VECTOR('',#858,1.);
#858 = DIRECTION('',(1.,0.,1.110223024625E-16));
#859 = PCURVE('',#303,#860);
#860 = DEFINITIONAL_REPRESENTATION('',(#861),#865);
#861 = LINE('',#862,#863);
#862 = CARTESIAN_POINT('',(6.28318530718,-0.));
#863 = VECTOR('',#864,1.);
#864 = DIRECTION('',(0.,1.));
#865 = ( GEOMETRIC_REPRESENTATION_CONTEXT(2) 
PARAMETRIC_REPRESENTATION_CONTEXT() REPRESENTATION_CONTEXT('2D SPACE',''
  ) );
#866 = PCURVE('',#303,#867);
#867 = DEFINITIONAL_REPRESENTATION('',(#868),#872);
#868 = LINE('',#869,#870);
#869 = CARTESIAN_POINT('',(0.,-0.));
#870 = VECTOR('',#871,1.);
#871 = DIRECTION('',(0.,1.));
#872 = ( GEOMETRIC_REPRESENTATION_CONTEXT(2) 
PARAMETRIC_REPRESENTATION_CONTEXT() REPRESENTATION_CONTEXT('2D SPACE',''
  ) );
#873 = ORIENTED_EDGE('',*,*,#286,.T.);
#874 = ORIENTED_EDGE('',*,*,#853,.T.);
#875 = ADVANCED_FACE('',(#876),#334,.F.);
#876 = FACE_BOUND('',#877,.F.);
#877 = EDGE_LOOP('',(#878,#902,#923,#924));
#878 = ORIENTED_EDGE('',*,*,#879,.F.);
#879 = EDGE_CURVE('',#880,#880,#882,.T.);
#880 = VERTEX_POINT('',#881);
#881 = CARTESIAN_POINT('',(25.,25.,394.5));
#882 = SURFACE_CURVE('',#883,(#888,#895),.PCURVE_S1.);
#883 = CIRCLE('',#884,5.5);
#884 = AXIS2_PLACEMENT_3D('',#885,#886,#887);
#885 = CARTESIAN_POINT('',(25.,25.,400.));
#886 = DIRECTION('',(1.,0.,1.110223024625E-16));
#887 = DIRECTION('',(1.110223024625E-16,0.,-1.));
#888 = PCURVE('',#334,#889);
#889 = DEFINITIONAL_REPRESENTATION('',(#890),#894);
#890 = LINE('',#891,#892);
#891 = CARTESIAN_POINT('',(0.,26.));
#892 = VECTOR('',#893,1.);
#893 = DIRECTION('',(1.,0.));
#894 = ( GEOMETRIC_REPRESENTATION_CONTEXT(2) 
PARAMETRIC_REPRESENTATION_CONTEXT() REPRESENTATION_CONTEXT('2D SPACE',''
  ) );
#895 = PCURVE('',#689,#896);
#896 = DEFINITIONAL_REPRESENTATION('',(#897),#901);
#897 = CIRCLE('',#898,5.5);
#898 = AXIS2_PLACEMENT_2D('',#899,#900);
#899 = CARTESIAN_POINT('',(400.,-25.));
#900 = DIRECTION('',(-1.,0.));
#901 = ( GEOMETRIC_REPRESENTATION_CONTEXT(2) 
PARAMETRIC_REPRESENTATION_CONTEXT() REPRESENTATION_CONTEXT('2D SPACE',''
  ) );
#902 = ORIENTED_EDGE('',*,*,#903,.F.);
#903 = EDGE_CURVE('',#318,#880,#904,.T.);
#904 = SEAM_CURVE('',#905,(#909,#916),.PCURVE_S1.);
#905 = LINE('',#906,#907);
#906 = CARTESIAN_POINT('',(-1.,25.,394.5));
#907 = VECTOR('',#908,1.);
#908 = DIRECTION('',(1.,0.,1.110223024625E-16));
#909 = PCURVE('',#334,#910);
#910 = DEFINITIONAL_REPRESENTATION('',(#911),#915);
#911 = LINE('',#912,#913);
#912 = CARTESIAN_POINT('',(6.28318530718,-0.));
#913 = VECTOR('',#914,1.);
#914 = DIRECTION('',(0.,1.));
#915 = ( GEOMETRIC_REPRESENTATION_CONTEXT(2) 
PARAMETRIC_REPRESENTATION_CONTEXT() REPRESENTATION_CONTEXT('2D SPACE',''
  ) );
#916 = PCURVE('',#334,#917);
#917 = DEFINITIONAL_REPRESENTATION('',(#918),#922);
#918 = LINE('',#919,#920);
#919 = CARTESIAN_POINT('',(0.,-0.));
#920 = VECTOR('',#921,1.);
#921 = DIRECTION('',(0.,1.));
#922 = ( GEOMETRIC_REPRESENTATION_CONTEXT(2) 
PARAMETRIC_REPRESENTATION_CONTEXT() REPRESENTATION_CONTEXT('2D SPACE',''
  ) );
#923 = ORIENTED_EDGE('',*,*,#317,.T.);
#924 = ORIENTED_EDGE('',*,*,#903,.T.);
#925 = ADVANCED_FACE('',(#926),#365,.F.);
#926 = FACE_BOUND('',#927,.F.);
#927 = EDGE_LOOP('',(#928,#952,#973,#974));
#928 = ORIENTED_EDGE('',*,*,#929,.F.);
#929 = EDGE_CURVE('',#930,#930,#932,.T.);
#930 = VERTEX_POINT('',#931);
#931 = CARTESIAN_POINT('',(25.,25.,494.5));
#932 = SURFACE_CURVE('',#933,(#938,#945),.PCURVE_S1.);
#933 = CIRCLE('',#934,5.5);
#934 = AXIS2_PLACEMENT_3D('',#935,#936,#937);
#935 = CARTESIAN_POINT('',(25.,25.,500.));
#936 = DIRECTION('',(1.,0.,1.110223024625E-16));
#937 = DIRECTION('',(1.110223024625E-16,0.,-1.));
#938 = PCURVE('',#365,#939);
#939 = DEFINITIONAL_REPRESENTATION('',(#940),#944);
#940 = LINE('',#941,#942);
#941 = CARTESIAN_POINT('',(0.,26.));
#942 = VECTOR('',#943,1.);
#943 = DIRECTION('',(1.,0.));
#944 = ( GEOMETRIC_REPRESENTATION_CONTEXT(2) 
PARAMETRIC_REPRESENTATION_CONTEXT() REPRESENTATION_CONTEXT('2D SPACE',''
  ) );
#945 = PCURVE('',#689,#946);
#946 = DEFINITIONAL_REPRESENTATION('',(#947),#951);
#947 = CIRCLE('',#948,5.5);
#948 = AXIS2_PLACEMENT_2D('',#949,#950);
#949 = CARTESIAN_POINT('',(500.,-25.));
#950 = DIRECTION('',(-1.,0.));
#951 = ( GEOMETRIC_REPRESENTATION_CONTEXT(2) 
PARAMETRIC_REPRESENTATION_CONTEXT() REPRESENTATION_CONTEXT('2D SPACE',''
  ) );
#952 = ORIENTED_EDGE('',*,*,#953,.F.);
#953 = EDGE_CURVE('',#349,#930,#954,.T.);
#954 = SEAM_CURVE('',#955,(#959,#966),.PCURVE_S1.);
#955 = LINE('',#956,#957);
#956 = CARTESIAN_POINT('',(-1.,25.,494.5));
#957 = VECTOR('',#958,1.);
#958 = DIRECTION('',(1.,0.,1.110223024625E-16));
#959 = PCURVE('',#365,#960);
#960 = DEFINITIONAL_REPRESENTATION('',(#961),#965);
#961 = LINE('',#962,#963);
#962 = CARTESIAN_POINT('',(6.28318530718,-0.));
#963 = VECTOR('',#964,1.);
#964 = DIRECTION('',(0.,1.));
#965 = ( GEOMETRIC_REPRESENTATION_CONTEXT(2) 
PARAMETRIC_REPRESENTATION_CONTEXT() REPRESENTATION_CONTEXT('2D SPACE',''
  ) );
#966 = PCURVE('',#365,#967);
#967 = DEFINITIONAL_REPRESENTATION('',(#968),#972);
#968 = LINE('',#969,#970);
#969 = CARTESIAN_POINT('',(0.,-0.));
#970 = VECTOR('',#971,1.);
#971 = DIRECTION('',(0.,1.));
#972 = ( GEOMETRIC_REPRESENTATION_CONTEXT(2) 
PARAMETRIC_REPRESENTATION_CONTEXT() REPRESENTATION_CONTEXT('2D SPACE',''
  ) );
#973 = ORIENTED_EDGE('',*,*,#348,.T.);
#974 = ORIENTED_EDGE('',*,*,#953,.T.);
#975 = ADVANCED_FACE('',(#976),#396,.F.);
#976 = FACE_BOUND('',#977,.F.);
#977 = EDGE_LOOP('',(#978,#1002,#1023,#1024));
#978 = ORIENTED_EDGE('',*,*,#979,.F.);
#979 = EDGE_CURVE('',#980,#980,#982,.T.);
#980 = VERTEX_POINT('',#981);
#981 = CARTESIAN_POINT('',(25.,25.,594.5));
#982 = SURFACE_CURVE('',#983,(#988,#995),.PCURVE_S1.);
#983 = CIRCLE('',#984,5.5);
#984 = AXIS2_PLACEMENT_3D('',#985,#986,#987);
#985 = CARTESIAN_POINT('',(25.,25.,600.));
#986 = DIRECTION('',(1.,0.,1.110223024625E-16));
#987 = DIRECTION('',(1.110223024625E-16,0.,-1.));
#988 = PCURVE('',#396,#989);
#989 = DEFINITIONAL_REPRESENTATION('',(#990),#994);
#990 = LINE('',#991,#992);
#991 = CARTESIAN_POINT('',(0.,26.));
#992 = VECTOR('',#993,1.);
#993 = DIRECTION('',(1.,0.));
#994 = ( GEOMETRIC_REPRESENTATION_CONTEXT(2) 
PARAMETRIC_REPRESENTATION_CONTEXT() REPRESENTATION_CONTEXT('2D SPACE',''
  ) );
#995 = PCURVE('',#689,#996);
#996 = DEFINITIONAL_REPRESENTATION('',(#997),#1001);
#997 = CIRCLE('',#998,5.5);
#998 = AXIS2_PLACEMENT_2D('',#999,#1000);
#999 = CARTESIAN_POINT('',(600.,-25.));
#1000 = DIRECTION('',(-1.,0.));
#1001 = ( GEOMETRIC_REPRESENTATION_CONTEXT(2) 
PARAMETRIC_REPRESENTATION_CONTEXT() REPRESENTATION_CONTEXT('2D SPACE',''
  ) );
#1002 = ORIENTED_EDGE('',*,*,#1003,.F.);
#1003 = EDGE_CURVE('',#380,#980,#1004,.T.);
#1004 = SEAM_CURVE('',#1005,(#1009,#1016),.PCURVE_S1.);
#1005 = LINE('',#1006,#1007);
#1006 = CARTESIAN_POINT('',(-1.,25.,594.5));
#1007 = VECTOR('',#1008,1.);
#1008 = DIRECTION('',(1.,0.,1.110223024625E-16));
#1009 = PCURVE('',#396,#1010);
#1010 = DEFINITIONAL_REPRESENTATION('',(#1011),#1015);
#1011 = LINE('',#1012,#1013);
#1012 = CARTESIAN_POINT('',(6.28318530718,-0.));
#1013 = VECTOR('',#1014,1.);
#1014 = DIRECTION('',(0.,1.));
#1015 = ( GEOMETRIC_REPRESENTATION_CONTEXT(2) 
PARAMETRIC_REPRESENTATION_CONTEXT() REPRESENTATION_CONTEXT('2D SPACE',''
  ) );
#1016 = PCURVE('',#396,#1017);
#1017 = DEFINITIONAL_REPRESENTATION('',(#1018),#1022);
#1018 = LINE('',#1019,#1020);
#1019 = CARTESIAN_POINT('',(0.,-0.));
#1020 = VECTOR('',#1021,1.);
#1021 = DIRECTION('',(0.,1.));
#1022 = ( GEOMETRIC_REPRESENTATION_CONTEXT(2) 
PARAMETRIC_REPRESENTATION_CONTEXT() REPRESENTATION_CONTEXT('2D SPACE',''
  ) );
#1023 = ORIENTED_EDGE('',*,*,#379,.T.);
#1024 = ORIENTED_EDGE('',*,*,#1003,.T.);
#1025 = ADVANCED_FACE('',(#1026),#427,.F.);
#1026 = FACE_BOUND('',#1027,.F.);
#1027 = EDGE_LOOP('',(#1028,#1052,#1073,#1074));
#1028 = ORIENTED_EDGE('',*,*,#1029,.F.);
#1029 = EDGE_CURVE('',#1030,#1030,#1032,.T.);
#1030 = VERTEX_POINT('',#1031);
#1031 = CARTESIAN_POINT('',(25.,25.,694.5));
#1032 = SURFACE_CURVE('',#1033,(#1038,#1045),.PCURVE_S1.);
#1033 = CIRCLE('',#1034,5.5);
#1034 = AXIS2_PLACEMENT_3D('',#1035,#1036,#1037);
#1035 = CARTESIAN_POINT('',(25.,25.,700.));
#1036 = DIRECTION('',(1.,0.,1.110223024625E-16));
#1037 = DIRECTION('',(1.110223024625E-16,0.,-1.));
#1038 = PCURVE('',#427,#1039);
#1039 = DEFINITIONAL_REPRESENTATION('',(#1040),#1044);
#1040 = LINE('',#1041,#1042);
#1041 = CARTESIAN_POINT('',(0.,26.));
#1042 = VECTOR('',#1043,1.);
#1043 = DIRECTION('',(1.,0.));
#1044 = ( GEOMETRIC_REPRESENTATION_CONTEXT(2) 
PARAMETRIC_REPRESENTATION_CONTEXT() REPRESENTATION_CONTEXT('2D SPACE',''
  ) );
#1045 = PCURVE('',#689,#1046);
#1046 = DEFINITIONAL_REPRESENTATION('',(#1047),#1051);
#1047 = CIRCLE('',#1048,5.5);
#1048 = AXIS2_PLACEMENT_2D('',#1049,#1050);
#1049 = CARTESIAN_POINT('',(700.,-25.));
#1050 = DIRECTION('',(-1.,0.));
#1051 = ( GEOMETRIC_REPRESENTATION_CONTEXT(2) 
PARAMETRIC_REPRESENTATION_CONTEXT() REPRESENTATION_CONTEXT('2D SPACE',''
  ) );
#1052 = ORIENTED_EDGE('',*,*,#1053,.F.);
#1053 = EDGE_CURVE('',#411,#1030,#1054,.T.);
#1054 = SEAM_CURVE('',#1055,(#1059,#1066),.PCURVE_S1.);
#1055 = LINE('',#1056,#1057);
#1056 = CARTESIAN_POINT('',(-1.,25.,694.5));
#1057 = VECTOR('',#1058,1.);
#1058 = DIRECTION('',(1.,0.,1.110223024625E-16));
#1059 = PCURVE('',#427,#1060);
#1060 = DEFINITIONAL_REPRESENTATION('',(#1061),#1065);
#1061 = LINE('',#1062,#1063);
#1062 = CARTESIAN_POINT('',(6.28318530718,-0.));
#1063 = VECTOR('',#1064,1.);
#1064 = DIRECTION('',(0.,1.));
#1065 = ( GEOMETRIC_REPRESENTATION_CONTEXT(2) 
PARAMETRIC_REPRESENTATION_CONTEXT() REPRESENTATION_CONTEXT('2D SPACE',''
  ) );
#1066 = PCURVE('',#427,#1067);
#1067 = DEFINITIONAL_REPRESENTATION('',(#1068),#1072);
#1068 = LINE('',#1069,#1070);
#1069 = CARTESIAN_POINT('',(0.,-0.));
#1070 = VECTOR('',#1071,1.);
#1071 = DIRECTION('',(0.,1.));
#1072 = ( GEOMETRIC_REPRESENTATION_CONTEXT(2) 
PARAMETRIC_REPRESENTATION_CONTEXT() REPRESENTATION_CONTEXT('2D SPACE',''
  ) );
#1073 = ORIENTED_EDGE('',*,*,#410,.T.);
#1074 = ORIENTED_EDGE('',*,*,#1053,.T.);
#1075 = ADVANCED_FACE('',(#1076),#458,.F.);
#1076 = FACE_BOUND('',#1077,.F.);
#1077 = EDGE_LOOP('',(#1078,#1102,#1123,#1124));
#1078 = ORIENTED_EDGE('',*,*,#1079,.F.);
#1079 = EDGE_CURVE('',#1080,#1080,#1082,.T.);
#1080 = VERTEX_POINT('',#1081);
#1081 = CARTESIAN_POINT('',(25.,25.,994.5));
#1082 = SURFACE_CURVE('',#1083,(#1088,#1095),.PCURVE_S1.);
#1083 = CIRCLE('',#1084,5.5);
#1084 = AXIS2_PLACEMENT_3D('',#1085,#1086,#1087);
#1085 = CARTESIAN_POINT('',(25.,25.,1.E+03));
#1086 = DIRECTION('',(1.,0.,1.110223024625E-16));
#1087 = DIRECTION('',(1.110223024625E-16,0.,-1.));
#1088 = PCURVE('',#458,#1089);
#1089 = DEFINITIONAL_REPRESENTATION('',(#1090),#1094);
#1090 = LINE('',#1091,#1092);
#1091 = CARTESIAN_POINT('',(0.,26.));
#1092 = VECTOR('',#1093,1.);
#1093 = DIRECTION('',(1.,0.));
#1094 = ( GEOMETRIC_REPRESENTATION_CONTEXT(2) 
PARAMETRIC_REPRESENTATION_CONTEXT() REPRESENTATION_CONTEXT('2D SPACE',''
  ) );
#1095 = PCURVE('',#689,#1096);
#1096 = DEFINITIONAL_REPRESENTATION('',(#1097),#1101);
#1097 = CIRCLE('',#1098,5.5);
#1098 = AXIS2_PLACEMENT_2D('',#1099,#1100);
#1099 = CARTESIAN_POINT('',(1.E+03,-25.));
#1100 = DIRECTION('',(-1.,0.));
#1101 = ( GEOMETRIC_REPRESENTATION_CONTEXT(2) 
PARAMETRIC_REPRESENTATION_CONTEXT() REPRESENTATION_CONTEXT('2D SPACE',''
  ) );
#1102 = ORIENTED_EDGE('',*,*,#1103,.F.);
#1103 = EDGE_CURVE('',#442,#1080,#1104,.T.);
#1104 = SEAM_CURVE('',#1105,(#1109,#1116),.PCURVE_S1.);
#1105 = LINE('',#1106,#1107);
#1106 = CARTESIAN_POINT('',(-1.,25.,994.5));
#1107 = VECTOR('',#1108,1.);
#1108 = DIRECTION('',(1.,0.,1.110223024625E-16));
#1109 = PCURVE('',#458,#1110);
#1110 = DEFINITIONAL_REPRESENTATION('',(#1111),#1115);
#1111 = LINE('',#1112,#1113);
#1112 = CARTESIAN_POINT('',(6.28318530718,-0.));
#1113 = VECTOR('',#1114,1.);
#1114 = DIRECTION('',(0.,1.));
#1115 = ( GEOMETRIC_REPRESENTATION_CONTEXT(2) 
PARAMETRIC_REPRESENTATION_CONTEXT() REPRESENTATION_CONTEXT('2D SPACE',''
  ) );
#1116 = PCURVE('',#458,#1117);
#1117 = DEFINITIONAL_REPRESENTATION('',(#1118),#1122);
#1118 = LINE('',#1119,#1120);
#1119 = CARTESIAN_POINT('',(0.,-0.));
#1120 = VECTOR('',#1121,1.);
#1121 = DIRECTION('',(0.,1.));
#1122 = ( GEOMETRIC_REPRESENTATION_CONTEXT(2) 
PARAMETRIC_REPRESENTATION_CONTEXT() REPRESENTATION_CONTEXT('2D SPACE',''
  ) );
#1123 = ORIENTED_EDGE('',*,*,#441,.T.);
#1124 = ORIENTED_EDGE('',*,*,#1103,.T.);
#1125 = ADVANCED_FACE('',(#1126),#489,.F.);
#1126 = FACE_BOUND('',#1127,.F.);
#1127 = EDGE_LOOP('',(#1128,#1152,#1173,#1174));
#1128 = ORIENTED_EDGE('',*,*,#1129,.F.);
#1129 = EDGE_CURVE('',#1130,#1130,#1132,.T.);
#1130 = VERTEX_POINT('',#1131);
#1131 = CARTESIAN_POINT('',(25.,25.,1.1945E+03));
#1132 = SURFACE_CURVE('',#1133,(#1138,#1145),.PCURVE_S1.);
#1133 = CIRCLE('',#1134,5.5);
#1134 = AXIS2_PLACEMENT_3D('',#1135,#1136,#1137);
#1135 = CARTESIAN_POINT('',(25.,25.,1.2E+03));
#1136 = DIRECTION('',(1.,0.,1.110223024625E-16));
#1137 = DIRECTION('',(1.110223024625E-16,0.,-1.));
#1138 = PCURVE('',#489,#1139);
#1139 = DEFINITIONAL_REPRESENTATION('',(#1140),#1144);
#1140 = LINE('',#1141,#1142);
#1141 = CARTESIAN_POINT('',(0.,26.));
#1142 = VECTOR('',#1143,1.);
#1143 = DIRECTION('',(1.,0.));
#1144 = ( GEOMETRIC_REPRESENTATION_CONTEXT(2) 
PARAMETRIC_REPRESENTATION_CONTEXT() REPRESENTATION_CONTEXT('2D SPACE',''
  ) );
#1145 = PCURVE('',#689,#1146);
#1146 = DEFINITIONAL_REPRESENTATION('',(#1147),#1151);
#1147 = CIRCLE('',#1148,5.5);
#1148 = AXIS2_PLACEMENT_2D('',#1149,#1150);
#1149 = CARTESIAN_POINT('',(1.2E+03,-25.));
#1150 = DIRECTION('',(-1.,0.));
#1151 = ( GEOMETRIC_REPRESENTATION_CONTEXT(2) 
PARAMETRIC_REPRESENTATION_CONTEXT() REPRESENTATION_CONTEXT('2D SPACE',''
  ) );
#1152 = ORIENTED_EDGE('',*,*,#1153,.F.);
#1153 = EDGE_CURVE('',#473,#1130,#1154,.T.);
#1154 = SEAM_CURVE('',#1155,(#1159,#1166),.PCURVE_S1.);
#1155 = LINE('',#1156,#1157);
#1156 = CARTESIAN_POINT('',(-1.,25.,1.1945E+03));
#1157 = VECTOR('',#1158,1.);
#1158 = DIRECTION('',(1.,0.,1.110223024625E-16));
#1159 = PCURVE('',#489,#1160);
#1160 = DEFINITIONAL_REPRESENTATION('',(#1161),#1165);
#1161 = LINE('',#1162,#1163);
#1162 = CARTESIAN_POINT('',(6.28318530718,-0.));
#1163 = VECTOR('',#1164,1.);
#1164 = DIRECTION('',(0.,1.));
#1165 = ( GEOMETRIC_REPRESENTATION_CONTEXT(2) 
PARAMETRIC_REPRESENTATION_CONTEXT() REPRESENTATION_CONTEXT('2D SPACE',''
  ) );
#1166 = PCURVE('',#489,#1167);
#1167 = DEFINITIONAL_REPRESENTATION('',(#1168),#1172);
#1168 = LINE('',#1169,#1170);
#1169 = CARTESIAN_POINT('',(0.,-0.));
#1170 = VECTOR('',#1171,1.);
#1171 = DIRECTION('',(0.,1.));
#1172 = ( GEOMETRIC_REPRESENTATION_CONTEXT(2) 
PARAMETRIC_REPRESENTATION_CONTEXT() REPRESENTATION_CONTEXT('2D SPACE',''
  ) );
#1173 = ORIENTED_EDGE('',*,*,#472,.T.);
#1174 = ORIENTED_EDGE('',*,*,#1153,.T.);
#1175 = ADVANCED_FACE('',(#1176),#520,.F.);
#1176 = FACE_BOUND('',#1177,.F.);
#1177 = EDGE_LOOP('',(#1178,#1202,#1223,#1224));
#1178 = ORIENTED_EDGE('',*,*,#1179,.F.);
#1179 = EDGE_CURVE('',#1180,#1180,#1182,.T.);
#1180 = VERTEX_POINT('',#1181);
#1181 = CARTESIAN_POINT('',(25.,25.,1.2945E+03));
#1182 = SURFACE_CURVE('',#1183,(#1188,#1195),.PCURVE_S1.);
#1183 = CIRCLE('',#1184,5.5);
#1184 = AXIS2_PLACEMENT_3D('',#1185,#1186,#1187);
#1185 = CARTESIAN_POINT('',(25.,25.,1.3E+03));
#1186 = DIRECTION('',(1.,0.,1.110223024625E-16));
#1187 = DIRECTION('',(1.110223024625E-16,0.,-1.));
#1188 = PCURVE('',#520,#1189);
#1189 = DEFINITIONAL_REPRESENTATION('',(#1190),#1194);
#1190 = LINE('',#1191,#1192);
#1191 = CARTESIAN_POINT('',(0.,26.));
#1192 = VECTOR('',#1193,1.);
#1193 = DIRECTION('',(1.,0.));
#1194 = ( GEOMETRIC_REPRESENTATION_CONTEXT(2) 
PARAMETRIC_REPRESENTATION_CONTEXT() REPRESENTATION_CONTEXT('2D SPACE',''
  ) );
#1195 = PCURVE('',#689,#1196);
#1196 = DEFINITIONAL_REPRESENTATION('',(#1197),#1201);
#1197 = CIRCLE('',#1198,5.5);
#1198 = AXIS2_PLACEMENT_2D('',#1199,#1200);
#1199 = CARTESIAN_POINT('',(1.3E+03,-25.));
#1200 = DIRECTION('',(-1.,0.));
#1201 = ( GEOMETRIC_REPRESENTATION_CONTEXT(2) 
PARAMETRIC_REPRESENTATION_CONTEXT() REPRESENTATION_CONTEXT('2D SPACE',''
  ) );
#1202 = ORIENTED_EDGE('',*,*,#1203,.F.);
#1203 = EDGE_CURVE('',#504,#1180,#1204,.T.);
#1204 = SEAM_CURVE('',#1205,(#1209,#1216),.PCURVE_S1.);
#1205 = LINE('',#1206,#1207);
#1206 = CARTESIAN_POINT('',(-1.,25.,1.2945E+03));
#1207 = VECTOR('',#1208,1.);
#1208 = DIRECTION('',(1.,0.,1.110223024625E-16));
#1209 = PCURVE('',#520,#1210);
#1210 = DEFINITIONAL_REPRESENTATION('',(#1211),#1215);
#1211 = LINE('',#1212,#1213);
#1212 = CARTESIAN_POINT('',(6.28318530718,-0.));
#1213 = VECTOR('',#1214,1.);
#1214 = DIRECTION('',(0.,1.));
#1215 = ( GEOMETRIC_REPRESENTATION_CONTEXT(2) 
PARAMETRIC_REPRESENTATION_CONTEXT() REPRESENTATION_CONTEXT('2D SPACE',''
  ) );
#1216 = PCURVE('',#520,#1217);
#1217 = DEFINITIONAL_REPRESENTATION('',(#1218),#1222);
#1218 = LINE('',#1219,#1220);
#1219 = CARTESIAN_POINT('',(0.,-0.));
#1220 = VECTOR('',#1221,1.);
#1221 = DIRECTION('',(0.,1.));
#1222 = ( GEOMETRIC_REPRESENTATION_CONTEXT(2) 
PARAMETRIC_REPRESENTATION_CONTEXT() REPRESENTATION_CONTEXT('2D SPACE',''
  ) );
#1223 = ORIENTED_EDGE('',*,*,#503,.T.);
#1224 = ORIENTED_EDGE('',*,*,#1203,.T.);
#1225 = ADVANCED_FACE('',(#1226),#551,.F.);
#1226 = FACE_BOUND('',#1227,.F.);
#1227 = EDGE_LOOP('',(#1228,#1252,#1273,#1274));
#1228 = ORIENTED_EDGE('',*,*,#1229,.F.);
#1229 = EDGE_CURVE('',#1230,#1230,#1232,.T.);
#1230 = VERTEX_POINT('',#1231);
#1231 = CARTESIAN_POINT('',(25.,25.,1.6945E+03));
#1232 = SURFACE_CURVE('',#1233,(#1238,#1245),.PCURVE_S1.);
#1233 = CIRCLE('',#1234,5.5);
#1234 = AXIS2_PLACEMENT_3D('',#1235,#1236,#1237);
#1235 = CARTESIAN_POINT('',(25.,25.,1.7E+03));
#1236 = DIRECTION('',(1.,0.,1.110223024625E-16));
#1237 = DIRECTION('',(1.110223024625E-16,0.,-1.));
#1238 = PCURVE('',#551,#1239);
#1239 = DEFINITIONAL_REPRESENTATION('',(#1240),#1244);
#1240 = LINE('',#1241,#1242);
#1241 = CARTESIAN_POINT('',(0.,26.));
#1242 = VECTOR('',#1243,1.);
#1243 = DIRECTION('',(1.,0.));
#1244 = ( GEOMETRIC_REPRESENTATION_CONTEXT(2) 
PARAMETRIC_REPRESENTATION_CONTEXT() REPRESENTATION_CONTEXT('2D SPACE',''
  ) );
#1245 = PCURVE('',#689,#1246);
#1246 = DEFINITIONAL_REPRESENTATION('',(#1247),#1251);
#1247 = CIRCLE('',#1248,5.5);
#1248 = AXIS2_PLACEMENT_2D('',#1249,#1250);
#1249 = CARTESIAN_POINT('',(1.7E+03,-25.));
#1250 = DIRECTION('',(-1.,0.));
#1251 = ( GEOMETRIC_REPRESENTATION_CONTEXT(2) 
PARAMETRIC_REPRESENTATION_CONTEXT() REPRESENTATION_CONTEXT('2D SPACE',''
  ) );
#1252 = ORIENTED_EDGE('',*,*,#1253,.F.);
#1253 = EDGE_CURVE('',#535,#1230,#1254,.T.);
#1254 = SEAM_CURVE('',#1255,(#1259,#1266),.PCURVE_S1.);
#1255 = LINE('',#1256,#1257);
#1256 = CARTESIAN_POINT('',(-1.,25.,1.6945E+03));
#1257 = VECTOR('',#1258,1.);
#1258 = DIRECTION('',(1.,0.,1.110223024625E-16));
#1259 = PCURVE('',#551,#1260);
#1260 = DEFINITIONAL_REPRESENTATION('',(#1261),#1265);
#1261 = LINE('',#1262,#1263);
#1262 = CARTESIAN_POINT('',(6.28318530718,-0.));
#1263 = VECTOR('',#1264,1.);
#1264 = DIRECTION('',(0.,1.));
#1265 = ( GEOMETRIC_REPRESENTATION_CONTEXT(2) 
PARAMETRIC_REPRESENTATION_CONTEXT() REPRESENTATION_CONTEXT('2D SPACE',''
  ) );
#1266 = PCURVE('',#551,#1267);
#1267 = DEFINITIONAL_REPRESENTATION('',(#1268),#1272);
#1268 = LINE('',#1269,#1270);
#1269 = CARTESIAN_POINT('',(0.,-0.));
#1270 = VECTOR('',#1271,1.);
#1271 = DIRECTION('',(0.,1.));
#1272 = ( GEOMETRIC_REPRESENTATION_CONTEXT(2) 
PARAMETRIC_REPRESENTATION_CONTEXT() REPRESENTATION_CONTEXT('2D SPACE',''
  ) );
#1273 = ORIENTED_EDGE('',*,*,#534,.T.);
#1274 = ORIENTED_EDGE('',*,*,#1253,.T.);
#1275 = ADVANCED_FACE('',(#1276),#582,.F.);
#1276 = FACE_BOUND('',#1277,.F.);
#1277 = EDGE_LOOP('',(#1278,#1302,#1323,#1324));
#1278 = ORIENTED_EDGE('',*,*,#1279,.F.);
#1279 = EDGE_CURVE('',#1280,#1280,#1282,.T.);
#1280 = VERTEX_POINT('',#1281);
#1281 = CARTESIAN_POINT('',(25.,25.,1.7945E+03));
#1282 = SURFACE_CURVE('',#1283,(#1288,#1295),.PCURVE_S1.);
#1283 = CIRCLE('',#1284,5.5);
#1284 = AXIS2_PLACEMENT_3D('',#1285,#1286,#1287);
#1285 = CARTESIAN_POINT('',(25.,25.,1.8E+03));
#1286 = DIRECTION('',(1.,0.,1.110223024625E-16));
#1287 = DIRECTION('',(1.110223024625E-16,0.,-1.));
#1288 = PCURVE('',#582,#1289);
#1289 = DEFINITIONAL_REPRESENTATION('',(#1290),#1294);
#1290 = LINE('',#1291,#1292);
#1291 = CARTESIAN_POINT('',(0.,26.));
#1292 = VECTOR('',#1293,1.);
#1293 = DIRECTION('',(1.,0.));
#1294 = ( GEOMETRIC_REPRESENTATION_CONTEXT(2) 
PARAMETRIC_REPRESENTATION_CONTEXT() REPRESENTATION_CONTEXT('2D SPACE',''
  ) );
#1295 = PCURVE('',#689,#1296);
#1296 = DEFINITIONAL_REPRESENTATION('',(#1297),#1301);
#1297 = CIRCLE('',#1298,5.5);
#1298 = AXIS2_PLACEMENT_2D('',#1299,#1300);
#1299 = CARTESIAN_POINT('',(1.8E+03,-25.));
#1300 = DIRECTION('',(-1.,0.));
#1301 = ( GEOMETRIC_REPRESENTATION_CONTEXT(2) 
PARAMETRIC_REPRESENTATION_CONTEXT() REPRESENTATION_CONTEXT('2D SPACE',''
  ) );
#1302 = ORIENTED_EDGE('',*,*,#1303,.F.);
#1303 = EDGE_CURVE('',#566,#1280,#1304,.T.);
#1304 = SEAM_CURVE('',#1305,(#1309,#1316),.PCURVE_S1.);
#1305 = LINE('',#1306,#1307);
#1306 = CARTESIAN_POINT('',(-1.,25.,1.7945E+03));
#1307 = VECTOR('',#1308,1.);
#1308 = DIRECTION('',(1.,0.,1.110223024625E-16));
#1309 = PCURVE('',#582,#1310);
#1310 = DEFINITIONAL_REPRESENTATION('',(#1311),#1315);
#1311 = LINE('',#1312,#1313);
#1312 = CARTESIAN_POINT('',(6.28318530718,-0.));
#1313 = VECTOR('',#1314,1.);
#1314 = DIRECTION('',(0.,1.));
#1315 = ( GEOMETRIC_REPRESENTATION_CONTEXT(2) 
PARAMETRIC_REPRESENTATION_CONTEXT() REPRESENTATION_CONTEXT('2D SPACE',''
  ) );
#1316 = PCURVE('',#582,#1317);
#1317 = DEFINITIONAL_REPRESENTATION('',(#1318),#1322);
#1318 = LINE('',#1319,#1320);
#1319 = CARTESIAN_POINT('',(0.,-0.));
#1320 = VECTOR('',#1321,1.);
#1321 = DIRECTION('',(0.,1.));
#1322 = ( GEOMETRIC_REPRESENTATION_CONTEXT(2) 
PARAMETRIC_REPRESENTATION_CONTEXT() REPRESENTATION_CONTEXT('2D SPACE',''
  ) );
#1323 = ORIENTED_EDGE('',*,*,#565,.T.);
#1324 = ORIENTED_EDGE('',*,*,#1303,.T.);
#1325 = ADVANCED_FACE('',(#1326),#613,.F.);
#1326 = FACE_BOUND('',#1327,.F.);
#1327 = EDGE_LOOP('',(#1328,#1352,#1373,#1374));
#1328 = ORIENTED_EDGE('',*,*,#1329,.F.);
#1329 = EDGE_CURVE('',#1330,#1330,#1332,.T.);
#1330 = VERTEX_POINT('',#1331);
#1331 = CARTESIAN_POINT('',(25.,25.,1.8945E+03));
#1332 = SURFACE_CURVE('',#1333,(#1338,#1345),.PCURVE_S1.);
#1333 = CIRCLE('',#1334,5.5);
#1334 = AXIS2_PLACEMENT_3D('',#1335,#1336,#1337);
#1335 = CARTESIAN_POINT('',(25.,25.,1.9E+03));
#1336 = DIRECTION('',(1.,0.,1.110223024625E-16));
#1337 = DIRECTION('',(1.110223024625E-16,0.,-1.));
#1338 = PCURVE('',#613,#1339);
#1339 = DEFINITIONAL_REPRESENTATION('',(#1340),#1344);
#1340 = LINE('',#1341,#1342);
#1341 = CARTESIAN_POINT('',(0.,26.));
#1342 = VECTOR('',#1343,1.);
#1343 = DIRECTION('',(1.,0.));
#1344 = ( GEOMETRIC_REPRESENTATION_CONTEXT(2) 
PARAMETRIC_REPRESENTATION_CONTEXT() REPRESENTATION_CONTEXT('2D SPACE',''
  ) );
#1345 = PCURVE('',#689,#1346);
#1346 = DEFINITIONAL_REPRESENTATION('',(#1347),#1351);
#1347 = CIRCLE('',#1348,5.5);
#1348 = AXIS2_PLACEMENT_2D('',#1349,#1350);
#1349 = CARTESIAN_POINT('',(1.9E+03,-25.));
#1350 = DIRECTION('',(-1.,0.));
#1351 = ( GEOMETRIC_REPRESENTATION_CONTEXT(2) 
PARAMETRIC_REPRESENTATION_CONTEXT() REPRESENTATION_CONTEXT('2D SPACE',''
  ) );
#1352 = ORIENTED_EDGE('',*,*,#1353,.F.);
#1353 = EDGE_CURVE('',#597,#1330,#1354,.T.);
#1354 = SEAM_CURVE('',#1355,(#1359,#1366),.PCURVE_S1.);
#1355 = LINE('',#1356,#1357);
#1356 = CARTESIAN_POINT('',(-1.,25.,1.8945E+03));
#1357 = VECTOR('',#1358,1.);
#1358 = DIRECTION('',(1.,0.,1.110223024625E-16));
#1359 = PCURVE('',#613,#1360);
#1360 = DEFINITIONAL_REPRESENTATION('',(#1361),#1365);
#1361 = LINE('',#1362,#1363);
#1362 = CARTESIAN_POINT('',(6.28318530718,-0.));
#1363 = VECTOR('',#1364,1.);
#1364 = DIRECTION('',(0.,1.));
#1365 = ( GEOMETRIC_REPRESENTATION_CONTEXT(2) 
PARAMETRIC_REPRESENTATION_CONTEXT() REPRESENTATION_CONTEXT('2D SPACE',''
  ) );
#1366 = PCURVE('',#613,#1367);
#1367 = DEFINITIONAL_REPRESENTATION('',(#1368),#1372);
#1368 = LINE('',#1369,#1370);
#1369 = CARTESIAN_POINT('',(0.,-0.));
#1370 = VECTOR('',#1371,1.);
#1371 = DIRECTION('',(0.,1.));
#1372 = ( GEOMETRIC_REPRESENTATION_CONTEXT(2) 
PARAMETRIC_REPRESENTATION_CONTEXT() REPRESENTATION_CONTEXT('2D SPACE',''
  ) );
#1373 = ORIENTED_EDGE('',*,*,#596,.T.);
#1374 = ORIENTED_EDGE('',*,*,#1353,.T.);
#1375 = ADVANCED_FACE('',(#1376,#1382,#1385,#1388,#1391,#1394,#1397,
    #1400,#1403,#1406,#1409,#1412),#689,.T.);
#1376 = FACE_BOUND('',#1377,.T.);
#1377 = EDGE_LOOP('',(#1378,#1379,#1380,#1381));
#1378 = ORIENTED_EDGE('',*,*,#675,.F.);
#1379 = ORIENTED_EDGE('',*,*,#755,.T.);
#1380 = ORIENTED_EDGE('',*,*,#805,.T.);
#1381 = ORIENTED_EDGE('',*,*,#706,.F.);
#1382 = FACE_BOUND('',#1383,.T.);
#1383 = EDGE_LOOP('',(#1384));
#1384 = ORIENTED_EDGE('',*,*,#829,.F.);
#1385 = FACE_BOUND('',#1386,.T.);
#1386 = EDGE_LOOP('',(#1387));
#1387 = ORIENTED_EDGE('',*,*,#879,.F.);
#1388 = FACE_BOUND('',#1389,.T.);
#1389 = EDGE_LOOP('',(#1390));
#1390 = ORIENTED_EDGE('',*,*,#929,.F.);
#1391 = FACE_BOUND('',#1392,.T.);
#1392 = EDGE_LOOP('',(#1393));
#1393 = ORIENTED_EDGE('',*,*,#979,.F.);
#1394 = FACE_BOUND('',#1395,.T.);
#1395 = EDGE_LOOP('',(#1396));
#1396 = ORIENTED_EDGE('',*,*,#1029,.F.);
#1397 = FACE_BOUND('',#1398,.T.);
#1398 = EDGE_LOOP('',(#1399));
#1399 = ORIENTED_EDGE('',*,*,#1079,.F.);
#1400 = FACE_BOUND('',#1401,.T.);
#1401 = EDGE_LOOP('',(#1402));
#1402 = ORIENTED_EDGE('',*,*,#1129,.F.);
#1403 = FACE_BOUND('',#1404,.T.);
#1404 = EDGE_LOOP('',(#1405));
#1405 = ORIENTED_EDGE('',*,*,#1179,.F.);
#1406 = FACE_BOUND('',#1407,.T.);
#1407 = EDGE_LOOP('',(#1408));
#1408 = ORIENTED_EDGE('',*,*,#1229,.F.);
#1409 = FACE_BOUND('',#1410,.T.);
#1410 = EDGE_LOOP('',(#1411));
#1411 = ORIENTED_EDGE('',*,*,#1279,.F.);
#1412 = FACE_BOUND('',#1413,.T.);
#1413 = EDGE_LOOP('',(#1414));
#1414 = ORIENTED_EDGE('',*,*,#1329,.F.);
#1415 = ( GEOMETRIC_REPRESENTATION_CONTEXT(3) 
GLOBAL_UNCERTAINTY_ASSIGNED_CONTEXT((#1419)) 
GLOBAL_UNIT_ASSIGNED_CONTEXT((#1416,#1417,#1418)) REPRESENTATION_CONTEXT
('Context #1','3D Context with UNIT and UNCERTAINTY') );
#1416 = ( LENGTH_UNIT() NAMED_UNIT(*) SI_UNIT(.MILLI.,.METRE.) );
#1417 = ( NAMED_UNIT(*) PLANE_ANGLE_UNIT() SI_UNIT($,.RADIAN.) );
#1418 = ( NAMED_UNIT(*) SI_UNIT($,.STERADIAN.) SOLID_ANGLE_UNIT() );
#1419 = UNCERTAINTY_MEASURE_WITH_UNIT(LENGTH_MEASURE(1.E-07),#1416,
  'distance_accuracy_value','confusion accuracy');
#1420 = CONTEXT_DEPENDENT_SHAPE_REPRESENTATION(#1421,#1423);
#1421 = ( REPRESENTATION_RELATIONSHIP('','',#160,#10) 
REPRESENTATION_RELATIONSHIP_WITH_TRANSFORMATION(#1422) 
SHAPE_REPRESENTATION_RELATIONSHIP() );
#1422 = ITEM_DEFINED_TRANSFORMATION('','',#11,#15);
#1423 = PRODUCT_DEFINITION_SHAPE('Placement','Placement of an item',
  #1424);
#1424 = NEXT_ASSEMBLY_USAGE_OCCURRENCE('868',
  '\X2\04410442043E0439043A0430\X0\_\X2\0449043804420430\X0\_25\X2\0445\X0\50\X2\0445\X0\2400','',#5,
  #155,$);
#1425 = PRODUCT_RELATED_PRODUCT_CATEGORY('part',$,(#157));
#1426 = SHAPE_DEFINITION_REPRESENTATION(#1427,#1433);
#1427 = PRODUCT_DEFINITION_SHAPE('','',#1428);
#1428 = PRODUCT_DEFINITION('design','',#1429,#1432);
#1429 = PRODUCT_DEFINITION_FORMATION('','',#1430);
#1430 = PRODUCT(
  '\X2\04410442043E0439043A0430\X0\_\X2\0449043804420430\X0\_25\X2\0445\X0\50\X2\0445\X0\2400',
  '\X2\04410442043E0439043A0430\X0\_\X2\0449043804420430\X0\_25\X2\0445\X0\50\X2\0445\X0\2400','',(#1431
    ));
#1431 = PRODUCT_CONTEXT('',#2,'mechanical');
#1432 = PRODUCT_DEFINITION_CONTEXT('part definition',#2,'design');
#1433 = ADVANCED_BREP_SHAPE_REPRESENTATION('',(#11,#1434),#2688);
#1434 = MANIFOLD_SOLID_BREP('',#1435);
#1435 = CLOSED_SHELL('',(#1436,#1897,#1973,#2022,#2071,#2098,#2148,#2198
    ,#2248,#2298,#2348,#2398,#2448,#2498,#2548,#2598,#2648));
#1436 = ADVANCED_FACE('',(#1437,#1556,#1587,#1618,#1649,#1680,#1711,
    #1742,#1773,#1804,#1835,#1866),#1451,.F.);
#1437 = FACE_BOUND('',#1438,.F.);
#1438 = EDGE_LOOP('',(#1439,#1474,#1502,#1530));
#1439 = ORIENTED_EDGE('',*,*,#1440,.F.);
#1440 = EDGE_CURVE('',#1441,#1443,#1445,.T.);
#1441 = VERTEX_POINT('',#1442);
#1442 = CARTESIAN_POINT('',(972.,0.,0.));
#1443 = VERTEX_POINT('',#1444);
#1444 = CARTESIAN_POINT('',(972.,0.,2.4E+03));
#1445 = SURFACE_CURVE('',#1446,(#1450,#1462),.PCURVE_S1.);
#1446 = LINE('',#1447,#1448);
#1447 = CARTESIAN_POINT('',(972.,0.,0.));
#1448 = VECTOR('',#1449,1.);
#1449 = DIRECTION('',(0.,0.,1.));
#1450 = PCURVE('',#1451,#1456);
#1451 = PLANE('',#1452);
#1452 = AXIS2_PLACEMENT_3D('',#1453,#1454,#1455);
#1453 = CARTESIAN_POINT('',(972.,0.,0.));
#1454 = DIRECTION('',(1.,0.,-0.));
#1455 = DIRECTION('',(0.,0.,1.));
#1456 = DEFINITIONAL_REPRESENTATION('',(#1457),#1461);
#1457 = LINE('',#1458,#1459);
#1458 = CARTESIAN_POINT('',(0.,0.));
#1459 = VECTOR('',#1460,1.);
#1460 = DIRECTION('',(1.,0.));
#1461 = ( GEOMETRIC_REPRESENTATION_CONTEXT(2) 
PARAMETRIC_REPRESENTATION_CONTEXT() REPRESENTATION_CONTEXT('2D SPACE',''
  ) );
#1462 = PCURVE('',#1463,#1468);
#1463 = PLANE('',#1464);
#1464 = AXIS2_PLACEMENT_3D('',#1465,#1466,#1467);
#1465 = CARTESIAN_POINT('',(972.,0.,0.));
#1466 = DIRECTION('',(-0.,1.,0.));
#1467 = DIRECTION('',(0.,0.,1.));
#1468 = DEFINITIONAL_REPRESENTATION('',(#1469),#1473);
#1469 = LINE('',#1470,#1471);
#1470 = CARTESIAN_POINT('',(0.,0.));
#1471 = VECTOR('',#1472,1.);
#1472 = DIRECTION('',(1.,0.));
#1473 = ( GEOMETRIC_REPRESENTATION_CONTEXT(2) 
PARAMETRIC_REPRESENTATION_CONTEXT() REPRESENTATION_CONTEXT('2D SPACE',''
  ) );
#1474 = ORIENTED_EDGE('',*,*,#1475,.T.);
#1475 = EDGE_CURVE('',#1441,#1476,#1478,.T.);
#1476 = VERTEX_POINT('',#1477);
#1477 = CARTESIAN_POINT('',(972.,50.,0.));
#1478 = SURFACE_CURVE('',#1479,(#1483,#1490),.PCURVE_S1.);
#1479 = LINE('',#1480,#1481);
#1480 = CARTESIAN_POINT('',(972.,0.,0.));
#1481 = VECTOR('',#1482,1.);
#1482 = DIRECTION('',(-0.,1.,0.));
#1483 = PCURVE('',#1451,#1484);
#1484 = DEFINITIONAL_REPRESENTATION('',(#1485),#1489);
#1485 = LINE('',#1486,#1487);
#1486 = CARTESIAN_POINT('',(0.,0.));
#1487 = VECTOR('',#1488,1.);
#1488 = DIRECTION('',(0.,-1.));
#1489 = ( GEOMETRIC_REPRESENTATION_CONTEXT(2) 
PARAMETRIC_REPRESENTATION_CONTEXT() REPRESENTATION_CONTEXT('2D SPACE',''
  ) );
#1490 = PCURVE('',#1491,#1496);
#1491 = PLANE('',#1492);
#1492 = AXIS2_PLACEMENT_3D('',#1493,#1494,#1495);
#1493 = CARTESIAN_POINT('',(972.,0.,0.));
#1494 = DIRECTION('',(0.,0.,1.));
#1495 = DIRECTION('',(1.,0.,-0.));
#1496 = DEFINITIONAL_REPRESENTATION('',(#1497),#1501);
#1497 = LINE('',#1498,#1499);
#1498 = CARTESIAN_POINT('',(0.,0.));
#1499 = VECTOR('',#1500,1.);
#1500 = DIRECTION('',(0.,1.));
#1501 = ( GEOMETRIC_REPRESENTATION_CONTEXT(2) 
PARAMETRIC_REPRESENTATION_CONTEXT() REPRESENTATION_CONTEXT('2D SPACE',''
  ) );
#1502 = ORIENTED_EDGE('',*,*,#1503,.T.);
#1503 = EDGE_CURVE('',#1476,#1504,#1506,.T.);
#1504 = VERTEX_POINT('',#1505);
#1505 = CARTESIAN_POINT('',(972.,50.,2.4E+03));
#1506 = SURFACE_CURVE('',#1507,(#1511,#1518),.PCURVE_S1.);
#1507 = LINE('',#1508,#1509);
#1508 = CARTESIAN_POINT('',(972.,50.,0.));
#1509 = VECTOR('',#1510,1.);
#1510 = DIRECTION('',(0.,0.,1.));
#1511 = PCURVE('',#1451,#1512);
#1512 = DEFINITIONAL_REPRESENTATION('',(#1513),#1517);
#1513 = LINE('',#1514,#1515);
#1514 = CARTESIAN_POINT('',(0.,-50.));
#1515 = VECTOR('',#1516,1.);
#1516 = DIRECTION('',(1.,0.));
#1517 = ( GEOMETRIC_REPRESENTATION_CONTEXT(2) 
PARAMETRIC_REPRESENTATION_CONTEXT() REPRESENTATION_CONTEXT('2D SPACE',''
  ) );
#1518 = PCURVE('',#1519,#1524);
#1519 = PLANE('',#1520);
#1520 = AXIS2_PLACEMENT_3D('',#1521,#1522,#1523);
#1521 = CARTESIAN_POINT('',(972.,50.,0.));
#1522 = DIRECTION('',(-0.,1.,0.));
#1523 = DIRECTION('',(0.,0.,1.));
#1524 = DEFINITIONAL_REPRESENTATION('',(#1525),#1529);
#1525 = LINE('',#1526,#1527);
#1526 = CARTESIAN_POINT('',(0.,0.));
#1527 = VECTOR('',#1528,1.);
#1528 = DIRECTION('',(1.,0.));
#1529 = ( GEOMETRIC_REPRESENTATION_CONTEXT(2) 
PARAMETRIC_REPRESENTATION_CONTEXT() REPRESENTATION_CONTEXT('2D SPACE',''
  ) );
#1530 = ORIENTED_EDGE('',*,*,#1531,.F.);
#1531 = EDGE_CURVE('',#1443,#1504,#1532,.T.);
#1532 = SURFACE_CURVE('',#1533,(#1537,#1544),.PCURVE_S1.);
#1533 = LINE('',#1534,#1535);
#1534 = CARTESIAN_POINT('',(972.,0.,2.4E+03));
#1535 = VECTOR('',#1536,1.);
#1536 = DIRECTION('',(-0.,1.,0.));
#1537 = PCURVE('',#1451,#1538);
#1538 = DEFINITIONAL_REPRESENTATION('',(#1539),#1543);
#1539 = LINE('',#1540,#1541);
#1540 = CARTESIAN_POINT('',(2.4E+03,0.));
#1541 = VECTOR('',#1542,1.);
#1542 = DIRECTION('',(0.,-1.));
#1543 = ( GEOMETRIC_REPRESENTATION_CONTEXT(2) 
PARAMETRIC_REPRESENTATION_CONTEXT() REPRESENTATION_CONTEXT('2D SPACE',''
  ) );
#1544 = PCURVE('',#1545,#1550);
#1545 = PLANE('',#1546);
#1546 = AXIS2_PLACEMENT_3D('',#1547,#1548,#1549);
#1547 = CARTESIAN_POINT('',(972.,0.,2.4E+03));
#1548 = DIRECTION('',(0.,0.,1.));
#1549 = DIRECTION('',(1.,0.,-0.));
#1550 = DEFINITIONAL_REPRESENTATION('',(#1551),#1555);
#1551 = LINE('',#1552,#1553);
#1552 = CARTESIAN_POINT('',(0.,0.));
#1553 = VECTOR('',#1554,1.);
#1554 = DIRECTION('',(0.,1.));
#1555 = ( GEOMETRIC_REPRESENTATION_CONTEXT(2) 
PARAMETRIC_REPRESENTATION_CONTEXT() REPRESENTATION_CONTEXT('2D SPACE',''
  ) );
#1556 = FACE_BOUND('',#1557,.F.);
#1557 = EDGE_LOOP('',(#1558));
#1558 = ORIENTED_EDGE('',*,*,#1559,.F.);
#1559 = EDGE_CURVE('',#1560,#1560,#1562,.T.);
#1560 = VERTEX_POINT('',#1561);
#1561 = CARTESIAN_POINT('',(972.,25.,294.5));
#1562 = SURFACE_CURVE('',#1563,(#1568,#1575),.PCURVE_S1.);
#1563 = CIRCLE('',#1564,5.5);
#1564 = AXIS2_PLACEMENT_3D('',#1565,#1566,#1567);
#1565 = CARTESIAN_POINT('',(972.,25.,300.));
#1566 = DIRECTION('',(1.,0.,1.110223024625E-16));
#1567 = DIRECTION('',(1.110223024625E-16,0.,-1.));
#1568 = PCURVE('',#1451,#1569);
#1569 = DEFINITIONAL_REPRESENTATION('',(#1570),#1574);
#1570 = CIRCLE('',#1571,5.5);
#1571 = AXIS2_PLACEMENT_2D('',#1572,#1573);
#1572 = CARTESIAN_POINT('',(300.,-25.));
#1573 = DIRECTION('',(-1.,0.));
#1574 = ( GEOMETRIC_REPRESENTATION_CONTEXT(2) 
PARAMETRIC_REPRESENTATION_CONTEXT() REPRESENTATION_CONTEXT('2D SPACE',''
  ) );
#1575 = PCURVE('',#1576,#1581);
#1576 = CYLINDRICAL_SURFACE('',#1577,5.5);
#1577 = AXIS2_PLACEMENT_3D('',#1578,#1579,#1580);
#1578 = CARTESIAN_POINT('',(971.,25.,300.));
#1579 = DIRECTION('',(1.,0.,1.110223024625E-16));
#1580 = DIRECTION('',(1.110223024625E-16,0.,-1.));
#1581 = DEFINITIONAL_REPRESENTATION('',(#1582),#1586);
#1582 = LINE('',#1583,#1584);
#1583 = CARTESIAN_POINT('',(0.,1.));
#1584 = VECTOR('',#1585,1.);
#1585 = DIRECTION('',(1.,0.));
#1586 = ( GEOMETRIC_REPRESENTATION_CONTEXT(2) 
PARAMETRIC_REPRESENTATION_CONTEXT() REPRESENTATION_CONTEXT('2D SPACE',''
  ) );
#1587 = FACE_BOUND('',#1588,.F.);
#1588 = EDGE_LOOP('',(#1589));
#1589 = ORIENTED_EDGE('',*,*,#1590,.F.);
#1590 = EDGE_CURVE('',#1591,#1591,#1593,.T.);
#1591 = VERTEX_POINT('',#1592);
#1592 = CARTESIAN_POINT('',(972.,25.,394.5));
#1593 = SURFACE_CURVE('',#1594,(#1599,#1606),.PCURVE_S1.);
#1594 = CIRCLE('',#1595,5.5);
#1595 = AXIS2_PLACEMENT_3D('',#1596,#1597,#1598);
#1596 = CARTESIAN_POINT('',(972.,25.,400.));
#1597 = DIRECTION('',(1.,0.,1.110223024625E-16));
#1598 = DIRECTION('',(1.110223024625E-16,0.,-1.));
#1599 = PCURVE('',#1451,#1600);
#1600 = DEFINITIONAL_REPRESENTATION('',(#1601),#1605);
#1601 = CIRCLE('',#1602,5.5);
#1602 = AXIS2_PLACEMENT_2D('',#1603,#1604);
#1603 = CARTESIAN_POINT('',(400.,-25.));
#1604 = DIRECTION('',(-1.,0.));
#1605 = ( GEOMETRIC_REPRESENTATION_CONTEXT(2) 
PARAMETRIC_REPRESENTATION_CONTEXT() REPRESENTATION_CONTEXT('2D SPACE',''
  ) );
#1606 = PCURVE('',#1607,#1612);
#1607 = CYLINDRICAL_SURFACE('',#1608,5.5);
#1608 = AXIS2_PLACEMENT_3D('',#1609,#1610,#1611);
#1609 = CARTESIAN_POINT('',(971.,25.,400.));
#1610 = DIRECTION('',(1.,0.,1.110223024625E-16));
#1611 = DIRECTION('',(1.110223024625E-16,0.,-1.));
#1612 = DEFINITIONAL_REPRESENTATION('',(#1613),#1617);
#1613 = LINE('',#1614,#1615);
#1614 = CARTESIAN_POINT('',(0.,1.));
#1615 = VECTOR('',#1616,1.);
#1616 = DIRECTION('',(1.,0.));
#1617 = ( GEOMETRIC_REPRESENTATION_CONTEXT(2) 
PARAMETRIC_REPRESENTATION_CONTEXT() REPRESENTATION_CONTEXT('2D SPACE',''
  ) );
#1618 = FACE_BOUND('',#1619,.F.);
#1619 = EDGE_LOOP('',(#1620));
#1620 = ORIENTED_EDGE('',*,*,#1621,.F.);
#1621 = EDGE_CURVE('',#1622,#1622,#1624,.T.);
#1622 = VERTEX_POINT('',#1623);
#1623 = CARTESIAN_POINT('',(972.,25.,494.5));
#1624 = SURFACE_CURVE('',#1625,(#1630,#1637),.PCURVE_S1.);
#1625 = CIRCLE('',#1626,5.5);
#1626 = AXIS2_PLACEMENT_3D('',#1627,#1628,#1629);
#1627 = CARTESIAN_POINT('',(972.,25.,500.));
#1628 = DIRECTION('',(1.,0.,1.110223024625E-16));
#1629 = DIRECTION('',(1.110223024625E-16,0.,-1.));
#1630 = PCURVE('',#1451,#1631);
#1631 = DEFINITIONAL_REPRESENTATION('',(#1632),#1636);
#1632 = CIRCLE('',#1633,5.5);
#1633 = AXIS2_PLACEMENT_2D('',#1634,#1635);
#1634 = CARTESIAN_POINT('',(500.,-25.));
#1635 = DIRECTION('',(-1.,0.));
#1636 = ( GEOMETRIC_REPRESENTATION_CONTEXT(2) 
PARAMETRIC_REPRESENTATION_CONTEXT() REPRESENTATION_CONTEXT('2D SPACE',''
  ) );
#1637 = PCURVE('',#1638,#1643);
#1638 = CYLINDRICAL_SURFACE('',#1639,5.5);
#1639 = AXIS2_PLACEMENT_3D('',#1640,#1641,#1642);
#1640 = CARTESIAN_POINT('',(971.,25.,500.));
#1641 = DIRECTION('',(1.,0.,1.110223024625E-16));
#1642 = DIRECTION('',(1.110223024625E-16,0.,-1.));
#1643 = DEFINITIONAL_REPRESENTATION('',(#1644),#1648);
#1644 = LINE('',#1645,#1646);
#1645 = CARTESIAN_POINT('',(0.,1.));
#1646 = VECTOR('',#1647,1.);
#1647 = DIRECTION('',(1.,0.));
#1648 = ( GEOMETRIC_REPRESENTATION_CONTEXT(2) 
PARAMETRIC_REPRESENTATION_CONTEXT() REPRESENTATION_CONTEXT('2D SPACE',''
  ) );
#1649 = FACE_BOUND('',#1650,.F.);
#1650 = EDGE_LOOP('',(#1651));
#1651 = ORIENTED_EDGE('',*,*,#1652,.F.);
#1652 = EDGE_CURVE('',#1653,#1653,#1655,.T.);
#1653 = VERTEX_POINT('',#1654);
#1654 = CARTESIAN_POINT('',(972.,25.,594.5));
#1655 = SURFACE_CURVE('',#1656,(#1661,#1668),.PCURVE_S1.);
#1656 = CIRCLE('',#1657,5.5);
#1657 = AXIS2_PLACEMENT_3D('',#1658,#1659,#1660);
#1658 = CARTESIAN_POINT('',(972.,25.,600.));
#1659 = DIRECTION('',(1.,0.,1.110223024625E-16));
#1660 = DIRECTION('',(1.110223024625E-16,0.,-1.));
#1661 = PCURVE('',#1451,#1662);
#1662 = DEFINITIONAL_REPRESENTATION('',(#1663),#1667);
#1663 = CIRCLE('',#1664,5.5);
#1664 = AXIS2_PLACEMENT_2D('',#1665,#1666);
#1665 = CARTESIAN_POINT('',(600.,-25.));
#1666 = DIRECTION('',(-1.,0.));
#1667 = ( GEOMETRIC_REPRESENTATION_CONTEXT(2) 
PARAMETRIC_REPRESENTATION_CONTEXT() REPRESENTATION_CONTEXT('2D SPACE',''
  ) );
#1668 = PCURVE('',#1669,#1674);
#1669 = CYLINDRICAL_SURFACE('',#1670,5.5);
#1670 = AXIS2_PLACEMENT_3D('',#1671,#1672,#1673);
#1671 = CARTESIAN_POINT('',(971.,25.,600.));
#1672 = DIRECTION('',(1.,0.,1.110223024625E-16));
#1673 = DIRECTION('',(1.110223024625E-16,0.,-1.));
#1674 = DEFINITIONAL_REPRESENTATION('',(#1675),#1679);
#1675 = LINE('',#1676,#1677);
#1676 = CARTESIAN_POINT('',(0.,1.));
#1677 = VECTOR('',#1678,1.);
#1678 = DIRECTION('',(1.,0.));
#1679 = ( GEOMETRIC_REPRESENTATION_CONTEXT(2) 
PARAMETRIC_REPRESENTATION_CONTEXT() REPRESENTATION_CONTEXT('2D SPACE',''
  ) );
#1680 = FACE_BOUND('',#1681,.F.);
#1681 = EDGE_LOOP('',(#1682));
#1682 = ORIENTED_EDGE('',*,*,#1683,.F.);
#1683 = EDGE_CURVE('',#1684,#1684,#1686,.T.);
#1684 = VERTEX_POINT('',#1685);
#1685 = CARTESIAN_POINT('',(972.,25.,694.5));
#1686 = SURFACE_CURVE('',#1687,(#1692,#1699),.PCURVE_S1.);
#1687 = CIRCLE('',#1688,5.5);
#1688 = AXIS2_PLACEMENT_3D('',#1689,#1690,#1691);
#1689 = CARTESIAN_POINT('',(972.,25.,700.));
#1690 = DIRECTION('',(1.,0.,1.110223024625E-16));
#1691 = DIRECTION('',(1.110223024625E-16,0.,-1.));
#1692 = PCURVE('',#1451,#1693);
#1693 = DEFINITIONAL_REPRESENTATION('',(#1694),#1698);
#1694 = CIRCLE('',#1695,5.5);
#1695 = AXIS2_PLACEMENT_2D('',#1696,#1697);
#1696 = CARTESIAN_POINT('',(700.,-25.));
#1697 = DIRECTION('',(-1.,0.));
#1698 = ( GEOMETRIC_REPRESENTATION_CONTEXT(2) 
PARAMETRIC_REPRESENTATION_CONTEXT() REPRESENTATION_CONTEXT('2D SPACE',''
  ) );
#1699 = PCURVE('',#1700,#1705);
#1700 = CYLINDRICAL_SURFACE('',#1701,5.5);
#1701 = AXIS2_PLACEMENT_3D('',#1702,#1703,#1704);
#1702 = CARTESIAN_POINT('',(971.,25.,700.));
#1703 = DIRECTION('',(1.,0.,1.110223024625E-16));
#1704 = DIRECTION('',(1.110223024625E-16,0.,-1.));
#1705 = DEFINITIONAL_REPRESENTATION('',(#1706),#1710);
#1706 = LINE('',#1707,#1708);
#1707 = CARTESIAN_POINT('',(0.,1.));
#1708 = VECTOR('',#1709,1.);
#1709 = DIRECTION('',(1.,0.));
#1710 = ( GEOMETRIC_REPRESENTATION_CONTEXT(2) 
PARAMETRIC_REPRESENTATION_CONTEXT() REPRESENTATION_CONTEXT('2D SPACE',''
  ) );
#1711 = FACE_BOUND('',#1712,.F.);
#1712 = EDGE_LOOP('',(#1713));
#1713 = ORIENTED_EDGE('',*,*,#1714,.F.);
#1714 = EDGE_CURVE('',#1715,#1715,#1717,.T.);
#1715 = VERTEX_POINT('',#1716);
#1716 = CARTESIAN_POINT('',(972.,25.,994.5));
#1717 = SURFACE_CURVE('',#1718,(#1723,#1730),.PCURVE_S1.);
#1718 = CIRCLE('',#1719,5.5);
#1719 = AXIS2_PLACEMENT_3D('',#1720,#1721,#1722);
#1720 = CARTESIAN_POINT('',(972.,25.,1.E+03));
#1721 = DIRECTION('',(1.,0.,1.110223024625E-16));
#1722 = DIRECTION('',(1.110223024625E-16,0.,-1.));
#1723 = PCURVE('',#1451,#1724);
#1724 = DEFINITIONAL_REPRESENTATION('',(#1725),#1729);
#1725 = CIRCLE('',#1726,5.5);
#1726 = AXIS2_PLACEMENT_2D('',#1727,#1728);
#1727 = CARTESIAN_POINT('',(1.E+03,-25.));
#1728 = DIRECTION('',(-1.,0.));
#1729 = ( GEOMETRIC_REPRESENTATION_CONTEXT(2) 
PARAMETRIC_REPRESENTATION_CONTEXT() REPRESENTATION_CONTEXT('2D SPACE',''
  ) );
#1730 = PCURVE('',#1731,#1736);
#1731 = CYLINDRICAL_SURFACE('',#1732,5.5);
#1732 = AXIS2_PLACEMENT_3D('',#1733,#1734,#1735);
#1733 = CARTESIAN_POINT('',(971.,25.,1.E+03));
#1734 = DIRECTION('',(1.,0.,1.110223024625E-16));
#1735 = DIRECTION('',(1.110223024625E-16,0.,-1.));
#1736 = DEFINITIONAL_REPRESENTATION('',(#1737),#1741);
#1737 = LINE('',#1738,#1739);
#1738 = CARTESIAN_POINT('',(0.,1.));
#1739 = VECTOR('',#1740,1.);
#1740 = DIRECTION('',(1.,0.));
#1741 = ( GEOMETRIC_REPRESENTATION_CONTEXT(2) 
PARAMETRIC_REPRESENTATION_CONTEXT() REPRESENTATION_CONTEXT('2D SPACE',''
  ) );
#1742 = FACE_BOUND('',#1743,.F.);
#1743 = EDGE_LOOP('',(#1744));
#1744 = ORIENTED_EDGE('',*,*,#1745,.F.);
#1745 = EDGE_CURVE('',#1746,#1746,#1748,.T.);
#1746 = VERTEX_POINT('',#1747);
#1747 = CARTESIAN_POINT('',(972.,25.,1.1945E+03));
#1748 = SURFACE_CURVE('',#1749,(#1754,#1761),.PCURVE_S1.);
#1749 = CIRCLE('',#1750,5.5);
#1750 = AXIS2_PLACEMENT_3D('',#1751,#1752,#1753);
#1751 = CARTESIAN_POINT('',(972.,25.,1.2E+03));
#1752 = DIRECTION('',(1.,0.,1.110223024625E-16));
#1753 = DIRECTION('',(1.110223024625E-16,0.,-1.));
#1754 = PCURVE('',#1451,#1755);
#1755 = DEFINITIONAL_REPRESENTATION('',(#1756),#1760);
#1756 = CIRCLE('',#1757,5.5);
#1757 = AXIS2_PLACEMENT_2D('',#1758,#1759);
#1758 = CARTESIAN_POINT('',(1.2E+03,-25.));
#1759 = DIRECTION('',(-1.,0.));
#1760 = ( GEOMETRIC_REPRESENTATION_CONTEXT(2) 
PARAMETRIC_REPRESENTATION_CONTEXT() REPRESENTATION_CONTEXT('2D SPACE',''
  ) );
#1761 = PCURVE('',#1762,#1767);
#1762 = CYLINDRICAL_SURFACE('',#1763,5.5);
#1763 = AXIS2_PLACEMENT_3D('',#1764,#1765,#1766);
#1764 = CARTESIAN_POINT('',(971.,25.,1.2E+03));
#1765 = DIRECTION('',(1.,0.,1.110223024625E-16));
#1766 = DIRECTION('',(1.110223024625E-16,0.,-1.));
#1767 = DEFINITIONAL_REPRESENTATION('',(#1768),#1772);
#1768 = LINE('',#1769,#1770);
#1769 = CARTESIAN_POINT('',(0.,1.));
#1770 = VECTOR('',#1771,1.);
#1771 = DIRECTION('',(1.,0.));
#1772 = ( GEOMETRIC_REPRESENTATION_CONTEXT(2) 
PARAMETRIC_REPRESENTATION_CONTEXT() REPRESENTATION_CONTEXT('2D SPACE',''
  ) );
#1773 = FACE_BOUND('',#1774,.F.);
#1774 = EDGE_LOOP('',(#1775));
#1775 = ORIENTED_EDGE('',*,*,#1776,.F.);
#1776 = EDGE_CURVE('',#1777,#1777,#1779,.T.);
#1777 = VERTEX_POINT('',#1778);
#1778 = CARTESIAN_POINT('',(972.,25.,1.2945E+03));
#1779 = SURFACE_CURVE('',#1780,(#1785,#1792),.PCURVE_S1.);
#1780 = CIRCLE('',#1781,5.5);
#1781 = AXIS2_PLACEMENT_3D('',#1782,#1783,#1784);
#1782 = CARTESIAN_POINT('',(972.,25.,1.3E+03));
#1783 = DIRECTION('',(1.,0.,1.110223024625E-16));
#1784 = DIRECTION('',(1.110223024625E-16,0.,-1.));
#1785 = PCURVE('',#1451,#1786);
#1786 = DEFINITIONAL_REPRESENTATION('',(#1787),#1791);
#1787 = CIRCLE('',#1788,5.5);
#1788 = AXIS2_PLACEMENT_2D('',#1789,#1790);
#1789 = CARTESIAN_POINT('',(1.3E+03,-25.));
#1790 = DIRECTION('',(-1.,0.));
#1791 = ( GEOMETRIC_REPRESENTATION_CONTEXT(2) 
PARAMETRIC_REPRESENTATION_CONTEXT() REPRESENTATION_CONTEXT('2D SPACE',''
  ) );
#1792 = PCURVE('',#1793,#1798);
#1793 = CYLINDRICAL_SURFACE('',#1794,5.5);
#1794 = AXIS2_PLACEMENT_3D('',#1795,#1796,#1797);
#1795 = CARTESIAN_POINT('',(971.,25.,1.3E+03));
#1796 = DIRECTION('',(1.,0.,1.110223024625E-16));
#1797 = DIRECTION('',(1.110223024625E-16,0.,-1.));
#1798 = DEFINITIONAL_REPRESENTATION('',(#1799),#1803);
#1799 = LINE('',#1800,#1801);
#1800 = CARTESIAN_POINT('',(0.,1.));
#1801 = VECTOR('',#1802,1.);
#1802 = DIRECTION('',(1.,0.));
#1803 = ( GEOMETRIC_REPRESENTATION_CONTEXT(2) 
PARAMETRIC_REPRESENTATION_CONTEXT() REPRESENTATION_CONTEXT('2D SPACE',''
  ) );
#1804 = FACE_BOUND('',#1805,.F.);
#1805 = EDGE_LOOP('',(#1806));
#1806 = ORIENTED_EDGE('',*,*,#1807,.F.);
#1807 = EDGE_CURVE('',#1808,#1808,#1810,.T.);
#1808 = VERTEX_POINT('',#1809);
#1809 = CARTESIAN_POINT('',(972.,25.,1.6945E+03));
#1810 = SURFACE_CURVE('',#1811,(#1816,#1823),.PCURVE_S1.);
#1811 = CIRCLE('',#1812,5.5);
#1812 = AXIS2_PLACEMENT_3D('',#1813,#1814,#1815);
#1813 = CARTESIAN_POINT('',(972.,25.,1.7E+03));
#1814 = DIRECTION('',(1.,0.,1.110223024625E-16));
#1815 = DIRECTION('',(1.110223024625E-16,0.,-1.));
#1816 = PCURVE('',#1451,#1817);
#1817 = DEFINITIONAL_REPRESENTATION('',(#1818),#1822);
#1818 = CIRCLE('',#1819,5.5);
#1819 = AXIS2_PLACEMENT_2D('',#1820,#1821);
#1820 = CARTESIAN_POINT('',(1.7E+03,-25.));
#1821 = DIRECTION('',(-1.,0.));
#1822 = ( GEOMETRIC_REPRESENTATION_CONTEXT(2) 
PARAMETRIC_REPRESENTATION_CONTEXT() REPRESENTATION_CONTEXT('2D SPACE',''
  ) );
#1823 = PCURVE('',#1824,#1829);
#1824 = CYLINDRICAL_SURFACE('',#1825,5.5);
#1825 = AXIS2_PLACEMENT_3D('',#1826,#1827,#1828);
#1826 = CARTESIAN_POINT('',(971.,25.,1.7E+03));
#1827 = DIRECTION('',(1.,0.,1.110223024625E-16));
#1828 = DIRECTION('',(1.110223024625E-16,0.,-1.));
#1829 = DEFINITIONAL_REPRESENTATION('',(#1830),#1834);
#1830 = LINE('',#1831,#1832);
#1831 = CARTESIAN_POINT('',(0.,1.));
#1832 = VECTOR('',#1833,1.);
#1833 = DIRECTION('',(1.,0.));
#1834 = ( GEOMETRIC_REPRESENTATION_CONTEXT(2) 
PARAMETRIC_REPRESENTATION_CONTEXT() REPRESENTATION_CONTEXT('2D SPACE',''
  ) );
#1835 = FACE_BOUND('',#1836,.F.);
#1836 = EDGE_LOOP('',(#1837));
#1837 = ORIENTED_EDGE('',*,*,#1838,.F.);
#1838 = EDGE_CURVE('',#1839,#1839,#1841,.T.);
#1839 = VERTEX_POINT('',#1840);
#1840 = CARTESIAN_POINT('',(972.,25.,1.7945E+03));
#1841 = SURFACE_CURVE('',#1842,(#1847,#1854),.PCURVE_S1.);
#1842 = CIRCLE('',#1843,5.5);
#1843 = AXIS2_PLACEMENT_3D('',#1844,#1845,#1846);
#1844 = CARTESIAN_POINT('',(972.,25.,1.8E+03));
#1845 = DIRECTION('',(1.,0.,1.110223024625E-16));
#1846 = DIRECTION('',(1.110223024625E-16,0.,-1.));
#1847 = PCURVE('',#1451,#1848);
#1848 = DEFINITIONAL_REPRESENTATION('',(#1849),#1853);
#1849 = CIRCLE('',#1850,5.5);
#1850 = AXIS2_PLACEMENT_2D('',#1851,#1852);
#1851 = CARTESIAN_POINT('',(1.8E+03,-25.));
#1852 = DIRECTION('',(-1.,0.));
#1853 = ( GEOMETRIC_REPRESENTATION_CONTEXT(2) 
PARAMETRIC_REPRESENTATION_CONTEXT() REPRESENTATION_CONTEXT('2D SPACE',''
  ) );
#1854 = PCURVE('',#1855,#1860);
#1855 = CYLINDRICAL_SURFACE('',#1856,5.5);
#1856 = AXIS2_PLACEMENT_3D('',#1857,#1858,#1859);
#1857 = CARTESIAN_POINT('',(971.,25.,1.8E+03));
#1858 = DIRECTION('',(1.,0.,1.110223024625E-16));
#1859 = DIRECTION('',(1.110223024625E-16,0.,-1.));
#1860 = DEFINITIONAL_REPRESENTATION('',(#1861),#1865);
#1861 = LINE('',#1862,#1863);
#1862 = CARTESIAN_POINT('',(0.,1.));
#1863 = VECTOR('',#1864,1.);
#1864 = DIRECTION('',(1.,0.));
#1865 = ( GEOMETRIC_REPRESENTATION_CONTEXT(2) 
PARAMETRIC_REPRESENTATION_CONTEXT() REPRESENTATION_CONTEXT('2D SPACE',''
  ) );
#1866 = FACE_BOUND('',#1867,.F.);
#1867 = EDGE_LOOP('',(#1868));
#1868 = ORIENTED_EDGE('',*,*,#1869,.F.);
#1869 = EDGE_CURVE('',#1870,#1870,#1872,.T.);
#1870 = VERTEX_POINT('',#1871);
#1871 = CARTESIAN_POINT('',(972.,25.,1.8945E+03));
#1872 = SURFACE_CURVE('',#1873,(#1878,#1885),.PCURVE_S1.);
#1873 = CIRCLE('',#1874,5.5);
#1874 = AXIS2_PLACEMENT_3D('',#1875,#1876,#1877);
#1875 = CARTESIAN_POINT('',(972.,25.,1.9E+03));
#1876 = DIRECTION('',(1.,0.,1.110223024625E-16));
#1877 = DIRECTION('',(1.110223024625E-16,0.,-1.));
#1878 = PCURVE('',#1451,#1879);
#1879 = DEFINITIONAL_REPRESENTATION('',(#1880),#1884);
#1880 = CIRCLE('',#1881,5.5);
#1881 = AXIS2_PLACEMENT_2D('',#1882,#1883);
#1882 = CARTESIAN_POINT('',(1.9E+03,-25.));
#1883 = DIRECTION('',(-1.,0.));
#1884 = ( GEOMETRIC_REPRESENTATION_CONTEXT(2) 
PARAMETRIC_REPRESENTATION_CONTEXT() REPRESENTATION_CONTEXT('2D SPACE',''
  ) );
#1885 = PCURVE('',#1886,#1891);
#1886 = CYLINDRICAL_SURFACE('',#1887,5.5);
#1887 = AXIS2_PLACEMENT_3D('',#1888,#1889,#1890);
#1888 = CARTESIAN_POINT('',(971.,25.,1.9E+03));
#1889 = DIRECTION('',(1.,0.,1.110223024625E-16));
#1890 = DIRECTION('',(1.110223024625E-16,0.,-1.));
#1891 = DEFINITIONAL_REPRESENTATION('',(#1892),#1896);
#1892 = LINE('',#1893,#1894);
#1893 = CARTESIAN_POINT('',(0.,1.));
#1894 = VECTOR('',#1895,1.);
#1895 = DIRECTION('',(1.,0.));
#1896 = ( GEOMETRIC_REPRESENTATION_CONTEXT(2) 
PARAMETRIC_REPRESENTATION_CONTEXT() REPRESENTATION_CONTEXT('2D SPACE',''
  ) );
#1897 = ADVANCED_FACE('',(#1898),#1463,.F.);
#1898 = FACE_BOUND('',#1899,.F.);
#1899 = EDGE_LOOP('',(#1900,#1923,#1924,#1947));
#1900 = ORIENTED_EDGE('',*,*,#1901,.F.);
#1901 = EDGE_CURVE('',#1441,#1902,#1904,.T.);
#1902 = VERTEX_POINT('',#1903);
#1903 = CARTESIAN_POINT('',(997.,0.,0.));
#1904 = SURFACE_CURVE('',#1905,(#1909,#1916),.PCURVE_S1.);
#1905 = LINE('',#1906,#1907);
#1906 = CARTESIAN_POINT('',(972.,0.,0.));
#1907 = VECTOR('',#1908,1.);
#1908 = DIRECTION('',(1.,0.,-0.));
#1909 = PCURVE('',#1463,#1910);
#1910 = DEFINITIONAL_REPRESENTATION('',(#1911),#1915);
#1911 = LINE('',#1912,#1913);
#1912 = CARTESIAN_POINT('',(0.,0.));
#1913 = VECTOR('',#1914,1.);
#1914 = DIRECTION('',(0.,1.));
#1915 = ( GEOMETRIC_REPRESENTATION_CONTEXT(2) 
PARAMETRIC_REPRESENTATION_CONTEXT() REPRESENTATION_CONTEXT('2D SPACE',''
  ) );
#1916 = PCURVE('',#1491,#1917);
#1917 = DEFINITIONAL_REPRESENTATION('',(#1918),#1922);
#1918 = LINE('',#1919,#1920);
#1919 = CARTESIAN_POINT('',(0.,0.));
#1920 = VECTOR('',#1921,1.);
#1921 = DIRECTION('',(1.,0.));
#1922 = ( GEOMETRIC_REPRESENTATION_CONTEXT(2) 
PARAMETRIC_REPRESENTATION_CONTEXT() REPRESENTATION_CONTEXT('2D SPACE',''
  ) );
#1923 = ORIENTED_EDGE('',*,*,#1440,.T.);
#1924 = ORIENTED_EDGE('',*,*,#1925,.T.);
#1925 = EDGE_CURVE('',#1443,#1926,#1928,.T.);
#1926 = VERTEX_POINT('',#1927);
#1927 = CARTESIAN_POINT('',(997.,0.,2.4E+03));
#1928 = SURFACE_CURVE('',#1929,(#1933,#1940),.PCURVE_S1.);
#1929 = LINE('',#1930,#1931);
#1930 = CARTESIAN_POINT('',(972.,0.,2.4E+03));
#1931 = VECTOR('',#1932,1.);
#1932 = DIRECTION('',(1.,0.,-0.));
#1933 = PCURVE('',#1463,#1934);
#1934 = DEFINITIONAL_REPRESENTATION('',(#1935),#1939);
#1935 = LINE('',#1936,#1937);
#1936 = CARTESIAN_POINT('',(2.4E+03,0.));
#1937 = VECTOR('',#1938,1.);
#1938 = DIRECTION('',(0.,1.));
#1939 = ( GEOMETRIC_REPRESENTATION_CONTEXT(2) 
PARAMETRIC_REPRESENTATION_CONTEXT() REPRESENTATION_CONTEXT('2D SPACE',''
  ) );
#1940 = PCURVE('',#1545,#1941);
#1941 = DEFINITIONAL_REPRESENTATION('',(#1942),#1946);
#1942 = LINE('',#1943,#1944);
#1943 = CARTESIAN_POINT('',(0.,0.));
#1944 = VECTOR('',#1945,1.);
#1945 = DIRECTION('',(1.,0.));
#1946 = ( GEOMETRIC_REPRESENTATION_CONTEXT(2) 
PARAMETRIC_REPRESENTATION_CONTEXT() REPRESENTATION_CONTEXT('2D SPACE',''
  ) );
#1947 = ORIENTED_EDGE('',*,*,#1948,.F.);
#1948 = EDGE_CURVE('',#1902,#1926,#1949,.T.);
#1949 = SURFACE_CURVE('',#1950,(#1954,#1961),.PCURVE_S1.);
#1950 = LINE('',#1951,#1952);
#1951 = CARTESIAN_POINT('',(997.,0.,0.));
#1952 = VECTOR('',#1953,1.);
#1953 = DIRECTION('',(0.,0.,1.));
#1954 = PCURVE('',#1463,#1955);
#1955 = DEFINITIONAL_REPRESENTATION('',(#1956),#1960);
#1956 = LINE('',#1957,#1958);
#1957 = CARTESIAN_POINT('',(0.,25.));
#1958 = VECTOR('',#1959,1.);
#1959 = DIRECTION('',(1.,0.));
#1960 = ( GEOMETRIC_REPRESENTATION_CONTEXT(2) 
PARAMETRIC_REPRESENTATION_CONTEXT() REPRESENTATION_CONTEXT('2D SPACE',''
  ) );
#1961 = PCURVE('',#1962,#1967);
#1962 = PLANE('',#1963);
#1963 = AXIS2_PLACEMENT_3D('',#1964,#1965,#1966);
#1964 = CARTESIAN_POINT('',(997.,0.,0.));
#1965 = DIRECTION('',(1.,0.,-0.));
#1966 = DIRECTION('',(0.,0.,1.));
#1967 = DEFINITIONAL_REPRESENTATION('',(#1968),#1972);
#1968 = LINE('',#1969,#1970);
#1969 = CARTESIAN_POINT('',(0.,0.));
#1970 = VECTOR('',#1971,1.);
#1971 = DIRECTION('',(1.,0.));
#1972 = ( GEOMETRIC_REPRESENTATION_CONTEXT(2) 
PARAMETRIC_REPRESENTATION_CONTEXT() REPRESENTATION_CONTEXT('2D SPACE',''
  ) );
#1973 = ADVANCED_FACE('',(#1974),#1545,.T.);
#1974 = FACE_BOUND('',#1975,.T.);
#1975 = EDGE_LOOP('',(#1976,#1977,#1978,#2001));
#1976 = ORIENTED_EDGE('',*,*,#1531,.F.);
#1977 = ORIENTED_EDGE('',*,*,#1925,.T.);
#1978 = ORIENTED_EDGE('',*,*,#1979,.T.);
#1979 = EDGE_CURVE('',#1926,#1980,#1982,.T.);
#1980 = VERTEX_POINT('',#1981);
#1981 = CARTESIAN_POINT('',(997.,50.,2.4E+03));
#1982 = SURFACE_CURVE('',#1983,(#1987,#1994),.PCURVE_S1.);
#1983 = LINE('',#1984,#1985);
#1984 = CARTESIAN_POINT('',(997.,0.,2.4E+03));
#1985 = VECTOR('',#1986,1.);
#1986 = DIRECTION('',(-0.,1.,0.));
#1987 = PCURVE('',#1545,#1988);
#1988 = DEFINITIONAL_REPRESENTATION('',(#1989),#1993);
#1989 = LINE('',#1990,#1991);
#1990 = CARTESIAN_POINT('',(25.,0.));
#1991 = VECTOR('',#1992,1.);
#1992 = DIRECTION('',(0.,1.));
#1993 = ( GEOMETRIC_REPRESENTATION_CONTEXT(2) 
PARAMETRIC_REPRESENTATION_CONTEXT() REPRESENTATION_CONTEXT('2D SPACE',''
  ) );
#1994 = PCURVE('',#1962,#1995);
#1995 = DEFINITIONAL_REPRESENTATION('',(#1996),#2000);
#1996 = LINE('',#1997,#1998);
#1997 = CARTESIAN_POINT('',(2.4E+03,0.));
#1998 = VECTOR('',#1999,1.);
#1999 = DIRECTION('',(0.,-1.));
#2000 = ( GEOMETRIC_REPRESENTATION_CONTEXT(2) 
PARAMETRIC_REPRESENTATION_CONTEXT() REPRESENTATION_CONTEXT('2D SPACE',''
  ) );
#2001 = ORIENTED_EDGE('',*,*,#2002,.F.);
#2002 = EDGE_CURVE('',#1504,#1980,#2003,.T.);
#2003 = SURFACE_CURVE('',#2004,(#2008,#2015),.PCURVE_S1.);
#2004 = LINE('',#2005,#2006);
#2005 = CARTESIAN_POINT('',(972.,50.,2.4E+03));
#2006 = VECTOR('',#2007,1.);
#2007 = DIRECTION('',(1.,0.,-0.));
#2008 = PCURVE('',#1545,#2009);
#2009 = DEFINITIONAL_REPRESENTATION('',(#2010),#2014);
#2010 = LINE('',#2011,#2012);
#2011 = CARTESIAN_POINT('',(0.,50.));
#2012 = VECTOR('',#2013,1.);
#2013 = DIRECTION('',(1.,0.));
#2014 = ( GEOMETRIC_REPRESENTATION_CONTEXT(2) 
PARAMETRIC_REPRESENTATION_CONTEXT() REPRESENTATION_CONTEXT('2D SPACE',''
  ) );
#2015 = PCURVE('',#1519,#2016);
#2016 = DEFINITIONAL_REPRESENTATION('',(#2017),#2021);
#2017 = LINE('',#2018,#2019);
#2018 = CARTESIAN_POINT('',(2.4E+03,0.));
#2019 = VECTOR('',#2020,1.);
#2020 = DIRECTION('',(0.,1.));
#2021 = ( GEOMETRIC_REPRESENTATION_CONTEXT(2) 
PARAMETRIC_REPRESENTATION_CONTEXT() REPRESENTATION_CONTEXT('2D SPACE',''
  ) );
#2022 = ADVANCED_FACE('',(#2023),#1491,.F.);
#2023 = FACE_BOUND('',#2024,.F.);
#2024 = EDGE_LOOP('',(#2025,#2026,#2027,#2050));
#2025 = ORIENTED_EDGE('',*,*,#1475,.F.);
#2026 = ORIENTED_EDGE('',*,*,#1901,.T.);
#2027 = ORIENTED_EDGE('',*,*,#2028,.T.);
#2028 = EDGE_CURVE('',#1902,#2029,#2031,.T.);
#2029 = VERTEX_POINT('',#2030);
#2030 = CARTESIAN_POINT('',(997.,50.,0.));
#2031 = SURFACE_CURVE('',#2032,(#2036,#2043),.PCURVE_S1.);
#2032 = LINE('',#2033,#2034);
#2033 = CARTESIAN_POINT('',(997.,0.,0.));
#2034 = VECTOR('',#2035,1.);
#2035 = DIRECTION('',(-0.,1.,0.));
#2036 = PCURVE('',#1491,#2037);
#2037 = DEFINITIONAL_REPRESENTATION('',(#2038),#2042);
#2038 = LINE('',#2039,#2040);
#2039 = CARTESIAN_POINT('',(25.,0.));
#2040 = VECTOR('',#2041,1.);
#2041 = DIRECTION('',(0.,1.));
#2042 = ( GEOMETRIC_REPRESENTATION_CONTEXT(2) 
PARAMETRIC_REPRESENTATION_CONTEXT() REPRESENTATION_CONTEXT('2D SPACE',''
  ) );
#2043 = PCURVE('',#1962,#2044);
#2044 = DEFINITIONAL_REPRESENTATION('',(#2045),#2049);
#2045 = LINE('',#2046,#2047);
#2046 = CARTESIAN_POINT('',(0.,0.));
#2047 = VECTOR('',#2048,1.);
#2048 = DIRECTION('',(0.,-1.));
#2049 = ( GEOMETRIC_REPRESENTATION_CONTEXT(2) 
PARAMETRIC_REPRESENTATION_CONTEXT() REPRESENTATION_CONTEXT('2D SPACE',''
  ) );
#2050 = ORIENTED_EDGE('',*,*,#2051,.F.);
#2051 = EDGE_CURVE('',#1476,#2029,#2052,.T.);
#2052 = SURFACE_CURVE('',#2053,(#2057,#2064),.PCURVE_S1.);
#2053 = LINE('',#2054,#2055);
#2054 = CARTESIAN_POINT('',(972.,50.,0.));
#2055 = VECTOR('',#2056,1.);
#2056 = DIRECTION('',(1.,0.,-0.));
#2057 = PCURVE('',#1491,#2058);
#2058 = DEFINITIONAL_REPRESENTATION('',(#2059),#2063);
#2059 = LINE('',#2060,#2061);
#2060 = CARTESIAN_POINT('',(0.,50.));
#2061 = VECTOR('',#2062,1.);
#2062 = DIRECTION('',(1.,0.));
#2063 = ( GEOMETRIC_REPRESENTATION_CONTEXT(2) 
PARAMETRIC_REPRESENTATION_CONTEXT() REPRESENTATION_CONTEXT('2D SPACE',''
  ) );
#2064 = PCURVE('',#1519,#2065);
#2065 = DEFINITIONAL_REPRESENTATION('',(#2066),#2070);
#2066 = LINE('',#2067,#2068);
#2067 = CARTESIAN_POINT('',(0.,0.));
#2068 = VECTOR('',#2069,1.);
#2069 = DIRECTION('',(0.,1.));
#2070 = ( GEOMETRIC_REPRESENTATION_CONTEXT(2) 
PARAMETRIC_REPRESENTATION_CONTEXT() REPRESENTATION_CONTEXT('2D SPACE',''
  ) );
#2071 = ADVANCED_FACE('',(#2072),#1519,.T.);
#2072 = FACE_BOUND('',#2073,.T.);
#2073 = EDGE_LOOP('',(#2074,#2075,#2076,#2077));
#2074 = ORIENTED_EDGE('',*,*,#2051,.F.);
#2075 = ORIENTED_EDGE('',*,*,#1503,.T.);
#2076 = ORIENTED_EDGE('',*,*,#2002,.T.);
#2077 = ORIENTED_EDGE('',*,*,#2078,.F.);
#2078 = EDGE_CURVE('',#2029,#1980,#2079,.T.);
#2079 = SURFACE_CURVE('',#2080,(#2084,#2091),.PCURVE_S1.);
#2080 = LINE('',#2081,#2082);
#2081 = CARTESIAN_POINT('',(997.,50.,0.));
#2082 = VECTOR('',#2083,1.);
#2083 = DIRECTION('',(0.,0.,1.));
#2084 = PCURVE('',#1519,#2085);
#2085 = DEFINITIONAL_REPRESENTATION('',(#2086),#2090);
#2086 = LINE('',#2087,#2088);
#2087 = CARTESIAN_POINT('',(0.,25.));
#2088 = VECTOR('',#2089,1.);
#2089 = DIRECTION('',(1.,0.));
#2090 = ( GEOMETRIC_REPRESENTATION_CONTEXT(2) 
PARAMETRIC_REPRESENTATION_CONTEXT() REPRESENTATION_CONTEXT('2D SPACE',''
  ) );
#2091 = PCURVE('',#1962,#2092);
#2092 = DEFINITIONAL_REPRESENTATION('',(#2093),#2097);
#2093 = LINE('',#2094,#2095);
#2094 = CARTESIAN_POINT('',(0.,-50.));
#2095 = VECTOR('',#2096,1.);
#2096 = DIRECTION('',(1.,0.));
#2097 = ( GEOMETRIC_REPRESENTATION_CONTEXT(2) 
PARAMETRIC_REPRESENTATION_CONTEXT() REPRESENTATION_CONTEXT('2D SPACE',''
  ) );
#2098 = ADVANCED_FACE('',(#2099),#1576,.F.);
#2099 = FACE_BOUND('',#2100,.F.);
#2100 = EDGE_LOOP('',(#2101,#2125,#2146,#2147));
#2101 = ORIENTED_EDGE('',*,*,#2102,.F.);
#2102 = EDGE_CURVE('',#2103,#2103,#2105,.T.);
#2103 = VERTEX_POINT('',#2104);
#2104 = CARTESIAN_POINT('',(997.,25.,294.5));
#2105 = SURFACE_CURVE('',#2106,(#2111,#2118),.PCURVE_S1.);
#2106 = CIRCLE('',#2107,5.5);
#2107 = AXIS2_PLACEMENT_3D('',#2108,#2109,#2110);
#2108 = CARTESIAN_POINT('',(997.,25.,300.));
#2109 = DIRECTION('',(1.,0.,1.110223024625E-16));
#2110 = DIRECTION('',(1.110223024625E-16,0.,-1.));
#2111 = PCURVE('',#1576,#2112);
#2112 = DEFINITIONAL_REPRESENTATION('',(#2113),#2117);
#2113 = LINE('',#2114,#2115);
#2114 = CARTESIAN_POINT('',(0.,26.));
#2115 = VECTOR('',#2116,1.);
#2116 = DIRECTION('',(1.,0.));
#2117 = ( GEOMETRIC_REPRESENTATION_CONTEXT(2) 
PARAMETRIC_REPRESENTATION_CONTEXT() REPRESENTATION_CONTEXT('2D SPACE',''
  ) );
#2118 = PCURVE('',#1962,#2119);
#2119 = DEFINITIONAL_REPRESENTATION('',(#2120),#2124);
#2120 = CIRCLE('',#2121,5.5);
#2121 = AXIS2_PLACEMENT_2D('',#2122,#2123);
#2122 = CARTESIAN_POINT('',(300.,-25.));
#2123 = DIRECTION('',(-1.,0.));
#2124 = ( GEOMETRIC_REPRESENTATION_CONTEXT(2) 
PARAMETRIC_REPRESENTATION_CONTEXT() REPRESENTATION_CONTEXT('2D SPACE',''
  ) );
#2125 = ORIENTED_EDGE('',*,*,#2126,.F.);
#2126 = EDGE_CURVE('',#1560,#2103,#2127,.T.);
#2127 = SEAM_CURVE('',#2128,(#2132,#2139),.PCURVE_S1.);
#2128 = LINE('',#2129,#2130);
#2129 = CARTESIAN_POINT('',(971.,25.,294.5));
#2130 = VECTOR('',#2131,1.);
#2131 = DIRECTION('',(1.,0.,1.110223024625E-16));
#2132 = PCURVE('',#1576,#2133);
#2133 = DEFINITIONAL_REPRESENTATION('',(#2134),#2138);
#2134 = LINE('',#2135,#2136);
#2135 = CARTESIAN_POINT('',(6.28318530718,-0.));
#2136 = VECTOR('',#2137,1.);
#2137 = DIRECTION('',(0.,1.));
#2138 = ( GEOMETRIC_REPRESENTATION_CONTEXT(2) 
PARAMETRIC_REPRESENTATION_CONTEXT() REPRESENTATION_CONTEXT('2D SPACE',''
  ) );
#2139 = PCURVE('',#1576,#2140);
#2140 = DEFINITIONAL_REPRESENTATION('',(#2141),#2145);
#2141 = LINE('',#2142,#2143);
#2142 = CARTESIAN_POINT('',(0.,-0.));
#2143 = VECTOR('',#2144,1.);
#2144 = DIRECTION('',(0.,1.));
#2145 = ( GEOMETRIC_REPRESENTATION_CONTEXT(2) 
PARAMETRIC_REPRESENTATION_CONTEXT() REPRESENTATION_CONTEXT('2D SPACE',''
  ) );
#2146 = ORIENTED_EDGE('',*,*,#1559,.T.);
#2147 = ORIENTED_EDGE('',*,*,#2126,.T.);
#2148 = ADVANCED_FACE('',(#2149),#1607,.F.);
#2149 = FACE_BOUND('',#2150,.F.);
#2150 = EDGE_LOOP('',(#2151,#2175,#2196,#2197));
#2151 = ORIENTED_EDGE('',*,*,#2152,.F.);
#2152 = EDGE_CURVE('',#2153,#2153,#2155,.T.);
#2153 = VERTEX_POINT('',#2154);
#2154 = CARTESIAN_POINT('',(997.,25.,394.5));
#2155 = SURFACE_CURVE('',#2156,(#2161,#2168),.PCURVE_S1.);
#2156 = CIRCLE('',#2157,5.5);
#2157 = AXIS2_PLACEMENT_3D('',#2158,#2159,#2160);
#2158 = CARTESIAN_POINT('',(997.,25.,400.));
#2159 = DIRECTION('',(1.,0.,1.110223024625E-16));
#2160 = DIRECTION('',(1.110223024625E-16,0.,-1.));
#2161 = PCURVE('',#1607,#2162);
#2162 = DEFINITIONAL_REPRESENTATION('',(#2163),#2167);
#2163 = LINE('',#2164,#2165);
#2164 = CARTESIAN_POINT('',(0.,26.));
#2165 = VECTOR('',#2166,1.);
#2166 = DIRECTION('',(1.,0.));
#2167 = ( GEOMETRIC_REPRESENTATION_CONTEXT(2) 
PARAMETRIC_REPRESENTATION_CONTEXT() REPRESENTATION_CONTEXT('2D SPACE',''
  ) );
#2168 = PCURVE('',#1962,#2169);
#2169 = DEFINITIONAL_REPRESENTATION('',(#2170),#2174);
#2170 = CIRCLE('',#2171,5.5);
#2171 = AXIS2_PLACEMENT_2D('',#2172,#2173);
#2172 = CARTESIAN_POINT('',(400.,-25.));
#2173 = DIRECTION('',(-1.,0.));
#2174 = ( GEOMETRIC_REPRESENTATION_CONTEXT(2) 
PARAMETRIC_REPRESENTATION_CONTEXT() REPRESENTATION_CONTEXT('2D SPACE',''
  ) );
#2175 = ORIENTED_EDGE('',*,*,#2176,.F.);
#2176 = EDGE_CURVE('',#1591,#2153,#2177,.T.);
#2177 = SEAM_CURVE('',#2178,(#2182,#2189),.PCURVE_S1.);
#2178 = LINE('',#2179,#2180);
#2179 = CARTESIAN_POINT('',(971.,25.,394.5));
#2180 = VECTOR('',#2181,1.);
#2181 = DIRECTION('',(1.,0.,1.110223024625E-16));
#2182 = PCURVE('',#1607,#2183);
#2183 = DEFINITIONAL_REPRESENTATION('',(#2184),#2188);
#2184 = LINE('',#2185,#2186);
#2185 = CARTESIAN_POINT('',(6.28318530718,-0.));
#2186 = VECTOR('',#2187,1.);
#2187 = DIRECTION('',(0.,1.));
#2188 = ( GEOMETRIC_REPRESENTATION_CONTEXT(2) 
PARAMETRIC_REPRESENTATION_CONTEXT() REPRESENTATION_CONTEXT('2D SPACE',''
  ) );
#2189 = PCURVE('',#1607,#2190);
#2190 = DEFINITIONAL_REPRESENTATION('',(#2191),#2195);
#2191 = LINE('',#2192,#2193);
#2192 = CARTESIAN_POINT('',(0.,-0.));
#2193 = VECTOR('',#2194,1.);
#2194 = DIRECTION('',(0.,1.));
#2195 = ( GEOMETRIC_REPRESENTATION_CONTEXT(2) 
PARAMETRIC_REPRESENTATION_CONTEXT() REPRESENTATION_CONTEXT('2D SPACE',''
  ) );
#2196 = ORIENTED_EDGE('',*,*,#1590,.T.);
#2197 = ORIENTED_EDGE('',*,*,#2176,.T.);
#2198 = ADVANCED_FACE('',(#2199),#1638,.F.);
#2199 = FACE_BOUND('',#2200,.F.);
#2200 = EDGE_LOOP('',(#2201,#2225,#2246,#2247));
#2201 = ORIENTED_EDGE('',*,*,#2202,.F.);
#2202 = EDGE_CURVE('',#2203,#2203,#2205,.T.);
#2203 = VERTEX_POINT('',#2204);
#2204 = CARTESIAN_POINT('',(997.,25.,494.5));
#2205 = SURFACE_CURVE('',#2206,(#2211,#2218),.PCURVE_S1.);
#2206 = CIRCLE('',#2207,5.5);
#2207 = AXIS2_PLACEMENT_3D('',#2208,#2209,#2210);
#2208 = CARTESIAN_POINT('',(997.,25.,500.));
#2209 = DIRECTION('',(1.,0.,1.110223024625E-16));
#2210 = DIRECTION('',(1.110223024625E-16,0.,-1.));
#2211 = PCURVE('',#1638,#2212);
#2212 = DEFINITIONAL_REPRESENTATION('',(#2213),#2217);
#2213 = LINE('',#2214,#2215);
#2214 = CARTESIAN_POINT('',(0.,26.));
#2215 = VECTOR('',#2216,1.);
#2216 = DIRECTION('',(1.,0.));
#2217 = ( GEOMETRIC_REPRESENTATION_CONTEXT(2) 
PARAMETRIC_REPRESENTATION_CONTEXT() REPRESENTATION_CONTEXT('2D SPACE',''
  ) );
#2218 = PCURVE('',#1962,#2219);
#2219 = DEFINITIONAL_REPRESENTATION('',(#2220),#2224);
#2220 = CIRCLE('',#2221,5.5);
#2221 = AXIS2_PLACEMENT_2D('',#2222,#2223);
#2222 = CARTESIAN_POINT('',(500.,-25.));
#2223 = DIRECTION('',(-1.,0.));
#2224 = ( GEOMETRIC_REPRESENTATION_CONTEXT(2) 
PARAMETRIC_REPRESENTATION_CONTEXT() REPRESENTATION_CONTEXT('2D SPACE',''
  ) );
#2225 = ORIENTED_EDGE('',*,*,#2226,.F.);
#2226 = EDGE_CURVE('',#1622,#2203,#2227,.T.);
#2227 = SEAM_CURVE('',#2228,(#2232,#2239),.PCURVE_S1.);
#2228 = LINE('',#2229,#2230);
#2229 = CARTESIAN_POINT('',(971.,25.,494.5));
#2230 = VECTOR('',#2231,1.);
#2231 = DIRECTION('',(1.,0.,1.110223024625E-16));
#2232 = PCURVE('',#1638,#2233);
#2233 = DEFINITIONAL_REPRESENTATION('',(#2234),#2238);
#2234 = LINE('',#2235,#2236);
#2235 = CARTESIAN_POINT('',(6.28318530718,-0.));
#2236 = VECTOR('',#2237,1.);
#2237 = DIRECTION('',(0.,1.));
#2238 = ( GEOMETRIC_REPRESENTATION_CONTEXT(2) 
PARAMETRIC_REPRESENTATION_CONTEXT() REPRESENTATION_CONTEXT('2D SPACE',''
  ) );
#2239 = PCURVE('',#1638,#2240);
#2240 = DEFINITIONAL_REPRESENTATION('',(#2241),#2245);
#2241 = LINE('',#2242,#2243);
#2242 = CARTESIAN_POINT('',(0.,-0.));
#2243 = VECTOR('',#2244,1.);
#2244 = DIRECTION('',(0.,1.));
#2245 = ( GEOMETRIC_REPRESENTATION_CONTEXT(2) 
PARAMETRIC_REPRESENTATION_CONTEXT() REPRESENTATION_CONTEXT('2D SPACE',''
  ) );
#2246 = ORIENTED_EDGE('',*,*,#1621,.T.);
#2247 = ORIENTED_EDGE('',*,*,#2226,.T.);
#2248 = ADVANCED_FACE('',(#2249),#1669,.F.);
#2249 = FACE_BOUND('',#2250,.F.);
#2250 = EDGE_LOOP('',(#2251,#2275,#2296,#2297));
#2251 = ORIENTED_EDGE('',*,*,#2252,.F.);
#2252 = EDGE_CURVE('',#2253,#2253,#2255,.T.);
#2253 = VERTEX_POINT('',#2254);
#2254 = CARTESIAN_POINT('',(997.,25.,594.5));
#2255 = SURFACE_CURVE('',#2256,(#2261,#2268),.PCURVE_S1.);
#2256 = CIRCLE('',#2257,5.5);
#2257 = AXIS2_PLACEMENT_3D('',#2258,#2259,#2260);
#2258 = CARTESIAN_POINT('',(997.,25.,600.));
#2259 = DIRECTION('',(1.,0.,1.110223024625E-16));
#2260 = DIRECTION('',(1.110223024625E-16,0.,-1.));
#2261 = PCURVE('',#1669,#2262);
#2262 = DEFINITIONAL_REPRESENTATION('',(#2263),#2267);
#2263 = LINE('',#2264,#2265);
#2264 = CARTESIAN_POINT('',(0.,26.));
#2265 = VECTOR('',#2266,1.);
#2266 = DIRECTION('',(1.,0.));
#2267 = ( GEOMETRIC_REPRESENTATION_CONTEXT(2) 
PARAMETRIC_REPRESENTATION_CONTEXT() REPRESENTATION_CONTEXT('2D SPACE',''
  ) );
#2268 = PCURVE('',#1962,#2269);
#2269 = DEFINITIONAL_REPRESENTATION('',(#2270),#2274);
#2270 = CIRCLE('',#2271,5.5);
#2271 = AXIS2_PLACEMENT_2D('',#2272,#2273);
#2272 = CARTESIAN_POINT('',(600.,-25.));
#2273 = DIRECTION('',(-1.,0.));
#2274 = ( GEOMETRIC_REPRESENTATION_CONTEXT(2) 
PARAMETRIC_REPRESENTATION_CONTEXT() REPRESENTATION_CONTEXT('2D SPACE',''
  ) );
#2275 = ORIENTED_EDGE('',*,*,#2276,.F.);
#2276 = EDGE_CURVE('',#1653,#2253,#2277,.T.);
#2277 = SEAM_CURVE('',#2278,(#2282,#2289),.PCURVE_S1.);
#2278 = LINE('',#2279,#2280);
#2279 = CARTESIAN_POINT('',(971.,25.,594.5));
#2280 = VECTOR('',#2281,1.);
#2281 = DIRECTION('',(1.,0.,1.110223024625E-16));
#2282 = PCURVE('',#1669,#2283);
#2283 = DEFINITIONAL_REPRESENTATION('',(#2284),#2288);
#2284 = LINE('',#2285,#2286);
#2285 = CARTESIAN_POINT('',(6.28318530718,-0.));
#2286 = VECTOR('',#2287,1.);
#2287 = DIRECTION('',(0.,1.));
#2288 = ( GEOMETRIC_REPRESENTATION_CONTEXT(2) 
PARAMETRIC_REPRESENTATION_CONTEXT() REPRESENTATION_CONTEXT('2D SPACE',''
  ) );
#2289 = PCURVE('',#1669,#2290);
#2290 = DEFINITIONAL_REPRESENTATION('',(#2291),#2295);
#2291 = LINE('',#2292,#2293);
#2292 = CARTESIAN_POINT('',(0.,-0.));
#2293 = VECTOR('',#2294,1.);
#2294 = DIRECTION('',(0.,1.));
#2295 = ( GEOMETRIC_REPRESENTATION_CONTEXT(2) 
PARAMETRIC_REPRESENTATION_CONTEXT() REPRESENTATION_CONTEXT('2D SPACE',''
  ) );
#2296 = ORIENTED_EDGE('',*,*,#1652,.T.);
#2297 = ORIENTED_EDGE('',*,*,#2276,.T.);
#2298 = ADVANCED_FACE('',(#2299),#1700,.F.);
#2299 = FACE_BOUND('',#2300,.F.);
#2300 = EDGE_LOOP('',(#2301,#2325,#2346,#2347));
#2301 = ORIENTED_EDGE('',*,*,#2302,.F.);
#2302 = EDGE_CURVE('',#2303,#2303,#2305,.T.);
#2303 = VERTEX_POINT('',#2304);
#2304 = CARTESIAN_POINT('',(997.,25.,694.5));
#2305 = SURFACE_CURVE('',#2306,(#2311,#2318),.PCURVE_S1.);
#2306 = CIRCLE('',#2307,5.5);
#2307 = AXIS2_PLACEMENT_3D('',#2308,#2309,#2310);
#2308 = CARTESIAN_POINT('',(997.,25.,700.));
#2309 = DIRECTION('',(1.,0.,1.110223024625E-16));
#2310 = DIRECTION('',(1.110223024625E-16,0.,-1.));
#2311 = PCURVE('',#1700,#2312);
#2312 = DEFINITIONAL_REPRESENTATION('',(#2313),#2317);
#2313 = LINE('',#2314,#2315);
#2314 = CARTESIAN_POINT('',(0.,26.));
#2315 = VECTOR('',#2316,1.);
#2316 = DIRECTION('',(1.,0.));
#2317 = ( GEOMETRIC_REPRESENTATION_CONTEXT(2) 
PARAMETRIC_REPRESENTATION_CONTEXT() REPRESENTATION_CONTEXT('2D SPACE',''
  ) );
#2318 = PCURVE('',#1962,#2319);
#2319 = DEFINITIONAL_REPRESENTATION('',(#2320),#2324);
#2320 = CIRCLE('',#2321,5.5);
#2321 = AXIS2_PLACEMENT_2D('',#2322,#2323);
#2322 = CARTESIAN_POINT('',(700.,-25.));
#2323 = DIRECTION('',(-1.,0.));
#2324 = ( GEOMETRIC_REPRESENTATION_CONTEXT(2) 
PARAMETRIC_REPRESENTATION_CONTEXT() REPRESENTATION_CONTEXT('2D SPACE',''
  ) );
#2325 = ORIENTED_EDGE('',*,*,#2326,.F.);
#2326 = EDGE_CURVE('',#1684,#2303,#2327,.T.);
#2327 = SEAM_CURVE('',#2328,(#2332,#2339),.PCURVE_S1.);
#2328 = LINE('',#2329,#2330);
#2329 = CARTESIAN_POINT('',(971.,25.,694.5));
#2330 = VECTOR('',#2331,1.);
#2331 = DIRECTION('',(1.,0.,1.110223024625E-16));
#2332 = PCURVE('',#1700,#2333);
#2333 = DEFINITIONAL_REPRESENTATION('',(#2334),#2338);
#2334 = LINE('',#2335,#2336);
#2335 = CARTESIAN_POINT('',(6.28318530718,-0.));
#2336 = VECTOR('',#2337,1.);
#2337 = DIRECTION('',(0.,1.));
#2338 = ( GEOMETRIC_REPRESENTATION_CONTEXT(2) 
PARAMETRIC_REPRESENTATION_CONTEXT() REPRESENTATION_CONTEXT('2D SPACE',''
  ) );
#2339 = PCURVE('',#1700,#2340);
#2340 = DEFINITIONAL_REPRESENTATION('',(#2341),#2345);
#2341 = LINE('',#2342,#2343);
#2342 = CARTESIAN_POINT('',(0.,-0.));
#2343 = VECTOR('',#2344,1.);
#2344 = DIRECTION('',(0.,1.));
#2345 = ( GEOMETRIC_REPRESENTATION_CONTEXT(2) 
PARAMETRIC_REPRESENTATION_CONTEXT() REPRESENTATION_CONTEXT('2D SPACE',''
  ) );
#2346 = ORIENTED_EDGE('',*,*,#1683,.T.);
#2347 = ORIENTED_EDGE('',*,*,#2326,.T.);
#2348 = ADVANCED_FACE('',(#2349),#1731,.F.);
#2349 = FACE_BOUND('',#2350,.F.);
#2350 = EDGE_LOOP('',(#2351,#2375,#2396,#2397));
#2351 = ORIENTED_EDGE('',*,*,#2352,.F.);
#2352 = EDGE_CURVE('',#2353,#2353,#2355,.T.);
#2353 = VERTEX_POINT('',#2354);
#2354 = CARTESIAN_POINT('',(997.,25.,994.5));
#2355 = SURFACE_CURVE('',#2356,(#2361,#2368),.PCURVE_S1.);
#2356 = CIRCLE('',#2357,5.5);
#2357 = AXIS2_PLACEMENT_3D('',#2358,#2359,#2360);
#2358 = CARTESIAN_POINT('',(997.,25.,1.E+03));
#2359 = DIRECTION('',(1.,0.,1.110223024625E-16));
#2360 = DIRECTION('',(1.110223024625E-16,0.,-1.));
#2361 = PCURVE('',#1731,#2362);
#2362 = DEFINITIONAL_REPRESENTATION('',(#2363),#2367);
#2363 = LINE('',#2364,#2365);
#2364 = CARTESIAN_POINT('',(0.,26.));
#2365 = VECTOR('',#2366,1.);
#2366 = DIRECTION('',(1.,0.));
#2367 = ( GEOMETRIC_REPRESENTATION_CONTEXT(2) 
PARAMETRIC_REPRESENTATION_CONTEXT() REPRESENTATION_CONTEXT('2D SPACE',''
  ) );
#2368 = PCURVE('',#1962,#2369);
#2369 = DEFINITIONAL_REPRESENTATION('',(#2370),#2374);
#2370 = CIRCLE('',#2371,5.5);
#2371 = AXIS2_PLACEMENT_2D('',#2372,#2373);
#2372 = CARTESIAN_POINT('',(1.E+03,-25.));
#2373 = DIRECTION('',(-1.,0.));
#2374 = ( GEOMETRIC_REPRESENTATION_CONTEXT(2) 
PARAMETRIC_REPRESENTATION_CONTEXT() REPRESENTATION_CONTEXT('2D SPACE',''
  ) );
#2375 = ORIENTED_EDGE('',*,*,#2376,.F.);
#2376 = EDGE_CURVE('',#1715,#2353,#2377,.T.);
#2377 = SEAM_CURVE('',#2378,(#2382,#2389),.PCURVE_S1.);
#2378 = LINE('',#2379,#2380);
#2379 = CARTESIAN_POINT('',(971.,25.,994.5));
#2380 = VECTOR('',#2381,1.);
#2381 = DIRECTION('',(1.,0.,1.110223024625E-16));
#2382 = PCURVE('',#1731,#2383);
#2383 = DEFINITIONAL_REPRESENTATION('',(#2384),#2388);
#2384 = LINE('',#2385,#2386);
#2385 = CARTESIAN_POINT('',(6.28318530718,-0.));
#2386 = VECTOR('',#2387,1.);
#2387 = DIRECTION('',(0.,1.));
#2388 = ( GEOMETRIC_REPRESENTATION_CONTEXT(2) 
PARAMETRIC_REPRESENTATION_CONTEXT() REPRESENTATION_CONTEXT('2D SPACE',''
  ) );
#2389 = PCURVE('',#1731,#2390);
#2390 = DEFINITIONAL_REPRESENTATION('',(#2391),#2395);
#2391 = LINE('',#2392,#2393);
#2392 = CARTESIAN_POINT('',(0.,-0.));
#2393 = VECTOR('',#2394,1.);
#2394 = DIRECTION('',(0.,1.));
#2395 = ( GEOMETRIC_REPRESENTATION_CONTEXT(2) 
PARAMETRIC_REPRESENTATION_CONTEXT() REPRESENTATION_CONTEXT('2D SPACE',''
  ) );
#2396 = ORIENTED_EDGE('',*,*,#1714,.T.);
#2397 = ORIENTED_EDGE('',*,*,#2376,.T.);
#2398 = ADVANCED_FACE('',(#2399),#1762,.F.);
#2399 = FACE_BOUND('',#2400,.F.);
#2400 = EDGE_LOOP('',(#2401,#2425,#2446,#2447));
#2401 = ORIENTED_EDGE('',*,*,#2402,.F.);
#2402 = EDGE_CURVE('',#2403,#2403,#2405,.T.);
#2403 = VERTEX_POINT('',#2404);
#2404 = CARTESIAN_POINT('',(997.,25.,1.1945E+03));
#2405 = SURFACE_CURVE('',#2406,(#2411,#2418),.PCURVE_S1.);
#2406 = CIRCLE('',#2407,5.5);
#2407 = AXIS2_PLACEMENT_3D('',#2408,#2409,#2410);
#2408 = CARTESIAN_POINT('',(997.,25.,1.2E+03));
#2409 = DIRECTION('',(1.,0.,1.110223024625E-16));
#2410 = DIRECTION('',(1.110223024625E-16,0.,-1.));
#2411 = PCURVE('',#1762,#2412);
#2412 = DEFINITIONAL_REPRESENTATION('',(#2413),#2417);
#2413 = LINE('',#2414,#2415);
#2414 = CARTESIAN_POINT('',(0.,26.));
#2415 = VECTOR('',#2416,1.);
#2416 = DIRECTION('',(1.,0.));
#2417 = ( GEOMETRIC_REPRESENTATION_CONTEXT(2) 
PARAMETRIC_REPRESENTATION_CONTEXT() REPRESENTATION_CONTEXT('2D SPACE',''
  ) );
#2418 = PCURVE('',#1962,#2419);
#2419 = DEFINITIONAL_REPRESENTATION('',(#2420),#2424);
#2420 = CIRCLE('',#2421,5.5);
#2421 = AXIS2_PLACEMENT_2D('',#2422,#2423);
#2422 = CARTESIAN_POINT('',(1.2E+03,-25.));
#2423 = DIRECTION('',(-1.,0.));
#2424 = ( GEOMETRIC_REPRESENTATION_CONTEXT(2) 
PARAMETRIC_REPRESENTATION_CONTEXT() REPRESENTATION_CONTEXT('2D SPACE',''
  ) );
#2425 = ORIENTED_EDGE('',*,*,#2426,.F.);
#2426 = EDGE_CURVE('',#1746,#2403,#2427,.T.);
#2427 = SEAM_CURVE('',#2428,(#2432,#2439),.PCURVE_S1.);
#2428 = LINE('',#2429,#2430);
#2429 = CARTESIAN_POINT('',(971.,25.,1.1945E+03));
#2430 = VECTOR('',#2431,1.);
#2431 = DIRECTION('',(1.,0.,1.110223024625E-16));
#2432 = PCURVE('',#1762,#2433);
#2433 = DEFINITIONAL_REPRESENTATION('',(#2434),#2438);
#2434 = LINE('',#2435,#2436);
#2435 = CARTESIAN_POINT('',(6.28318530718,-0.));
#2436 = VECTOR('',#2437,1.);
#2437 = DIRECTION('',(0.,1.));
#2438 = ( GEOMETRIC_REPRESENTATION_CONTEXT(2) 
PARAMETRIC_REPRESENTATION_CONTEXT() REPRESENTATION_CONTEXT('2D SPACE',''
  ) );
#2439 = PCURVE('',#1762,#2440);
#2440 = DEFINITIONAL_REPRESENTATION('',(#2441),#2445);
#2441 = LINE('',#2442,#2443);
#2442 = CARTESIAN_POINT('',(0.,-0.));
#2443 = VECTOR('',#2444,1.);
#2444 = DIRECTION('',(0.,1.));
#2445 = ( GEOMETRIC_REPRESENTATION_CONTEXT(2) 
PARAMETRIC_REPRESENTATION_CONTEXT() REPRESENTATION_CONTEXT('2D SPACE',''
  ) );
#2446 = ORIENTED_EDGE('',*,*,#1745,.T.);
#2447 = ORIENTED_EDGE('',*,*,#2426,.T.);
#2448 = ADVANCED_FACE('',(#2449),#1793,.F.);
#2449 = FACE_BOUND('',#2450,.F.);
#2450 = EDGE_LOOP('',(#2451,#2475,#2496,#2497));
#2451 = ORIENTED_EDGE('',*,*,#2452,.F.);
#2452 = EDGE_CURVE('',#2453,#2453,#2455,.T.);
#2453 = VERTEX_POINT('',#2454);
#2454 = CARTESIAN_POINT('',(997.,25.,1.2945E+03));
#2455 = SURFACE_CURVE('',#2456,(#2461,#2468),.PCURVE_S1.);
#2456 = CIRCLE('',#2457,5.5);
#2457 = AXIS2_PLACEMENT_3D('',#2458,#2459,#2460);
#2458 = CARTESIAN_POINT('',(997.,25.,1.3E+03));
#2459 = DIRECTION('',(1.,0.,1.110223024625E-16));
#2460 = DIRECTION('',(1.110223024625E-16,0.,-1.));
#2461 = PCURVE('',#1793,#2462);
#2462 = DEFINITIONAL_REPRESENTATION('',(#2463),#2467);
#2463 = LINE('',#2464,#2465);
#2464 = CARTESIAN_POINT('',(0.,26.));
#2465 = VECTOR('',#2466,1.);
#2466 = DIRECTION('',(1.,0.));
#2467 = ( GEOMETRIC_REPRESENTATION_CONTEXT(2) 
PARAMETRIC_REPRESENTATION_CONTEXT() REPRESENTATION_CONTEXT('2D SPACE',''
  ) );
#2468 = PCURVE('',#1962,#2469);
#2469 = DEFINITIONAL_REPRESENTATION('',(#2470),#2474);
#2470 = CIRCLE('',#2471,5.5);
#2471 = AXIS2_PLACEMENT_2D('',#2472,#2473);
#2472 = CARTESIAN_POINT('',(1.3E+03,-25.));
#2473 = DIRECTION('',(-1.,0.));
#2474 = ( GEOMETRIC_REPRESENTATION_CONTEXT(2) 
PARAMETRIC_REPRESENTATION_CONTEXT() REPRESENTATION_CONTEXT('2D SPACE',''
  ) );
#2475 = ORIENTED_EDGE('',*,*,#2476,.F.);
#2476 = EDGE_CURVE('',#1777,#2453,#2477,.T.);
#2477 = SEAM_CURVE('',#2478,(#2482,#2489),.PCURVE_S1.);
#2478 = LINE('',#2479,#2480);
#2479 = CARTESIAN_POINT('',(971.,25.,1.2945E+03));
#2480 = VECTOR('',#2481,1.);
#2481 = DIRECTION('',(1.,0.,1.110223024625E-16));
#2482 = PCURVE('',#1793,#2483);
#2483 = DEFINITIONAL_REPRESENTATION('',(#2484),#2488);
#2484 = LINE('',#2485,#2486);
#2485 = CARTESIAN_POINT('',(6.28318530718,-0.));
#2486 = VECTOR('',#2487,1.);
#2487 = DIRECTION('',(0.,1.));
#2488 = ( GEOMETRIC_REPRESENTATION_CONTEXT(2) 
PARAMETRIC_REPRESENTATION_CONTEXT() REPRESENTATION_CONTEXT('2D SPACE',''
  ) );
#2489 = PCURVE('',#1793,#2490);
#2490 = DEFINITIONAL_REPRESENTATION('',(#2491),#2495);
#2491 = LINE('',#2492,#2493);
#2492 = CARTESIAN_POINT('',(0.,-0.));
#2493 = VECTOR('',#2494,1.);
#2494 = DIRECTION('',(0.,1.));
#2495 = ( GEOMETRIC_REPRESENTATION_CONTEXT(2) 
PARAMETRIC_REPRESENTATION_CONTEXT() REPRESENTATION_CONTEXT('2D SPACE',''
  ) );
#2496 = ORIENTED_EDGE('',*,*,#1776,.T.);
#2497 = ORIENTED_EDGE('',*,*,#2476,.T.);
#2498 = ADVANCED_FACE('',(#2499),#1824,.F.);
#2499 = FACE_BOUND('',#2500,.F.);
#2500 = EDGE_LOOP('',(#2501,#2525,#2546,#2547));
#2501 = ORIENTED_EDGE('',*,*,#2502,.F.);
#2502 = EDGE_CURVE('',#2503,#2503,#2505,.T.);
#2503 = VERTEX_POINT('',#2504);
#2504 = CARTESIAN_POINT('',(997.,25.,1.6945E+03));
#2505 = SURFACE_CURVE('',#2506,(#2511,#2518),.PCURVE_S1.);
#2506 = CIRCLE('',#2507,5.5);
#2507 = AXIS2_PLACEMENT_3D('',#2508,#2509,#2510);
#2508 = CARTESIAN_POINT('',(997.,25.,1.7E+03));
#2509 = DIRECTION('',(1.,0.,1.110223024625E-16));
#2510 = DIRECTION('',(1.110223024625E-16,0.,-1.));
#2511 = PCURVE('',#1824,#2512);
#2512 = DEFINITIONAL_REPRESENTATION('',(#2513),#2517);
#2513 = LINE('',#2514,#2515);
#2514 = CARTESIAN_POINT('',(0.,26.));
#2515 = VECTOR('',#2516,1.);
#2516 = DIRECTION('',(1.,0.));
#2517 = ( GEOMETRIC_REPRESENTATION_CONTEXT(2) 
PARAMETRIC_REPRESENTATION_CONTEXT() REPRESENTATION_CONTEXT('2D SPACE',''
  ) );
#2518 = PCURVE('',#1962,#2519);
#2519 = DEFINITIONAL_REPRESENTATION('',(#2520),#2524);
#2520 = CIRCLE('',#2521,5.5);
#2521 = AXIS2_PLACEMENT_2D('',#2522,#2523);
#2522 = CARTESIAN_POINT('',(1.7E+03,-25.));
#2523 = DIRECTION('',(-1.,0.));
#2524 = ( GEOMETRIC_REPRESENTATION_CONTEXT(2) 
PARAMETRIC_REPRESENTATION_CONTEXT() REPRESENTATION_CONTEXT('2D SPACE',''
  ) );
#2525 = ORIENTED_EDGE('',*,*,#2526,.F.);
#2526 = EDGE_CURVE('',#1808,#2503,#2527,.T.);
#2527 = SEAM_CURVE('',#2528,(#2532,#2539),.PCURVE_S1.);
#2528 = LINE('',#2529,#2530);
#2529 = CARTESIAN_POINT('',(971.,25.,1.6945E+03));
#2530 = VECTOR('',#2531,1.);
#2531 = DIRECTION('',(1.,0.,1.110223024625E-16));
#2532 = PCURVE('',#1824,#2533);
#2533 = DEFINITIONAL_REPRESENTATION('',(#2534),#2538);
#2534 = LINE('',#2535,#2536);
#2535 = CARTESIAN_POINT('',(6.28318530718,-0.));
#2536 = VECTOR('',#2537,1.);
#2537 = DIRECTION('',(0.,1.));
#2538 = ( GEOMETRIC_REPRESENTATION_CONTEXT(2) 
PARAMETRIC_REPRESENTATION_CONTEXT() REPRESENTATION_CONTEXT('2D SPACE',''
  ) );
#2539 = PCURVE('',#1824,#2540);
#2540 = DEFINITIONAL_REPRESENTATION('',(#2541),#2545);
#2541 = LINE('',#2542,#2543);
#2542 = CARTESIAN_POINT('',(0.,-0.));
#2543 = VECTOR('',#2544,1.);
#2544 = DIRECTION('',(0.,1.));
#2545 = ( GEOMETRIC_REPRESENTATION_CONTEXT(2) 
PARAMETRIC_REPRESENTATION_CONTEXT() REPRESENTATION_CONTEXT('2D SPACE',''
  ) );
#2546 = ORIENTED_EDGE('',*,*,#1807,.T.);
#2547 = ORIENTED_EDGE('',*,*,#2526,.T.);
#2548 = ADVANCED_FACE('',(#2549),#1855,.F.);
#2549 = FACE_BOUND('',#2550,.F.);
#2550 = EDGE_LOOP('',(#2551,#2575,#2596,#2597));
#2551 = ORIENTED_EDGE('',*,*,#2552,.F.);
#2552 = EDGE_CURVE('',#2553,#2553,#2555,.T.);
#2553 = VERTEX_POINT('',#2554);
#2554 = CARTESIAN_POINT('',(997.,25.,1.7945E+03));
#2555 = SURFACE_CURVE('',#2556,(#2561,#2568),.PCURVE_S1.);
#2556 = CIRCLE('',#2557,5.5);
#2557 = AXIS2_PLACEMENT_3D('',#2558,#2559,#2560);
#2558 = CARTESIAN_POINT('',(997.,25.,1.8E+03));
#2559 = DIRECTION('',(1.,0.,1.110223024625E-16));
#2560 = DIRECTION('',(1.110223024625E-16,0.,-1.));
#2561 = PCURVE('',#1855,#2562);
#2562 = DEFINITIONAL_REPRESENTATION('',(#2563),#2567);
#2563 = LINE('',#2564,#2565);
#2564 = CARTESIAN_POINT('',(0.,26.));
#2565 = VECTOR('',#2566,1.);
#2566 = DIRECTION('',(1.,0.));
#2567 = ( GEOMETRIC_REPRESENTATION_CONTEXT(2) 
PARAMETRIC_REPRESENTATION_CONTEXT() REPRESENTATION_CONTEXT('2D SPACE',''
  ) );
#2568 = PCURVE('',#1962,#2569);
#2569 = DEFINITIONAL_REPRESENTATION('',(#2570),#2574);
#2570 = CIRCLE('',#2571,5.5);
#2571 = AXIS2_PLACEMENT_2D('',#2572,#2573);
#2572 = CARTESIAN_POINT('',(1.8E+03,-25.));
#2573 = DIRECTION('',(-1.,0.));
#2574 = ( GEOMETRIC_REPRESENTATION_CONTEXT(2) 
PARAMETRIC_REPRESENTATION_CONTEXT() REPRESENTATION_CONTEXT('2D SPACE',''
  ) );
#2575 = ORIENTED_EDGE('',*,*,#2576,.F.);
#2576 = EDGE_CURVE('',#1839,#2553,#2577,.T.);
#2577 = SEAM_CURVE('',#2578,(#2582,#2589),.PCURVE_S1.);
#2578 = LINE('',#2579,#2580);
#2579 = CARTESIAN_POINT('',(971.,25.,1.7945E+03));
#2580 = VECTOR('',#2581,1.);
#2581 = DIRECTION('',(1.,0.,1.110223024625E-16));
#2582 = PCURVE('',#1855,#2583);
#2583 = DEFINITIONAL_REPRESENTATION('',(#2584),#2588);
#2584 = LINE('',#2585,#2586);
#2585 = CARTESIAN_POINT('',(6.28318530718,-0.));
#2586 = VECTOR('',#2587,1.);
#2587 = DIRECTION('',(0.,1.));
#2588 = ( GEOMETRIC_REPRESENTATION_CONTEXT(2) 
PARAMETRIC_REPRESENTATION_CONTEXT() REPRESENTATION_CONTEXT('2D SPACE',''
  ) );
#2589 = PCURVE('',#1855,#2590);
#2590 = DEFINITIONAL_REPRESENTATION('',(#2591),#2595);
#2591 = LINE('',#2592,#2593);
#2592 = CARTESIAN_POINT('',(0.,-0.));
#2593 = VECTOR('',#2594,1.);
#2594 = DIRECTION('',(0.,1.));
#2595 = ( GEOMETRIC_REPRESENTATION_CONTEXT(2) 
PARAMETRIC_REPRESENTATION_CONTEXT() REPRESENTATION_CONTEXT('2D SPACE',''
  ) );
#2596 = ORIENTED_EDGE('',*,*,#1838,.T.);
#2597 = ORIENTED_EDGE('',*,*,#2576,.T.);
#2598 = ADVANCED_FACE('',(#2599),#1886,.F.);
#2599 = FACE_BOUND('',#2600,.F.);
#2600 = EDGE_LOOP('',(#2601,#2625,#2646,#2647));
#2601 = ORIENTED_EDGE('',*,*,#2602,.F.);
#2602 = EDGE_CURVE('',#2603,#2603,#2605,.T.);
#2603 = VERTEX_POINT('',#2604);
#2604 = CARTESIAN_POINT('',(997.,25.,1.8945E+03));
#2605 = SURFACE_CURVE('',#2606,(#2611,#2618),.PCURVE_S1.);
#2606 = CIRCLE('',#2607,5.5);
#2607 = AXIS2_PLACEMENT_3D('',#2608,#2609,#2610);
#2608 = CARTESIAN_POINT('',(997.,25.,1.9E+03));
#2609 = DIRECTION('',(1.,0.,1.110223024625E-16));
#2610 = DIRECTION('',(1.110223024625E-16,0.,-1.));
#2611 = PCURVE('',#1886,#2612);
#2612 = DEFINITIONAL_REPRESENTATION('',(#2613),#2617);
#2613 = LINE('',#2614,#2615);
#2614 = CARTESIAN_POINT('',(0.,26.));
#2615 = VECTOR('',#2616,1.);
#2616 = DIRECTION('',(1.,0.));
#2617 = ( GEOMETRIC_REPRESENTATION_CONTEXT(2) 
PARAMETRIC_REPRESENTATION_CONTEXT() REPRESENTATION_CONTEXT('2D SPACE',''
  ) );
#2618 = PCURVE('',#1962,#2619);
#2619 = DEFINITIONAL_REPRESENTATION('',(#2620),#2624);
#2620 = CIRCLE('',#2621,5.5);
#2621 = AXIS2_PLACEMENT_2D('',#2622,#2623);
#2622 = CARTESIAN_POINT('',(1.9E+03,-25.));
#2623 = DIRECTION('',(-1.,0.));
#2624 = ( GEOMETRIC_REPRESENTATION_CONTEXT(2) 
PARAMETRIC_REPRESENTATION_CONTEXT() REPRESENTATION_CONTEXT('2D SPACE',''
  ) );
#2625 = ORIENTED_EDGE('',*,*,#2626,.F.);
#2626 = EDGE_CURVE('',#1870,#2603,#2627,.T.);
#2627 = SEAM_CURVE('',#2628,(#2632,#2639),.PCURVE_S1.);
#2628 = LINE('',#2629,#2630);
#2629 = CARTESIAN_POINT('',(971.,25.,1.8945E+03));
#2630 = VECTOR('',#2631,1.);
#2631 = DIRECTION('',(1.,0.,1.110223024625E-16));
#2632 = PCURVE('',#1886,#2633);
#2633 = DEFINITIONAL_REPRESENTATION('',(#2634),#2638);
#2634 = LINE('',#2635,#2636);
#2635 = CARTESIAN_POINT('',(6.28318530718,-0.));
#2636 = VECTOR('',#2637,1.);
#2637 = DIRECTION('',(0.,1.));
#2638 = ( GEOMETRIC_REPRESENTATION_CONTEXT(2) 
PARAMETRIC_REPRESENTATION_CONTEXT() REPRESENTATION_CONTEXT('2D SPACE',''
  ) );
#2639 = PCURVE('',#1886,#2640);
#2640 = DEFINITIONAL_REPRESENTATION('',(#2641),#2645);
#2641 = LINE('',#2642,#2643);
#2642 = CARTESIAN_POINT('',(0.,-0.));
#2643 = VECTOR('',#2644,1.);
#2644 = DIRECTION('',(0.,1.));
#2645 = ( GEOMETRIC_REPRESENTATION_CONTEXT(2) 
PARAMETRIC_REPRESENTATION_CONTEXT() REPRESENTATION_CONTEXT('2D SPACE',''
  ) );
#2646 = ORIENTED_EDGE('',*,*,#1869,.T.);
#2647 = ORIENTED_EDGE('',*,*,#2626,.T.);
#2648 = ADVANCED_FACE('',(#2649,#2655,#2658,#2661,#2664,#2667,#2670,
    #2673,#2676,#2679,#2682,#2685),#1962,.T.);
#2649 = FACE_BOUND('',#2650,.T.);
#2650 = EDGE_LOOP('',(#2651,#2652,#2653,#2654));
#2651 = ORIENTED_EDGE('',*,*,#1948,.F.);
#2652 = ORIENTED_EDGE('',*,*,#2028,.T.);
#2653 = ORIENTED_EDGE('',*,*,#2078,.T.);
#2654 = ORIENTED_EDGE('',*,*,#1979,.F.);
#2655 = FACE_BOUND('',#2656,.T.);
#2656 = EDGE_LOOP('',(#2657));
#2657 = ORIENTED_EDGE('',*,*,#2102,.F.);
#2658 = FACE_BOUND('',#2659,.T.);
#2659 = EDGE_LOOP('',(#2660));
#2660 = ORIENTED_EDGE('',*,*,#2152,.F.);
#2661 = FACE_BOUND('',#2662,.T.);
#2662 = EDGE_LOOP('',(#2663));
#2663 = ORIENTED_EDGE('',*,*,#2202,.F.);
#2664 = FACE_BOUND('',#2665,.T.);
#2665 = EDGE_LOOP('',(#2666));
#2666 = ORIENTED_EDGE('',*,*,#2252,.F.);
#2667 = FACE_BOUND('',#2668,.T.);
#2668 = EDGE_LOOP('',(#2669));
#2669 = ORIENTED_EDGE('',*,*,#2302,.F.);
#2670 = FACE_BOUND('',#2671,.T.);
#2671 = EDGE_LOOP('',(#2672));
#2672 = ORIENTED_EDGE('',*,*,#2352,.F.);
#2673 = FACE_BOUND('',#2674,.T.);
#2674 = EDGE_LOOP('',(#2675));
#2675 = ORIENTED_EDGE('',*,*,#2402,.F.);
#2676 = FACE_BOUND('',#2677,.T.);
#2677 = EDGE_LOOP('',(#2678));
#2678 = ORIENTED_EDGE('',*,*,#2452,.F.);
#2679 = FACE_BOUND('',#2680,.T.);
#2680 = EDGE_LOOP('',(#2681));
#2681 = ORIENTED_EDGE('',*,*,#2502,.F.);
#2682 = FACE_BOUND('',#2683,.T.);
#2683 = EDGE_LOOP('',(#2684));
#2684 = ORIENTED_EDGE('',*,*,#2552,.F.);
#2685 = FACE_BOUND('',#2686,.T.);
#2686 = EDGE_LOOP('',(#2687));
#2687 = ORIENTED_EDGE('',*,*,#2602,.F.);
#2688 = ( GEOMETRIC_REPRESENTATION_CONTEXT(3) 
GLOBAL_UNCERTAINTY_ASSIGNED_CONTEXT((#2692)) 
GLOBAL_UNIT_ASSIGNED_CONTEXT((#2689,#2690,#2691)) REPRESENTATION_CONTEXT
('Context #1','3D Context with UNIT and UNCERTAINTY') );
#2689 = ( LENGTH_UNIT() NAMED_UNIT(*) SI_UNIT(.MILLI.,.METRE.) );
#2690 = ( NAMED_UNIT(*) PLANE_ANGLE_UNIT() SI_UNIT($,.RADIAN.) );
#2691 = ( NAMED_UNIT(*) SI_UNIT($,.STERADIAN.) SOLID_ANGLE_UNIT() );
#2692 = UNCERTAINTY_MEASURE_WITH_UNIT(LENGTH_MEASURE(1.E-07),#2689,
  'distance_accuracy_value','confusion accuracy');
#2693 = CONTEXT_DEPENDENT_SHAPE_REPRESENTATION(#2694,#2696);
#2694 = ( REPRESENTATION_RELATIONSHIP('','',#1433,#10) 
REPRESENTATION_RELATIONSHIP_WITH_TRANSFORMATION(#2695) 
SHAPE_REPRESENTATION_RELATIONSHIP() );
#2695 = ITEM_DEFINED_TRANSFORMATION('','',#11,#19);
#2696 = PRODUCT_DEFINITION_SHAPE('Placement','Placement of an item',
  #2697);
#2697 = NEXT_ASSEMBLY_USAGE_OCCURRENCE('869',
  '\X2\04410442043E0439043A0430\X0\_\X2\0449043804420430\X0\_25\X2\0445\X0\50\X2\0445\X0\2400','',#5,
  #1428,$);
#2698 = PRODUCT_RELATED_PRODUCT_CATEGORY('part',$,(#1430));
#2699 = SHAPE_DEFINITION_REPRESENTATION(#2700,#2706);
#2700 = PRODUCT_DEFINITION_SHAPE('','',#2701);
#2701 = PRODUCT_DEFINITION('design','',#2702,#2705);
#2702 = PRODUCT_DEFINITION_FORMATION('','',#2703);
#2703 = PRODUCT('\X2\043F043504400435043C044B0447043A0430\X0\_25\X2\0445\X0\50\X2\0445\X0\947',
  '\X2\043F043504400435043C044B0447043A0430\X0\_25\X2\0445\X0\50\X2\0445\X0\947','',(#2704));
#2704 = PRODUCT_CONTEXT('',#2,'mechanical');
#2705 = PRODUCT_DEFINITION_CONTEXT('part definition',#2,'design');
#2706 = ADVANCED_BREP_SHAPE_REPRESENTATION('',(#11,#2707),#3037);
#2707 = MANIFOLD_SOLID_BREP('',#2708);
#2708 = CLOSED_SHELL('',(#2709,#2829,#2929,#2976,#3023,#3030));
#2709 = ADVANCED_FACE('',(#2710),#2724,.F.);
#2710 = FACE_BOUND('',#2711,.F.);
#2711 = EDGE_LOOP('',(#2712,#2747,#2775,#2803));
#2712 = ORIENTED_EDGE('',*,*,#2713,.F.);
#2713 = EDGE_CURVE('',#2714,#2716,#2718,.T.);
#2714 = VERTEX_POINT('',#2715);
#2715 = CARTESIAN_POINT('',(0.,0.,0.));
#2716 = VERTEX_POINT('',#2717);
#2717 = CARTESIAN_POINT('',(0.,0.,25.));
#2718 = SURFACE_CURVE('',#2719,(#2723,#2735),.PCURVE_S1.);
#2719 = LINE('',#2720,#2721);
#2720 = CARTESIAN_POINT('',(0.,0.,0.));
#2721 = VECTOR('',#2722,1.);
#2722 = DIRECTION('',(0.,0.,1.));
#2723 = PCURVE('',#2724,#2729);
#2724 = PLANE('',#2725);
#2725 = AXIS2_PLACEMENT_3D('',#2726,#2727,#2728);
#2726 = CARTESIAN_POINT('',(0.,0.,0.));
#2727 = DIRECTION('',(1.,0.,-0.));
#2728 = DIRECTION('',(0.,0.,1.));
#2729 = DEFINITIONAL_REPRESENTATION('',(#2730),#2734);
#2730 = LINE('',#2731,#2732);
#2731 = CARTESIAN_POINT('',(0.,0.));
#2732 = VECTOR('',#2733,1.);
#2733 = DIRECTION('',(1.,0.));
#2734 = ( GEOMETRIC_REPRESENTATION_CONTEXT(2) 
PARAMETRIC_REPRESENTATION_CONTEXT() REPRESENTATION_CONTEXT('2D SPACE',''
  ) );
#2735 = PCURVE('',#2736,#2741);
#2736 = PLANE('',#2737);
#2737 = AXIS2_PLACEMENT_3D('',#2738,#2739,#2740);
#2738 = CARTESIAN_POINT('',(0.,0.,0.));
#2739 = DIRECTION('',(-0.,1.,0.));
#2740 = DIRECTION('',(0.,0.,1.));
#2741 = DEFINITIONAL_REPRESENTATION('',(#2742),#2746);
#2742 = LINE('',#2743,#2744);
#2743 = CARTESIAN_POINT('',(0.,0.));
#2744 = VECTOR('',#2745,1.);
#2745 = DIRECTION('',(1.,0.));
#2746 = ( GEOMETRIC_REPRESENTATION_CONTEXT(2) 
PARAMETRIC_REPRESENTATION_CONTEXT() REPRESENTATION_CONTEXT('2D SPACE',''
  ) );
#2747 = ORIENTED_EDGE('',*,*,#2748,.T.);
#2748 = EDGE_CURVE('',#2714,#2749,#2751,.T.);
#2749 = VERTEX_POINT('',#2750);
#2750 = CARTESIAN_POINT('',(0.,50.,0.));
#2751 = SURFACE_CURVE('',#2752,(#2756,#2763),.PCURVE_S1.);
#2752 = LINE('',#2753,#2754);
#2753 = CARTESIAN_POINT('',(0.,0.,0.));
#2754 = VECTOR('',#2755,1.);
#2755 = DIRECTION('',(-0.,1.,0.));
#2756 = PCURVE('',#2724,#2757);
#2757 = DEFINITIONAL_REPRESENTATION('',(#2758),#2762);
#2758 = LINE('',#2759,#2760);
#2759 = CARTESIAN_POINT('',(0.,0.));
#2760 = VECTOR('',#2761,1.);
#2761 = DIRECTION('',(0.,-1.));
#2762 = ( GEOMETRIC_REPRESENTATION_CONTEXT(2) 
PARAMETRIC_REPRESENTATION_CONTEXT() REPRESENTATION_CONTEXT('2D SPACE',''
  ) );
#2763 = PCURVE('',#2764,#2769);
#2764 = PLANE('',#2765);
#2765 = AXIS2_PLACEMENT_3D('',#2766,#2767,#2768);
#2766 = CARTESIAN_POINT('',(0.,0.,0.));
#2767 = DIRECTION('',(0.,0.,1.));
#2768 = DIRECTION('',(1.,0.,-0.));
#2769 = DEFINITIONAL_REPRESENTATION('',(#2770),#2774);
#2770 = LINE('',#2771,#2772);
#2771 = CARTESIAN_POINT('',(0.,0.));
#2772 = VECTOR('',#2773,1.);
#2773 = DIRECTION('',(0.,1.));
#2774 = ( GEOMETRIC_REPRESENTATION_CONTEXT(2) 
PARAMETRIC_REPRESENTATION_CONTEXT() REPRESENTATION_CONTEXT('2D SPACE',''
  ) );
#2775 = ORIENTED_EDGE('',*,*,#2776,.T.);
#2776 = EDGE_CURVE('',#2749,#2777,#2779,.T.);
#2777 = VERTEX_POINT('',#2778);
#2778 = CARTESIAN_POINT('',(0.,50.,25.));
#2779 = SURFACE_CURVE('',#2780,(#2784,#2791),.PCURVE_S1.);
#2780 = LINE('',#2781,#2782);
#2781 = CARTESIAN_POINT('',(0.,50.,0.));
#2782 = VECTOR('',#2783,1.);
#2783 = DIRECTION('',(0.,0.,1.));
#2784 = PCURVE('',#2724,#2785);
#2785 = DEFINITIONAL_REPRESENTATION('',(#2786),#2790);
#2786 = LINE('',#2787,#2788);
#2787 = CARTESIAN_POINT('',(0.,-50.));
#2788 = VECTOR('',#2789,1.);
#2789 = DIRECTION('',(1.,0.));
#2790 = ( GEOMETRIC_REPRESENTATION_CONTEXT(2) 
PARAMETRIC_REPRESENTATION_CONTEXT() REPRESENTATION_CONTEXT('2D SPACE',''
  ) );
#2791 = PCURVE('',#2792,#2797);
#2792 = PLANE('',#2793);
#2793 = AXIS2_PLACEMENT_3D('',#2794,#2795,#2796);
#2794 = CARTESIAN_POINT('',(0.,50.,0.));
#2795 = DIRECTION('',(-0.,1.,0.));
#2796 = DIRECTION('',(0.,0.,1.));
#2797 = DEFINITIONAL_REPRESENTATION('',(#2798),#2802);
#2798 = LINE('',#2799,#2800);
#2799 = CARTESIAN_POINT('',(0.,0.));
#2800 = VECTOR('',#2801,1.);
#2801 = DIRECTION('',(1.,0.));
#2802 = ( GEOMETRIC_REPRESENTATION_CONTEXT(2) 
PARAMETRIC_REPRESENTATION_CONTEXT() REPRESENTATION_CONTEXT('2D SPACE',''
  ) );
#2803 = ORIENTED_EDGE('',*,*,#2804,.F.);
#2804 = EDGE_CURVE('',#2716,#2777,#2805,.T.);
#2805 = SURFACE_CURVE('',#2806,(#2810,#2817),.PCURVE_S1.);
#2806 = LINE('',#2807,#2808);
#2807 = CARTESIAN_POINT('',(0.,0.,25.));
#2808 = VECTOR('',#2809,1.);
#2809 = DIRECTION('',(-0.,1.,0.));
#2810 = PCURVE('',#2724,#2811);
#2811 = DEFINITIONAL_REPRESENTATION('',(#2812),#2816);
#2812 = LINE('',#2813,#2814);
#2813 = CARTESIAN_POINT('',(25.,0.));
#2814 = VECTOR('',#2815,1.);
#2815 = DIRECTION('',(0.,-1.));
#2816 = ( GEOMETRIC_REPRESENTATION_CONTEXT(2) 
PARAMETRIC_REPRESENTATION_CONTEXT() REPRESENTATION_CONTEXT('2D SPACE',''
  ) );
#2817 = PCURVE('',#2818,#2823);
#2818 = PLANE('',#2819);
#2819 = AXIS2_PLACEMENT_3D('',#2820,#2821,#2822);
#2820 = CARTESIAN_POINT('',(0.,0.,25.));
#2821 = DIRECTION('',(0.,0.,1.));
#2822 = DIRECTION('',(1.,0.,-0.));
#2823 = DEFINITIONAL_REPRESENTATION('',(#2824),#2828);
#2824 = LINE('',#2825,#2826);
#2825 = CARTESIAN_POINT('',(0.,0.));
#2826 = VECTOR('',#2827,1.);
#2827 = DIRECTION('',(0.,1.));
#2828 = ( GEOMETRIC_REPRESENTATION_CONTEXT(2) 
PARAMETRIC_REPRESENTATION_CONTEXT() REPRESENTATION_CONTEXT('2D SPACE',''
  ) );
#2829 = ADVANCED_FACE('',(#2830),#2844,.T.);
#2830 = FACE_BOUND('',#2831,.T.);
#2831 = EDGE_LOOP('',(#2832,#2862,#2885,#2908));
#2832 = ORIENTED_EDGE('',*,*,#2833,.F.);
#2833 = EDGE_CURVE('',#2834,#2836,#2838,.T.);
#2834 = VERTEX_POINT('',#2835);
#2835 = CARTESIAN_POINT('',(947.,0.,0.));
#2836 = VERTEX_POINT('',#2837);
#2837 = CARTESIAN_POINT('',(947.,0.,25.));
#2838 = SURFACE_CURVE('',#2839,(#2843,#2855),.PCURVE_S1.);
#2839 = LINE('',#2840,#2841);
#2840 = CARTESIAN_POINT('',(947.,0.,0.));
#2841 = VECTOR('',#2842,1.);
#2842 = DIRECTION('',(0.,0.,1.));
#2843 = PCURVE('',#2844,#2849);
#2844 = PLANE('',#2845);
#2845 = AXIS2_PLACEMENT_3D('',#2846,#2847,#2848);
#2846 = CARTESIAN_POINT('',(947.,0.,0.));
#2847 = DIRECTION('',(1.,0.,-0.));
#2848 = DIRECTION('',(0.,0.,1.));
#2849 = DEFINITIONAL_REPRESENTATION('',(#2850),#2854);
#2850 = LINE('',#2851,#2852);
#2851 = CARTESIAN_POINT('',(0.,0.));
#2852 = VECTOR('',#2853,1.);
#2853 = DIRECTION('',(1.,0.));
#2854 = ( GEOMETRIC_REPRESENTATION_CONTEXT(2) 
PARAMETRIC_REPRESENTATION_CONTEXT() REPRESENTATION_CONTEXT('2D SPACE',''
  ) );
#2855 = PCURVE('',#2736,#2856);
#2856 = DEFINITIONAL_REPRESENTATION('',(#2857),#2861);
#2857 = LINE('',#2858,#2859);
#2858 = CARTESIAN_POINT('',(0.,947.));
#2859 = VECTOR('',#2860,1.);
#2860 = DIRECTION('',(1.,0.));
#2861 = ( GEOMETRIC_REPRESENTATION_CONTEXT(2) 
PARAMETRIC_REPRESENTATION_CONTEXT() REPRESENTATION_CONTEXT('2D SPACE',''
  ) );
#2862 = ORIENTED_EDGE('',*,*,#2863,.T.);
#2863 = EDGE_CURVE('',#2834,#2864,#2866,.T.);
#2864 = VERTEX_POINT('',#2865);
#2865 = CARTESIAN_POINT('',(947.,50.,0.));
#2866 = SURFACE_CURVE('',#2867,(#2871,#2878),.PCURVE_S1.);
#2867 = LINE('',#2868,#2869);
#2868 = CARTESIAN_POINT('',(947.,0.,0.));
#2869 = VECTOR('',#2870,1.);
#2870 = DIRECTION('',(-0.,1.,0.));
#2871 = PCURVE('',#2844,#2872);
#2872 = DEFINITIONAL_REPRESENTATION('',(#2873),#2877);
#2873 = LINE('',#2874,#2875);
#2874 = CARTESIAN_POINT('',(0.,0.));
#2875 = VECTOR('',#2876,1.);
#2876 = DIRECTION('',(0.,-1.));
#2877 = ( GEOMETRIC_REPRESENTATION_CONTEXT(2) 
PARAMETRIC_REPRESENTATION_CONTEXT() REPRESENTATION_CONTEXT('2D SPACE',''
  ) );
#2878 = PCURVE('',#2764,#2879);
#2879 = DEFINITIONAL_REPRESENTATION('',(#2880),#2884);
#2880 = LINE('',#2881,#2882);
#2881 = CARTESIAN_POINT('',(947.,0.));
#2882 = VECTOR('',#2883,1.);
#2883 = DIRECTION('',(0.,1.));
#2884 = ( GEOMETRIC_REPRESENTATION_CONTEXT(2) 
PARAMETRIC_REPRESENTATION_CONTEXT() REPRESENTATION_CONTEXT('2D SPACE',''
  ) );
#2885 = ORIENTED_EDGE('',*,*,#2886,.T.);
#2886 = EDGE_CURVE('',#2864,#2887,#2889,.T.);
#2887 = VERTEX_POINT('',#2888);
#2888 = CARTESIAN_POINT('',(947.,50.,25.));
#2889 = SURFACE_CURVE('',#2890,(#2894,#2901),.PCURVE_S1.);
#2890 = LINE('',#2891,#2892);
#2891 = CARTESIAN_POINT('',(947.,50.,0.));
#2892 = VECTOR('',#2893,1.);
#2893 = DIRECTION('',(0.,0.,1.));
#2894 = PCURVE('',#2844,#2895);
#2895 = DEFINITIONAL_REPRESENTATION('',(#2896),#2900);
#2896 = LINE('',#2897,#2898);
#2897 = CARTESIAN_POINT('',(0.,-50.));
#2898 = VECTOR('',#2899,1.);
#2899 = DIRECTION('',(1.,0.));
#2900 = ( GEOMETRIC_REPRESENTATION_CONTEXT(2) 
PARAMETRIC_REPRESENTATION_CONTEXT() REPRESENTATION_CONTEXT('2D SPACE',''
  ) );
#2901 = PCURVE('',#2792,#2902);
#2902 = DEFINITIONAL_REPRESENTATION('',(#2903),#2907);
#2903 = LINE('',#2904,#2905);
#2904 = CARTESIAN_POINT('',(0.,947.));
#2905 = VECTOR('',#2906,1.);
#2906 = DIRECTION('',(1.,0.));
#2907 = ( GEOMETRIC_REPRESENTATION_CONTEXT(2) 
PARAMETRIC_REPRESENTATION_CONTEXT() REPRESENTATION_CONTEXT('2D SPACE',''
  ) );
#2908 = ORIENTED_EDGE('',*,*,#2909,.F.);
#2909 = EDGE_CURVE('',#2836,#2887,#2910,.T.);
#2910 = SURFACE_CURVE('',#2911,(#2915,#2922),.PCURVE_S1.);
#2911 = LINE('',#2912,#2913);
#2912 = CARTESIAN_POINT('',(947.,0.,25.));
#2913 = VECTOR('',#2914,1.);
#2914 = DIRECTION('',(-0.,1.,0.));
#2915 = PCURVE('',#2844,#2916);
#2916 = DEFINITIONAL_REPRESENTATION('',(#2917),#2921);
#2917 = LINE('',#2918,#2919);
#2918 = CARTESIAN_POINT('',(25.,0.));
#2919 = VECTOR('',#2920,1.);
#2920 = DIRECTION('',(0.,-1.));
#2921 = ( GEOMETRIC_REPRESENTATION_CONTEXT(2) 
PARAMETRIC_REPRESENTATION_CONTEXT() REPRESENTATION_CONTEXT('2D SPACE',''
  ) );
#2922 = PCURVE('',#2818,#2923);
#2923 = DEFINITIONAL_REPRESENTATION('',(#2924),#2928);
#2924 = LINE('',#2925,#2926);
#2925 = CARTESIAN_POINT('',(947.,0.));
#2926 = VECTOR('',#2927,1.);
#2927 = DIRECTION('',(0.,1.));
#2928 = ( GEOMETRIC_REPRESENTATION_CONTEXT(2) 
PARAMETRIC_REPRESENTATION_CONTEXT() REPRESENTATION_CONTEXT('2D SPACE',''
  ) );
#2929 = ADVANCED_FACE('',(#2930),#2736,.F.);
#2930 = FACE_BOUND('',#2931,.F.);
#2931 = EDGE_LOOP('',(#2932,#2953,#2954,#2975));
#2932 = ORIENTED_EDGE('',*,*,#2933,.F.);
#2933 = EDGE_CURVE('',#2714,#2834,#2934,.T.);
#2934 = SURFACE_CURVE('',#2935,(#2939,#2946),.PCURVE_S1.);
#2935 = LINE('',#2936,#2937);
#2936 = CARTESIAN_POINT('',(0.,0.,0.));
#2937 = VECTOR('',#2938,1.);
#2938 = DIRECTION('',(1.,0.,-0.));
#2939 = PCURVE('',#2736,#2940);
#2940 = DEFINITIONAL_REPRESENTATION('',(#2941),#2945);
#2941 = LINE('',#2942,#2943);
#2942 = CARTESIAN_POINT('',(0.,0.));
#2943 = VECTOR('',#2944,1.);
#2944 = DIRECTION('',(0.,1.));
#2945 = ( GEOMETRIC_REPRESENTATION_CONTEXT(2) 
PARAMETRIC_REPRESENTATION_CONTEXT() REPRESENTATION_CONTEXT('2D SPACE',''
  ) );
#2946 = PCURVE('',#2764,#2947);
#2947 = DEFINITIONAL_REPRESENTATION('',(#2948),#2952);
#2948 = LINE('',#2949,#2950);
#2949 = CARTESIAN_POINT('',(0.,0.));
#2950 = VECTOR('',#2951,1.);
#2951 = DIRECTION('',(1.,0.));
#2952 = ( GEOMETRIC_REPRESENTATION_CONTEXT(2) 
PARAMETRIC_REPRESENTATION_CONTEXT() REPRESENTATION_CONTEXT('2D SPACE',''
  ) );
#2953 = ORIENTED_EDGE('',*,*,#2713,.T.);
#2954 = ORIENTED_EDGE('',*,*,#2955,.T.);
#2955 = EDGE_CURVE('',#2716,#2836,#2956,.T.);
#2956 = SURFACE_CURVE('',#2957,(#2961,#2968),.PCURVE_S1.);
#2957 = LINE('',#2958,#2959);
#2958 = CARTESIAN_POINT('',(0.,0.,25.));
#2959 = VECTOR('',#2960,1.);
#2960 = DIRECTION('',(1.,0.,-0.));
#2961 = PCURVE('',#2736,#2962);
#2962 = DEFINITIONAL_REPRESENTATION('',(#2963),#2967);
#2963 = LINE('',#2964,#2965);
#2964 = CARTESIAN_POINT('',(25.,0.));
#2965 = VECTOR('',#2966,1.);
#2966 = DIRECTION('',(0.,1.));
#2967 = ( GEOMETRIC_REPRESENTATION_CONTEXT(2) 
PARAMETRIC_REPRESENTATION_CONTEXT() REPRESENTATION_CONTEXT('2D SPACE',''
  ) );
#2968 = PCURVE('',#2818,#2969);
#2969 = DEFINITIONAL_REPRESENTATION('',(#2970),#2974);
#2970 = LINE('',#2971,#2972);
#2971 = CARTESIAN_POINT('',(0.,0.));
#2972 = VECTOR('',#2973,1.);
#2973 = DIRECTION('',(1.,0.));
#2974 = ( GEOMETRIC_REPRESENTATION_CONTEXT(2) 
PARAMETRIC_REPRESENTATION_CONTEXT() REPRESENTATION_CONTEXT('2D SPACE',''
  ) );
#2975 = ORIENTED_EDGE('',*,*,#2833,.F.);
#2976 = ADVANCED_FACE('',(#2977),#2792,.T.);
#2977 = FACE_BOUND('',#2978,.T.);
#2978 = EDGE_LOOP('',(#2979,#3000,#3001,#3022));
#2979 = ORIENTED_EDGE('',*,*,#2980,.F.);
#2980 = EDGE_CURVE('',#2749,#2864,#2981,.T.);
#2981 = SURFACE_CURVE('',#2982,(#2986,#2993),.PCURVE_S1.);
#2982 = LINE('',#2983,#2984);
#2983 = CARTESIAN_POINT('',(0.,50.,0.));
#2984 = VECTOR('',#2985,1.);
#2985 = DIRECTION('',(1.,0.,-0.));
#2986 = PCURVE('',#2792,#2987);
#2987 = DEFINITIONAL_REPRESENTATION('',(#2988),#2992);
#2988 = LINE('',#2989,#2990);
#2989 = CARTESIAN_POINT('',(0.,0.));
#2990 = VECTOR('',#2991,1.);
#2991 = DIRECTION('',(0.,1.));
#2992 = ( GEOMETRIC_REPRESENTATION_CONTEXT(2) 
PARAMETRIC_REPRESENTATION_CONTEXT() REPRESENTATION_CONTEXT('2D SPACE',''
  ) );
#2993 = PCURVE('',#2764,#2994);
#2994 = DEFINITIONAL_REPRESENTATION('',(#2995),#2999);
#2995 = LINE('',#2996,#2997);
#2996 = CARTESIAN_POINT('',(0.,50.));
#2997 = VECTOR('',#2998,1.);
#2998 = DIRECTION('',(1.,0.));
#2999 = ( GEOMETRIC_REPRESENTATION_CONTEXT(2) 
PARAMETRIC_REPRESENTATION_CONTEXT() REPRESENTATION_CONTEXT('2D SPACE',''
  ) );
#3000 = ORIENTED_EDGE('',*,*,#2776,.T.);
#3001 = ORIENTED_EDGE('',*,*,#3002,.T.);
#3002 = EDGE_CURVE('',#2777,#2887,#3003,.T.);
#3003 = SURFACE_CURVE('',#3004,(#3008,#3015),.PCURVE_S1.);
#3004 = LINE('',#3005,#3006);
#3005 = CARTESIAN_POINT('',(0.,50.,25.));
#3006 = VECTOR('',#3007,1.);
#3007 = DIRECTION('',(1.,0.,-0.));
#3008 = PCURVE('',#2792,#3009);
#3009 = DEFINITIONAL_REPRESENTATION('',(#3010),#3014);
#3010 = LINE('',#3011,#3012);
#3011 = CARTESIAN_POINT('',(25.,0.));
#3012 = VECTOR('',#3013,1.);
#3013 = DIRECTION('',(0.,1.));
#3014 = ( GEOMETRIC_REPRESENTATION_CONTEXT(2) 
PARAMETRIC_REPRESENTATION_CONTEXT() REPRESENTATION_CONTEXT('2D SPACE',''
  ) );
#3015 = PCURVE('',#2818,#3016);
#3016 = DEFINITIONAL_REPRESENTATION('',(#3017),#3021);
#3017 = LINE('',#3018,#3019);
#3018 = CARTESIAN_POINT('',(0.,50.));
#3019 = VECTOR('',#3020,1.);
#3020 = DIRECTION('',(1.,0.));
#3021 = ( GEOMETRIC_REPRESENTATION_CONTEXT(2) 
PARAMETRIC_REPRESENTATION_CONTEXT() REPRESENTATION_CONTEXT('2D SPACE',''
  ) );
#3022 = ORIENTED_EDGE('',*,*,#2886,.F.);
#3023 = ADVANCED_FACE('',(#3024),#2764,.F.);
#3024 = FACE_BOUND('',#3025,.F.);
#3025 = EDGE_LOOP('',(#3026,#3027,#3028,#3029));
#3026 = ORIENTED_EDGE('',*,*,#2748,.F.);
#3027 = ORIENTED_EDGE('',*,*,#2933,.T.);
#3028 = ORIENTED_EDGE('',*,*,#2863,.T.);
#3029 = ORIENTED_EDGE('',*,*,#2980,.F.);
#3030 = ADVANCED_FACE('',(#3031),#2818,.T.);
#3031 = FACE_BOUND('',#3032,.T.);
#3032 = EDGE_LOOP('',(#3033,#3034,#3035,#3036));
#3033 = ORIENTED_EDGE('',*,*,#2804,.F.);
#3034 = ORIENTED_EDGE('',*,*,#2955,.T.);
#3035 = ORIENTED_EDGE('',*,*,#2909,.T.);
#3036 = ORIENTED_EDGE('',*,*,#3002,.F.);
#3037 = ( GEOMETRIC_REPRESENTATION_CONTEXT(3) 
GLOBAL_UNCERTAINTY_ASSIGNED_CONTEXT((#3041)) 
GLOBAL_UNIT_ASSIGNED_CONTEXT((#3038,#3039,#3040)) REPRESENTATION_CONTEXT
('Context #1','3D Context with UNIT and UNCERTAINTY') );
#3038 = ( LENGTH_UNIT() NAMED_UNIT(*) SI_UNIT(.MILLI.,.METRE.) );
#3039 = ( NAMED_UNIT(*) PLANE_ANGLE_UNIT() SI_UNIT($,.RADIAN.) );
#3040 = ( NAMED_UNIT(*) SI_UNIT($,.STERADIAN.) SOLID_ANGLE_UNIT() );
#3041 = UNCERTAINTY_MEASURE_WITH_UNIT(LENGTH_MEASURE(1.E-07),#3038,
  'distance_accuracy_value','confusion accuracy');
#3042 = CONTEXT_DEPENDENT_SHAPE_REPRESENTATION(#3043,#3045);
#3043 = ( REPRESENTATION_RELATIONSHIP('','',#2706,#10) 
REPRESENTATION_RELATIONSHIP_WITH_TRANSFORMATION(#3044) 
SHAPE_REPRESENTATION_RELATIONSHIP() );
#3044 = ITEM_DEFINED_TRANSFORMATION('','',#11,#23);
#3045 = PRODUCT_DEFINITION_SHAPE('Placement','Placement of an item',
  #3046);
#3046 = NEXT_ASSEMBLY_USAGE_OCCURRENCE('870',
  '\X2\043F043504400435043C044B0447043A0430\X0\_25\X2\0445\X0\50\X2\0445\X0\947','',#5,#2701,$);
#3047 = PRODUCT_RELATED_PRODUCT_CATEGORY('part',$,(#2703));
#3048 = SHAPE_DEFINITION_REPRESENTATION(#3049,#3055);
#3049 = PRODUCT_DEFINITION_SHAPE('','',#3050);
#3050 = PRODUCT_DEFINITION('design','',#3051,#3054);
#3051 = PRODUCT_DEFINITION_FORMATION('','',#3052);
#3052 = PRODUCT('\X2\043F043504400435043C044B0447043A0430\X0\_25\X2\0445\X0\50\X2\0445\X0\947',
  '\X2\043F043504400435043C044B0447043A0430\X0\_25\X2\0445\X0\50\X2\0445\X0\947','',(#3053));
#3053 = PRODUCT_CONTEXT('',#2,'mechanical');
#3054 = PRODUCT_DEFINITION_CONTEXT('part definition',#2,'design');
#3055 = ADVANCED_BREP_SHAPE_REPRESENTATION('',(#11,#3056),#3470);
#3056 = MANIFOLD_SOLID_BREP('',#3057);
#3057 = CLOSED_SHELL('',(#3058,#3178,#3254,#3334,#3383,#3436,#3443));
#3058 = ADVANCED_FACE('',(#3059),#3073,.F.);
#3059 = FACE_BOUND('',#3060,.F.);
#3060 = EDGE_LOOP('',(#3061,#3096,#3124,#3152));
#3061 = ORIENTED_EDGE('',*,*,#3062,.F.);
#3062 = EDGE_CURVE('',#3063,#3065,#3067,.T.);
#3063 = VERTEX_POINT('',#3064);
#3064 = CARTESIAN_POINT('',(25.,0.,2.375E+03));
#3065 = VERTEX_POINT('',#3066);
#3066 = CARTESIAN_POINT('',(25.,0.,2.4E+03));
#3067 = SURFACE_CURVE('',#3068,(#3072,#3084),.PCURVE_S1.);
#3068 = LINE('',#3069,#3070);
#3069 = CARTESIAN_POINT('',(25.,0.,2.375E+03));
#3070 = VECTOR('',#3071,1.);
#3071 = DIRECTION('',(0.,0.,1.));
#3072 = PCURVE('',#3073,#3078);
#3073 = PLANE('',#3074);
#3074 = AXIS2_PLACEMENT_3D('',#3075,#3076,#3077);
#3075 = CARTESIAN_POINT('',(25.,0.,2.375E+03));
#3076 = DIRECTION('',(1.,0.,-0.));
#3077 = DIRECTION('',(0.,0.,1.));
#3078 = DEFINITIONAL_REPRESENTATION('',(#3079),#3083);
#3079 = LINE('',#3080,#3081);
#3080 = CARTESIAN_POINT('',(0.,0.));
#3081 = VECTOR('',#3082,1.);
#3082 = DIRECTION('',(1.,0.));
#3083 = ( GEOMETRIC_REPRESENTATION_CONTEXT(2) 
PARAMETRIC_REPRESENTATION_CONTEXT() REPRESENTATION_CONTEXT('2D SPACE',''
  ) );
#3084 = PCURVE('',#3085,#3090);
#3085 = PLANE('',#3086);
#3086 = AXIS2_PLACEMENT_3D('',#3087,#3088,#3089);
#3087 = CARTESIAN_POINT('',(25.,0.,2.375E+03));
#3088 = DIRECTION('',(-0.,1.,0.));
#3089 = DIRECTION('',(0.,0.,1.));
#3090 = DEFINITIONAL_REPRESENTATION('',(#3091),#3095);
#3091 = LINE('',#3092,#3093);
#3092 = CARTESIAN_POINT('',(0.,0.));
#3093 = VECTOR('',#3094,1.);
#3094 = DIRECTION('',(1.,0.));
#3095 = ( GEOMETRIC_REPRESENTATION_CONTEXT(2) 
PARAMETRIC_REPRESENTATION_CONTEXT() REPRESENTATION_CONTEXT('2D SPACE',''
  ) );
#3096 = ORIENTED_EDGE('',*,*,#3097,.T.);
#3097 = EDGE_CURVE('',#3063,#3098,#3100,.T.);
#3098 = VERTEX_POINT('',#3099);
#3099 = CARTESIAN_POINT('',(25.,50.,2.375E+03));
#3100 = SURFACE_CURVE('',#3101,(#3105,#3112),.PCURVE_S1.);
#3101 = LINE('',#3102,#3103);
#3102 = CARTESIAN_POINT('',(25.,0.,2.375E+03));
#3103 = VECTOR('',#3104,1.);
#3104 = DIRECTION('',(-0.,1.,0.));
#3105 = PCURVE('',#3073,#3106);
#3106 = DEFINITIONAL_REPRESENTATION('',(#3107),#3111);
#3107 = LINE('',#3108,#3109);
#3108 = CARTESIAN_POINT('',(0.,0.));
#3109 = VECTOR('',#3110,1.);
#3110 = DIRECTION('',(0.,-1.));
#3111 = ( GEOMETRIC_REPRESENTATION_CONTEXT(2) 
PARAMETRIC_REPRESENTATION_CONTEXT() REPRESENTATION_CONTEXT('2D SPACE',''
  ) );
#3112 = PCURVE('',#3113,#3118);
#3113 = PLANE('',#3114);
#3114 = AXIS2_PLACEMENT_3D('',#3115,#3116,#3117);
#3115 = CARTESIAN_POINT('',(25.,0.,2.375E+03));
#3116 = DIRECTION('',(0.,0.,1.));
#3117 = DIRECTION('',(1.,0.,-0.));
#3118 = DEFINITIONAL_REPRESENTATION('',(#3119),#3123);
#3119 = LINE('',#3120,#3121);
#3120 = CARTESIAN_POINT('',(0.,0.));
#3121 = VECTOR('',#3122,1.);
#3122 = DIRECTION('',(0.,1.));
#3123 = ( GEOMETRIC_REPRESENTATION_CONTEXT(2) 
PARAMETRIC_REPRESENTATION_CONTEXT() REPRESENTATION_CONTEXT('2D SPACE',''
  ) );
#3124 = ORIENTED_EDGE('',*,*,#3125,.T.);
#3125 = EDGE_CURVE('',#3098,#3126,#3128,.T.);
#3126 = VERTEX_POINT('',#3127);
#3127 = CARTESIAN_POINT('',(25.,50.,2.4E+03));
#3128 = SURFACE_CURVE('',#3129,(#3133,#3140),.PCURVE_S1.);
#3129 = LINE('',#3130,#3131);
#3130 = CARTESIAN_POINT('',(25.,50.,2.375E+03));
#3131 = VECTOR('',#3132,1.);
#3132 = DIRECTION('',(0.,0.,1.));
#3133 = PCURVE('',#3073,#3134);
#3134 = DEFINITIONAL_REPRESENTATION('',(#3135),#3139);
#3135 = LINE('',#3136,#3137);
#3136 = CARTESIAN_POINT('',(0.,-50.));
#3137 = VECTOR('',#3138,1.);
#3138 = DIRECTION('',(1.,0.));
#3139 = ( GEOMETRIC_REPRESENTATION_CONTEXT(2) 
PARAMETRIC_REPRESENTATION_CONTEXT() REPRESENTATION_CONTEXT('2D SPACE',''
  ) );
#3140 = PCURVE('',#3141,#3146);
#3141 = PLANE('',#3142);
#3142 = AXIS2_PLACEMENT_3D('',#3143,#3144,#3145);
#3143 = CARTESIAN_POINT('',(25.,50.,2.375E+03));
#3144 = DIRECTION('',(-0.,1.,0.));
#3145 = DIRECTION('',(0.,0.,1.));
#3146 = DEFINITIONAL_REPRESENTATION('',(#3147),#3151);
#3147 = LINE('',#3148,#3149);
#3148 = CARTESIAN_POINT('',(0.,0.));
#3149 = VECTOR('',#3150,1.);
#3150 = DIRECTION('',(1.,0.));
#3151 = ( GEOMETRIC_REPRESENTATION_CONTEXT(2) 
PARAMETRIC_REPRESENTATION_CONTEXT() REPRESENTATION_CONTEXT('2D SPACE',''
  ) );
#3152 = ORIENTED_EDGE('',*,*,#3153,.F.);
#3153 = EDGE_CURVE('',#3065,#3126,#3154,.T.);
#3154 = SURFACE_CURVE('',#3155,(#3159,#3166),.PCURVE_S1.);
#3155 = LINE('',#3156,#3157);
#3156 = CARTESIAN_POINT('',(25.,0.,2.4E+03));
#3157 = VECTOR('',#3158,1.);
#3158 = DIRECTION('',(-0.,1.,0.));
#3159 = PCURVE('',#3073,#3160);
#3160 = DEFINITIONAL_REPRESENTATION('',(#3161),#3165);
#3161 = LINE('',#3162,#3163);
#3162 = CARTESIAN_POINT('',(25.,0.));
#3163 = VECTOR('',#3164,1.);
#3164 = DIRECTION('',(0.,-1.));
#3165 = ( GEOMETRIC_REPRESENTATION_CONTEXT(2) 
PARAMETRIC_REPRESENTATION_CONTEXT() REPRESENTATION_CONTEXT('2D SPACE',''
  ) );
#3166 = PCURVE('',#3167,#3172);
#3167 = PLANE('',#3168);
#3168 = AXIS2_PLACEMENT_3D('',#3169,#3170,#3171);
#3169 = CARTESIAN_POINT('',(25.,0.,2.4E+03));
#3170 = DIRECTION('',(0.,0.,1.));
#3171 = DIRECTION('',(1.,0.,-0.));
#3172 = DEFINITIONAL_REPRESENTATION('',(#3173),#3177);
#3173 = LINE('',#3174,#3175);
#3174 = CARTESIAN_POINT('',(0.,0.));
#3175 = VECTOR('',#3176,1.);
#3176 = DIRECTION('',(0.,1.));
#3177 = ( GEOMETRIC_REPRESENTATION_CONTEXT(2) 
PARAMETRIC_REPRESENTATION_CONTEXT() REPRESENTATION_CONTEXT('2D SPACE',''
  ) );
#3178 = ADVANCED_FACE('',(#3179),#3085,.F.);
#3179 = FACE_BOUND('',#3180,.F.);
#3180 = EDGE_LOOP('',(#3181,#3204,#3205,#3228));
#3181 = ORIENTED_EDGE('',*,*,#3182,.F.);
#3182 = EDGE_CURVE('',#3063,#3183,#3185,.T.);
#3183 = VERTEX_POINT('',#3184);
#3184 = CARTESIAN_POINT('',(972.,0.,2.375E+03));
#3185 = SURFACE_CURVE('',#3186,(#3190,#3197),.PCURVE_S1.);
#3186 = LINE('',#3187,#3188);
#3187 = CARTESIAN_POINT('',(25.,0.,2.375E+03));
#3188 = VECTOR('',#3189,1.);
#3189 = DIRECTION('',(1.,0.,-0.));
#3190 = PCURVE('',#3085,#3191);
#3191 = DEFINITIONAL_REPRESENTATION('',(#3192),#3196);
#3192 = LINE('',#3193,#3194);
#3193 = CARTESIAN_POINT('',(0.,0.));
#3194 = VECTOR('',#3195,1.);
#3195 = DIRECTION('',(0.,1.));
#3196 = ( GEOMETRIC_REPRESENTATION_CONTEXT(2) 
PARAMETRIC_REPRESENTATION_CONTEXT() REPRESENTATION_CONTEXT('2D SPACE',''
  ) );
#3197 = PCURVE('',#3113,#3198);
#3198 = DEFINITIONAL_REPRESENTATION('',(#3199),#3203);
#3199 = LINE('',#3200,#3201);
#3200 = CARTESIAN_POINT('',(0.,0.));
#3201 = VECTOR('',#3202,1.);
#3202 = DIRECTION('',(1.,0.));
#3203 = ( GEOMETRIC_REPRESENTATION_CONTEXT(2) 
PARAMETRIC_REPRESENTATION_CONTEXT() REPRESENTATION_CONTEXT('2D SPACE',''
  ) );
#3204 = ORIENTED_EDGE('',*,*,#3062,.T.);
#3205 = ORIENTED_EDGE('',*,*,#3206,.T.);
#3206 = EDGE_CURVE('',#3065,#3207,#3209,.T.);
#3207 = VERTEX_POINT('',#3208);
#3208 = CARTESIAN_POINT('',(972.,0.,2.4E+03));
#3209 = SURFACE_CURVE('',#3210,(#3214,#3221),.PCURVE_S1.);
#3210 = LINE('',#3211,#3212);
#3211 = CARTESIAN_POINT('',(25.,0.,2.4E+03));
#3212 = VECTOR('',#3213,1.);
#3213 = DIRECTION('',(1.,0.,-0.));
#3214 = PCURVE('',#3085,#3215);
#3215 = DEFINITIONAL_REPRESENTATION('',(#3216),#3220);
#3216 = LINE('',#3217,#3218);
#3217 = CARTESIAN_POINT('',(25.,0.));
#3218 = VECTOR('',#3219,1.);
#3219 = DIRECTION('',(0.,1.));
#3220 = ( GEOMETRIC_REPRESENTATION_CONTEXT(2) 
PARAMETRIC_REPRESENTATION_CONTEXT() REPRESENTATION_CONTEXT('2D SPACE',''
  ) );
#3221 = PCURVE('',#3167,#3222);
#3222 = DEFINITIONAL_REPRESENTATION('',(#3223),#3227);
#3223 = LINE('',#3224,#3225);
#3224 = CARTESIAN_POINT('',(0.,0.));
#3225 = VECTOR('',#3226,1.);
#3226 = DIRECTION('',(1.,0.));
#3227 = ( GEOMETRIC_REPRESENTATION_CONTEXT(2) 
PARAMETRIC_REPRESENTATION_CONTEXT() REPRESENTATION_CONTEXT('2D SPACE',''
  ) );
#3228 = ORIENTED_EDGE('',*,*,#3229,.F.);
#3229 = EDGE_CURVE('',#3183,#3207,#3230,.T.);
#3230 = SURFACE_CURVE('',#3231,(#3235,#3242),.PCURVE_S1.);
#3231 = LINE('',#3232,#3233);
#3232 = CARTESIAN_POINT('',(972.,0.,2.375E+03));
#3233 = VECTOR('',#3234,1.);
#3234 = DIRECTION('',(0.,0.,1.));
#3235 = PCURVE('',#3085,#3236);
#3236 = DEFINITIONAL_REPRESENTATION('',(#3237),#3241);
#3237 = LINE('',#3238,#3239);
#3238 = CARTESIAN_POINT('',(0.,947.));
#3239 = VECTOR('',#3240,1.);
#3240 = DIRECTION('',(1.,0.));
#3241 = ( GEOMETRIC_REPRESENTATION_CONTEXT(2) 
PARAMETRIC_REPRESENTATION_CONTEXT() REPRESENTATION_CONTEXT('2D SPACE',''
  ) );
#3242 = PCURVE('',#3243,#3248);
#3243 = PLANE('',#3244);
#3244 = AXIS2_PLACEMENT_3D('',#3245,#3246,#3247);
#3245 = CARTESIAN_POINT('',(972.,0.,2.375E+03));
#3246 = DIRECTION('',(1.,0.,-0.));
#3247 = DIRECTION('',(0.,0.,1.));
#3248 = DEFINITIONAL_REPRESENTATION('',(#3249),#3253);
#3249 = LINE('',#3250,#3251);
#3250 = CARTESIAN_POINT('',(0.,0.));
#3251 = VECTOR('',#3252,1.);
#3252 = DIRECTION('',(1.,0.));
#3253 = ( GEOMETRIC_REPRESENTATION_CONTEXT(2) 
PARAMETRIC_REPRESENTATION_CONTEXT() REPRESENTATION_CONTEXT('2D SPACE',''
  ) );
#3254 = ADVANCED_FACE('',(#3255,#3303),#3167,.T.);
#3255 = FACE_BOUND('',#3256,.T.);
#3256 = EDGE_LOOP('',(#3257,#3258,#3259,#3282));
#3257 = ORIENTED_EDGE('',*,*,#3153,.F.);
#3258 = ORIENTED_EDGE('',*,*,#3206,.T.);
#3259 = ORIENTED_EDGE('',*,*,#3260,.T.);
#3260 = EDGE_CURVE('',#3207,#3261,#3263,.T.);
#3261 = VERTEX_POINT('',#3262);
#3262 = CARTESIAN_POINT('',(972.,50.,2.4E+03));
#3263 = SURFACE_CURVE('',#3264,(#3268,#3275),.PCURVE_S1.);
#3264 = LINE('',#3265,#3266);
#3265 = CARTESIAN_POINT('',(972.,0.,2.4E+03));
#3266 = VECTOR('',#3267,1.);
#3267 = DIRECTION('',(-0.,1.,0.));
#3268 = PCURVE('',#3167,#3269);
#3269 = DEFINITIONAL_REPRESENTATION('',(#3270),#3274);
#3270 = LINE('',#3271,#3272);
#3271 = CARTESIAN_POINT('',(947.,0.));
#3272 = VECTOR('',#3273,1.);
#3273 = DIRECTION('',(0.,1.));
#3274 = ( GEOMETRIC_REPRESENTATION_CONTEXT(2) 
PARAMETRIC_REPRESENTATION_CONTEXT() REPRESENTATION_CONTEXT('2D SPACE',''
  ) );
#3275 = PCURVE('',#3243,#3276);
#3276 = DEFINITIONAL_REPRESENTATION('',(#3277),#3281);
#3277 = LINE('',#3278,#3279);
#3278 = CARTESIAN_POINT('',(25.,0.));
#3279 = VECTOR('',#3280,1.);
#3280 = DIRECTION('',(0.,-1.));
#3281 = ( GEOMETRIC_REPRESENTATION_CONTEXT(2) 
PARAMETRIC_REPRESENTATION_CONTEXT() REPRESENTATION_CONTEXT('2D SPACE',''
  ) );
#3282 = ORIENTED_EDGE('',*,*,#3283,.F.);
#3283 = EDGE_CURVE('',#3126,#3261,#3284,.T.);
#3284 = SURFACE_CURVE('',#3285,(#3289,#3296),.PCURVE_S1.);
#3285 = LINE('',#3286,#3287);
#3286 = CARTESIAN_POINT('',(25.,50.,2.4E+03));
#3287 = VECTOR('',#3288,1.);
#3288 = DIRECTION('',(1.,0.,-0.));
#3289 = PCURVE('',#3167,#3290);
#3290 = DEFINITIONAL_REPRESENTATION('',(#3291),#3295);
#3291 = LINE('',#3292,#3293);
#3292 = CARTESIAN_POINT('',(0.,50.));
#3293 = VECTOR('',#3294,1.);
#3294 = DIRECTION('',(1.,0.));
#3295 = ( GEOMETRIC_REPRESENTATION_CONTEXT(2) 
PARAMETRIC_REPRESENTATION_CONTEXT() REPRESENTATION_CONTEXT('2D SPACE',''
  ) );
#3296 = PCURVE('',#3141,#3297);
#3297 = DEFINITIONAL_REPRESENTATION('',(#3298),#3302);
#3298 = LINE('',#3299,#3300);
#3299 = CARTESIAN_POINT('',(25.,0.));
#3300 = VECTOR('',#3301,1.);
#3301 = DIRECTION('',(0.,1.));
#3302 = ( GEOMETRIC_REPRESENTATION_CONTEXT(2) 
PARAMETRIC_REPRESENTATION_CONTEXT() REPRESENTATION_CONTEXT('2D SPACE',''
  ) );
#3303 = FACE_BOUND('',#3304,.T.);
#3304 = EDGE_LOOP('',(#3305));
#3305 = ORIENTED_EDGE('',*,*,#3306,.F.);
#3306 = EDGE_CURVE('',#3307,#3307,#3309,.T.);
#3307 = VERTEX_POINT('',#3308);
#3308 = CARTESIAN_POINT('',(504.,25.,2.4E+03));
#3309 = SURFACE_CURVE('',#3310,(#3315,#3322),.PCURVE_S1.);
#3310 = CIRCLE('',#3311,5.5);
#3311 = AXIS2_PLACEMENT_3D('',#3312,#3313,#3314);
#3312 = CARTESIAN_POINT('',(498.5,25.,2.4E+03));
#3313 = DIRECTION('',(0.,0.,1.));
#3314 = DIRECTION('',(1.,0.,-0.));
#3315 = PCURVE('',#3167,#3316);
#3316 = DEFINITIONAL_REPRESENTATION('',(#3317),#3321);
#3317 = CIRCLE('',#3318,5.5);
#3318 = AXIS2_PLACEMENT_2D('',#3319,#3320);
#3319 = CARTESIAN_POINT('',(473.5,25.));
#3320 = DIRECTION('',(1.,0.));
#3321 = ( GEOMETRIC_REPRESENTATION_CONTEXT(2) 
PARAMETRIC_REPRESENTATION_CONTEXT() REPRESENTATION_CONTEXT('2D SPACE',''
  ) );
#3322 = PCURVE('',#3323,#3328);
#3323 = CYLINDRICAL_SURFACE('',#3324,5.5);
#3324 = AXIS2_PLACEMENT_3D('',#3325,#3326,#3327);
#3325 = CARTESIAN_POINT('',(498.5,25.,2.374E+03));
#3326 = DIRECTION('',(0.,0.,1.));
#3327 = DIRECTION('',(1.,0.,-0.));
#3328 = DEFINITIONAL_REPRESENTATION('',(#3329),#3333);
#3329 = LINE('',#3330,#3331);
#3330 = CARTESIAN_POINT('',(0.,26.));
#3331 = VECTOR('',#3332,1.);
#3332 = DIRECTION('',(1.,0.));
#3333 = ( GEOMETRIC_REPRESENTATION_CONTEXT(2) 
PARAMETRIC_REPRESENTATION_CONTEXT() REPRESENTATION_CONTEXT('2D SPACE',''
  ) );
#3334 = ADVANCED_FACE('',(#3335),#3141,.T.);
#3335 = FACE_BOUND('',#3336,.T.);
#3336 = EDGE_LOOP('',(#3337,#3360,#3361,#3362));
#3337 = ORIENTED_EDGE('',*,*,#3338,.F.);
#3338 = EDGE_CURVE('',#3098,#3339,#3341,.T.);
#3339 = VERTEX_POINT('',#3340);
#3340 = CARTESIAN_POINT('',(972.,50.,2.375E+03));
#3341 = SURFACE_CURVE('',#3342,(#3346,#3353),.PCURVE_S1.);
#3342 = LINE('',#3343,#3344);
#3343 = CARTESIAN_POINT('',(25.,50.,2.375E+03));
#3344 = VECTOR('',#3345,1.);
#3345 = DIRECTION('',(1.,0.,-0.));
#3346 = PCURVE('',#3141,#3347);
#3347 = DEFINITIONAL_REPRESENTATION('',(#3348),#3352);
#3348 = LINE('',#3349,#3350);
#3349 = CARTESIAN_POINT('',(0.,0.));
#3350 = VECTOR('',#3351,1.);
#3351 = DIRECTION('',(0.,1.));
#3352 = ( GEOMETRIC_REPRESENTATION_CONTEXT(2) 
PARAMETRIC_REPRESENTATION_CONTEXT() REPRESENTATION_CONTEXT('2D SPACE',''
  ) );
#3353 = PCURVE('',#3113,#3354);
#3354 = DEFINITIONAL_REPRESENTATION('',(#3355),#3359);
#3355 = LINE('',#3356,#3357);
#3356 = CARTESIAN_POINT('',(0.,50.));
#3357 = VECTOR('',#3358,1.);
#3358 = DIRECTION('',(1.,0.));
#3359 = ( GEOMETRIC_REPRESENTATION_CONTEXT(2) 
PARAMETRIC_REPRESENTATION_CONTEXT() REPRESENTATION_CONTEXT('2D SPACE',''
  ) );
#3360 = ORIENTED_EDGE('',*,*,#3125,.T.);
#3361 = ORIENTED_EDGE('',*,*,#3283,.T.);
#3362 = ORIENTED_EDGE('',*,*,#3363,.F.);
#3363 = EDGE_CURVE('',#3339,#3261,#3364,.T.);
#3364 = SURFACE_CURVE('',#3365,(#3369,#3376),.PCURVE_S1.);
#3365 = LINE('',#3366,#3367);
#3366 = CARTESIAN_POINT('',(972.,50.,2.375E+03));
#3367 = VECTOR('',#3368,1.);
#3368 = DIRECTION('',(0.,0.,1.));
#3369 = PCURVE('',#3141,#3370);
#3370 = DEFINITIONAL_REPRESENTATION('',(#3371),#3375);
#3371 = LINE('',#3372,#3373);
#3372 = CARTESIAN_POINT('',(0.,947.));
#3373 = VECTOR('',#3374,1.);
#3374 = DIRECTION('',(1.,0.));
#3375 = ( GEOMETRIC_REPRESENTATION_CONTEXT(2) 
PARAMETRIC_REPRESENTATION_CONTEXT() REPRESENTATION_CONTEXT('2D SPACE',''
  ) );
#3376 = PCURVE('',#3243,#3377);
#3377 = DEFINITIONAL_REPRESENTATION('',(#3378),#3382);
#3378 = LINE('',#3379,#3380);
#3379 = CARTESIAN_POINT('',(0.,-50.));
#3380 = VECTOR('',#3381,1.);
#3381 = DIRECTION('',(1.,0.));
#3382 = ( GEOMETRIC_REPRESENTATION_CONTEXT(2) 
PARAMETRIC_REPRESENTATION_CONTEXT() REPRESENTATION_CONTEXT('2D SPACE',''
  ) );
#3383 = ADVANCED_FACE('',(#3384,#3410),#3113,.F.);
#3384 = FACE_BOUND('',#3385,.F.);
#3385 = EDGE_LOOP('',(#3386,#3387,#3388,#3409));
#3386 = ORIENTED_EDGE('',*,*,#3097,.F.);
#3387 = ORIENTED_EDGE('',*,*,#3182,.T.);
#3388 = ORIENTED_EDGE('',*,*,#3389,.T.);
#3389 = EDGE_CURVE('',#3183,#3339,#3390,.T.);
#3390 = SURFACE_CURVE('',#3391,(#3395,#3402),.PCURVE_S1.);
#3391 = LINE('',#3392,#3393);
#3392 = CARTESIAN_POINT('',(972.,0.,2.375E+03));
#3393 = VECTOR('',#3394,1.);
#3394 = DIRECTION('',(-0.,1.,0.));
#3395 = PCURVE('',#3113,#3396);
#3396 = DEFINITIONAL_REPRESENTATION('',(#3397),#3401);
#3397 = LINE('',#3398,#3399);
#3398 = CARTESIAN_POINT('',(947.,0.));
#3399 = VECTOR('',#3400,1.);
#3400 = DIRECTION('',(0.,1.));
#3401 = ( GEOMETRIC_REPRESENTATION_CONTEXT(2) 
PARAMETRIC_REPRESENTATION_CONTEXT() REPRESENTATION_CONTEXT('2D SPACE',''
  ) );
#3402 = PCURVE('',#3243,#3403);
#3403 = DEFINITIONAL_REPRESENTATION('',(#3404),#3408);
#3404 = LINE('',#3405,#3406);
#3405 = CARTESIAN_POINT('',(0.,0.));
#3406 = VECTOR('',#3407,1.);
#3407 = DIRECTION('',(0.,-1.));
#3408 = ( GEOMETRIC_REPRESENTATION_CONTEXT(2) 
PARAMETRIC_REPRESENTATION_CONTEXT() REPRESENTATION_CONTEXT('2D SPACE',''
  ) );
#3409 = ORIENTED_EDGE('',*,*,#3338,.F.);
#3410 = FACE_BOUND('',#3411,.F.);
#3411 = EDGE_LOOP('',(#3412));
#3412 = ORIENTED_EDGE('',*,*,#3413,.F.);
#3413 = EDGE_CURVE('',#3414,#3414,#3416,.T.);
#3414 = VERTEX_POINT('',#3415);
#3415 = CARTESIAN_POINT('',(504.,25.,2.375E+03));
#3416 = SURFACE_CURVE('',#3417,(#3422,#3429),.PCURVE_S1.);
#3417 = CIRCLE('',#3418,5.5);
#3418 = AXIS2_PLACEMENT_3D('',#3419,#3420,#3421);
#3419 = CARTESIAN_POINT('',(498.5,25.,2.375E+03));
#3420 = DIRECTION('',(0.,0.,1.));
#3421 = DIRECTION('',(1.,0.,-0.));
#3422 = PCURVE('',#3113,#3423);
#3423 = DEFINITIONAL_REPRESENTATION('',(#3424),#3428);
#3424 = CIRCLE('',#3425,5.5);
#3425 = AXIS2_PLACEMENT_2D('',#3426,#3427);
#3426 = CARTESIAN_POINT('',(473.5,25.));
#3427 = DIRECTION('',(1.,0.));
#3428 = ( GEOMETRIC_REPRESENTATION_CONTEXT(2) 
PARAMETRIC_REPRESENTATION_CONTEXT() REPRESENTATION_CONTEXT('2D SPACE',''
  ) );
#3429 = PCURVE('',#3323,#3430);
#3430 = DEFINITIONAL_REPRESENTATION('',(#3431),#3435);
#3431 = LINE('',#3432,#3433);
#3432 = CARTESIAN_POINT('',(0.,1.));
#3433 = VECTOR('',#3434,1.);
#3434 = DIRECTION('',(1.,0.));
#3435 = ( GEOMETRIC_REPRESENTATION_CONTEXT(2) 
PARAMETRIC_REPRESENTATION_CONTEXT() REPRESENTATION_CONTEXT('2D SPACE',''
  ) );
#3436 = ADVANCED_FACE('',(#3437),#3243,.T.);
#3437 = FACE_BOUND('',#3438,.T.);
#3438 = EDGE_LOOP('',(#3439,#3440,#3441,#3442));
#3439 = ORIENTED_EDGE('',*,*,#3229,.F.);
#3440 = ORIENTED_EDGE('',*,*,#3389,.T.);
#3441 = ORIENTED_EDGE('',*,*,#3363,.T.);
#3442 = ORIENTED_EDGE('',*,*,#3260,.F.);
#3443 = ADVANCED_FACE('',(#3444),#3323,.F.);
#3444 = FACE_BOUND('',#3445,.F.);
#3445 = EDGE_LOOP('',(#3446,#3447,#3468,#3469));
#3446 = ORIENTED_EDGE('',*,*,#3306,.F.);
#3447 = ORIENTED_EDGE('',*,*,#3448,.F.);
#3448 = EDGE_CURVE('',#3414,#3307,#3449,.T.);
#3449 = SEAM_CURVE('',#3450,(#3454,#3461),.PCURVE_S1.);
#3450 = LINE('',#3451,#3452);
#3451 = CARTESIAN_POINT('',(504.,25.,2.374E+03));
#3452 = VECTOR('',#3453,1.);
#3453 = DIRECTION('',(0.,0.,1.));
#3454 = PCURVE('',#3323,#3455);
#3455 = DEFINITIONAL_REPRESENTATION('',(#3456),#3460);
#3456 = LINE('',#3457,#3458);
#3457 = CARTESIAN_POINT('',(6.28318530718,-0.));
#3458 = VECTOR('',#3459,1.);
#3459 = DIRECTION('',(0.,1.));
#3460 = ( GEOMETRIC_REPRESENTATION_CONTEXT(2) 
PARAMETRIC_REPRESENTATION_CONTEXT() REPRESENTATION_CONTEXT('2D SPACE',''
  ) );
#3461 = PCURVE('',#3323,#3462);
#3462 = DEFINITIONAL_REPRESENTATION('',(#3463),#3467);
#3463 = LINE('',#3464,#3465);
#3464 = CARTESIAN_POINT('',(0.,-0.));
#3465 = VECTOR('',#3466,1.);
#3466 = DIRECTION('',(0.,1.));
#3467 = ( GEOMETRIC_REPRESENTATION_CONTEXT(2) 
PARAMETRIC_REPRESENTATION_CONTEXT() REPRESENTATION_CONTEXT('2D SPACE',''
  ) );
#3468 = ORIENTED_EDGE('',*,*,#3413,.T.);
#3469 = ORIENTED_EDGE('',*,*,#3448,.T.);
#3470 = ( GEOMETRIC_REPRESENTATION_CONTEXT(3) 
GLOBAL_UNCERTAINTY_ASSIGNED_CONTEXT((#3474)) 
GLOBAL_UNIT_ASSIGNED_CONTEXT((#3471,#3472,#3473)) REPRESENTATION_CONTEXT
('Context #1','3D Context with UNIT and UNCERTAINTY') );
#3471 = ( LENGTH_UNIT() NAMED_UNIT(*) SI_UNIT(.MILLI.,.METRE.) );
#3472 = ( NAMED_UNIT(*) PLANE_ANGLE_UNIT() SI_UNIT($,.RADIAN.) );
#3473 = ( NAMED_UNIT(*) SI_UNIT($,.STERADIAN.) SOLID_ANGLE_UNIT() );
#3474 = UNCERTAINTY_MEASURE_WITH_UNIT(LENGTH_MEASURE(1.E-07),#3471,
  'distance_accuracy_value','confusion accuracy');
#3475 = CONTEXT_DEPENDENT_SHAPE_REPRESENTATION(#3476,#3478);
#3476 = ( REPRESENTATION_RELATIONSHIP('','',#3055,#10) 
REPRESENTATION_RELATIONSHIP_WITH_TRANSFORMATION(#3477) 
SHAPE_REPRESENTATION_RELATIONSHIP() );
#3477 = ITEM_DEFINED_TRANSFORMATION('','',#11,#27);
#3478 = PRODUCT_DEFINITION_SHAPE('Placement','Placement of an item',
  #3479);
#3479 = NEXT_ASSEMBLY_USAGE_OCCURRENCE('871',
  '\X2\043F043504400435043C044B0447043A0430\X0\_25\X2\0445\X0\50\X2\0445\X0\947','',#5,#3050,$);
#3480 = PRODUCT_RELATED_PRODUCT_CATEGORY('part',$,(#3052));
#3481 = SHAPE_DEFINITION_REPRESENTATION(#3482,#3488);
#3482 = PRODUCT_DEFINITION_SHAPE('','',#3483);
#3483 = PRODUCT_DEFINITION('design','',#3484,#3487);
#3484 = PRODUCT_DEFINITION_FORMATION('','',#3485);
#3485 = PRODUCT(
'\X2\043E0431044804380432043A0430\X0\_\X2\04440430043D043504400430\X0\_3\X2\043C043C\X0\_
997\X2\0445\X0\2400',
'\X2\043E0431044804380432043A0430\X0\_\X2\04440430043D043504400430\X0\_3\X2\043C043C\X0\_
997\X2\0445\X0\2400','',(#3486));
#3486 = PRODUCT_CONTEXT('',#2,'mechanical');
#3487 = PRODUCT_DEFINITION_CONTEXT('part definition',#2,'design');
#3488 = ADVANCED_BREP_SHAPE_REPRESENTATION('',(#11,#3489),#3819);
#3489 = MANIFOLD_SOLID_BREP('',#3490);
#3490 = CLOSED_SHELL('',(#3491,#3611,#3711,#3758,#3805,#3812));
#3491 = ADVANCED_FACE('',(#3492),#3506,.F.);
#3492 = FACE_BOUND('',#3493,.F.);
#3493 = EDGE_LOOP('',(#3494,#3529,#3557,#3585));
#3494 = ORIENTED_EDGE('',*,*,#3495,.F.);
#3495 = EDGE_CURVE('',#3496,#3498,#3500,.T.);
#3496 = VERTEX_POINT('',#3497);
#3497 = CARTESIAN_POINT('',(0.,0.,0.));
#3498 = VERTEX_POINT('',#3499);
#3499 = CARTESIAN_POINT('',(0.,0.,2.4E+03));
#3500 = SURFACE_CURVE('',#3501,(#3505,#3517),.PCURVE_S1.);
#3501 = LINE('',#3502,#3503);
#3502 = CARTESIAN_POINT('',(0.,0.,0.));
#3503 = VECTOR('',#3504,1.);
#3504 = DIRECTION('',(0.,0.,1.));
#3505 = PCURVE('',#3506,#3511);
#3506 = PLANE('',#3507);
#3507 = AXIS2_PLACEMENT_3D('',#3508,#3509,#3510);
#3508 = CARTESIAN_POINT('',(0.,0.,0.));
#3509 = DIRECTION('',(1.,0.,-0.));
#3510 = DIRECTION('',(0.,0.,1.));
#3511 = DEFINITIONAL_REPRESENTATION('',(#3512),#3516);
#3512 = LINE('',#3513,#3514);
#3513 = CARTESIAN_POINT('',(0.,0.));
#3514 = VECTOR('',#3515,1.);
#3515 = DIRECTION('',(1.,0.));
#3516 = ( GEOMETRIC_REPRESENTATION_CONTEXT(2) 
PARAMETRIC_REPRESENTATION_CONTEXT() REPRESENTATION_CONTEXT('2D SPACE',''
  ) );
#3517 = PCURVE('',#3518,#3523);
#3518 = PLANE('',#3519);
#3519 = AXIS2_PLACEMENT_3D('',#3520,#3521,#3522);
#3520 = CARTESIAN_POINT('',(0.,0.,0.));
#3521 = DIRECTION('',(-0.,1.,0.));
#3522 = DIRECTION('',(0.,0.,1.));
#3523 = DEFINITIONAL_REPRESENTATION('',(#3524),#3528);
#3524 = LINE('',#3525,#3526);
#3525 = CARTESIAN_POINT('',(0.,0.));
#3526 = VECTOR('',#3527,1.);
#3527 = DIRECTION('',(1.,0.));
#3528 = ( GEOMETRIC_REPRESENTATION_CONTEXT(2) 
PARAMETRIC_REPRESENTATION_CONTEXT() REPRESENTATION_CONTEXT('2D SPACE',''
  ) );
#3529 = ORIENTED_EDGE('',*,*,#3530,.T.);
#3530 = EDGE_CURVE('',#3496,#3531,#3533,.T.);
#3531 = VERTEX_POINT('',#3532);
#3532 = CARTESIAN_POINT('',(0.,3.,0.));
#3533 = SURFACE_CURVE('',#3534,(#3538,#3545),.PCURVE_S1.);
#3534 = LINE('',#3535,#3536);
#3535 = CARTESIAN_POINT('',(0.,0.,0.));
#3536 = VECTOR('',#3537,1.);
#3537 = DIRECTION('',(-0.,1.,0.));
#3538 = PCURVE('',#3506,#3539);
#3539 = DEFINITIONAL_REPRESENTATION('',(#3540),#3544);
#3540 = LINE('',#3541,#3542);
#3541 = CARTESIAN_POINT('',(0.,0.));
#3542 = VECTOR('',#3543,1.);
#3543 = DIRECTION('',(0.,-1.));
#3544 = ( GEOMETRIC_REPRESENTATION_CONTEXT(2) 
PARAMETRIC_REPRESENTATION_CONTEXT() REPRESENTATION_CONTEXT('2D SPACE',''
  ) );
#3545 = PCURVE('',#3546,#3551);
#3546 = PLANE('',#3547);
#3547 = AXIS2_PLACEMENT_3D('',#3548,#3549,#3550);
#3548 = CARTESIAN_POINT('',(0.,0.,0.));
#3549 = DIRECTION('',(0.,0.,1.));
#3550 = DIRECTION('',(1.,0.,-0.));
#3551 = DEFINITIONAL_REPRESENTATION('',(#3552),#3556);
#3552 = LINE('',#3553,#3554);
#3553 = CARTESIAN_POINT('',(0.,0.));
#3554 = VECTOR('',#3555,1.);
#3555 = DIRECTION('',(0.,1.));
#3556 = ( GEOMETRIC_REPRESENTATION_CONTEXT(2) 
PARAMETRIC_REPRESENTATION_CONTEXT() REPRESENTATION_CONTEXT('2D SPACE',''
  ) );
#3557 = ORIENTED_EDGE('',*,*,#3558,.T.);
#3558 = EDGE_CURVE('',#3531,#3559,#3561,.T.);
#3559 = VERTEX_POINT('',#3560);
#3560 = CARTESIAN_POINT('',(0.,3.,2.4E+03));
#3561 = SURFACE_CURVE('',#3562,(#3566,#3573),.PCURVE_S1.);
#3562 = LINE('',#3563,#3564);
#3563 = CARTESIAN_POINT('',(0.,3.,0.));
#3564 = VECTOR('',#3565,1.);
#3565 = DIRECTION('',(0.,0.,1.));
#3566 = PCURVE('',#3506,#3567);
#3567 = DEFINITIONAL_REPRESENTATION('',(#3568),#3572);
#3568 = LINE('',#3569,#3570);
#3569 = CARTESIAN_POINT('',(0.,-3.));
#3570 = VECTOR('',#3571,1.);
#3571 = DIRECTION('',(1.,0.));
#3572 = ( GEOMETRIC_REPRESENTATION_CONTEXT(2) 
PARAMETRIC_REPRESENTATION_CONTEXT() REPRESENTATION_CONTEXT('2D SPACE',''
  ) );
#3573 = PCURVE('',#3574,#3579);
#3574 = PLANE('',#3575);
#3575 = AXIS2_PLACEMENT_3D('',#3576,#3577,#3578);
#3576 = CARTESIAN_POINT('',(0.,3.,0.));
#3577 = DIRECTION('',(-0.,1.,0.));
#3578 = DIRECTION('',(0.,0.,1.));
#3579 = DEFINITIONAL_REPRESENTATION('',(#3580),#3584);
#3580 = LINE('',#3581,#3582);
#3581 = CARTESIAN_POINT('',(0.,0.));
#3582 = VECTOR('',#3583,1.);
#3583 = DIRECTION('',(1.,0.));
#3584 = ( GEOMETRIC_REPRESENTATION_CONTEXT(2) 
PARAMETRIC_REPRESENTATION_CONTEXT() REPRESENTATION_CONTEXT('2D SPACE',''
  ) );
#3585 = ORIENTED_EDGE('',*,*,#3586,.F.);
#3586 = EDGE_CURVE('',#3498,#3559,#3587,.T.);
#3587 = SURFACE_CURVE('',#3588,(#3592,#3599),.PCURVE_S1.);
#3588 = LINE('',#3589,#3590);
#3589 = CARTESIAN_POINT('',(0.,0.,2.4E+03));
#3590 = VECTOR('',#3591,1.);
#3591 = DIRECTION('',(-0.,1.,0.));
#3592 = PCURVE('',#3506,#3593);
#3593 = DEFINITIONAL_REPRESENTATION('',(#3594),#3598);
#3594 = LINE('',#3595,#3596);
#3595 = CARTESIAN_POINT('',(2.4E+03,0.));
#3596 = VECTOR('',#3597,1.);
#3597 = DIRECTION('',(0.,-1.));
#3598 = ( GEOMETRIC_REPRESENTATION_CONTEXT(2) 
PARAMETRIC_REPRESENTATION_CONTEXT() REPRESENTATION_CONTEXT('2D SPACE',''
  ) );
#3599 = PCURVE('',#3600,#3605);
#3600 = PLANE('',#3601);
#3601 = AXIS2_PLACEMENT_3D('',#3602,#3603,#3604);
#3602 = CARTESIAN_POINT('',(0.,0.,2.4E+03));
#3603 = DIRECTION('',(0.,0.,1.));
#3604 = DIRECTION('',(1.,0.,-0.));
#3605 = DEFINITIONAL_REPRESENTATION('',(#3606),#3610);
#3606 = LINE('',#3607,#3608);
#3607 = CARTESIAN_POINT('',(0.,0.));
#3608 = VECTOR('',#3609,1.);
#3609 = DIRECTION('',(0.,1.));
#3610 = ( GEOMETRIC_REPRESENTATION_CONTEXT(2) 
PARAMETRIC_REPRESENTATION_CONTEXT() REPRESENTATION_CONTEXT('2D SPACE',''
  ) );
#3611 = ADVANCED_FACE('',(#3612),#3626,.T.);
#3612 = FACE_BOUND('',#3613,.T.);
#3613 = EDGE_LOOP('',(#3614,#3644,#3667,#3690));
#3614 = ORIENTED_EDGE('',*,*,#3615,.F.);
#3615 = EDGE_CURVE('',#3616,#3618,#3620,.T.);
#3616 = VERTEX_POINT('',#3617);
#3617 = CARTESIAN_POINT('',(997.,0.,0.));
#3618 = VERTEX_POINT('',#3619);
#3619 = CARTESIAN_POINT('',(997.,0.,2.4E+03));
#3620 = SURFACE_CURVE('',#3621,(#3625,#3637),.PCURVE_S1.);
#3621 = LINE('',#3622,#3623);
#3622 = CARTESIAN_POINT('',(997.,0.,0.));
#3623 = VECTOR('',#3624,1.);
#3624 = DIRECTION('',(0.,0.,1.));
#3625 = PCURVE('',#3626,#3631);
#3626 = PLANE('',#3627);
#3627 = AXIS2_PLACEMENT_3D('',#3628,#3629,#3630);
#3628 = CARTESIAN_POINT('',(997.,0.,0.));
#3629 = DIRECTION('',(1.,0.,-0.));
#3630 = DIRECTION('',(0.,0.,1.));
#3631 = DEFINITIONAL_REPRESENTATION('',(#3632),#3636);
#3632 = LINE('',#3633,#3634);
#3633 = CARTESIAN_POINT('',(0.,0.));
#3634 = VECTOR('',#3635,1.);
#3635 = DIRECTION('',(1.,0.));
#3636 = ( GEOMETRIC_REPRESENTATION_CONTEXT(2) 
PARAMETRIC_REPRESENTATION_CONTEXT() REPRESENTATION_CONTEXT('2D SPACE',''
  ) );
#3637 = PCURVE('',#3518,#3638);
#3638 = DEFINITIONAL_REPRESENTATION('',(#3639),#3643);
#3639 = LINE('',#3640,#3641);
#3640 = CARTESIAN_POINT('',(0.,997.));
#3641 = VECTOR('',#3642,1.);
#3642 = DIRECTION('',(1.,0.));
#3643 = ( GEOMETRIC_REPRESENTATION_CONTEXT(2) 
PARAMETRIC_REPRESENTATION_CONTEXT() REPRESENTATION_CONTEXT('2D SPACE',''
  ) );
#3644 = ORIENTED_EDGE('',*,*,#3645,.T.);
#3645 = EDGE_CURVE('',#3616,#3646,#3648,.T.);
#3646 = VERTEX_POINT('',#3647);
#3647 = CARTESIAN_POINT('',(997.,3.,0.));
#3648 = SURFACE_CURVE('',#3649,(#3653,#3660),.PCURVE_S1.);
#3649 = LINE('',#3650,#3651);
#3650 = CARTESIAN_POINT('',(997.,0.,0.));
#3651 = VECTOR('',#3652,1.);
#3652 = DIRECTION('',(-0.,1.,0.));
#3653 = PCURVE('',#3626,#3654);
#3654 = DEFINITIONAL_REPRESENTATION('',(#3655),#3659);
#3655 = LINE('',#3656,#3657);
#3656 = CARTESIAN_POINT('',(0.,0.));
#3657 = VECTOR('',#3658,1.);
#3658 = DIRECTION('',(0.,-1.));
#3659 = ( GEOMETRIC_REPRESENTATION_CONTEXT(2) 
PARAMETRIC_REPRESENTATION_CONTEXT() REPRESENTATION_CONTEXT('2D SPACE',''
  ) );
#3660 = PCURVE('',#3546,#3661);
#3661 = DEFINITIONAL_REPRESENTATION('',(#3662),#3666);
#3662 = LINE('',#3663,#3664);
#3663 = CARTESIAN_POINT('',(997.,0.));
#3664 = VECTOR('',#3665,1.);
#3665 = DIRECTION('',(0.,1.));
#3666 = ( GEOMETRIC_REPRESENTATION_CONTEXT(2) 
PARAMETRIC_REPRESENTATION_CONTEXT() REPRESENTATION_CONTEXT('2D SPACE',''
  ) );
#3667 = ORIENTED_EDGE('',*,*,#3668,.T.);
#3668 = EDGE_CURVE('',#3646,#3669,#3671,.T.);
#3669 = VERTEX_POINT('',#3670);
#3670 = CARTESIAN_POINT('',(997.,3.,2.4E+03));
#3671 = SURFACE_CURVE('',#3672,(#3676,#3683),.PCURVE_S1.);
#3672 = LINE('',#3673,#3674);
#3673 = CARTESIAN_POINT('',(997.,3.,0.));
#3674 = VECTOR('',#3675,1.);
#3675 = DIRECTION('',(0.,0.,1.));
#3676 = PCURVE('',#3626,#3677);
#3677 = DEFINITIONAL_REPRESENTATION('',(#3678),#3682);
#3678 = LINE('',#3679,#3680);
#3679 = CARTESIAN_POINT('',(0.,-3.));
#3680 = VECTOR('',#3681,1.);
#3681 = DIRECTION('',(1.,0.));
#3682 = ( GEOMETRIC_REPRESENTATION_CONTEXT(2) 
PARAMETRIC_REPRESENTATION_CONTEXT() REPRESENTATION_CONTEXT('2D SPACE',''
  ) );
#3683 = PCURVE('',#3574,#3684);
#3684 = DEFINITIONAL_REPRESENTATION('',(#3685),#3689);
#3685 = LINE('',#3686,#3687);
#3686 = CARTESIAN_POINT('',(0.,997.));
#3687 = VECTOR('',#3688,1.);
#3688 = DIRECTION('',(1.,0.));
#3689 = ( GEOMETRIC_REPRESENTATION_CONTEXT(2) 
PARAMETRIC_REPRESENTATION_CONTEXT() REPRESENTATION_CONTEXT('2D SPACE',''
  ) );
#3690 = ORIENTED_EDGE('',*,*,#3691,.F.);
#3691 = EDGE_CURVE('',#3618,#3669,#3692,.T.);
#3692 = SURFACE_CURVE('',#3693,(#3697,#3704),.PCURVE_S1.);
#3693 = LINE('',#3694,#3695);
#3694 = CARTESIAN_POINT('',(997.,0.,2.4E+03));
#3695 = VECTOR('',#3696,1.);
#3696 = DIRECTION('',(-0.,1.,0.));
#3697 = PCURVE('',#3626,#3698);
#3698 = DEFINITIONAL_REPRESENTATION('',(#3699),#3703);
#3699 = LINE('',#3700,#3701);
#3700 = CARTESIAN_POINT('',(2.4E+03,0.));
#3701 = VECTOR('',#3702,1.);
#3702 = DIRECTION('',(0.,-1.));
#3703 = ( GEOMETRIC_REPRESENTATION_CONTEXT(2) 
PARAMETRIC_REPRESENTATION_CONTEXT() REPRESENTATION_CONTEXT('2D SPACE',''
  ) );
#3704 = PCURVE('',#3600,#3705);
#3705 = DEFINITIONAL_REPRESENTATION('',(#3706),#3710);
#3706 = LINE('',#3707,#3708);
#3707 = CARTESIAN_POINT('',(997.,0.));
#3708 = VECTOR('',#3709,1.);
#3709 = DIRECTION('',(0.,1.));
#3710 = ( GEOMETRIC_REPRESENTATION_CONTEXT(2) 
PARAMETRIC_REPRESENTATION_CONTEXT() REPRESENTATION_CONTEXT('2D SPACE',''
  ) );
#3711 = ADVANCED_FACE('',(#3712),#3518,.F.);
#3712 = FACE_BOUND('',#3713,.F.);
#3713 = EDGE_LOOP('',(#3714,#3735,#3736,#3757));
#3714 = ORIENTED_EDGE('',*,*,#3715,.F.);
#3715 = EDGE_CURVE('',#3496,#3616,#3716,.T.);
#3716 = SURFACE_CURVE('',#3717,(#3721,#3728),.PCURVE_S1.);
#3717 = LINE('',#3718,#3719);
#3718 = CARTESIAN_POINT('',(0.,0.,0.));
#3719 = VECTOR('',#3720,1.);
#3720 = DIRECTION('',(1.,0.,-0.));
#3721 = PCURVE('',#3518,#3722);
#3722 = DEFINITIONAL_REPRESENTATION('',(#3723),#3727);
#3723 = LINE('',#3724,#3725);
#3724 = CARTESIAN_POINT('',(0.,0.));
#3725 = VECTOR('',#3726,1.);
#3726 = DIRECTION('',(0.,1.));
#3727 = ( GEOMETRIC_REPRESENTATION_CONTEXT(2) 
PARAMETRIC_REPRESENTATION_CONTEXT() REPRESENTATION_CONTEXT('2D SPACE',''
  ) );
#3728 = PCURVE('',#3546,#3729);
#3729 = DEFINITIONAL_REPRESENTATION('',(#3730),#3734);
#3730 = LINE('',#3731,#3732);
#3731 = CARTESIAN_POINT('',(0.,0.));
#3732 = VECTOR('',#3733,1.);
#3733 = DIRECTION('',(1.,0.));
#3734 = ( GEOMETRIC_REPRESENTATION_CONTEXT(2) 
PARAMETRIC_REPRESENTATION_CONTEXT() REPRESENTATION_CONTEXT('2D SPACE',''
  ) );
#3735 = ORIENTED_EDGE('',*,*,#3495,.T.);
#3736 = ORIENTED_EDGE('',*,*,#3737,.T.);
#3737 = EDGE_CURVE('',#3498,#3618,#3738,.T.);
#3738 = SURFACE_CURVE('',#3739,(#3743,#3750),.PCURVE_S1.);
#3739 = LINE('',#3740,#3741);
#3740 = CARTESIAN_POINT('',(0.,0.,2.4E+03));
#3741 = VECTOR('',#3742,1.);
#3742 = DIRECTION('',(1.,0.,-0.));
#3743 = PCURVE('',#3518,#3744);
#3744 = DEFINITIONAL_REPRESENTATION('',(#3745),#3749);
#3745 = LINE('',#3746,#3747);
#3746 = CARTESIAN_POINT('',(2.4E+03,0.));
#3747 = VECTOR('',#3748,1.);
#3748 = DIRECTION('',(0.,1.));
#3749 = ( GEOMETRIC_REPRESENTATION_CONTEXT(2) 
PARAMETRIC_REPRESENTATION_CONTEXT() REPRESENTATION_CONTEXT('2D SPACE',''
  ) );
#3750 = PCURVE('',#3600,#3751);
#3751 = DEFINITIONAL_REPRESENTATION('',(#3752),#3756);
#3752 = LINE('',#3753,#3754);
#3753 = CARTESIAN_POINT('',(0.,0.));
#3754 = VECTOR('',#3755,1.);
#3755 = DIRECTION('',(1.,0.));
#3756 = ( GEOMETRIC_REPRESENTATION_CONTEXT(2) 
PARAMETRIC_REPRESENTATION_CONTEXT() REPRESENTATION_CONTEXT('2D SPACE',''
  ) );
#3757 = ORIENTED_EDGE('',*,*,#3615,.F.);
#3758 = ADVANCED_FACE('',(#3759),#3574,.T.);
#3759 = FACE_BOUND('',#3760,.T.);
#3760 = EDGE_LOOP('',(#3761,#3782,#3783,#3804));
#3761 = ORIENTED_EDGE('',*,*,#3762,.F.);
#3762 = EDGE_CURVE('',#3531,#3646,#3763,.T.);
#3763 = SURFACE_CURVE('',#3764,(#3768,#3775),.PCURVE_S1.);
#3764 = LINE('',#3765,#3766);
#3765 = CARTESIAN_POINT('',(0.,3.,0.));
#3766 = VECTOR('',#3767,1.);
#3767 = DIRECTION('',(1.,0.,-0.));
#3768 = PCURVE('',#3574,#3769);
#3769 = DEFINITIONAL_REPRESENTATION('',(#3770),#3774);
#3770 = LINE('',#3771,#3772);
#3771 = CARTESIAN_POINT('',(0.,0.));
#3772 = VECTOR('',#3773,1.);
#3773 = DIRECTION('',(0.,1.));
#3774 = ( GEOMETRIC_REPRESENTATION_CONTEXT(2) 
PARAMETRIC_REPRESENTATION_CONTEXT() REPRESENTATION_CONTEXT('2D SPACE',''
  ) );
#3775 = PCURVE('',#3546,#3776);
#3776 = DEFINITIONAL_REPRESENTATION('',(#3777),#3781);
#3777 = LINE('',#3778,#3779);
#3778 = CARTESIAN_POINT('',(0.,3.));
#3779 = VECTOR('',#3780,1.);
#3780 = DIRECTION('',(1.,0.));
#3781 = ( GEOMETRIC_REPRESENTATION_CONTEXT(2) 
PARAMETRIC_REPRESENTATION_CONTEXT() REPRESENTATION_CONTEXT('2D SPACE',''
  ) );
#3782 = ORIENTED_EDGE('',*,*,#3558,.T.);
#3783 = ORIENTED_EDGE('',*,*,#3784,.T.);
#3784 = EDGE_CURVE('',#3559,#3669,#3785,.T.);
#3785 = SURFACE_CURVE('',#3786,(#3790,#3797),.PCURVE_S1.);
#3786 = LINE('',#3787,#3788);
#3787 = CARTESIAN_POINT('',(0.,3.,2.4E+03));
#3788 = VECTOR('',#3789,1.);
#3789 = DIRECTION('',(1.,0.,-0.));
#3790 = PCURVE('',#3574,#3791);
#3791 = DEFINITIONAL_REPRESENTATION('',(#3792),#3796);
#3792 = LINE('',#3793,#3794);
#3793 = CARTESIAN_POINT('',(2.4E+03,0.));
#3794 = VECTOR('',#3795,1.);
#3795 = DIRECTION('',(0.,1.));
#3796 = ( GEOMETRIC_REPRESENTATION_CONTEXT(2) 
PARAMETRIC_REPRESENTATION_CONTEXT() REPRESENTATION_CONTEXT('2D SPACE',''
  ) );
#3797 = PCURVE('',#3600,#3798);
#3798 = DEFINITIONAL_REPRESENTATION('',(#3799),#3803);
#3799 = LINE('',#3800,#3801);
#3800 = CARTESIAN_POINT('',(0.,3.));
#3801 = VECTOR('',#3802,1.);
#3802 = DIRECTION('',(1.,0.));
#3803 = ( GEOMETRIC_REPRESENTATION_CONTEXT(2) 
PARAMETRIC_REPRESENTATION_CONTEXT() REPRESENTATION_CONTEXT('2D SPACE',''
  ) );
#3804 = ORIENTED_EDGE('',*,*,#3668,.F.);
#3805 = ADVANCED_FACE('',(#3806),#3546,.F.);
#3806 = FACE_BOUND('',#3807,.F.);
#3807 = EDGE_LOOP('',(#3808,#3809,#3810,#3811));
#3808 = ORIENTED_EDGE('',*,*,#3530,.F.);
#3809 = ORIENTED_EDGE('',*,*,#3715,.T.);
#3810 = ORIENTED_EDGE('',*,*,#3645,.T.);
#3811 = ORIENTED_EDGE('',*,*,#3762,.F.);
#3812 = ADVANCED_FACE('',(#3813),#3600,.T.);
#3813 = FACE_BOUND('',#3814,.T.);
#3814 = EDGE_LOOP('',(#3815,#3816,#3817,#3818));
#3815 = ORIENTED_EDGE('',*,*,#3586,.F.);
#3816 = ORIENTED_EDGE('',*,*,#3737,.T.);
#3817 = ORIENTED_EDGE('',*,*,#3691,.T.);
#3818 = ORIENTED_EDGE('',*,*,#3784,.F.);
#3819 = ( GEOMETRIC_REPRESENTATION_CONTEXT(3) 
GLOBAL_UNCERTAINTY_ASSIGNED_CONTEXT((#3823)) 
GLOBAL_UNIT_ASSIGNED_CONTEXT((#3820,#3821,#3822)) REPRESENTATION_CONTEXT
('Context #1','3D Context with UNIT and UNCERTAINTY') );
#3820 = ( LENGTH_UNIT() NAMED_UNIT(*) SI_UNIT(.MILLI.,.METRE.) );
#3821 = ( NAMED_UNIT(*) PLANE_ANGLE_UNIT() SI_UNIT($,.RADIAN.) );
#3822 = ( NAMED_UNIT(*) SI_UNIT($,.STERADIAN.) SOLID_ANGLE_UNIT() );
#3823 = UNCERTAINTY_MEASURE_WITH_UNIT(LENGTH_MEASURE(1.E-07),#3820,
  'distance_accuracy_value','confusion accuracy');
#3824 = CONTEXT_DEPENDENT_SHAPE_REPRESENTATION(#3825,#3827);
#3825 = ( REPRESENTATION_RELATIONSHIP('','',#3488,#10) 
REPRESENTATION_RELATIONSHIP_WITH_TRANSFORMATION(#3826) 
SHAPE_REPRESENTATION_RELATIONSHIP() );
#3826 = ITEM_DEFINED_TRANSFORMATION('','',#11,#31);
#3827 = PRODUCT_DEFINITION_SHAPE('Placement','Placement of an item',
  #3828);
#3828 = NEXT_ASSEMBLY_USAGE_OCCURRENCE('872',
'\X2\043E0431044804380432043A0430\X0\_\X2\04440430043D043504400430\X0\_3\X2\043C043C\X0\_
997\X2\0445\X0\2400','',#5,#3483,$);
#3829 = PRODUCT_RELATED_PRODUCT_CATEGORY('part',$,(#3485));
#3830 = SHAPE_DEFINITION_REPRESENTATION(#3831,#3837);
#3831 = PRODUCT_DEFINITION_SHAPE('','',#3832);
#3832 = PRODUCT_DEFINITION('design','',#3833,#3836);
#3833 = PRODUCT_DEFINITION_FORMATION('','',#3834);
#3834 = PRODUCT(
  '\X2\04410442043E0439043A0430\X0\_\X2\0449043804420430\X0\_25\X2\0445\X0\50\X2\0445\X0\2400',
  '\X2\04410442043E0439043A0430\X0\_\X2\0449043804420430\X0\_25\X2\0445\X0\50\X2\0445\X0\2400','',(#3835
    ));
#3835 = PRODUCT_CONTEXT('',#2,'mechanical');
#3836 = PRODUCT_DEFINITION_CONTEXT('part definition',#2,'design');
#3837 = ADVANCED_BREP_SHAPE_REPRESENTATION('',(#11,#3838),#4420);
#3838 = MANIFOLD_SOLID_BREP('',#3839);
#3839 = CLOSED_SHELL('',(#3840,#4053,#4129,#4178,#4227,#4254,#4304,#4354
    ,#4404));
#3840 = ADVANCED_FACE('',(#3841,#3960,#3991,#4022),#3855,.F.);
#3841 = FACE_BOUND('',#3842,.F.);
#3842 = EDGE_LOOP('',(#3843,#3878,#3906,#3934));
#3843 = ORIENTED_EDGE('',*,*,#3844,.F.);
#3844 = EDGE_CURVE('',#3845,#3847,#3849,.T.);
#3845 = VERTEX_POINT('',#3846);
#3846 = CARTESIAN_POINT('',(0.,0.,0.));
#3847 = VERTEX_POINT('',#3848);
#3848 = CARTESIAN_POINT('',(0.,0.,2.4E+03));
#3849 = SURFACE_CURVE('',#3850,(#3854,#3866),.PCURVE_S1.);
#3850 = LINE('',#3851,#3852);
#3851 = CARTESIAN_POINT('',(0.,0.,0.));
#3852 = VECTOR('',#3853,1.);
#3853 = DIRECTION('',(0.,0.,1.));
#3854 = PCURVE('',#3855,#3860);
#3855 = PLANE('',#3856);
#3856 = AXIS2_PLACEMENT_3D('',#3857,#3858,#3859);
#3857 = CARTESIAN_POINT('',(0.,0.,0.));
#3858 = DIRECTION('',(1.,0.,-0.));
#3859 = DIRECTION('',(0.,0.,1.));
#3860 = DEFINITIONAL_REPRESENTATION('',(#3861),#3865);
#3861 = LINE('',#3862,#3863);
#3862 = CARTESIAN_POINT('',(0.,0.));
#3863 = VECTOR('',#3864,1.);
#3864 = DIRECTION('',(1.,0.));
#3865 = ( GEOMETRIC_REPRESENTATION_CONTEXT(2) 
PARAMETRIC_REPRESENTATION_CONTEXT() REPRESENTATION_CONTEXT('2D SPACE',''
  ) );
#3866 = PCURVE('',#3867,#3872);
#3867 = PLANE('',#3868);
#3868 = AXIS2_PLACEMENT_3D('',#3869,#3870,#3871);
#3869 = CARTESIAN_POINT('',(0.,0.,0.));
#3870 = DIRECTION('',(-0.,1.,0.));
#3871 = DIRECTION('',(0.,0.,1.));
#3872 = DEFINITIONAL_REPRESENTATION('',(#3873),#3877);
#3873 = LINE('',#3874,#3875);
#3874 = CARTESIAN_POINT('',(0.,0.));
#3875 = VECTOR('',#3876,1.);
#3876 = DIRECTION('',(1.,0.));
#3877 = ( GEOMETRIC_REPRESENTATION_CONTEXT(2) 
PARAMETRIC_REPRESENTATION_CONTEXT() REPRESENTATION_CONTEXT('2D SPACE',''
  ) );
#3878 = ORIENTED_EDGE('',*,*,#3879,.T.);
#3879 = EDGE_CURVE('',#3845,#3880,#3882,.T.);
#3880 = VERTEX_POINT('',#3881);
#3881 = CARTESIAN_POINT('',(0.,50.,0.));
#3882 = SURFACE_CURVE('',#3883,(#3887,#3894),.PCURVE_S1.);
#3883 = LINE('',#3884,#3885);
#3884 = CARTESIAN_POINT('',(0.,0.,0.));
#3885 = VECTOR('',#3886,1.);
#3886 = DIRECTION('',(-0.,1.,0.));
#3887 = PCURVE('',#3855,#3888);
#3888 = DEFINITIONAL_REPRESENTATION('',(#3889),#3893);
#3889 = LINE('',#3890,#3891);
#3890 = CARTESIAN_POINT('',(0.,0.));
#3891 = VECTOR('',#3892,1.);
#3892 = DIRECTION('',(0.,-1.));
#3893 = ( GEOMETRIC_REPRESENTATION_CONTEXT(2) 
PARAMETRIC_REPRESENTATION_CONTEXT() REPRESENTATION_CONTEXT('2D SPACE',''
  ) );
#3894 = PCURVE('',#3895,#3900);
#3895 = PLANE('',#3896);
#3896 = AXIS2_PLACEMENT_3D('',#3897,#3898,#3899);
#3897 = CARTESIAN_POINT('',(0.,0.,0.));
#3898 = DIRECTION('',(0.,0.,1.));
#3899 = DIRECTION('',(1.,0.,-0.));
#3900 = DEFINITIONAL_REPRESENTATION('',(#3901),#3905);
#3901 = LINE('',#3902,#3903);
#3902 = CARTESIAN_POINT('',(0.,0.));
#3903 = VECTOR('',#3904,1.);
#3904 = DIRECTION('',(0.,1.));
#3905 = ( GEOMETRIC_REPRESENTATION_CONTEXT(2) 
PARAMETRIC_REPRESENTATION_CONTEXT() REPRESENTATION_CONTEXT('2D SPACE',''
  ) );
#3906 = ORIENTED_EDGE('',*,*,#3907,.T.);
#3907 = EDGE_CURVE('',#3880,#3908,#3910,.T.);
#3908 = VERTEX_POINT('',#3909);
#3909 = CARTESIAN_POINT('',(0.,50.,2.4E+03));
#3910 = SURFACE_CURVE('',#3911,(#3915,#3922),.PCURVE_S1.);
#3911 = LINE('',#3912,#3913);
#3912 = CARTESIAN_POINT('',(0.,50.,0.));
#3913 = VECTOR('',#3914,1.);
#3914 = DIRECTION('',(0.,0.,1.));
#3915 = PCURVE('',#3855,#3916);
#3916 = DEFINITIONAL_REPRESENTATION('',(#3917),#3921);
#3917 = LINE('',#3918,#3919);
#3918 = CARTESIAN_POINT('',(0.,-50.));
#3919 = VECTOR('',#3920,1.);
#3920 = DIRECTION('',(1.,0.));
#3921 = ( GEOMETRIC_REPRESENTATION_CONTEXT(2) 
PARAMETRIC_REPRESENTATION_CONTEXT() REPRESENTATION_CONTEXT('2D SPACE',''
  ) );
#3922 = PCURVE('',#3923,#3928);
#3923 = PLANE('',#3924);
#3924 = AXIS2_PLACEMENT_3D('',#3925,#3926,#3927);
#3925 = CARTESIAN_POINT('',(0.,50.,0.));
#3926 = DIRECTION('',(-0.,1.,0.));
#3927 = DIRECTION('',(0.,0.,1.));
#3928 = DEFINITIONAL_REPRESENTATION('',(#3929),#3933);
#3929 = LINE('',#3930,#3931);
#3930 = CARTESIAN_POINT('',(0.,0.));
#3931 = VECTOR('',#3932,1.);
#3932 = DIRECTION('',(1.,0.));
#3933 = ( GEOMETRIC_REPRESENTATION_CONTEXT(2) 
PARAMETRIC_REPRESENTATION_CONTEXT() REPRESENTATION_CONTEXT('2D SPACE',''
  ) );
#3934 = ORIENTED_EDGE('',*,*,#3935,.F.);
#3935 = EDGE_CURVE('',#3847,#3908,#3936,.T.);
#3936 = SURFACE_CURVE('',#3937,(#3941,#3948),.PCURVE_S1.);
#3937 = LINE('',#3938,#3939);
#3938 = CARTESIAN_POINT('',(0.,0.,2.4E+03));
#3939 = VECTOR('',#3940,1.);
#3940 = DIRECTION('',(-0.,1.,0.));
#3941 = PCURVE('',#3855,#3942);
#3942 = DEFINITIONAL_REPRESENTATION('',(#3943),#3947);
#3943 = LINE('',#3944,#3945);
#3944 = CARTESIAN_POINT('',(2.4E+03,0.));
#3945 = VECTOR('',#3946,1.);
#3946 = DIRECTION('',(0.,-1.));
#3947 = ( GEOMETRIC_REPRESENTATION_CONTEXT(2) 
PARAMETRIC_REPRESENTATION_CONTEXT() REPRESENTATION_CONTEXT('2D SPACE',''
  ) );
#3948 = PCURVE('',#3949,#3954);
#3949 = PLANE('',#3950);
#3950 = AXIS2_PLACEMENT_3D('',#3951,#3952,#3953);
#3951 = CARTESIAN_POINT('',(0.,0.,2.4E+03));
#3952 = DIRECTION('',(0.,0.,1.));
#3953 = DIRECTION('',(1.,0.,-0.));
#3954 = DEFINITIONAL_REPRESENTATION('',(#3955),#3959);
#3955 = LINE('',#3956,#3957);
#3956 = CARTESIAN_POINT('',(0.,0.));
#3957 = VECTOR('',#3958,1.);
#3958 = DIRECTION('',(0.,1.));
#3959 = ( GEOMETRIC_REPRESENTATION_CONTEXT(2) 
PARAMETRIC_REPRESENTATION_CONTEXT() REPRESENTATION_CONTEXT('2D SPACE',''
  ) );
#3960 = FACE_BOUND('',#3961,.F.);
#3961 = EDGE_LOOP('',(#3962));
#3962 = ORIENTED_EDGE('',*,*,#3963,.F.);
#3963 = EDGE_CURVE('',#3964,#3964,#3966,.T.);
#3964 = VERTEX_POINT('',#3965);
#3965 = CARTESIAN_POINT('',(0.,25.,294.5));
#3966 = SURFACE_CURVE('',#3967,(#3972,#3979),.PCURVE_S1.);
#3967 = CIRCLE('',#3968,5.5);
#3968 = AXIS2_PLACEMENT_3D('',#3969,#3970,#3971);
#3969 = CARTESIAN_POINT('',(0.,25.,300.));
#3970 = DIRECTION('',(1.,0.,1.110223024625E-16));
#3971 = DIRECTION('',(1.110223024625E-16,0.,-1.));
#3972 = PCURVE('',#3855,#3973);
#3973 = DEFINITIONAL_REPRESENTATION('',(#3974),#3978);
#3974 = CIRCLE('',#3975,5.5);
#3975 = AXIS2_PLACEMENT_2D('',#3976,#3977);
#3976 = CARTESIAN_POINT('',(300.,-25.));
#3977 = DIRECTION('',(-1.,0.));
#3978 = ( GEOMETRIC_REPRESENTATION_CONTEXT(2) 
PARAMETRIC_REPRESENTATION_CONTEXT() REPRESENTATION_CONTEXT('2D SPACE',''
  ) );
#3979 = PCURVE('',#3980,#3985);
#3980 = CYLINDRICAL_SURFACE('',#3981,5.5);
#3981 = AXIS2_PLACEMENT_3D('',#3982,#3983,#3984);
#3982 = CARTESIAN_POINT('',(-1.,25.,300.));
#3983 = DIRECTION('',(1.,0.,1.110223024625E-16));
#3984 = DIRECTION('',(1.110223024625E-16,0.,-1.));
#3985 = DEFINITIONAL_REPRESENTATION('',(#3986),#3990);
#3986 = LINE('',#3987,#3988);
#3987 = CARTESIAN_POINT('',(0.,1.));
#3988 = VECTOR('',#3989,1.);
#3989 = DIRECTION('',(1.,0.));
#3990 = ( GEOMETRIC_REPRESENTATION_CONTEXT(2) 
PARAMETRIC_REPRESENTATION_CONTEXT() REPRESENTATION_CONTEXT('2D SPACE',''
  ) );
#3991 = FACE_BOUND('',#3992,.F.);
#3992 = EDGE_LOOP('',(#3993));
#3993 = ORIENTED_EDGE('',*,*,#3994,.F.);
#3994 = EDGE_CURVE('',#3995,#3995,#3997,.T.);
#3995 = VERTEX_POINT('',#3996);
#3996 = CARTESIAN_POINT('',(0.,25.,994.5));
#3997 = SURFACE_CURVE('',#3998,(#4003,#4010),.PCURVE_S1.);
#3998 = CIRCLE('',#3999,5.5);
#3999 = AXIS2_PLACEMENT_3D('',#4000,#4001,#4002);
#4000 = CARTESIAN_POINT('',(0.,25.,1.E+03));
#4001 = DIRECTION('',(1.,0.,1.110223024625E-16));
#4002 = DIRECTION('',(1.110223024625E-16,0.,-1.));
#4003 = PCURVE('',#3855,#4004);
#4004 = DEFINITIONAL_REPRESENTATION('',(#4005),#4009);
#4005 = CIRCLE('',#4006,5.5);
#4006 = AXIS2_PLACEMENT_2D('',#4007,#4008);
#4007 = CARTESIAN_POINT('',(1.E+03,-25.));
#4008 = DIRECTION('',(-1.,0.));
#4009 = ( GEOMETRIC_REPRESENTATION_CONTEXT(2) 
PARAMETRIC_REPRESENTATION_CONTEXT() REPRESENTATION_CONTEXT('2D SPACE',''
  ) );
#4010 = PCURVE('',#4011,#4016);
#4011 = CYLINDRICAL_SURFACE('',#4012,5.5);
#4012 = AXIS2_PLACEMENT_3D('',#4013,#4014,#4015);
#4013 = CARTESIAN_POINT('',(-1.,25.,1.E+03));
#4014 = DIRECTION('',(1.,0.,1.110223024625E-16));
#4015 = DIRECTION('',(1.110223024625E-16,0.,-1.));
#4016 = DEFINITIONAL_REPRESENTATION('',(#4017),#4021);
#4017 = LINE('',#4018,#4019);
#4018 = CARTESIAN_POINT('',(0.,1.));
#4019 = VECTOR('',#4020,1.);
#4020 = DIRECTION('',(1.,0.));
#4021 = ( GEOMETRIC_REPRESENTATION_CONTEXT(2) 
PARAMETRIC_REPRESENTATION_CONTEXT() REPRESENTATION_CONTEXT('2D SPACE',''
  ) );
#4022 = FACE_BOUND('',#4023,.F.);
#4023 = EDGE_LOOP('',(#4024));
#4024 = ORIENTED_EDGE('',*,*,#4025,.F.);
#4025 = EDGE_CURVE('',#4026,#4026,#4028,.T.);
#4026 = VERTEX_POINT('',#4027);
#4027 = CARTESIAN_POINT('',(0.,25.,1.6945E+03));
#4028 = SURFACE_CURVE('',#4029,(#4034,#4041),.PCURVE_S1.);
#4029 = CIRCLE('',#4030,5.5);
#4030 = AXIS2_PLACEMENT_3D('',#4031,#4032,#4033);
#4031 = CARTESIAN_POINT('',(0.,25.,1.7E+03));
#4032 = DIRECTION('',(1.,0.,1.110223024625E-16));
#4033 = DIRECTION('',(1.110223024625E-16,0.,-1.));
#4034 = PCURVE('',#3855,#4035);
#4035 = DEFINITIONAL_REPRESENTATION('',(#4036),#4040);
#4036 = CIRCLE('',#4037,5.5);
#4037 = AXIS2_PLACEMENT_2D('',#4038,#4039);
#4038 = CARTESIAN_POINT('',(1.7E+03,-25.));
#4039 = DIRECTION('',(-1.,0.));
#4040 = ( GEOMETRIC_REPRESENTATION_CONTEXT(2) 
PARAMETRIC_REPRESENTATION_CONTEXT() REPRESENTATION_CONTEXT('2D SPACE',''
  ) );
#4041 = PCURVE('',#4042,#4047);
#4042 = CYLINDRICAL_SURFACE('',#4043,5.5);
#4043 = AXIS2_PLACEMENT_3D('',#4044,#4045,#4046);
#4044 = CARTESIAN_POINT('',(-1.,25.,1.7E+03));
#4045 = DIRECTION('',(1.,0.,1.110223024625E-16));
#4046 = DIRECTION('',(1.110223024625E-16,0.,-1.));
#4047 = DEFINITIONAL_REPRESENTATION('',(#4048),#4052);
#4048 = LINE('',#4049,#4050);
#4049 = CARTESIAN_POINT('',(0.,1.));
#4050 = VECTOR('',#4051,1.);
#4051 = DIRECTION('',(1.,0.));
#4052 = ( GEOMETRIC_REPRESENTATION_CONTEXT(2) 
PARAMETRIC_REPRESENTATION_CONTEXT() REPRESENTATION_CONTEXT('2D SPACE',''
  ) );
#4053 = ADVANCED_FACE('',(#4054),#3867,.F.);
#4054 = FACE_BOUND('',#4055,.F.);
#4055 = EDGE_LOOP('',(#4056,#4079,#4080,#4103));
#4056 = ORIENTED_EDGE('',*,*,#4057,.F.);
#4057 = EDGE_CURVE('',#3845,#4058,#4060,.T.);
#4058 = VERTEX_POINT('',#4059);
#4059 = CARTESIAN_POINT('',(25.,0.,0.));
#4060 = SURFACE_CURVE('',#4061,(#4065,#4072),.PCURVE_S1.);
#4061 = LINE('',#4062,#4063);
#4062 = CARTESIAN_POINT('',(0.,0.,0.));
#4063 = VECTOR('',#4064,1.);
#4064 = DIRECTION('',(1.,0.,-0.));
#4065 = PCURVE('',#3867,#4066);
#4066 = DEFINITIONAL_REPRESENTATION('',(#4067),#4071);
#4067 = LINE('',#4068,#4069);
#4068 = CARTESIAN_POINT('',(0.,0.));
#4069 = VECTOR('',#4070,1.);
#4070 = DIRECTION('',(0.,1.));
#4071 = ( GEOMETRIC_REPRESENTATION_CONTEXT(2) 
PARAMETRIC_REPRESENTATION_CONTEXT() REPRESENTATION_CONTEXT('2D SPACE',''
  ) );
#4072 = PCURVE('',#3895,#4073);
#4073 = DEFINITIONAL_REPRESENTATION('',(#4074),#4078);
#4074 = LINE('',#4075,#4076);
#4075 = CARTESIAN_POINT('',(0.,0.));
#4076 = VECTOR('',#4077,1.);
#4077 = DIRECTION('',(1.,0.));
#4078 = ( GEOMETRIC_REPRESENTATION_CONTEXT(2) 
PARAMETRIC_REPRESENTATION_CONTEXT() REPRESENTATION_CONTEXT('2D SPACE',''
  ) );
#4079 = ORIENTED_EDGE('',*,*,#3844,.T.);
#4080 = ORIENTED_EDGE('',*,*,#4081,.T.);
#4081 = EDGE_CURVE('',#3847,#4082,#4084,.T.);
#4082 = VERTEX_POINT('',#4083);
#4083 = CARTESIAN_POINT('',(25.,0.,2.4E+03));
#4084 = SURFACE_CURVE('',#4085,(#4089,#4096),.PCURVE_S1.);
#4085 = LINE('',#4086,#4087);
#4086 = CARTESIAN_POINT('',(0.,0.,2.4E+03));
#4087 = VECTOR('',#4088,1.);
#4088 = DIRECTION('',(1.,0.,-0.));
#4089 = PCURVE('',#3867,#4090);
#4090 = DEFINITIONAL_REPRESENTATION('',(#4091),#4095);
#4091 = LINE('',#4092,#4093);
#4092 = CARTESIAN_POINT('',(2.4E+03,0.));
#4093 = VECTOR('',#4094,1.);
#4094 = DIRECTION('',(0.,1.));
#4095 = ( GEOMETRIC_REPRESENTATION_CONTEXT(2) 
PARAMETRIC_REPRESENTATION_CONTEXT() REPRESENTATION_CONTEXT('2D SPACE',''
  ) );
#4096 = PCURVE('',#3949,#4097);
#4097 = DEFINITIONAL_REPRESENTATION('',(#4098),#4102);
#4098 = LINE('',#4099,#4100);
#4099 = CARTESIAN_POINT('',(0.,0.));
#4100 = VECTOR('',#4101,1.);
#4101 = DIRECTION('',(1.,0.));
#4102 = ( GEOMETRIC_REPRESENTATION_CONTEXT(2) 
PARAMETRIC_REPRESENTATION_CONTEXT() REPRESENTATION_CONTEXT('2D SPACE',''
  ) );
#4103 = ORIENTED_EDGE('',*,*,#4104,.F.);
#4104 = EDGE_CURVE('',#4058,#4082,#4105,.T.);
#4105 = SURFACE_CURVE('',#4106,(#4110,#4117),.PCURVE_S1.);
#4106 = LINE('',#4107,#4108);
#4107 = CARTESIAN_POINT('',(25.,0.,0.));
#4108 = VECTOR('',#4109,1.);
#4109 = DIRECTION('',(0.,0.,1.));
#4110 = PCURVE('',#3867,#4111);
#4111 = DEFINITIONAL_REPRESENTATION('',(#4112),#4116);
#4112 = LINE('',#4113,#4114);
#4113 = CARTESIAN_POINT('',(0.,25.));
#4114 = VECTOR('',#4115,1.);
#4115 = DIRECTION('',(1.,0.));
#4116 = ( GEOMETRIC_REPRESENTATION_CONTEXT(2) 
PARAMETRIC_REPRESENTATION_CONTEXT() REPRESENTATION_CONTEXT('2D SPACE',''
  ) );
#4117 = PCURVE('',#4118,#4123);
#4118 = PLANE('',#4119);
#4119 = AXIS2_PLACEMENT_3D('',#4120,#4121,#4122);
#4120 = CARTESIAN_POINT('',(25.,0.,0.));
#4121 = DIRECTION('',(1.,0.,-0.));
#4122 = DIRECTION('',(0.,0.,1.));
#4123 = DEFINITIONAL_REPRESENTATION('',(#4124),#4128);
#4124 = LINE('',#4125,#4126);
#4125 = CARTESIAN_POINT('',(0.,0.));
#4126 = VECTOR('',#4127,1.);
#4127 = DIRECTION('',(1.,0.));
#4128 = ( GEOMETRIC_REPRESENTATION_CONTEXT(2) 
PARAMETRIC_REPRESENTATION_CONTEXT() REPRESENTATION_CONTEXT('2D SPACE',''
  ) );
#4129 = ADVANCED_FACE('',(#4130),#3949,.T.);
#4130 = FACE_BOUND('',#4131,.T.);
#4131 = EDGE_LOOP('',(#4132,#4133,#4134,#4157));
#4132 = ORIENTED_EDGE('',*,*,#3935,.F.);
#4133 = ORIENTED_EDGE('',*,*,#4081,.T.);
#4134 = ORIENTED_EDGE('',*,*,#4135,.T.);
#4135 = EDGE_CURVE('',#4082,#4136,#4138,.T.);
#4136 = VERTEX_POINT('',#4137);
#4137 = CARTESIAN_POINT('',(25.,50.,2.4E+03));
#4138 = SURFACE_CURVE('',#4139,(#4143,#4150),.PCURVE_S1.);
#4139 = LINE('',#4140,#4141);
#4140 = CARTESIAN_POINT('',(25.,0.,2.4E+03));
#4141 = VECTOR('',#4142,1.);
#4142 = DIRECTION('',(-0.,1.,0.));
#4143 = PCURVE('',#3949,#4144);
#4144 = DEFINITIONAL_REPRESENTATION('',(#4145),#4149);
#4145 = LINE('',#4146,#4147);
#4146 = CARTESIAN_POINT('',(25.,0.));
#4147 = VECTOR('',#4148,1.);
#4148 = DIRECTION('',(0.,1.));
#4149 = ( GEOMETRIC_REPRESENTATION_CONTEXT(2) 
PARAMETRIC_REPRESENTATION_CONTEXT() REPRESENTATION_CONTEXT('2D SPACE',''
  ) );
#4150 = PCURVE('',#4118,#4151);
#4151 = DEFINITIONAL_REPRESENTATION('',(#4152),#4156);
#4152 = LINE('',#4153,#4154);
#4153 = CARTESIAN_POINT('',(2.4E+03,0.));
#4154 = VECTOR('',#4155,1.);
#4155 = DIRECTION('',(0.,-1.));
#4156 = ( GEOMETRIC_REPRESENTATION_CONTEXT(2) 
PARAMETRIC_REPRESENTATION_CONTEXT() REPRESENTATION_CONTEXT('2D SPACE',''
  ) );
#4157 = ORIENTED_EDGE('',*,*,#4158,.F.);
#4158 = EDGE_CURVE('',#3908,#4136,#4159,.T.);
#4159 = SURFACE_CURVE('',#4160,(#4164,#4171),.PCURVE_S1.);
#4160 = LINE('',#4161,#4162);
#4161 = CARTESIAN_POINT('',(0.,50.,2.4E+03));
#4162 = VECTOR('',#4163,1.);
#4163 = DIRECTION('',(1.,0.,-0.));
#4164 = PCURVE('',#3949,#4165);
#4165 = DEFINITIONAL_REPRESENTATION('',(#4166),#4170);
#4166 = LINE('',#4167,#4168);
#4167 = CARTESIAN_POINT('',(0.,50.));
#4168 = VECTOR('',#4169,1.);
#4169 = DIRECTION('',(1.,0.));
#4170 = ( GEOMETRIC_REPRESENTATION_CONTEXT(2) 
PARAMETRIC_REPRESENTATION_CONTEXT() REPRESENTATION_CONTEXT('2D SPACE',''
  ) );
#4171 = PCURVE('',#3923,#4172);
#4172 = DEFINITIONAL_REPRESENTATION('',(#4173),#4177);
#4173 = LINE('',#4174,#4175);
#4174 = CARTESIAN_POINT('',(2.4E+03,0.));
#4175 = VECTOR('',#4176,1.);
#4176 = DIRECTION('',(0.,1.));
#4177 = ( GEOMETRIC_REPRESENTATION_CONTEXT(2) 
PARAMETRIC_REPRESENTATION_CONTEXT() REPRESENTATION_CONTEXT('2D SPACE',''
  ) );
#4178 = ADVANCED_FACE('',(#4179),#3895,.F.);
#4179 = FACE_BOUND('',#4180,.F.);
#4180 = EDGE_LOOP('',(#4181,#4182,#4183,#4206));
#4181 = ORIENTED_EDGE('',*,*,#3879,.F.);
#4182 = ORIENTED_EDGE('',*,*,#4057,.T.);
#4183 = ORIENTED_EDGE('',*,*,#4184,.T.);
#4184 = EDGE_CURVE('',#4058,#4185,#4187,.T.);
#4185 = VERTEX_POINT('',#4186);
#4186 = CARTESIAN_POINT('',(25.,50.,0.));
#4187 = SURFACE_CURVE('',#4188,(#4192,#4199),.PCURVE_S1.);
#4188 = LINE('',#4189,#4190);
#4189 = CARTESIAN_POINT('',(25.,0.,0.));
#4190 = VECTOR('',#4191,1.);
#4191 = DIRECTION('',(-0.,1.,0.));
#4192 = PCURVE('',#3895,#4193);
#4193 = DEFINITIONAL_REPRESENTATION('',(#4194),#4198);
#4194 = LINE('',#4195,#4196);
#4195 = CARTESIAN_POINT('',(25.,0.));
#4196 = VECTOR('',#4197,1.);
#4197 = DIRECTION('',(0.,1.));
#4198 = ( GEOMETRIC_REPRESENTATION_CONTEXT(2) 
PARAMETRIC_REPRESENTATION_CONTEXT() REPRESENTATION_CONTEXT('2D SPACE',''
  ) );
#4199 = PCURVE('',#4118,#4200);
#4200 = DEFINITIONAL_REPRESENTATION('',(#4201),#4205);
#4201 = LINE('',#4202,#4203);
#4202 = CARTESIAN_POINT('',(0.,0.));
#4203 = VECTOR('',#4204,1.);
#4204 = DIRECTION('',(0.,-1.));
#4205 = ( GEOMETRIC_REPRESENTATION_CONTEXT(2) 
PARAMETRIC_REPRESENTATION_CONTEXT() REPRESENTATION_CONTEXT('2D SPACE',''
  ) );
#4206 = ORIENTED_EDGE('',*,*,#4207,.F.);
#4207 = EDGE_CURVE('',#3880,#4185,#4208,.T.);
#4208 = SURFACE_CURVE('',#4209,(#4213,#4220),.PCURVE_S1.);
#4209 = LINE('',#4210,#4211);
#4210 = CARTESIAN_POINT('',(0.,50.,0.));
#4211 = VECTOR('',#4212,1.);
#4212 = DIRECTION('',(1.,0.,-0.));
#4213 = PCURVE('',#3895,#4214);
#4214 = DEFINITIONAL_REPRESENTATION('',(#4215),#4219);
#4215 = LINE('',#4216,#4217);
#4216 = CARTESIAN_POINT('',(0.,50.));
#4217 = VECTOR('',#4218,1.);
#4218 = DIRECTION('',(1.,0.));
#4219 = ( GEOMETRIC_REPRESENTATION_CONTEXT(2) 
PARAMETRIC_REPRESENTATION_CONTEXT() REPRESENTATION_CONTEXT('2D SPACE',''
  ) );
#4220 = PCURVE('',#3923,#4221);
#4221 = DEFINITIONAL_REPRESENTATION('',(#4222),#4226);
#4222 = LINE('',#4223,#4224);
#4223 = CARTESIAN_POINT('',(0.,0.));
#4224 = VECTOR('',#4225,1.);
#4225 = DIRECTION('',(0.,1.));
#4226 = ( GEOMETRIC_REPRESENTATION_CONTEXT(2) 
PARAMETRIC_REPRESENTATION_CONTEXT() REPRESENTATION_CONTEXT('2D SPACE',''
  ) );
#4227 = ADVANCED_FACE('',(#4228),#3923,.T.);
#4228 = FACE_BOUND('',#4229,.T.);
#4229 = EDGE_LOOP('',(#4230,#4231,#4232,#4233));
#4230 = ORIENTED_EDGE('',*,*,#4207,.F.);
#4231 = ORIENTED_EDGE('',*,*,#3907,.T.);
#4232 = ORIENTED_EDGE('',*,*,#4158,.T.);
#4233 = ORIENTED_EDGE('',*,*,#4234,.F.);
#4234 = EDGE_CURVE('',#4185,#4136,#4235,.T.);
#4235 = SURFACE_CURVE('',#4236,(#4240,#4247),.PCURVE_S1.);
#4236 = LINE('',#4237,#4238);
#4237 = CARTESIAN_POINT('',(25.,50.,0.));
#4238 = VECTOR('',#4239,1.);
#4239 = DIRECTION('',(0.,0.,1.));
#4240 = PCURVE('',#3923,#4241);
#4241 = DEFINITIONAL_REPRESENTATION('',(#4242),#4246);
#4242 = LINE('',#4243,#4244);
#4243 = CARTESIAN_POINT('',(0.,25.));
#4244 = VECTOR('',#4245,1.);
#4245 = DIRECTION('',(1.,0.));
#4246 = ( GEOMETRIC_REPRESENTATION_CONTEXT(2) 
PARAMETRIC_REPRESENTATION_CONTEXT() REPRESENTATION_CONTEXT('2D SPACE',''
  ) );
#4247 = PCURVE('',#4118,#4248);
#4248 = DEFINITIONAL_REPRESENTATION('',(#4249),#4253);
#4249 = LINE('',#4250,#4251);
#4250 = CARTESIAN_POINT('',(0.,-50.));
#4251 = VECTOR('',#4252,1.);
#4252 = DIRECTION('',(1.,0.));
#4253 = ( GEOMETRIC_REPRESENTATION_CONTEXT(2) 
PARAMETRIC_REPRESENTATION_CONTEXT() REPRESENTATION_CONTEXT('2D SPACE',''
  ) );
#4254 = ADVANCED_FACE('',(#4255),#3980,.F.);
#4255 = FACE_BOUND('',#4256,.F.);
#4256 = EDGE_LOOP('',(#4257,#4281,#4302,#4303));
#4257 = ORIENTED_EDGE('',*,*,#4258,.F.);
#4258 = EDGE_CURVE('',#4259,#4259,#4261,.T.);
#4259 = VERTEX_POINT('',#4260);
#4260 = CARTESIAN_POINT('',(25.,25.,294.5));
#4261 = SURFACE_CURVE('',#4262,(#4267,#4274),.PCURVE_S1.);
#4262 = CIRCLE('',#4263,5.5);
#4263 = AXIS2_PLACEMENT_3D('',#4264,#4265,#4266);
#4264 = CARTESIAN_POINT('',(25.,25.,300.));
#4265 = DIRECTION('',(1.,0.,1.110223024625E-16));
#4266 = DIRECTION('',(1.110223024625E-16,0.,-1.));
#4267 = PCURVE('',#3980,#4268);
#4268 = DEFINITIONAL_REPRESENTATION('',(#4269),#4273);
#4269 = LINE('',#4270,#4271);
#4270 = CARTESIAN_POINT('',(0.,26.));
#4271 = VECTOR('',#4272,1.);
#4272 = DIRECTION('',(1.,0.));
#4273 = ( GEOMETRIC_REPRESENTATION_CONTEXT(2) 
PARAMETRIC_REPRESENTATION_CONTEXT() REPRESENTATION_CONTEXT('2D SPACE',''
  ) );
#4274 = PCURVE('',#4118,#4275);
#4275 = DEFINITIONAL_REPRESENTATION('',(#4276),#4280);
#4276 = CIRCLE('',#4277,5.5);
#4277 = AXIS2_PLACEMENT_2D('',#4278,#4279);
#4278 = CARTESIAN_POINT('',(300.,-25.));
#4279 = DIRECTION('',(-1.,0.));
#4280 = ( GEOMETRIC_REPRESENTATION_CONTEXT(2) 
PARAMETRIC_REPRESENTATION_CONTEXT() REPRESENTATION_CONTEXT('2D SPACE',''
  ) );
#4281 = ORIENTED_EDGE('',*,*,#4282,.F.);
#4282 = EDGE_CURVE('',#3964,#4259,#4283,.T.);
#4283 = SEAM_CURVE('',#4284,(#4288,#4295),.PCURVE_S1.);
#4284 = LINE('',#4285,#4286);
#4285 = CARTESIAN_POINT('',(-1.,25.,294.5));
#4286 = VECTOR('',#4287,1.);
#4287 = DIRECTION('',(1.,0.,1.110223024625E-16));
#4288 = PCURVE('',#3980,#4289);
#4289 = DEFINITIONAL_REPRESENTATION('',(#4290),#4294);
#4290 = LINE('',#4291,#4292);
#4291 = CARTESIAN_POINT('',(6.28318530718,-0.));
#4292 = VECTOR('',#4293,1.);
#4293 = DIRECTION('',(0.,1.));
#4294 = ( GEOMETRIC_REPRESENTATION_CONTEXT(2) 
PARAMETRIC_REPRESENTATION_CONTEXT() REPRESENTATION_CONTEXT('2D SPACE',''
  ) );
#4295 = PCURVE('',#3980,#4296);
#4296 = DEFINITIONAL_REPRESENTATION('',(#4297),#4301);
#4297 = LINE('',#4298,#4299);
#4298 = CARTESIAN_POINT('',(0.,-0.));
#4299 = VECTOR('',#4300,1.);
#4300 = DIRECTION('',(0.,1.));
#4301 = ( GEOMETRIC_REPRESENTATION_CONTEXT(2) 
PARAMETRIC_REPRESENTATION_CONTEXT() REPRESENTATION_CONTEXT('2D SPACE',''
  ) );
#4302 = ORIENTED_EDGE('',*,*,#3963,.T.);
#4303 = ORIENTED_EDGE('',*,*,#4282,.T.);
#4304 = ADVANCED_FACE('',(#4305),#4011,.F.);
#4305 = FACE_BOUND('',#4306,.F.);
#4306 = EDGE_LOOP('',(#4307,#4331,#4352,#4353));
#4307 = ORIENTED_EDGE('',*,*,#4308,.F.);
#4308 = EDGE_CURVE('',#4309,#4309,#4311,.T.);
#4309 = VERTEX_POINT('',#4310);
#4310 = CARTESIAN_POINT('',(25.,25.,994.5));
#4311 = SURFACE_CURVE('',#4312,(#4317,#4324),.PCURVE_S1.);
#4312 = CIRCLE('',#4313,5.5);
#4313 = AXIS2_PLACEMENT_3D('',#4314,#4315,#4316);
#4314 = CARTESIAN_POINT('',(25.,25.,1.E+03));
#4315 = DIRECTION('',(1.,0.,1.110223024625E-16));
#4316 = DIRECTION('',(1.110223024625E-16,0.,-1.));
#4317 = PCURVE('',#4011,#4318);
#4318 = DEFINITIONAL_REPRESENTATION('',(#4319),#4323);
#4319 = LINE('',#4320,#4321);
#4320 = CARTESIAN_POINT('',(0.,26.));
#4321 = VECTOR('',#4322,1.);
#4322 = DIRECTION('',(1.,0.));
#4323 = ( GEOMETRIC_REPRESENTATION_CONTEXT(2) 
PARAMETRIC_REPRESENTATION_CONTEXT() REPRESENTATION_CONTEXT('2D SPACE',''
  ) );
#4324 = PCURVE('',#4118,#4325);
#4325 = DEFINITIONAL_REPRESENTATION('',(#4326),#4330);
#4326 = CIRCLE('',#4327,5.5);
#4327 = AXIS2_PLACEMENT_2D('',#4328,#4329);
#4328 = CARTESIAN_POINT('',(1.E+03,-25.));
#4329 = DIRECTION('',(-1.,0.));
#4330 = ( GEOMETRIC_REPRESENTATION_CONTEXT(2) 
PARAMETRIC_REPRESENTATION_CONTEXT() REPRESENTATION_CONTEXT('2D SPACE',''
  ) );
#4331 = ORIENTED_EDGE('',*,*,#4332,.F.);
#4332 = EDGE_CURVE('',#3995,#4309,#4333,.T.);
#4333 = SEAM_CURVE('',#4334,(#4338,#4345),.PCURVE_S1.);
#4334 = LINE('',#4335,#4336);
#4335 = CARTESIAN_POINT('',(-1.,25.,994.5));
#4336 = VECTOR('',#4337,1.);
#4337 = DIRECTION('',(1.,0.,1.110223024625E-16));
#4338 = PCURVE('',#4011,#4339);
#4339 = DEFINITIONAL_REPRESENTATION('',(#4340),#4344);
#4340 = LINE('',#4341,#4342);
#4341 = CARTESIAN_POINT('',(6.28318530718,-0.));
#4342 = VECTOR('',#4343,1.);
#4343 = DIRECTION('',(0.,1.));
#4344 = ( GEOMETRIC_REPRESENTATION_CONTEXT(2) 
PARAMETRIC_REPRESENTATION_CONTEXT() REPRESENTATION_CONTEXT('2D SPACE',''
  ) );
#4345 = PCURVE('',#4011,#4346);
#4346 = DEFINITIONAL_REPRESENTATION('',(#4347),#4351);
#4347 = LINE('',#4348,#4349);
#4348 = CARTESIAN_POINT('',(0.,-0.));
#4349 = VECTOR('',#4350,1.);
#4350 = DIRECTION('',(0.,1.));
#4351 = ( GEOMETRIC_REPRESENTATION_CONTEXT(2) 
PARAMETRIC_REPRESENTATION_CONTEXT() REPRESENTATION_CONTEXT('2D SPACE',''
  ) );
#4352 = ORIENTED_EDGE('',*,*,#3994,.T.);
#4353 = ORIENTED_EDGE('',*,*,#4332,.T.);
#4354 = ADVANCED_FACE('',(#4355),#4042,.F.);
#4355 = FACE_BOUND('',#4356,.F.);
#4356 = EDGE_LOOP('',(#4357,#4381,#4402,#4403));
#4357 = ORIENTED_EDGE('',*,*,#4358,.F.);
#4358 = EDGE_CURVE('',#4359,#4359,#4361,.T.);
#4359 = VERTEX_POINT('',#4360);
#4360 = CARTESIAN_POINT('',(25.,25.,1.6945E+03));
#4361 = SURFACE_CURVE('',#4362,(#4367,#4374),.PCURVE_S1.);
#4362 = CIRCLE('',#4363,5.5);
#4363 = AXIS2_PLACEMENT_3D('',#4364,#4365,#4366);
#4364 = CARTESIAN_POINT('',(25.,25.,1.7E+03));
#4365 = DIRECTION('',(1.,0.,1.110223024625E-16));
#4366 = DIRECTION('',(1.110223024625E-16,0.,-1.));
#4367 = PCURVE('',#4042,#4368);
#4368 = DEFINITIONAL_REPRESENTATION('',(#4369),#4373);
#4369 = LINE('',#4370,#4371);
#4370 = CARTESIAN_POINT('',(0.,26.));
#4371 = VECTOR('',#4372,1.);
#4372 = DIRECTION('',(1.,0.));
#4373 = ( GEOMETRIC_REPRESENTATION_CONTEXT(2) 
PARAMETRIC_REPRESENTATION_CONTEXT() REPRESENTATION_CONTEXT('2D SPACE',''
  ) );
#4374 = PCURVE('',#4118,#4375);
#4375 = DEFINITIONAL_REPRESENTATION('',(#4376),#4380);
#4376 = CIRCLE('',#4377,5.5);
#4377 = AXIS2_PLACEMENT_2D('',#4378,#4379);
#4378 = CARTESIAN_POINT('',(1.7E+03,-25.));
#4379 = DIRECTION('',(-1.,0.));
#4380 = ( GEOMETRIC_REPRESENTATION_CONTEXT(2) 
PARAMETRIC_REPRESENTATION_CONTEXT() REPRESENTATION_CONTEXT('2D SPACE',''
  ) );
#4381 = ORIENTED_EDGE('',*,*,#4382,.F.);
#4382 = EDGE_CURVE('',#4026,#4359,#4383,.T.);
#4383 = SEAM_CURVE('',#4384,(#4388,#4395),.PCURVE_S1.);
#4384 = LINE('',#4385,#4386);
#4385 = CARTESIAN_POINT('',(-1.,25.,1.6945E+03));
#4386 = VECTOR('',#4387,1.);
#4387 = DIRECTION('',(1.,0.,1.110223024625E-16));
#4388 = PCURVE('',#4042,#4389);
#4389 = DEFINITIONAL_REPRESENTATION('',(#4390),#4394);
#4390 = LINE('',#4391,#4392);
#4391 = CARTESIAN_POINT('',(6.28318530718,-0.));
#4392 = VECTOR('',#4393,1.);
#4393 = DIRECTION('',(0.,1.));
#4394 = ( GEOMETRIC_REPRESENTATION_CONTEXT(2) 
PARAMETRIC_REPRESENTATION_CONTEXT() REPRESENTATION_CONTEXT('2D SPACE',''
  ) );
#4395 = PCURVE('',#4042,#4396);
#4396 = DEFINITIONAL_REPRESENTATION('',(#4397),#4401);
#4397 = LINE('',#4398,#4399);
#4398 = CARTESIAN_POINT('',(0.,-0.));
#4399 = VECTOR('',#4400,1.);
#4400 = DIRECTION('',(0.,1.));
#4401 = ( GEOMETRIC_REPRESENTATION_CONTEXT(2) 
PARAMETRIC_REPRESENTATION_CONTEXT() REPRESENTATION_CONTEXT('2D SPACE',''
  ) );
#4402 = ORIENTED_EDGE('',*,*,#4025,.T.);
#4403 = ORIENTED_EDGE('',*,*,#4382,.T.);
#4404 = ADVANCED_FACE('',(#4405,#4411,#4414,#4417),#4118,.T.);
#4405 = FACE_BOUND('',#4406,.T.);
#4406 = EDGE_LOOP('',(#4407,#4408,#4409,#4410));
#4407 = ORIENTED_EDGE('',*,*,#4104,.F.);
#4408 = ORIENTED_EDGE('',*,*,#4184,.T.);
#4409 = ORIENTED_EDGE('',*,*,#4234,.T.);
#4410 = ORIENTED_EDGE('',*,*,#4135,.F.);
#4411 = FACE_BOUND('',#4412,.T.);
#4412 = EDGE_LOOP('',(#4413));
#4413 = ORIENTED_EDGE('',*,*,#4258,.F.);
#4414 = FACE_BOUND('',#4415,.T.);
#4415 = EDGE_LOOP('',(#4416));
#4416 = ORIENTED_EDGE('',*,*,#4308,.F.);
#4417 = FACE_BOUND('',#4418,.T.);
#4418 = EDGE_LOOP('',(#4419));
#4419 = ORIENTED_EDGE('',*,*,#4358,.F.);
#4420 = ( GEOMETRIC_REPRESENTATION_CONTEXT(3) 
GLOBAL_UNCERTAINTY_ASSIGNED_CONTEXT((#4424)) 
GLOBAL_UNIT_ASSIGNED_CONTEXT((#4421,#4422,#4423)) REPRESENTATION_CONTEXT
('Context #1','3D Context with UNIT and UNCERTAINTY') );
#4421 = ( LENGTH_UNIT() NAMED_UNIT(*) SI_UNIT(.MILLI.,.METRE.) );
#4422 = ( NAMED_UNIT(*) PLANE_ANGLE_UNIT() SI_UNIT($,.RADIAN.) );
#4423 = ( NAMED_UNIT(*) SI_UNIT($,.STERADIAN.) SOLID_ANGLE_UNIT() );
#4424 = UNCERTAINTY_MEASURE_WITH_UNIT(LENGTH_MEASURE(1.E-07),#4421,
  'distance_accuracy_value','confusion accuracy');
#4425 = CONTEXT_DEPENDENT_SHAPE_REPRESENTATION(#4426,#4428);
#4426 = ( REPRESENTATION_RELATIONSHIP('','',#3837,#10) 
REPRESENTATION_RELATIONSHIP_WITH_TRANSFORMATION(#4427) 
SHAPE_REPRESENTATION_RELATIONSHIP() );
#4427 = ITEM_DEFINED_TRANSFORMATION('','',#11,#35);
#4428 = PRODUCT_DEFINITION_SHAPE('Placement','Placement of an item',
  #4429);
#4429 = NEXT_ASSEMBLY_USAGE_OCCURRENCE('873',
  '\X2\04410442043E0439043A0430\X0\_\X2\0449043804420430\X0\_25\X2\0445\X0\50\X2\0445\X0\2400','',#5,
  #3832,$);
#4430 = PRODUCT_RELATED_PRODUCT_CATEGORY('part',$,(#3834));
#4431 = SHAPE_DEFINITION_REPRESENTATION(#4432,#4438);
#4432 = PRODUCT_DEFINITION_SHAPE('','',#4433);
#4433 = PRODUCT_DEFINITION('design','',#4434,#4437);
#4434 = PRODUCT_DEFINITION_FORMATION('','',#4435);
#4435 = PRODUCT(
  '\X2\04410442043E0439043A0430\X0\_\X2\0449043804420430\X0\_25\X2\0445\X0\50\X2\0445\X0\2400',
  '\X2\04410442043E0439043A0430\X0\_\X2\0449043804420430\X0\_25\X2\0445\X0\50\X2\0445\X0\2400','',(#4436
    ));
#4436 = PRODUCT_CONTEXT('',#2,'mechanical');
#4437 = PRODUCT_DEFINITION_CONTEXT('part definition',#2,'design');
#4438 = ADVANCED_BREP_SHAPE_REPRESENTATION('',(#11,#4439),#5021);
#4439 = MANIFOLD_SOLID_BREP('',#4440);
#4440 = CLOSED_SHELL('',(#4441,#4654,#4730,#4779,#4828,#4855,#4905,#4955
    ,#5005));
#4441 = ADVANCED_FACE('',(#4442,#4561,#4592,#4623),#4456,.F.);
#4442 = FACE_BOUND('',#4443,.F.);
#4443 = EDGE_LOOP('',(#4444,#4479,#4507,#4535));
#4444 = ORIENTED_EDGE('',*,*,#4445,.F.);
#4445 = EDGE_CURVE('',#4446,#4448,#4450,.T.);
#4446 = VERTEX_POINT('',#4447);
#4447 = CARTESIAN_POINT('',(972.,0.,0.));
#4448 = VERTEX_POINT('',#4449);
#4449 = CARTESIAN_POINT('',(972.,0.,2.4E+03));
#4450 = SURFACE_CURVE('',#4451,(#4455,#4467),.PCURVE_S1.);
#4451 = LINE('',#4452,#4453);
#4452 = CARTESIAN_POINT('',(972.,0.,0.));
#4453 = VECTOR('',#4454,1.);
#4454 = DIRECTION('',(0.,0.,1.));
#4455 = PCURVE('',#4456,#4461);
#4456 = PLANE('',#4457);
#4457 = AXIS2_PLACEMENT_3D('',#4458,#4459,#4460);
#4458 = CARTESIAN_POINT('',(972.,0.,0.));
#4459 = DIRECTION('',(1.,0.,-0.));
#4460 = DIRECTION('',(0.,0.,1.));
#4461 = DEFINITIONAL_REPRESENTATION('',(#4462),#4466);
#4462 = LINE('',#4463,#4464);
#4463 = CARTESIAN_POINT('',(0.,0.));
#4464 = VECTOR('',#4465,1.);
#4465 = DIRECTION('',(1.,0.));
#4466 = ( GEOMETRIC_REPRESENTATION_CONTEXT(2) 
PARAMETRIC_REPRESENTATION_CONTEXT() REPRESENTATION_CONTEXT('2D SPACE',''
  ) );
#4467 = PCURVE('',#4468,#4473);
#4468 = PLANE('',#4469);
#4469 = AXIS2_PLACEMENT_3D('',#4470,#4471,#4472);
#4470 = CARTESIAN_POINT('',(972.,0.,0.));
#4471 = DIRECTION('',(-0.,1.,0.));
#4472 = DIRECTION('',(0.,0.,1.));
#4473 = DEFINITIONAL_REPRESENTATION('',(#4474),#4478);
#4474 = LINE('',#4475,#4476);
#4475 = CARTESIAN_POINT('',(0.,0.));
#4476 = VECTOR('',#4477,1.);
#4477 = DIRECTION('',(1.,0.));
#4478 = ( GEOMETRIC_REPRESENTATION_CONTEXT(2) 
PARAMETRIC_REPRESENTATION_CONTEXT() REPRESENTATION_CONTEXT('2D SPACE',''
  ) );
#4479 = ORIENTED_EDGE('',*,*,#4480,.T.);
#4480 = EDGE_CURVE('',#4446,#4481,#4483,.T.);
#4481 = VERTEX_POINT('',#4482);
#4482 = CARTESIAN_POINT('',(972.,50.,0.));
#4483 = SURFACE_CURVE('',#4484,(#4488,#4495),.PCURVE_S1.);
#4484 = LINE('',#4485,#4486);
#4485 = CARTESIAN_POINT('',(972.,0.,0.));
#4486 = VECTOR('',#4487,1.);
#4487 = DIRECTION('',(-0.,1.,0.));
#4488 = PCURVE('',#4456,#4489);
#4489 = DEFINITIONAL_REPRESENTATION('',(#4490),#4494);
#4490 = LINE('',#4491,#4492);
#4491 = CARTESIAN_POINT('',(0.,0.));
#4492 = VECTOR('',#4493,1.);
#4493 = DIRECTION('',(0.,-1.));
#4494 = ( GEOMETRIC_REPRESENTATION_CONTEXT(2) 
PARAMETRIC_REPRESENTATION_CONTEXT() REPRESENTATION_CONTEXT('2D SPACE',''
  ) );
#4495 = PCURVE('',#4496,#4501);
#4496 = PLANE('',#4497);
#4497 = AXIS2_PLACEMENT_3D('',#4498,#4499,#4500);
#4498 = CARTESIAN_POINT('',(972.,0.,0.));
#4499 = DIRECTION('',(0.,0.,1.));
#4500 = DIRECTION('',(1.,0.,-0.));
#4501 = DEFINITIONAL_REPRESENTATION('',(#4502),#4506);
#4502 = LINE('',#4503,#4504);
#4503 = CARTESIAN_POINT('',(0.,0.));
#4504 = VECTOR('',#4505,1.);
#4505 = DIRECTION('',(0.,1.));
#4506 = ( GEOMETRIC_REPRESENTATION_CONTEXT(2) 
PARAMETRIC_REPRESENTATION_CONTEXT() REPRESENTATION_CONTEXT('2D SPACE',''
  ) );
#4507 = ORIENTED_EDGE('',*,*,#4508,.T.);
#4508 = EDGE_CURVE('',#4481,#4509,#4511,.T.);
#4509 = VERTEX_POINT('',#4510);
#4510 = CARTESIAN_POINT('',(972.,50.,2.4E+03));
#4511 = SURFACE_CURVE('',#4512,(#4516,#4523),.PCURVE_S1.);
#4512 = LINE('',#4513,#4514);
#4513 = CARTESIAN_POINT('',(972.,50.,0.));
#4514 = VECTOR('',#4515,1.);
#4515 = DIRECTION('',(0.,0.,1.));
#4516 = PCURVE('',#4456,#4517);
#4517 = DEFINITIONAL_REPRESENTATION('',(#4518),#4522);
#4518 = LINE('',#4519,#4520);
#4519 = CARTESIAN_POINT('',(0.,-50.));
#4520 = VECTOR('',#4521,1.);
#4521 = DIRECTION('',(1.,0.));
#4522 = ( GEOMETRIC_REPRESENTATION_CONTEXT(2) 
PARAMETRIC_REPRESENTATION_CONTEXT() REPRESENTATION_CONTEXT('2D SPACE',''
  ) );
#4523 = PCURVE('',#4524,#4529);
#4524 = PLANE('',#4525);
#4525 = AXIS2_PLACEMENT_3D('',#4526,#4527,#4528);
#4526 = CARTESIAN_POINT('',(972.,50.,0.));
#4527 = DIRECTION('',(-0.,1.,0.));
#4528 = DIRECTION('',(0.,0.,1.));
#4529 = DEFINITIONAL_REPRESENTATION('',(#4530),#4534);
#4530 = LINE('',#4531,#4532);
#4531 = CARTESIAN_POINT('',(0.,0.));
#4532 = VECTOR('',#4533,1.);
#4533 = DIRECTION('',(1.,0.));
#4534 = ( GEOMETRIC_REPRESENTATION_CONTEXT(2) 
PARAMETRIC_REPRESENTATION_CONTEXT() REPRESENTATION_CONTEXT('2D SPACE',''
  ) );
#4535 = ORIENTED_EDGE('',*,*,#4536,.F.);
#4536 = EDGE_CURVE('',#4448,#4509,#4537,.T.);
#4537 = SURFACE_CURVE('',#4538,(#4542,#4549),.PCURVE_S1.);
#4538 = LINE('',#4539,#4540);
#4539 = CARTESIAN_POINT('',(972.,0.,2.4E+03));
#4540 = VECTOR('',#4541,1.);
#4541 = DIRECTION('',(-0.,1.,0.));
#4542 = PCURVE('',#4456,#4543);
#4543 = DEFINITIONAL_REPRESENTATION('',(#4544),#4548);
#4544 = LINE('',#4545,#4546);
#4545 = CARTESIAN_POINT('',(2.4E+03,0.));
#4546 = VECTOR('',#4547,1.);
#4547 = DIRECTION('',(0.,-1.));
#4548 = ( GEOMETRIC_REPRESENTATION_CONTEXT(2) 
PARAMETRIC_REPRESENTATION_CONTEXT() REPRESENTATION_CONTEXT('2D SPACE',''
  ) );
#4549 = PCURVE('',#4550,#4555);
#4550 = PLANE('',#4551);
#4551 = AXIS2_PLACEMENT_3D('',#4552,#4553,#4554);
#4552 = CARTESIAN_POINT('',(972.,0.,2.4E+03));
#4553 = DIRECTION('',(0.,0.,1.));
#4554 = DIRECTION('',(1.,0.,-0.));
#4555 = DEFINITIONAL_REPRESENTATION('',(#4556),#4560);
#4556 = LINE('',#4557,#4558);
#4557 = CARTESIAN_POINT('',(0.,0.));
#4558 = VECTOR('',#4559,1.);
#4559 = DIRECTION('',(0.,1.));
#4560 = ( GEOMETRIC_REPRESENTATION_CONTEXT(2) 
PARAMETRIC_REPRESENTATION_CONTEXT() REPRESENTATION_CONTEXT('2D SPACE',''
  ) );
#4561 = FACE_BOUND('',#4562,.F.);
#4562 = EDGE_LOOP('',(#4563));
#4563 = ORIENTED_EDGE('',*,*,#4564,.F.);
#4564 = EDGE_CURVE('',#4565,#4565,#4567,.T.);
#4565 = VERTEX_POINT('',#4566);
#4566 = CARTESIAN_POINT('',(972.,25.,294.5));
#4567 = SURFACE_CURVE('',#4568,(#4573,#4580),.PCURVE_S1.);
#4568 = CIRCLE('',#4569,5.5);
#4569 = AXIS2_PLACEMENT_3D('',#4570,#4571,#4572);
#4570 = CARTESIAN_POINT('',(972.,25.,300.));
#4571 = DIRECTION('',(1.,0.,1.110223024625E-16));
#4572 = DIRECTION('',(1.110223024625E-16,0.,-1.));
#4573 = PCURVE('',#4456,#4574);
#4574 = DEFINITIONAL_REPRESENTATION('',(#4575),#4579);
#4575 = CIRCLE('',#4576,5.5);
#4576 = AXIS2_PLACEMENT_2D('',#4577,#4578);
#4577 = CARTESIAN_POINT('',(300.,-25.));
#4578 = DIRECTION('',(-1.,0.));
#4579 = ( GEOMETRIC_REPRESENTATION_CONTEXT(2) 
PARAMETRIC_REPRESENTATION_CONTEXT() REPRESENTATION_CONTEXT('2D SPACE',''
  ) );
#4580 = PCURVE('',#4581,#4586);
#4581 = CYLINDRICAL_SURFACE('',#4582,5.5);
#4582 = AXIS2_PLACEMENT_3D('',#4583,#4584,#4585);
#4583 = CARTESIAN_POINT('',(971.,25.,300.));
#4584 = DIRECTION('',(1.,0.,1.110223024625E-16));
#4585 = DIRECTION('',(1.110223024625E-16,0.,-1.));
#4586 = DEFINITIONAL_REPRESENTATION('',(#4587),#4591);
#4587 = LINE('',#4588,#4589);
#4588 = CARTESIAN_POINT('',(0.,1.));
#4589 = VECTOR('',#4590,1.);
#4590 = DIRECTION('',(1.,0.));
#4591 = ( GEOMETRIC_REPRESENTATION_CONTEXT(2) 
PARAMETRIC_REPRESENTATION_CONTEXT() REPRESENTATION_CONTEXT('2D SPACE',''
  ) );
#4592 = FACE_BOUND('',#4593,.F.);
#4593 = EDGE_LOOP('',(#4594));
#4594 = ORIENTED_EDGE('',*,*,#4595,.F.);
#4595 = EDGE_CURVE('',#4596,#4596,#4598,.T.);
#4596 = VERTEX_POINT('',#4597);
#4597 = CARTESIAN_POINT('',(972.,25.,994.5));
#4598 = SURFACE_CURVE('',#4599,(#4604,#4611),.PCURVE_S1.);
#4599 = CIRCLE('',#4600,5.5);
#4600 = AXIS2_PLACEMENT_3D('',#4601,#4602,#4603);
#4601 = CARTESIAN_POINT('',(972.,25.,1.E+03));
#4602 = DIRECTION('',(1.,0.,1.110223024625E-16));
#4603 = DIRECTION('',(1.110223024625E-16,0.,-1.));
#4604 = PCURVE('',#4456,#4605);
#4605 = DEFINITIONAL_REPRESENTATION('',(#4606),#4610);
#4606 = CIRCLE('',#4607,5.5);
#4607 = AXIS2_PLACEMENT_2D('',#4608,#4609);
#4608 = CARTESIAN_POINT('',(1.E+03,-25.));
#4609 = DIRECTION('',(-1.,0.));
#4610 = ( GEOMETRIC_REPRESENTATION_CONTEXT(2) 
PARAMETRIC_REPRESENTATION_CONTEXT() REPRESENTATION_CONTEXT('2D SPACE',''
  ) );
#4611 = PCURVE('',#4612,#4617);
#4612 = CYLINDRICAL_SURFACE('',#4613,5.5);
#4613 = AXIS2_PLACEMENT_3D('',#4614,#4615,#4616);
#4614 = CARTESIAN_POINT('',(971.,25.,1.E+03));
#4615 = DIRECTION('',(1.,0.,1.110223024625E-16));
#4616 = DIRECTION('',(1.110223024625E-16,0.,-1.));
#4617 = DEFINITIONAL_REPRESENTATION('',(#4618),#4622);
#4618 = LINE('',#4619,#4620);
#4619 = CARTESIAN_POINT('',(0.,1.));
#4620 = VECTOR('',#4621,1.);
#4621 = DIRECTION('',(1.,0.));
#4622 = ( GEOMETRIC_REPRESENTATION_CONTEXT(2) 
PARAMETRIC_REPRESENTATION_CONTEXT() REPRESENTATION_CONTEXT('2D SPACE',''
  ) );
#4623 = FACE_BOUND('',#4624,.F.);
#4624 = EDGE_LOOP('',(#4625));
#4625 = ORIENTED_EDGE('',*,*,#4626,.F.);
#4626 = EDGE_CURVE('',#4627,#4627,#4629,.T.);
#4627 = VERTEX_POINT('',#4628);
#4628 = CARTESIAN_POINT('',(972.,25.,1.6945E+03));
#4629 = SURFACE_CURVE('',#4630,(#4635,#4642),.PCURVE_S1.);
#4630 = CIRCLE('',#4631,5.5);
#4631 = AXIS2_PLACEMENT_3D('',#4632,#4633,#4634);
#4632 = CARTESIAN_POINT('',(972.,25.,1.7E+03));
#4633 = DIRECTION('',(1.,0.,1.110223024625E-16));
#4634 = DIRECTION('',(1.110223024625E-16,0.,-1.));
#4635 = PCURVE('',#4456,#4636);
#4636 = DEFINITIONAL_REPRESENTATION('',(#4637),#4641);
#4637 = CIRCLE('',#4638,5.5);
#4638 = AXIS2_PLACEMENT_2D('',#4639,#4640);
#4639 = CARTESIAN_POINT('',(1.7E+03,-25.));
#4640 = DIRECTION('',(-1.,0.));
#4641 = ( GEOMETRIC_REPRESENTATION_CONTEXT(2) 
PARAMETRIC_REPRESENTATION_CONTEXT() REPRESENTATION_CONTEXT('2D SPACE',''
  ) );
#4642 = PCURVE('',#4643,#4648);
#4643 = CYLINDRICAL_SURFACE('',#4644,5.5);
#4644 = AXIS2_PLACEMENT_3D('',#4645,#4646,#4647);
#4645 = CARTESIAN_POINT('',(971.,25.,1.7E+03));
#4646 = DIRECTION('',(1.,0.,1.110223024625E-16));
#4647 = DIRECTION('',(1.110223024625E-16,0.,-1.));
#4648 = DEFINITIONAL_REPRESENTATION('',(#4649),#4653);
#4649 = LINE('',#4650,#4651);
#4650 = CARTESIAN_POINT('',(0.,1.));
#4651 = VECTOR('',#4652,1.);
#4652 = DIRECTION('',(1.,0.));
#4653 = ( GEOMETRIC_REPRESENTATION_CONTEXT(2) 
PARAMETRIC_REPRESENTATION_CONTEXT() REPRESENTATION_CONTEXT('2D SPACE',''
  ) );
#4654 = ADVANCED_FACE('',(#4655),#4468,.F.);
#4655 = FACE_BOUND('',#4656,.F.);
#4656 = EDGE_LOOP('',(#4657,#4680,#4681,#4704));
#4657 = ORIENTED_EDGE('',*,*,#4658,.F.);
#4658 = EDGE_CURVE('',#4446,#4659,#4661,.T.);
#4659 = VERTEX_POINT('',#4660);
#4660 = CARTESIAN_POINT('',(997.,0.,0.));
#4661 = SURFACE_CURVE('',#4662,(#4666,#4673),.PCURVE_S1.);
#4662 = LINE('',#4663,#4664);
#4663 = CARTESIAN_POINT('',(972.,0.,0.));
#4664 = VECTOR('',#4665,1.);
#4665 = DIRECTION('',(1.,0.,-0.));
#4666 = PCURVE('',#4468,#4667);
#4667 = DEFINITIONAL_REPRESENTATION('',(#4668),#4672);
#4668 = LINE('',#4669,#4670);
#4669 = CARTESIAN_POINT('',(0.,0.));
#4670 = VECTOR('',#4671,1.);
#4671 = DIRECTION('',(0.,1.));
#4672 = ( GEOMETRIC_REPRESENTATION_CONTEXT(2) 
PARAMETRIC_REPRESENTATION_CONTEXT() REPRESENTATION_CONTEXT('2D SPACE',''
  ) );
#4673 = PCURVE('',#4496,#4674);
#4674 = DEFINITIONAL_REPRESENTATION('',(#4675),#4679);
#4675 = LINE('',#4676,#4677);
#4676 = CARTESIAN_POINT('',(0.,0.));
#4677 = VECTOR('',#4678,1.);
#4678 = DIRECTION('',(1.,0.));
#4679 = ( GEOMETRIC_REPRESENTATION_CONTEXT(2) 
PARAMETRIC_REPRESENTATION_CONTEXT() REPRESENTATION_CONTEXT('2D SPACE',''
  ) );
#4680 = ORIENTED_EDGE('',*,*,#4445,.T.);
#4681 = ORIENTED_EDGE('',*,*,#4682,.T.);
#4682 = EDGE_CURVE('',#4448,#4683,#4685,.T.);
#4683 = VERTEX_POINT('',#4684);
#4684 = CARTESIAN_POINT('',(997.,0.,2.4E+03));
#4685 = SURFACE_CURVE('',#4686,(#4690,#4697),.PCURVE_S1.);
#4686 = LINE('',#4687,#4688);
#4687 = CARTESIAN_POINT('',(972.,0.,2.4E+03));
#4688 = VECTOR('',#4689,1.);
#4689 = DIRECTION('',(1.,0.,-0.));
#4690 = PCURVE('',#4468,#4691);
#4691 = DEFINITIONAL_REPRESENTATION('',(#4692),#4696);
#4692 = LINE('',#4693,#4694);
#4693 = CARTESIAN_POINT('',(2.4E+03,0.));
#4694 = VECTOR('',#4695,1.);
#4695 = DIRECTION('',(0.,1.));
#4696 = ( GEOMETRIC_REPRESENTATION_CONTEXT(2) 
PARAMETRIC_REPRESENTATION_CONTEXT() REPRESENTATION_CONTEXT('2D SPACE',''
  ) );
#4697 = PCURVE('',#4550,#4698);
#4698 = DEFINITIONAL_REPRESENTATION('',(#4699),#4703);
#4699 = LINE('',#4700,#4701);
#4700 = CARTESIAN_POINT('',(0.,0.));
#4701 = VECTOR('',#4702,1.);
#4702 = DIRECTION('',(1.,0.));
#4703 = ( GEOMETRIC_REPRESENTATION_CONTEXT(2) 
PARAMETRIC_REPRESENTATION_CONTEXT() REPRESENTATION_CONTEXT('2D SPACE',''
  ) );
#4704 = ORIENTED_EDGE('',*,*,#4705,.F.);
#4705 = EDGE_CURVE('',#4659,#4683,#4706,.T.);
#4706 = SURFACE_CURVE('',#4707,(#4711,#4718),.PCURVE_S1.);
#4707 = LINE('',#4708,#4709);
#4708 = CARTESIAN_POINT('',(997.,0.,0.));
#4709 = VECTOR('',#4710,1.);
#4710 = DIRECTION('',(0.,0.,1.));
#4711 = PCURVE('',#4468,#4712);
#4712 = DEFINITIONAL_REPRESENTATION('',(#4713),#4717);
#4713 = LINE('',#4714,#4715);
#4714 = CARTESIAN_POINT('',(0.,25.));
#4715 = VECTOR('',#4716,1.);
#4716 = DIRECTION('',(1.,0.));
#4717 = ( GEOMETRIC_REPRESENTATION_CONTEXT(2) 
PARAMETRIC_REPRESENTATION_CONTEXT() REPRESENTATION_CONTEXT('2D SPACE',''
  ) );
#4718 = PCURVE('',#4719,#4724);
#4719 = PLANE('',#4720);
#4720 = AXIS2_PLACEMENT_3D('',#4721,#4722,#4723);
#4721 = CARTESIAN_POINT('',(997.,0.,0.));
#4722 = DIRECTION('',(1.,0.,-0.));
#4723 = DIRECTION('',(0.,0.,1.));
#4724 = DEFINITIONAL_REPRESENTATION('',(#4725),#4729);
#4725 = LINE('',#4726,#4727);
#4726 = CARTESIAN_POINT('',(0.,0.));
#4727 = VECTOR('',#4728,1.);
#4728 = DIRECTION('',(1.,0.));
#4729 = ( GEOMETRIC_REPRESENTATION_CONTEXT(2) 
PARAMETRIC_REPRESENTATION_CONTEXT() REPRESENTATION_CONTEXT('2D SPACE',''
  ) );
#4730 = ADVANCED_FACE('',(#4731),#4550,.T.);
#4731 = FACE_BOUND('',#4732,.T.);
#4732 = EDGE_LOOP('',(#4733,#4734,#4735,#4758));
#4733 = ORIENTED_EDGE('',*,*,#4536,.F.);
#4734 = ORIENTED_EDGE('',*,*,#4682,.T.);
#4735 = ORIENTED_EDGE('',*,*,#4736,.T.);
#4736 = EDGE_CURVE('',#4683,#4737,#4739,.T.);
#4737 = VERTEX_POINT('',#4738);
#4738 = CARTESIAN_POINT('',(997.,50.,2.4E+03));
#4739 = SURFACE_CURVE('',#4740,(#4744,#4751),.PCURVE_S1.);
#4740 = LINE('',#4741,#4742);
#4741 = CARTESIAN_POINT('',(997.,0.,2.4E+03));
#4742 = VECTOR('',#4743,1.);
#4743 = DIRECTION('',(-0.,1.,0.));
#4744 = PCURVE('',#4550,#4745);
#4745 = DEFINITIONAL_REPRESENTATION('',(#4746),#4750);
#4746 = LINE('',#4747,#4748);
#4747 = CARTESIAN_POINT('',(25.,0.));
#4748 = VECTOR('',#4749,1.);
#4749 = DIRECTION('',(0.,1.));
#4750 = ( GEOMETRIC_REPRESENTATION_CONTEXT(2) 
PARAMETRIC_REPRESENTATION_CONTEXT() REPRESENTATION_CONTEXT('2D SPACE',''
  ) );
#4751 = PCURVE('',#4719,#4752);
#4752 = DEFINITIONAL_REPRESENTATION('',(#4753),#4757);
#4753 = LINE('',#4754,#4755);
#4754 = CARTESIAN_POINT('',(2.4E+03,0.));
#4755 = VECTOR('',#4756,1.);
#4756 = DIRECTION('',(0.,-1.));
#4757 = ( GEOMETRIC_REPRESENTATION_CONTEXT(2) 
PARAMETRIC_REPRESENTATION_CONTEXT() REPRESENTATION_CONTEXT('2D SPACE',''
  ) );
#4758 = ORIENTED_EDGE('',*,*,#4759,.F.);
#4759 = EDGE_CURVE('',#4509,#4737,#4760,.T.);
#4760 = SURFACE_CURVE('',#4761,(#4765,#4772),.PCURVE_S1.);
#4761 = LINE('',#4762,#4763);
#4762 = CARTESIAN_POINT('',(972.,50.,2.4E+03));
#4763 = VECTOR('',#4764,1.);
#4764 = DIRECTION('',(1.,0.,-0.));
#4765 = PCURVE('',#4550,#4766);
#4766 = DEFINITIONAL_REPRESENTATION('',(#4767),#4771);
#4767 = LINE('',#4768,#4769);
#4768 = CARTESIAN_POINT('',(0.,50.));
#4769 = VECTOR('',#4770,1.);
#4770 = DIRECTION('',(1.,0.));
#4771 = ( GEOMETRIC_REPRESENTATION_CONTEXT(2) 
PARAMETRIC_REPRESENTATION_CONTEXT() REPRESENTATION_CONTEXT('2D SPACE',''
  ) );
#4772 = PCURVE('',#4524,#4773);
#4773 = DEFINITIONAL_REPRESENTATION('',(#4774),#4778);
#4774 = LINE('',#4775,#4776);
#4775 = CARTESIAN_POINT('',(2.4E+03,0.));
#4776 = VECTOR('',#4777,1.);
#4777 = DIRECTION('',(0.,1.));
#4778 = ( GEOMETRIC_REPRESENTATION_CONTEXT(2) 
PARAMETRIC_REPRESENTATION_CONTEXT() REPRESENTATION_CONTEXT('2D SPACE',''
  ) );
#4779 = ADVANCED_FACE('',(#4780),#4496,.F.);
#4780 = FACE_BOUND('',#4781,.F.);
#4781 = EDGE_LOOP('',(#4782,#4783,#4784,#4807));
#4782 = ORIENTED_EDGE('',*,*,#4480,.F.);
#4783 = ORIENTED_EDGE('',*,*,#4658,.T.);
#4784 = ORIENTED_EDGE('',*,*,#4785,.T.);
#4785 = EDGE_CURVE('',#4659,#4786,#4788,.T.);
#4786 = VERTEX_POINT('',#4787);
#4787 = CARTESIAN_POINT('',(997.,50.,0.));
#4788 = SURFACE_CURVE('',#4789,(#4793,#4800),.PCURVE_S1.);
#4789 = LINE('',#4790,#4791);
#4790 = CARTESIAN_POINT('',(997.,0.,0.));
#4791 = VECTOR('',#4792,1.);
#4792 = DIRECTION('',(-0.,1.,0.));
#4793 = PCURVE('',#4496,#4794);
#4794 = DEFINITIONAL_REPRESENTATION('',(#4795),#4799);
#4795 = LINE('',#4796,#4797);
#4796 = CARTESIAN_POINT('',(25.,0.));
#4797 = VECTOR('',#4798,1.);
#4798 = DIRECTION('',(0.,1.));
#4799 = ( GEOMETRIC_REPRESENTATION_CONTEXT(2) 
PARAMETRIC_REPRESENTATION_CONTEXT() REPRESENTATION_CONTEXT('2D SPACE',''
  ) );
#4800 = PCURVE('',#4719,#4801);
#4801 = DEFINITIONAL_REPRESENTATION('',(#4802),#4806);
#4802 = LINE('',#4803,#4804);
#4803 = CARTESIAN_POINT('',(0.,0.));
#4804 = VECTOR('',#4805,1.);
#4805 = DIRECTION('',(0.,-1.));
#4806 = ( GEOMETRIC_REPRESENTATION_CONTEXT(2) 
PARAMETRIC_REPRESENTATION_CONTEXT() REPRESENTATION_CONTEXT('2D SPACE',''
  ) );
#4807 = ORIENTED_EDGE('',*,*,#4808,.F.);
#4808 = EDGE_CURVE('',#4481,#4786,#4809,.T.);
#4809 = SURFACE_CURVE('',#4810,(#4814,#4821),.PCURVE_S1.);
#4810 = LINE('',#4811,#4812);
#4811 = CARTESIAN_POINT('',(972.,50.,0.));
#4812 = VECTOR('',#4813,1.);
#4813 = DIRECTION('',(1.,0.,-0.));
#4814 = PCURVE('',#4496,#4815);
#4815 = DEFINITIONAL_REPRESENTATION('',(#4816),#4820);
#4816 = LINE('',#4817,#4818);
#4817 = CARTESIAN_POINT('',(0.,50.));
#4818 = VECTOR('',#4819,1.);
#4819 = DIRECTION('',(1.,0.));
#4820 = ( GEOMETRIC_REPRESENTATION_CONTEXT(2) 
PARAMETRIC_REPRESENTATION_CONTEXT() REPRESENTATION_CONTEXT('2D SPACE',''
  ) );
#4821 = PCURVE('',#4524,#4822);
#4822 = DEFINITIONAL_REPRESENTATION('',(#4823),#4827);
#4823 = LINE('',#4824,#4825);
#4824 = CARTESIAN_POINT('',(0.,0.));
#4825 = VECTOR('',#4826,1.);
#4826 = DIRECTION('',(0.,1.));
#4827 = ( GEOMETRIC_REPRESENTATION_CONTEXT(2) 
PARAMETRIC_REPRESENTATION_CONTEXT() REPRESENTATION_CONTEXT('2D SPACE',''
  ) );
#4828 = ADVANCED_FACE('',(#4829),#4524,.T.);
#4829 = FACE_BOUND('',#4830,.T.);
#4830 = EDGE_LOOP('',(#4831,#4832,#4833,#4834));
#4831 = ORIENTED_EDGE('',*,*,#4808,.F.);
#4832 = ORIENTED_EDGE('',*,*,#4508,.T.);
#4833 = ORIENTED_EDGE('',*,*,#4759,.T.);
#4834 = ORIENTED_EDGE('',*,*,#4835,.F.);
#4835 = EDGE_CURVE('',#4786,#4737,#4836,.T.);
#4836 = SURFACE_CURVE('',#4837,(#4841,#4848),.PCURVE_S1.);
#4837 = LINE('',#4838,#4839);
#4838 = CARTESIAN_POINT('',(997.,50.,0.));
#4839 = VECTOR('',#4840,1.);
#4840 = DIRECTION('',(0.,0.,1.));
#4841 = PCURVE('',#4524,#4842);
#4842 = DEFINITIONAL_REPRESENTATION('',(#4843),#4847);
#4843 = LINE('',#4844,#4845);
#4844 = CARTESIAN_POINT('',(0.,25.));
#4845 = VECTOR('',#4846,1.);
#4846 = DIRECTION('',(1.,0.));
#4847 = ( GEOMETRIC_REPRESENTATION_CONTEXT(2) 
PARAMETRIC_REPRESENTATION_CONTEXT() REPRESENTATION_CONTEXT('2D SPACE',''
  ) );
#4848 = PCURVE('',#4719,#4849);
#4849 = DEFINITIONAL_REPRESENTATION('',(#4850),#4854);
#4850 = LINE('',#4851,#4852);
#4851 = CARTESIAN_POINT('',(0.,-50.));
#4852 = VECTOR('',#4853,1.);
#4853 = DIRECTION('',(1.,0.));
#4854 = ( GEOMETRIC_REPRESENTATION_CONTEXT(2) 
PARAMETRIC_REPRESENTATION_CONTEXT() REPRESENTATION_CONTEXT('2D SPACE',''
  ) );
#4855 = ADVANCED_FACE('',(#4856),#4581,.F.);
#4856 = FACE_BOUND('',#4857,.F.);
#4857 = EDGE_LOOP('',(#4858,#4882,#4903,#4904));
#4858 = ORIENTED_EDGE('',*,*,#4859,.F.);
#4859 = EDGE_CURVE('',#4860,#4860,#4862,.T.);
#4860 = VERTEX_POINT('',#4861);
#4861 = CARTESIAN_POINT('',(997.,25.,294.5));
#4862 = SURFACE_CURVE('',#4863,(#4868,#4875),.PCURVE_S1.);
#4863 = CIRCLE('',#4864,5.5);
#4864 = AXIS2_PLACEMENT_3D('',#4865,#4866,#4867);
#4865 = CARTESIAN_POINT('',(997.,25.,300.));
#4866 = DIRECTION('',(1.,0.,1.110223024625E-16));
#4867 = DIRECTION('',(1.110223024625E-16,0.,-1.));
#4868 = PCURVE('',#4581,#4869);
#4869 = DEFINITIONAL_REPRESENTATION('',(#4870),#4874);
#4870 = LINE('',#4871,#4872);
#4871 = CARTESIAN_POINT('',(0.,26.));
#4872 = VECTOR('',#4873,1.);
#4873 = DIRECTION('',(1.,0.));
#4874 = ( GEOMETRIC_REPRESENTATION_CONTEXT(2) 
PARAMETRIC_REPRESENTATION_CONTEXT() REPRESENTATION_CONTEXT('2D SPACE',''
  ) );
#4875 = PCURVE('',#4719,#4876);
#4876 = DEFINITIONAL_REPRESENTATION('',(#4877),#4881);
#4877 = CIRCLE('',#4878,5.5);
#4878 = AXIS2_PLACEMENT_2D('',#4879,#4880);
#4879 = CARTESIAN_POINT('',(300.,-25.));
#4880 = DIRECTION('',(-1.,0.));
#4881 = ( GEOMETRIC_REPRESENTATION_CONTEXT(2) 
PARAMETRIC_REPRESENTATION_CONTEXT() REPRESENTATION_CONTEXT('2D SPACE',''
  ) );
#4882 = ORIENTED_EDGE('',*,*,#4883,.F.);
#4883 = EDGE_CURVE('',#4565,#4860,#4884,.T.);
#4884 = SEAM_CURVE('',#4885,(#4889,#4896),.PCURVE_S1.);
#4885 = LINE('',#4886,#4887);
#4886 = CARTESIAN_POINT('',(971.,25.,294.5));
#4887 = VECTOR('',#4888,1.);
#4888 = DIRECTION('',(1.,0.,1.110223024625E-16));
#4889 = PCURVE('',#4581,#4890);
#4890 = DEFINITIONAL_REPRESENTATION('',(#4891),#4895);
#4891 = LINE('',#4892,#4893);
#4892 = CARTESIAN_POINT('',(6.28318530718,-0.));
#4893 = VECTOR('',#4894,1.);
#4894 = DIRECTION('',(0.,1.));
#4895 = ( GEOMETRIC_REPRESENTATION_CONTEXT(2) 
PARAMETRIC_REPRESENTATION_CONTEXT() REPRESENTATION_CONTEXT('2D SPACE',''
  ) );
#4896 = PCURVE('',#4581,#4897);
#4897 = DEFINITIONAL_REPRESENTATION('',(#4898),#4902);
#4898 = LINE('',#4899,#4900);
#4899 = CARTESIAN_POINT('',(0.,-0.));
#4900 = VECTOR('',#4901,1.);
#4901 = DIRECTION('',(0.,1.));
#4902 = ( GEOMETRIC_REPRESENTATION_CONTEXT(2) 
PARAMETRIC_REPRESENTATION_CONTEXT() REPRESENTATION_CONTEXT('2D SPACE',''
  ) );
#4903 = ORIENTED_EDGE('',*,*,#4564,.T.);
#4904 = ORIENTED_EDGE('',*,*,#4883,.T.);
#4905 = ADVANCED_FACE('',(#4906),#4612,.F.);
#4906 = FACE_BOUND('',#4907,.F.);
#4907 = EDGE_LOOP('',(#4908,#4932,#4953,#4954));
#4908 = ORIENTED_EDGE('',*,*,#4909,.F.);
#4909 = EDGE_CURVE('',#4910,#4910,#4912,.T.);
#4910 = VERTEX_POINT('',#4911);
#4911 = CARTESIAN_POINT('',(997.,25.,994.5));
#4912 = SURFACE_CURVE('',#4913,(#4918,#4925),.PCURVE_S1.);
#4913 = CIRCLE('',#4914,5.5);
#4914 = AXIS2_PLACEMENT_3D('',#4915,#4916,#4917);
#4915 = CARTESIAN_POINT('',(997.,25.,1.E+03));
#4916 = DIRECTION('',(1.,0.,1.110223024625E-16));
#4917 = DIRECTION('',(1.110223024625E-16,0.,-1.));
#4918 = PCURVE('',#4612,#4919);
#4919 = DEFINITIONAL_REPRESENTATION('',(#4920),#4924);
#4920 = LINE('',#4921,#4922);
#4921 = CARTESIAN_POINT('',(0.,26.));
#4922 = VECTOR('',#4923,1.);
#4923 = DIRECTION('',(1.,0.));
#4924 = ( GEOMETRIC_REPRESENTATION_CONTEXT(2) 
PARAMETRIC_REPRESENTATION_CONTEXT() REPRESENTATION_CONTEXT('2D SPACE',''
  ) );
#4925 = PCURVE('',#4719,#4926);
#4926 = DEFINITIONAL_REPRESENTATION('',(#4927),#4931);
#4927 = CIRCLE('',#4928,5.5);
#4928 = AXIS2_PLACEMENT_2D('',#4929,#4930);
#4929 = CARTESIAN_POINT('',(1.E+03,-25.));
#4930 = DIRECTION('',(-1.,0.));
#4931 = ( GEOMETRIC_REPRESENTATION_CONTEXT(2) 
PARAMETRIC_REPRESENTATION_CONTEXT() REPRESENTATION_CONTEXT('2D SPACE',''
  ) );
#4932 = ORIENTED_EDGE('',*,*,#4933,.F.);
#4933 = EDGE_CURVE('',#4596,#4910,#4934,.T.);
#4934 = SEAM_CURVE('',#4935,(#4939,#4946),.PCURVE_S1.);
#4935 = LINE('',#4936,#4937);
#4936 = CARTESIAN_POINT('',(971.,25.,994.5));
#4937 = VECTOR('',#4938,1.);
#4938 = DIRECTION('',(1.,0.,1.110223024625E-16));
#4939 = PCURVE('',#4612,#4940);
#4940 = DEFINITIONAL_REPRESENTATION('',(#4941),#4945);
#4941 = LINE('',#4942,#4943);
#4942 = CARTESIAN_POINT('',(6.28318530718,-0.));
#4943 = VECTOR('',#4944,1.);
#4944 = DIRECTION('',(0.,1.));
#4945 = ( GEOMETRIC_REPRESENTATION_CONTEXT(2) 
PARAMETRIC_REPRESENTATION_CONTEXT() REPRESENTATION_CONTEXT('2D SPACE',''
  ) );
#4946 = PCURVE('',#4612,#4947);
#4947 = DEFINITIONAL_REPRESENTATION('',(#4948),#4952);
#4948 = LINE('',#4949,#4950);
#4949 = CARTESIAN_POINT('',(0.,-0.));
#4950 = VECTOR('',#4951,1.);
#4951 = DIRECTION('',(0.,1.));
#4952 = ( GEOMETRIC_REPRESENTATION_CONTEXT(2) 
PARAMETRIC_REPRESENTATION_CONTEXT() REPRESENTATION_CONTEXT('2D SPACE',''
  ) );
#4953 = ORIENTED_EDGE('',*,*,#4595,.T.);
#4954 = ORIENTED_EDGE('',*,*,#4933,.T.);
#4955 = ADVANCED_FACE('',(#4956),#4643,.F.);
#4956 = FACE_BOUND('',#4957,.F.);
#4957 = EDGE_LOOP('',(#4958,#4982,#5003,#5004));
#4958 = ORIENTED_EDGE('',*,*,#4959,.F.);
#4959 = EDGE_CURVE('',#4960,#4960,#4962,.T.);
#4960 = VERTEX_POINT('',#4961);
#4961 = CARTESIAN_POINT('',(997.,25.,1.6945E+03));
#4962 = SURFACE_CURVE('',#4963,(#4968,#4975),.PCURVE_S1.);
#4963 = CIRCLE('',#4964,5.5);
#4964 = AXIS2_PLACEMENT_3D('',#4965,#4966,#4967);
#4965 = CARTESIAN_POINT('',(997.,25.,1.7E+03));
#4966 = DIRECTION('',(1.,0.,1.110223024625E-16));
#4967 = DIRECTION('',(1.110223024625E-16,0.,-1.));
#4968 = PCURVE('',#4643,#4969);
#4969 = DEFINITIONAL_REPRESENTATION('',(#4970),#4974);
#4970 = LINE('',#4971,#4972);
#4971 = CARTESIAN_POINT('',(0.,26.));
#4972 = VECTOR('',#4973,1.);
#4973 = DIRECTION('',(1.,0.));
#4974 = ( GEOMETRIC_REPRESENTATION_CONTEXT(2) 
PARAMETRIC_REPRESENTATION_CONTEXT() REPRESENTATION_CONTEXT('2D SPACE',''
  ) );
#4975 = PCURVE('',#4719,#4976);
#4976 = DEFINITIONAL_REPRESENTATION('',(#4977),#4981);
#4977 = CIRCLE('',#4978,5.5);
#4978 = AXIS2_PLACEMENT_2D('',#4979,#4980);
#4979 = CARTESIAN_POINT('',(1.7E+03,-25.));
#4980 = DIRECTION('',(-1.,0.));
#4981 = ( GEOMETRIC_REPRESENTATION_CONTEXT(2) 
PARAMETRIC_REPRESENTATION_CONTEXT() REPRESENTATION_CONTEXT('2D SPACE',''
  ) );
#4982 = ORIENTED_EDGE('',*,*,#4983,.F.);
#4983 = EDGE_CURVE('',#4627,#4960,#4984,.T.);
#4984 = SEAM_CURVE('',#4985,(#4989,#4996),.PCURVE_S1.);
#4985 = LINE('',#4986,#4987);
#4986 = CARTESIAN_POINT('',(971.,25.,1.6945E+03));
#4987 = VECTOR('',#4988,1.);
#4988 = DIRECTION('',(1.,0.,1.110223024625E-16));
#4989 = PCURVE('',#4643,#4990);
#4990 = DEFINITIONAL_REPRESENTATION('',(#4991),#4995);
#4991 = LINE('',#4992,#4993);
#4992 = CARTESIAN_POINT('',(6.28318530718,-0.));
#4993 = VECTOR('',#4994,1.);
#4994 = DIRECTION('',(0.,1.));
#4995 = ( GEOMETRIC_REPRESENTATION_CONTEXT(2) 
PARAMETRIC_REPRESENTATION_CONTEXT() REPRESENTATION_CONTEXT('2D SPACE',''
  ) );
#4996 = PCURVE('',#4643,#4997);
#4997 = DEFINITIONAL_REPRESENTATION('',(#4998),#5002);
#4998 = LINE('',#4999,#5000);
#4999 = CARTESIAN_POINT('',(0.,-0.));
#5000 = VECTOR('',#5001,1.);
#5001 = DIRECTION('',(0.,1.));
#5002 = ( GEOMETRIC_REPRESENTATION_CONTEXT(2) 
PARAMETRIC_REPRESENTATION_CONTEXT() REPRESENTATION_CONTEXT('2D SPACE',''
  ) );
#5003 = ORIENTED_EDGE('',*,*,#4626,.T.);
#5004 = ORIENTED_EDGE('',*,*,#4983,.T.);
#5005 = ADVANCED_FACE('',(#5006,#5012,#5015,#5018),#4719,.T.);
#5006 = FACE_BOUND('',#5007,.T.);
#5007 = EDGE_LOOP('',(#5008,#5009,#5010,#5011));
#5008 = ORIENTED_EDGE('',*,*,#4705,.F.);
#5009 = ORIENTED_EDGE('',*,*,#4785,.T.);
#5010 = ORIENTED_EDGE('',*,*,#4835,.T.);
#5011 = ORIENTED_EDGE('',*,*,#4736,.F.);
#5012 = FACE_BOUND('',#5013,.T.);
#5013 = EDGE_LOOP('',(#5014));
#5014 = ORIENTED_EDGE('',*,*,#4859,.F.);
#5015 = FACE_BOUND('',#5016,.T.);
#5016 = EDGE_LOOP('',(#5017));
#5017 = ORIENTED_EDGE('',*,*,#4909,.F.);
#5018 = FACE_BOUND('',#5019,.T.);
#5019 = EDGE_LOOP('',(#5020));
#5020 = ORIENTED_EDGE('',*,*,#4959,.F.);
#5021 = ( GEOMETRIC_REPRESENTATION_CONTEXT(3) 
GLOBAL_UNCERTAINTY_ASSIGNED_CONTEXT((#5025)) 
GLOBAL_UNIT_ASSIGNED_CONTEXT((#5022,#5023,#5024)) REPRESENTATION_CONTEXT
('Context #1','3D Context with UNIT and UNCERTAINTY') );
#5022 = ( LENGTH_UNIT() NAMED_UNIT(*) SI_UNIT(.MILLI.,.METRE.) );
#5023 = ( NAMED_UNIT(*) PLANE_ANGLE_UNIT() SI_UNIT($,.RADIAN.) );
#5024 = ( NAMED_UNIT(*) SI_UNIT($,.STERADIAN.) SOLID_ANGLE_UNIT() );
#5025 = UNCERTAINTY_MEASURE_WITH_UNIT(LENGTH_MEASURE(1.E-07),#5022,
  'distance_accuracy_value','confusion accuracy');
#5026 = CONTEXT_DEPENDENT_SHAPE_REPRESENTATION(#5027,#5029);
#5027 = ( REPRESENTATION_RELATIONSHIP('','',#4438,#10) 
REPRESENTATION_RELATIONSHIP_WITH_TRANSFORMATION(#5028) 
SHAPE_REPRESENTATION_RELATIONSHIP() );
#5028 = ITEM_DEFINED_TRANSFORMATION('','',#11,#39);
#5029 = PRODUCT_DEFINITION_SHAPE('Placement','Placement of an item',
  #5030);
#5030 = NEXT_ASSEMBLY_USAGE_OCCURRENCE('874',
  '\X2\04410442043E0439043A0430\X0\_\X2\0449043804420430\X0\_25\X2\0445\X0\50\X2\0445\X0\2400','',#5,
  #4433,$);
#5031 = PRODUCT_RELATED_PRODUCT_CATEGORY('part',$,(#4435));
#5032 = SHAPE_DEFINITION_REPRESENTATION(#5033,#5039);
#5033 = PRODUCT_DEFINITION_SHAPE('','',#5034);
#5034 = PRODUCT_DEFINITION('design','',#5035,#5038);
#5035 = PRODUCT_DEFINITION_FORMATION('','',#5036);
#5036 = PRODUCT('\X2\043F043504400435043C044B0447043A0430\X0\_25\X2\0445\X0\50\X2\0445\X0\947',
  '\X2\043F043504400435043C044B0447043A0430\X0\_25\X2\0445\X0\50\X2\0445\X0\947','',(#5037));
#5037 = PRODUCT_CONTEXT('',#2,'mechanical');
#5038 = PRODUCT_DEFINITION_CONTEXT('part definition',#2,'design');
#5039 = ADVANCED_BREP_SHAPE_REPRESENTATION('',(#11,#5040),#5370);
#5040 = MANIFOLD_SOLID_BREP('',#5041);
#5041 = CLOSED_SHELL('',(#5042,#5162,#5262,#5309,#5356,#5363));
#5042 = ADVANCED_FACE('',(#5043),#5057,.F.);
#5043 = FACE_BOUND('',#5044,.F.);
#5044 = EDGE_LOOP('',(#5045,#5080,#5108,#5136));
#5045 = ORIENTED_EDGE('',*,*,#5046,.F.);
#5046 = EDGE_CURVE('',#5047,#5049,#5051,.T.);
#5047 = VERTEX_POINT('',#5048);
#5048 = CARTESIAN_POINT('',(0.,0.,0.));
#5049 = VERTEX_POINT('',#5050);
#5050 = CARTESIAN_POINT('',(0.,0.,25.));
#5051 = SURFACE_CURVE('',#5052,(#5056,#5068),.PCURVE_S1.);
#5052 = LINE('',#5053,#5054);
#5053 = CARTESIAN_POINT('',(0.,0.,0.));
#5054 = VECTOR('',#5055,1.);
#5055 = DIRECTION('',(0.,0.,1.));
#5056 = PCURVE('',#5057,#5062);
#5057 = PLANE('',#5058);
#5058 = AXIS2_PLACEMENT_3D('',#5059,#5060,#5061);
#5059 = CARTESIAN_POINT('',(0.,0.,0.));
#5060 = DIRECTION('',(1.,0.,-0.));
#5061 = DIRECTION('',(0.,0.,1.));
#5062 = DEFINITIONAL_REPRESENTATION('',(#5063),#5067);
#5063 = LINE('',#5064,#5065);
#5064 = CARTESIAN_POINT('',(0.,0.));
#5065 = VECTOR('',#5066,1.);
#5066 = DIRECTION('',(1.,0.));
#5067 = ( GEOMETRIC_REPRESENTATION_CONTEXT(2) 
PARAMETRIC_REPRESENTATION_CONTEXT() REPRESENTATION_CONTEXT('2D SPACE',''
  ) );
#5068 = PCURVE('',#5069,#5074);
#5069 = PLANE('',#5070);
#5070 = AXIS2_PLACEMENT_3D('',#5071,#5072,#5073);
#5071 = CARTESIAN_POINT('',(0.,0.,0.));
#5072 = DIRECTION('',(-0.,1.,0.));
#5073 = DIRECTION('',(0.,0.,1.));
#5074 = DEFINITIONAL_REPRESENTATION('',(#5075),#5079);
#5075 = LINE('',#5076,#5077);
#5076 = CARTESIAN_POINT('',(0.,0.));
#5077 = VECTOR('',#5078,1.);
#5078 = DIRECTION('',(1.,0.));
#5079 = ( GEOMETRIC_REPRESENTATION_CONTEXT(2) 
PARAMETRIC_REPRESENTATION_CONTEXT() REPRESENTATION_CONTEXT('2D SPACE',''
  ) );
#5080 = ORIENTED_EDGE('',*,*,#5081,.T.);
#5081 = EDGE_CURVE('',#5047,#5082,#5084,.T.);
#5082 = VERTEX_POINT('',#5083);
#5083 = CARTESIAN_POINT('',(0.,50.,0.));
#5084 = SURFACE_CURVE('',#5085,(#5089,#5096),.PCURVE_S1.);
#5085 = LINE('',#5086,#5087);
#5086 = CARTESIAN_POINT('',(0.,0.,0.));
#5087 = VECTOR('',#5088,1.);
#5088 = DIRECTION('',(-0.,1.,0.));
#5089 = PCURVE('',#5057,#5090);
#5090 = DEFINITIONAL_REPRESENTATION('',(#5091),#5095);
#5091 = LINE('',#5092,#5093);
#5092 = CARTESIAN_POINT('',(0.,0.));
#5093 = VECTOR('',#5094,1.);
#5094 = DIRECTION('',(0.,-1.));
#5095 = ( GEOMETRIC_REPRESENTATION_CONTEXT(2) 
PARAMETRIC_REPRESENTATION_CONTEXT() REPRESENTATION_CONTEXT('2D SPACE',''
  ) );
#5096 = PCURVE('',#5097,#5102);
#5097 = PLANE('',#5098);
#5098 = AXIS2_PLACEMENT_3D('',#5099,#5100,#5101);
#5099 = CARTESIAN_POINT('',(0.,0.,0.));
#5100 = DIRECTION('',(0.,0.,1.));
#5101 = DIRECTION('',(1.,0.,-0.));
#5102 = DEFINITIONAL_REPRESENTATION('',(#5103),#5107);
#5103 = LINE('',#5104,#5105);
#5104 = CARTESIAN_POINT('',(0.,0.));
#5105 = VECTOR('',#5106,1.);
#5106 = DIRECTION('',(0.,1.));
#5107 = ( GEOMETRIC_REPRESENTATION_CONTEXT(2) 
PARAMETRIC_REPRESENTATION_CONTEXT() REPRESENTATION_CONTEXT('2D SPACE',''
  ) );
#5108 = ORIENTED_EDGE('',*,*,#5109,.T.);
#5109 = EDGE_CURVE('',#5082,#5110,#5112,.T.);
#5110 = VERTEX_POINT('',#5111);
#5111 = CARTESIAN_POINT('',(0.,50.,25.));
#5112 = SURFACE_CURVE('',#5113,(#5117,#5124),.PCURVE_S1.);
#5113 = LINE('',#5114,#5115);
#5114 = CARTESIAN_POINT('',(0.,50.,0.));
#5115 = VECTOR('',#5116,1.);
#5116 = DIRECTION('',(0.,0.,1.));
#5117 = PCURVE('',#5057,#5118);
#5118 = DEFINITIONAL_REPRESENTATION('',(#5119),#5123);
#5119 = LINE('',#5120,#5121);
#5120 = CARTESIAN_POINT('',(0.,-50.));
#5121 = VECTOR('',#5122,1.);
#5122 = DIRECTION('',(1.,0.));
#5123 = ( GEOMETRIC_REPRESENTATION_CONTEXT(2) 
PARAMETRIC_REPRESENTATION_CONTEXT() REPRESENTATION_CONTEXT('2D SPACE',''
  ) );
#5124 = PCURVE('',#5125,#5130);
#5125 = PLANE('',#5126);
#5126 = AXIS2_PLACEMENT_3D('',#5127,#5128,#5129);
#5127 = CARTESIAN_POINT('',(0.,50.,0.));
#5128 = DIRECTION('',(-0.,1.,0.));
#5129 = DIRECTION('',(0.,0.,1.));
#5130 = DEFINITIONAL_REPRESENTATION('',(#5131),#5135);
#5131 = LINE('',#5132,#5133);
#5132 = CARTESIAN_POINT('',(0.,0.));
#5133 = VECTOR('',#5134,1.);
#5134 = DIRECTION('',(1.,0.));
#5135 = ( GEOMETRIC_REPRESENTATION_CONTEXT(2) 
PARAMETRIC_REPRESENTATION_CONTEXT() REPRESENTATION_CONTEXT('2D SPACE',''
  ) );
#5136 = ORIENTED_EDGE('',*,*,#5137,.F.);
#5137 = EDGE_CURVE('',#5049,#5110,#5138,.T.);
#5138 = SURFACE_CURVE('',#5139,(#5143,#5150),.PCURVE_S1.);
#5139 = LINE('',#5140,#5141);
#5140 = CARTESIAN_POINT('',(0.,0.,25.));
#5141 = VECTOR('',#5142,1.);
#5142 = DIRECTION('',(-0.,1.,0.));
#5143 = PCURVE('',#5057,#5144);
#5144 = DEFINITIONAL_REPRESENTATION('',(#5145),#5149);
#5145 = LINE('',#5146,#5147);
#5146 = CARTESIAN_POINT('',(25.,0.));
#5147 = VECTOR('',#5148,1.);
#5148 = DIRECTION('',(0.,-1.));
#5149 = ( GEOMETRIC_REPRESENTATION_CONTEXT(2) 
PARAMETRIC_REPRESENTATION_CONTEXT() REPRESENTATION_CONTEXT('2D SPACE',''
  ) );
#5150 = PCURVE('',#5151,#5156);
#5151 = PLANE('',#5152);
#5152 = AXIS2_PLACEMENT_3D('',#5153,#5154,#5155);
#5153 = CARTESIAN_POINT('',(0.,0.,25.));
#5154 = DIRECTION('',(0.,0.,1.));
#5155 = DIRECTION('',(1.,0.,-0.));
#5156 = DEFINITIONAL_REPRESENTATION('',(#5157),#5161);
#5157 = LINE('',#5158,#5159);
#5158 = CARTESIAN_POINT('',(0.,0.));
#5159 = VECTOR('',#5160,1.);
#5160 = DIRECTION('',(0.,1.));
#5161 = ( GEOMETRIC_REPRESENTATION_CONTEXT(2) 
PARAMETRIC_REPRESENTATION_CONTEXT() REPRESENTATION_CONTEXT('2D SPACE',''
  ) );
#5162 = ADVANCED_FACE('',(#5163),#5177,.T.);
#5163 = FACE_BOUND('',#5164,.T.);
#5164 = EDGE_LOOP('',(#5165,#5195,#5218,#5241));
#5165 = ORIENTED_EDGE('',*,*,#5166,.F.);
#5166 = EDGE_CURVE('',#5167,#5169,#5171,.T.);
#5167 = VERTEX_POINT('',#5168);
#5168 = CARTESIAN_POINT('',(947.,0.,0.));
#5169 = VERTEX_POINT('',#5170);
#5170 = CARTESIAN_POINT('',(947.,0.,25.));
#5171 = SURFACE_CURVE('',#5172,(#5176,#5188),.PCURVE_S1.);
#5172 = LINE('',#5173,#5174);
#5173 = CARTESIAN_POINT('',(947.,0.,0.));
#5174 = VECTOR('',#5175,1.);
#5175 = DIRECTION('',(0.,0.,1.));
#5176 = PCURVE('',#5177,#5182);
#5177 = PLANE('',#5178);
#5178 = AXIS2_PLACEMENT_3D('',#5179,#5180,#5181);
#5179 = CARTESIAN_POINT('',(947.,0.,0.));
#5180 = DIRECTION('',(1.,0.,-0.));
#5181 = DIRECTION('',(0.,0.,1.));
#5182 = DEFINITIONAL_REPRESENTATION('',(#5183),#5187);
#5183 = LINE('',#5184,#5185);
#5184 = CARTESIAN_POINT('',(0.,0.));
#5185 = VECTOR('',#5186,1.);
#5186 = DIRECTION('',(1.,0.));
#5187 = ( GEOMETRIC_REPRESENTATION_CONTEXT(2) 
PARAMETRIC_REPRESENTATION_CONTEXT() REPRESENTATION_CONTEXT('2D SPACE',''
  ) );
#5188 = PCURVE('',#5069,#5189);
#5189 = DEFINITIONAL_REPRESENTATION('',(#5190),#5194);
#5190 = LINE('',#5191,#5192);
#5191 = CARTESIAN_POINT('',(0.,947.));
#5192 = VECTOR('',#5193,1.);
#5193 = DIRECTION('',(1.,0.));
#5194 = ( GEOMETRIC_REPRESENTATION_CONTEXT(2) 
PARAMETRIC_REPRESENTATION_CONTEXT() REPRESENTATION_CONTEXT('2D SPACE',''
  ) );
#5195 = ORIENTED_EDGE('',*,*,#5196,.T.);
#5196 = EDGE_CURVE('',#5167,#5197,#5199,.T.);
#5197 = VERTEX_POINT('',#5198);
#5198 = CARTESIAN_POINT('',(947.,50.,0.));
#5199 = SURFACE_CURVE('',#5200,(#5204,#5211),.PCURVE_S1.);
#5200 = LINE('',#5201,#5202);
#5201 = CARTESIAN_POINT('',(947.,0.,0.));
#5202 = VECTOR('',#5203,1.);
#5203 = DIRECTION('',(-0.,1.,0.));
#5204 = PCURVE('',#5177,#5205);
#5205 = DEFINITIONAL_REPRESENTATION('',(#5206),#5210);
#5206 = LINE('',#5207,#5208);
#5207 = CARTESIAN_POINT('',(0.,0.));
#5208 = VECTOR('',#5209,1.);
#5209 = DIRECTION('',(0.,-1.));
#5210 = ( GEOMETRIC_REPRESENTATION_CONTEXT(2) 
PARAMETRIC_REPRESENTATION_CONTEXT() REPRESENTATION_CONTEXT('2D SPACE',''
  ) );
#5211 = PCURVE('',#5097,#5212);
#5212 = DEFINITIONAL_REPRESENTATION('',(#5213),#5217);
#5213 = LINE('',#5214,#5215);
#5214 = CARTESIAN_POINT('',(947.,0.));
#5215 = VECTOR('',#5216,1.);
#5216 = DIRECTION('',(0.,1.));
#5217 = ( GEOMETRIC_REPRESENTATION_CONTEXT(2) 
PARAMETRIC_REPRESENTATION_CONTEXT() REPRESENTATION_CONTEXT('2D SPACE',''
  ) );
#5218 = ORIENTED_EDGE('',*,*,#5219,.T.);
#5219 = EDGE_CURVE('',#5197,#5220,#5222,.T.);
#5220 = VERTEX_POINT('',#5221);
#5221 = CARTESIAN_POINT('',(947.,50.,25.));
#5222 = SURFACE_CURVE('',#5223,(#5227,#5234),.PCURVE_S1.);
#5223 = LINE('',#5224,#5225);
#5224 = CARTESIAN_POINT('',(947.,50.,0.));
#5225 = VECTOR('',#5226,1.);
#5226 = DIRECTION('',(0.,0.,1.));
#5227 = PCURVE('',#5177,#5228);
#5228 = DEFINITIONAL_REPRESENTATION('',(#5229),#5233);
#5229 = LINE('',#5230,#5231);
#5230 = CARTESIAN_POINT('',(0.,-50.));
#5231 = VECTOR('',#5232,1.);
#5232 = DIRECTION('',(1.,0.));
#5233 = ( GEOMETRIC_REPRESENTATION_CONTEXT(2) 
PARAMETRIC_REPRESENTATION_CONTEXT() REPRESENTATION_CONTEXT('2D SPACE',''
  ) );
#5234 = PCURVE('',#5125,#5235);
#5235 = DEFINITIONAL_REPRESENTATION('',(#5236),#5240);
#5236 = LINE('',#5237,#5238);
#5237 = CARTESIAN_POINT('',(0.,947.));
#5238 = VECTOR('',#5239,1.);
#5239 = DIRECTION('',(1.,0.));
#5240 = ( GEOMETRIC_REPRESENTATION_CONTEXT(2) 
PARAMETRIC_REPRESENTATION_CONTEXT() REPRESENTATION_CONTEXT('2D SPACE',''
  ) );
#5241 = ORIENTED_EDGE('',*,*,#5242,.F.);
#5242 = EDGE_CURVE('',#5169,#5220,#5243,.T.);
#5243 = SURFACE_CURVE('',#5244,(#5248,#5255),.PCURVE_S1.);
#5244 = LINE('',#5245,#5246);
#5245 = CARTESIAN_POINT('',(947.,0.,25.));
#5246 = VECTOR('',#5247,1.);
#5247 = DIRECTION('',(-0.,1.,0.));
#5248 = PCURVE('',#5177,#5249);
#5249 = DEFINITIONAL_REPRESENTATION('',(#5250),#5254);
#5250 = LINE('',#5251,#5252);
#5251 = CARTESIAN_POINT('',(25.,0.));
#5252 = VECTOR('',#5253,1.);
#5253 = DIRECTION('',(0.,-1.));
#5254 = ( GEOMETRIC_REPRESENTATION_CONTEXT(2) 
PARAMETRIC_REPRESENTATION_CONTEXT() REPRESENTATION_CONTEXT('2D SPACE',''
  ) );
#5255 = PCURVE('',#5151,#5256);
#5256 = DEFINITIONAL_REPRESENTATION('',(#5257),#5261);
#5257 = LINE('',#5258,#5259);
#5258 = CARTESIAN_POINT('',(947.,0.));
#5259 = VECTOR('',#5260,1.);
#5260 = DIRECTION('',(0.,1.));
#5261 = ( GEOMETRIC_REPRESENTATION_CONTEXT(2) 
PARAMETRIC_REPRESENTATION_CONTEXT() REPRESENTATION_CONTEXT('2D SPACE',''
  ) );
#5262 = ADVANCED_FACE('',(#5263),#5069,.F.);
#5263 = FACE_BOUND('',#5264,.F.);
#5264 = EDGE_LOOP('',(#5265,#5286,#5287,#5308));
#5265 = ORIENTED_EDGE('',*,*,#5266,.F.);
#5266 = EDGE_CURVE('',#5047,#5167,#5267,.T.);
#5267 = SURFACE_CURVE('',#5268,(#5272,#5279),.PCURVE_S1.);
#5268 = LINE('',#5269,#5270);
#5269 = CARTESIAN_POINT('',(0.,0.,0.));
#5270 = VECTOR('',#5271,1.);
#5271 = DIRECTION('',(1.,0.,-0.));
#5272 = PCURVE('',#5069,#5273);
#5273 = DEFINITIONAL_REPRESENTATION('',(#5274),#5278);
#5274 = LINE('',#5275,#5276);
#5275 = CARTESIAN_POINT('',(0.,0.));
#5276 = VECTOR('',#5277,1.);
#5277 = DIRECTION('',(0.,1.));
#5278 = ( GEOMETRIC_REPRESENTATION_CONTEXT(2) 
PARAMETRIC_REPRESENTATION_CONTEXT() REPRESENTATION_CONTEXT('2D SPACE',''
  ) );
#5279 = PCURVE('',#5097,#5280);
#5280 = DEFINITIONAL_REPRESENTATION('',(#5281),#5285);
#5281 = LINE('',#5282,#5283);
#5282 = CARTESIAN_POINT('',(0.,0.));
#5283 = VECTOR('',#5284,1.);
#5284 = DIRECTION('',(1.,0.));
#5285 = ( GEOMETRIC_REPRESENTATION_CONTEXT(2) 
PARAMETRIC_REPRESENTATION_CONTEXT() REPRESENTATION_CONTEXT('2D SPACE',''
  ) );
#5286 = ORIENTED_EDGE('',*,*,#5046,.T.);
#5287 = ORIENTED_EDGE('',*,*,#5288,.T.);
#5288 = EDGE_CURVE('',#5049,#5169,#5289,.T.);
#5289 = SURFACE_CURVE('',#5290,(#5294,#5301),.PCURVE_S1.);
#5290 = LINE('',#5291,#5292);
#5291 = CARTESIAN_POINT('',(0.,0.,25.));
#5292 = VECTOR('',#5293,1.);
#5293 = DIRECTION('',(1.,0.,-0.));
#5294 = PCURVE('',#5069,#5295);
#5295 = DEFINITIONAL_REPRESENTATION('',(#5296),#5300);
#5296 = LINE('',#5297,#5298);
#5297 = CARTESIAN_POINT('',(25.,0.));
#5298 = VECTOR('',#5299,1.);
#5299 = DIRECTION('',(0.,1.));
#5300 = ( GEOMETRIC_REPRESENTATION_CONTEXT(2) 
PARAMETRIC_REPRESENTATION_CONTEXT() REPRESENTATION_CONTEXT('2D SPACE',''
  ) );
#5301 = PCURVE('',#5151,#5302);
#5302 = DEFINITIONAL_REPRESENTATION('',(#5303),#5307);
#5303 = LINE('',#5304,#5305);
#5304 = CARTESIAN_POINT('',(0.,0.));
#5305 = VECTOR('',#5306,1.);
#5306 = DIRECTION('',(1.,0.));
#5307 = ( GEOMETRIC_REPRESENTATION_CONTEXT(2) 
PARAMETRIC_REPRESENTATION_CONTEXT() REPRESENTATION_CONTEXT('2D SPACE',''
  ) );
#5308 = ORIENTED_EDGE('',*,*,#5166,.F.);
#5309 = ADVANCED_FACE('',(#5310),#5125,.T.);
#5310 = FACE_BOUND('',#5311,.T.);
#5311 = EDGE_LOOP('',(#5312,#5333,#5334,#5355));
#5312 = ORIENTED_EDGE('',*,*,#5313,.F.);
#5313 = EDGE_CURVE('',#5082,#5197,#5314,.T.);
#5314 = SURFACE_CURVE('',#5315,(#5319,#5326),.PCURVE_S1.);
#5315 = LINE('',#5316,#5317);
#5316 = CARTESIAN_POINT('',(0.,50.,0.));
#5317 = VECTOR('',#5318,1.);
#5318 = DIRECTION('',(1.,0.,-0.));
#5319 = PCURVE('',#5125,#5320);
#5320 = DEFINITIONAL_REPRESENTATION('',(#5321),#5325);
#5321 = LINE('',#5322,#5323);
#5322 = CARTESIAN_POINT('',(0.,0.));
#5323 = VECTOR('',#5324,1.);
#5324 = DIRECTION('',(0.,1.));
#5325 = ( GEOMETRIC_REPRESENTATION_CONTEXT(2) 
PARAMETRIC_REPRESENTATION_CONTEXT() REPRESENTATION_CONTEXT('2D SPACE',''
  ) );
#5326 = PCURVE('',#5097,#5327);
#5327 = DEFINITIONAL_REPRESENTATION('',(#5328),#5332);
#5328 = LINE('',#5329,#5330);
#5329 = CARTESIAN_POINT('',(0.,50.));
#5330 = VECTOR('',#5331,1.);
#5331 = DIRECTION('',(1.,0.));
#5332 = ( GEOMETRIC_REPRESENTATION_CONTEXT(2) 
PARAMETRIC_REPRESENTATION_CONTEXT() REPRESENTATION_CONTEXT('2D SPACE',''
  ) );
#5333 = ORIENTED_EDGE('',*,*,#5109,.T.);
#5334 = ORIENTED_EDGE('',*,*,#5335,.T.);
#5335 = EDGE_CURVE('',#5110,#5220,#5336,.T.);
#5336 = SURFACE_CURVE('',#5337,(#5341,#5348),.PCURVE_S1.);
#5337 = LINE('',#5338,#5339);
#5338 = CARTESIAN_POINT('',(0.,50.,25.));
#5339 = VECTOR('',#5340,1.);
#5340 = DIRECTION('',(1.,0.,-0.));
#5341 = PCURVE('',#5125,#5342);
#5342 = DEFINITIONAL_REPRESENTATION('',(#5343),#5347);
#5343 = LINE('',#5344,#5345);
#5344 = CARTESIAN_POINT('',(25.,0.));
#5345 = VECTOR('',#5346,1.);
#5346 = DIRECTION('',(0.,1.));
#5347 = ( GEOMETRIC_REPRESENTATION_CONTEXT(2) 
PARAMETRIC_REPRESENTATION_CONTEXT() REPRESENTATION_CONTEXT('2D SPACE',''
  ) );
#5348 = PCURVE('',#5151,#5349);
#5349 = DEFINITIONAL_REPRESENTATION('',(#5350),#5354);
#5350 = LINE('',#5351,#5352);
#5351 = CARTESIAN_POINT('',(0.,50.));
#5352 = VECTOR('',#5353,1.);
#5353 = DIRECTION('',(1.,0.));
#5354 = ( GEOMETRIC_REPRESENTATION_CONTEXT(2) 
PARAMETRIC_REPRESENTATION_CONTEXT() REPRESENTATION_CONTEXT('2D SPACE',''
  ) );
#5355 = ORIENTED_EDGE('',*,*,#5219,.F.);
#5356 = ADVANCED_FACE('',(#5357),#5097,.F.);
#5357 = FACE_BOUND('',#5358,.F.);
#5358 = EDGE_LOOP('',(#5359,#5360,#5361,#5362));
#5359 = ORIENTED_EDGE('',*,*,#5081,.F.);
#5360 = ORIENTED_EDGE('',*,*,#5266,.T.);
#5361 = ORIENTED_EDGE('',*,*,#5196,.T.);
#5362 = ORIENTED_EDGE('',*,*,#5313,.F.);
#5363 = ADVANCED_FACE('',(#5364),#5151,.T.);
#5364 = FACE_BOUND('',#5365,.T.);
#5365 = EDGE_LOOP('',(#5366,#5367,#5368,#5369));
#5366 = ORIENTED_EDGE('',*,*,#5137,.F.);
#5367 = ORIENTED_EDGE('',*,*,#5288,.T.);
#5368 = ORIENTED_EDGE('',*,*,#5242,.T.);
#5369 = ORIENTED_EDGE('',*,*,#5335,.F.);
#5370 = ( GEOMETRIC_REPRESENTATION_CONTEXT(3) 
GLOBAL_UNCERTAINTY_ASSIGNED_CONTEXT((#5374)) 
GLOBAL_UNIT_ASSIGNED_CONTEXT((#5371,#5372,#5373)) REPRESENTATION_CONTEXT
('Context #1','3D Context with UNIT and UNCERTAINTY') );
#5371 = ( LENGTH_UNIT() NAMED_UNIT(*) SI_UNIT(.MILLI.,.METRE.) );
#5372 = ( NAMED_UNIT(*) PLANE_ANGLE_UNIT() SI_UNIT($,.RADIAN.) );
#5373 = ( NAMED_UNIT(*) SI_UNIT($,.STERADIAN.) SOLID_ANGLE_UNIT() );
#5374 = UNCERTAINTY_MEASURE_WITH_UNIT(LENGTH_MEASURE(1.E-07),#5371,
  'distance_accuracy_value','confusion accuracy');
#5375 = CONTEXT_DEPENDENT_SHAPE_REPRESENTATION(#5376,#5378);
#5376 = ( REPRESENTATION_RELATIONSHIP('','',#5039,#10) 
REPRESENTATION_RELATIONSHIP_WITH_TRANSFORMATION(#5377) 
SHAPE_REPRESENTATION_RELATIONSHIP() );
#5377 = ITEM_DEFINED_TRANSFORMATION('','',#11,#43);
#5378 = PRODUCT_DEFINITION_SHAPE('Placement','Placement of an item',
  #5379);
#5379 = NEXT_ASSEMBLY_USAGE_OCCURRENCE('875',
  '\X2\043F043504400435043C044B0447043A0430\X0\_25\X2\0445\X0\50\X2\0445\X0\947','',#5,#5034,$);
#5380 = PRODUCT_RELATED_PRODUCT_CATEGORY('part',$,(#5036));
#5381 = SHAPE_DEFINITION_REPRESENTATION(#5382,#5388);
#5382 = PRODUCT_DEFINITION_SHAPE('','',#5383);
#5383 = PRODUCT_DEFINITION('design','',#5384,#5387);
#5384 = PRODUCT_DEFINITION_FORMATION('','',#5385);
#5385 = PRODUCT('\X2\043F043504400435043C044B0447043A0430\X0\_25\X2\0445\X0\50\X2\0445\X0\947',
  '\X2\043F043504400435043C044B0447043A0430\X0\_25\X2\0445\X0\50\X2\0445\X0\947','',(#5386));
#5386 = PRODUCT_CONTEXT('',#2,'mechanical');
#5387 = PRODUCT_DEFINITION_CONTEXT('part definition',#2,'design');
#5388 = ADVANCED_BREP_SHAPE_REPRESENTATION('',(#11,#5389),#5719);
#5389 = MANIFOLD_SOLID_BREP('',#5390);
#5390 = CLOSED_SHELL('',(#5391,#5511,#5611,#5658,#5705,#5712));
#5391 = ADVANCED_FACE('',(#5392),#5406,.F.);
#5392 = FACE_BOUND('',#5393,.F.);
#5393 = EDGE_LOOP('',(#5394,#5429,#5457,#5485));
#5394 = ORIENTED_EDGE('',*,*,#5395,.F.);
#5395 = EDGE_CURVE('',#5396,#5398,#5400,.T.);
#5396 = VERTEX_POINT('',#5397);
#5397 = CARTESIAN_POINT('',(0.,0.,0.));
#5398 = VERTEX_POINT('',#5399);
#5399 = CARTESIAN_POINT('',(0.,0.,25.));
#5400 = SURFACE_CURVE('',#5401,(#5405,#5417),.PCURVE_S1.);
#5401 = LINE('',#5402,#5403);
#5402 = CARTESIAN_POINT('',(0.,0.,0.));
#5403 = VECTOR('',#5404,1.);
#5404 = DIRECTION('',(0.,0.,1.));
#5405 = PCURVE('',#5406,#5411);
#5406 = PLANE('',#5407);
#5407 = AXIS2_PLACEMENT_3D('',#5408,#5409,#5410);
#5408 = CARTESIAN_POINT('',(0.,0.,0.));
#5409 = DIRECTION('',(1.,0.,-0.));
#5410 = DIRECTION('',(0.,0.,1.));
#5411 = DEFINITIONAL_REPRESENTATION('',(#5412),#5416);
#5412 = LINE('',#5413,#5414);
#5413 = CARTESIAN_POINT('',(0.,0.));
#5414 = VECTOR('',#5415,1.);
#5415 = DIRECTION('',(1.,0.));
#5416 = ( GEOMETRIC_REPRESENTATION_CONTEXT(2) 
PARAMETRIC_REPRESENTATION_CONTEXT() REPRESENTATION_CONTEXT('2D SPACE',''
  ) );
#5417 = PCURVE('',#5418,#5423);
#5418 = PLANE('',#5419);
#5419 = AXIS2_PLACEMENT_3D('',#5420,#5421,#5422);
#5420 = CARTESIAN_POINT('',(0.,0.,0.));
#5421 = DIRECTION('',(-0.,1.,0.));
#5422 = DIRECTION('',(0.,0.,1.));
#5423 = DEFINITIONAL_REPRESENTATION('',(#5424),#5428);
#5424 = LINE('',#5425,#5426);
#5425 = CARTESIAN_POINT('',(0.,0.));
#5426 = VECTOR('',#5427,1.);
#5427 = DIRECTION('',(1.,0.));
#5428 = ( GEOMETRIC_REPRESENTATION_CONTEXT(2) 
PARAMETRIC_REPRESENTATION_CONTEXT() REPRESENTATION_CONTEXT('2D SPACE',''
  ) );
#5429 = ORIENTED_EDGE('',*,*,#5430,.T.);
#5430 = EDGE_CURVE('',#5396,#5431,#5433,.T.);
#5431 = VERTEX_POINT('',#5432);
#5432 = CARTESIAN_POINT('',(0.,50.,0.));
#5433 = SURFACE_CURVE('',#5434,(#5438,#5445),.PCURVE_S1.);
#5434 = LINE('',#5435,#5436);
#5435 = CARTESIAN_POINT('',(0.,0.,0.));
#5436 = VECTOR('',#5437,1.);
#5437 = DIRECTION('',(-0.,1.,0.));
#5438 = PCURVE('',#5406,#5439);
#5439 = DEFINITIONAL_REPRESENTATION('',(#5440),#5444);
#5440 = LINE('',#5441,#5442);
#5441 = CARTESIAN_POINT('',(0.,0.));
#5442 = VECTOR('',#5443,1.);
#5443 = DIRECTION('',(0.,-1.));
#5444 = ( GEOMETRIC_REPRESENTATION_CONTEXT(2) 
PARAMETRIC_REPRESENTATION_CONTEXT() REPRESENTATION_CONTEXT('2D SPACE',''
  ) );
#5445 = PCURVE('',#5446,#5451);
#5446 = PLANE('',#5447);
#5447 = AXIS2_PLACEMENT_3D('',#5448,#5449,#5450);
#5448 = CARTESIAN_POINT('',(0.,0.,0.));
#5449 = DIRECTION('',(0.,0.,1.));
#5450 = DIRECTION('',(1.,0.,-0.));
#5451 = DEFINITIONAL_REPRESENTATION('',(#5452),#5456);
#5452 = LINE('',#5453,#5454);
#5453 = CARTESIAN_POINT('',(0.,0.));
#5454 = VECTOR('',#5455,1.);
#5455 = DIRECTION('',(0.,1.));
#5456 = ( GEOMETRIC_REPRESENTATION_CONTEXT(2) 
PARAMETRIC_REPRESENTATION_CONTEXT() REPRESENTATION_CONTEXT('2D SPACE',''
  ) );
#5457 = ORIENTED_EDGE('',*,*,#5458,.T.);
#5458 = EDGE_CURVE('',#5431,#5459,#5461,.T.);
#5459 = VERTEX_POINT('',#5460);
#5460 = CARTESIAN_POINT('',(0.,50.,25.));
#5461 = SURFACE_CURVE('',#5462,(#5466,#5473),.PCURVE_S1.);
#5462 = LINE('',#5463,#5464);
#5463 = CARTESIAN_POINT('',(0.,50.,0.));
#5464 = VECTOR('',#5465,1.);
#5465 = DIRECTION('',(0.,0.,1.));
#5466 = PCURVE('',#5406,#5467);
#5467 = DEFINITIONAL_REPRESENTATION('',(#5468),#5472);
#5468 = LINE('',#5469,#5470);
#5469 = CARTESIAN_POINT('',(0.,-50.));
#5470 = VECTOR('',#5471,1.);
#5471 = DIRECTION('',(1.,0.));
#5472 = ( GEOMETRIC_REPRESENTATION_CONTEXT(2) 
PARAMETRIC_REPRESENTATION_CONTEXT() REPRESENTATION_CONTEXT('2D SPACE',''
  ) );
#5473 = PCURVE('',#5474,#5479);
#5474 = PLANE('',#5475);
#5475 = AXIS2_PLACEMENT_3D('',#5476,#5477,#5478);
#5476 = CARTESIAN_POINT('',(0.,50.,0.));
#5477 = DIRECTION('',(-0.,1.,0.));
#5478 = DIRECTION('',(0.,0.,1.));
#5479 = DEFINITIONAL_REPRESENTATION('',(#5480),#5484);
#5480 = LINE('',#5481,#5482);
#5481 = CARTESIAN_POINT('',(0.,0.));
#5482 = VECTOR('',#5483,1.);
#5483 = DIRECTION('',(1.,0.));
#5484 = ( GEOMETRIC_REPRESENTATION_CONTEXT(2) 
PARAMETRIC_REPRESENTATION_CONTEXT() REPRESENTATION_CONTEXT('2D SPACE',''
  ) );
#5485 = ORIENTED_EDGE('',*,*,#5486,.F.);
#5486 = EDGE_CURVE('',#5398,#5459,#5487,.T.);
#5487 = SURFACE_CURVE('',#5488,(#5492,#5499),.PCURVE_S1.);
#5488 = LINE('',#5489,#5490);
#5489 = CARTESIAN_POINT('',(0.,0.,25.));
#5490 = VECTOR('',#5491,1.);
#5491 = DIRECTION('',(-0.,1.,0.));
#5492 = PCURVE('',#5406,#5493);
#5493 = DEFINITIONAL_REPRESENTATION('',(#5494),#5498);
#5494 = LINE('',#5495,#5496);
#5495 = CARTESIAN_POINT('',(25.,0.));
#5496 = VECTOR('',#5497,1.);
#5497 = DIRECTION('',(0.,-1.));
#5498 = ( GEOMETRIC_REPRESENTATION_CONTEXT(2) 
PARAMETRIC_REPRESENTATION_CONTEXT() REPRESENTATION_CONTEXT('2D SPACE',''
  ) );
#5499 = PCURVE('',#5500,#5505);
#5500 = PLANE('',#5501);
#5501 = AXIS2_PLACEMENT_3D('',#5502,#5503,#5504);
#5502 = CARTESIAN_POINT('',(0.,0.,25.));
#5503 = DIRECTION('',(0.,0.,1.));
#5504 = DIRECTION('',(1.,0.,-0.));
#5505 = DEFINITIONAL_REPRESENTATION('',(#5506),#5510);
#5506 = LINE('',#5507,#5508);
#5507 = CARTESIAN_POINT('',(0.,0.));
#5508 = VECTOR('',#5509,1.);
#5509 = DIRECTION('',(0.,1.));
#5510 = ( GEOMETRIC_REPRESENTATION_CONTEXT(2) 
PARAMETRIC_REPRESENTATION_CONTEXT() REPRESENTATION_CONTEXT('2D SPACE',''
  ) );
#5511 = ADVANCED_FACE('',(#5512),#5526,.T.);
#5512 = FACE_BOUND('',#5513,.T.);
#5513 = EDGE_LOOP('',(#5514,#5544,#5567,#5590));
#5514 = ORIENTED_EDGE('',*,*,#5515,.F.);
#5515 = EDGE_CURVE('',#5516,#5518,#5520,.T.);
#5516 = VERTEX_POINT('',#5517);
#5517 = CARTESIAN_POINT('',(947.,0.,0.));
#5518 = VERTEX_POINT('',#5519);
#5519 = CARTESIAN_POINT('',(947.,0.,25.));
#5520 = SURFACE_CURVE('',#5521,(#5525,#5537),.PCURVE_S1.);
#5521 = LINE('',#5522,#5523);
#5522 = CARTESIAN_POINT('',(947.,0.,0.));
#5523 = VECTOR('',#5524,1.);
#5524 = DIRECTION('',(0.,0.,1.));
#5525 = PCURVE('',#5526,#5531);
#5526 = PLANE('',#5527);
#5527 = AXIS2_PLACEMENT_3D('',#5528,#5529,#5530);
#5528 = CARTESIAN_POINT('',(947.,0.,0.));
#5529 = DIRECTION('',(1.,0.,-0.));
#5530 = DIRECTION('',(0.,0.,1.));
#5531 = DEFINITIONAL_REPRESENTATION('',(#5532),#5536);
#5532 = LINE('',#5533,#5534);
#5533 = CARTESIAN_POINT('',(0.,0.));
#5534 = VECTOR('',#5535,1.);
#5535 = DIRECTION('',(1.,0.));
#5536 = ( GEOMETRIC_REPRESENTATION_CONTEXT(2) 
PARAMETRIC_REPRESENTATION_CONTEXT() REPRESENTATION_CONTEXT('2D SPACE',''
  ) );
#5537 = PCURVE('',#5418,#5538);
#5538 = DEFINITIONAL_REPRESENTATION('',(#5539),#5543);
#5539 = LINE('',#5540,#5541);
#5540 = CARTESIAN_POINT('',(0.,947.));
#5541 = VECTOR('',#5542,1.);
#5542 = DIRECTION('',(1.,0.));
#5543 = ( GEOMETRIC_REPRESENTATION_CONTEXT(2) 
PARAMETRIC_REPRESENTATION_CONTEXT() REPRESENTATION_CONTEXT('2D SPACE',''
  ) );
#5544 = ORIENTED_EDGE('',*,*,#5545,.T.);
#5545 = EDGE_CURVE('',#5516,#5546,#5548,.T.);
#5546 = VERTEX_POINT('',#5547);
#5547 = CARTESIAN_POINT('',(947.,50.,0.));
#5548 = SURFACE_CURVE('',#5549,(#5553,#5560),.PCURVE_S1.);
#5549 = LINE('',#5550,#5551);
#5550 = CARTESIAN_POINT('',(947.,0.,0.));
#5551 = VECTOR('',#5552,1.);
#5552 = DIRECTION('',(-0.,1.,0.));
#5553 = PCURVE('',#5526,#5554);
#5554 = DEFINITIONAL_REPRESENTATION('',(#5555),#5559);
#5555 = LINE('',#5556,#5557);
#5556 = CARTESIAN_POINT('',(0.,0.));
#5557 = VECTOR('',#5558,1.);
#5558 = DIRECTION('',(0.,-1.));
#5559 = ( GEOMETRIC_REPRESENTATION_CONTEXT(2) 
PARAMETRIC_REPRESENTATION_CONTEXT() REPRESENTATION_CONTEXT('2D SPACE',''
  ) );
#5560 = PCURVE('',#5446,#5561);
#5561 = DEFINITIONAL_REPRESENTATION('',(#5562),#5566);
#5562 = LINE('',#5563,#5564);
#5563 = CARTESIAN_POINT('',(947.,0.));
#5564 = VECTOR('',#5565,1.);
#5565 = DIRECTION('',(0.,1.));
#5566 = ( GEOMETRIC_REPRESENTATION_CONTEXT(2) 
PARAMETRIC_REPRESENTATION_CONTEXT() REPRESENTATION_CONTEXT('2D SPACE',''
  ) );
#5567 = ORIENTED_EDGE('',*,*,#5568,.T.);
#5568 = EDGE_CURVE('',#5546,#5569,#5571,.T.);
#5569 = VERTEX_POINT('',#5570);
#5570 = CARTESIAN_POINT('',(947.,50.,25.));
#5571 = SURFACE_CURVE('',#5572,(#5576,#5583),.PCURVE_S1.);
#5572 = LINE('',#5573,#5574);
#5573 = CARTESIAN_POINT('',(947.,50.,0.));
#5574 = VECTOR('',#5575,1.);
#5575 = DIRECTION('',(0.,0.,1.));
#5576 = PCURVE('',#5526,#5577);
#5577 = DEFINITIONAL_REPRESENTATION('',(#5578),#5582);
#5578 = LINE('',#5579,#5580);
#5579 = CARTESIAN_POINT('',(0.,-50.));
#5580 = VECTOR('',#5581,1.);
#5581 = DIRECTION('',(1.,0.));
#5582 = ( GEOMETRIC_REPRESENTATION_CONTEXT(2) 
PARAMETRIC_REPRESENTATION_CONTEXT() REPRESENTATION_CONTEXT('2D SPACE',''
  ) );
#5583 = PCURVE('',#5474,#5584);
#5584 = DEFINITIONAL_REPRESENTATION('',(#5585),#5589);
#5585 = LINE('',#5586,#5587);
#5586 = CARTESIAN_POINT('',(0.,947.));
#5587 = VECTOR('',#5588,1.);
#5588 = DIRECTION('',(1.,0.));
#5589 = ( GEOMETRIC_REPRESENTATION_CONTEXT(2) 
PARAMETRIC_REPRESENTATION_CONTEXT() REPRESENTATION_CONTEXT('2D SPACE',''
  ) );
#5590 = ORIENTED_EDGE('',*,*,#5591,.F.);
#5591 = EDGE_CURVE('',#5518,#5569,#5592,.T.);
#5592 = SURFACE_CURVE('',#5593,(#5597,#5604),.PCURVE_S1.);
#5593 = LINE('',#5594,#5595);
#5594 = CARTESIAN_POINT('',(947.,0.,25.));
#5595 = VECTOR('',#5596,1.);
#5596 = DIRECTION('',(-0.,1.,0.));
#5597 = PCURVE('',#5526,#5598);
#5598 = DEFINITIONAL_REPRESENTATION('',(#5599),#5603);
#5599 = LINE('',#5600,#5601);
#5600 = CARTESIAN_POINT('',(25.,0.));
#5601 = VECTOR('',#5602,1.);
#5602 = DIRECTION('',(0.,-1.));
#5603 = ( GEOMETRIC_REPRESENTATION_CONTEXT(2) 
PARAMETRIC_REPRESENTATION_CONTEXT() REPRESENTATION_CONTEXT('2D SPACE',''
  ) );
#5604 = PCURVE('',#5500,#5605);
#5605 = DEFINITIONAL_REPRESENTATION('',(#5606),#5610);
#5606 = LINE('',#5607,#5608);
#5607 = CARTESIAN_POINT('',(947.,0.));
#5608 = VECTOR('',#5609,1.);
#5609 = DIRECTION('',(0.,1.));
#5610 = ( GEOMETRIC_REPRESENTATION_CONTEXT(2) 
PARAMETRIC_REPRESENTATION_CONTEXT() REPRESENTATION_CONTEXT('2D SPACE',''
  ) );
#5611 = ADVANCED_FACE('',(#5612),#5418,.F.);
#5612 = FACE_BOUND('',#5613,.F.);
#5613 = EDGE_LOOP('',(#5614,#5635,#5636,#5657));
#5614 = ORIENTED_EDGE('',*,*,#5615,.F.);
#5615 = EDGE_CURVE('',#5396,#5516,#5616,.T.);
#5616 = SURFACE_CURVE('',#5617,(#5621,#5628),.PCURVE_S1.);
#5617 = LINE('',#5618,#5619);
#5618 = CARTESIAN_POINT('',(0.,0.,0.));
#5619 = VECTOR('',#5620,1.);
#5620 = DIRECTION('',(1.,0.,-0.));
#5621 = PCURVE('',#5418,#5622);
#5622 = DEFINITIONAL_REPRESENTATION('',(#5623),#5627);
#5623 = LINE('',#5624,#5625);
#5624 = CARTESIAN_POINT('',(0.,0.));
#5625 = VECTOR('',#5626,1.);
#5626 = DIRECTION('',(0.,1.));
#5627 = ( GEOMETRIC_REPRESENTATION_CONTEXT(2) 
PARAMETRIC_REPRESENTATION_CONTEXT() REPRESENTATION_CONTEXT('2D SPACE',''
  ) );
#5628 = PCURVE('',#5446,#5629);
#5629 = DEFINITIONAL_REPRESENTATION('',(#5630),#5634);
#5630 = LINE('',#5631,#5632);
#5631 = CARTESIAN_POINT('',(0.,0.));
#5632 = VECTOR('',#5633,1.);
#5633 = DIRECTION('',(1.,0.));
#5634 = ( GEOMETRIC_REPRESENTATION_CONTEXT(2) 
PARAMETRIC_REPRESENTATION_CONTEXT() REPRESENTATION_CONTEXT('2D SPACE',''
  ) );
#5635 = ORIENTED_EDGE('',*,*,#5395,.T.);
#5636 = ORIENTED_EDGE('',*,*,#5637,.T.);
#5637 = EDGE_CURVE('',#5398,#5518,#5638,.T.);
#5638 = SURFACE_CURVE('',#5639,(#5643,#5650),.PCURVE_S1.);
#5639 = LINE('',#5640,#5641);
#5640 = CARTESIAN_POINT('',(0.,0.,25.));
#5641 = VECTOR('',#5642,1.);
#5642 = DIRECTION('',(1.,0.,-0.));
#5643 = PCURVE('',#5418,#5644);
#5644 = DEFINITIONAL_REPRESENTATION('',(#5645),#5649);
#5645 = LINE('',#5646,#5647);
#5646 = CARTESIAN_POINT('',(25.,0.));
#5647 = VECTOR('',#5648,1.);
#5648 = DIRECTION('',(0.,1.));
#5649 = ( GEOMETRIC_REPRESENTATION_CONTEXT(2) 
PARAMETRIC_REPRESENTATION_CONTEXT() REPRESENTATION_CONTEXT('2D SPACE',''
  ) );
#5650 = PCURVE('',#5500,#5651);
#5651 = DEFINITIONAL_REPRESENTATION('',(#5652),#5656);
#5652 = LINE('',#5653,#5654);
#5653 = CARTESIAN_POINT('',(0.,0.));
#5654 = VECTOR('',#5655,1.);
#5655 = DIRECTION('',(1.,0.));
#5656 = ( GEOMETRIC_REPRESENTATION_CONTEXT(2) 
PARAMETRIC_REPRESENTATION_CONTEXT() REPRESENTATION_CONTEXT('2D SPACE',''
  ) );
#5657 = ORIENTED_EDGE('',*,*,#5515,.F.);
#5658 = ADVANCED_FACE('',(#5659),#5474,.T.);
#5659 = FACE_BOUND('',#5660,.T.);
#5660 = EDGE_LOOP('',(#5661,#5682,#5683,#5704));
#5661 = ORIENTED_EDGE('',*,*,#5662,.F.);
#5662 = EDGE_CURVE('',#5431,#5546,#5663,.T.);
#5663 = SURFACE_CURVE('',#5664,(#5668,#5675),.PCURVE_S1.);
#5664 = LINE('',#5665,#5666);
#5665 = CARTESIAN_POINT('',(0.,50.,0.));
#5666 = VECTOR('',#5667,1.);
#5667 = DIRECTION('',(1.,0.,-0.));
#5668 = PCURVE('',#5474,#5669);
#5669 = DEFINITIONAL_REPRESENTATION('',(#5670),#5674);
#5670 = LINE('',#5671,#5672);
#5671 = CARTESIAN_POINT('',(0.,0.));
#5672 = VECTOR('',#5673,1.);
#5673 = DIRECTION('',(0.,1.));
#5674 = ( GEOMETRIC_REPRESENTATION_CONTEXT(2) 
PARAMETRIC_REPRESENTATION_CONTEXT() REPRESENTATION_CONTEXT('2D SPACE',''
  ) );
#5675 = PCURVE('',#5446,#5676);
#5676 = DEFINITIONAL_REPRESENTATION('',(#5677),#5681);
#5677 = LINE('',#5678,#5679);
#5678 = CARTESIAN_POINT('',(0.,50.));
#5679 = VECTOR('',#5680,1.);
#5680 = DIRECTION('',(1.,0.));
#5681 = ( GEOMETRIC_REPRESENTATION_CONTEXT(2) 
PARAMETRIC_REPRESENTATION_CONTEXT() REPRESENTATION_CONTEXT('2D SPACE',''
  ) );
#5682 = ORIENTED_EDGE('',*,*,#5458,.T.);
#5683 = ORIENTED_EDGE('',*,*,#5684,.T.);
#5684 = EDGE_CURVE('',#5459,#5569,#5685,.T.);
#5685 = SURFACE_CURVE('',#5686,(#5690,#5697),.PCURVE_S1.);
#5686 = LINE('',#5687,#5688);
#5687 = CARTESIAN_POINT('',(0.,50.,25.));
#5688 = VECTOR('',#5689,1.);
#5689 = DIRECTION('',(1.,0.,-0.));
#5690 = PCURVE('',#5474,#5691);
#5691 = DEFINITIONAL_REPRESENTATION('',(#5692),#5696);
#5692 = LINE('',#5693,#5694);
#5693 = CARTESIAN_POINT('',(25.,0.));
#5694 = VECTOR('',#5695,1.);
#5695 = DIRECTION('',(0.,1.));
#5696 = ( GEOMETRIC_REPRESENTATION_CONTEXT(2) 
PARAMETRIC_REPRESENTATION_CONTEXT() REPRESENTATION_CONTEXT('2D SPACE',''
  ) );
#5697 = PCURVE('',#5500,#5698);
#5698 = DEFINITIONAL_REPRESENTATION('',(#5699),#5703);
#5699 = LINE('',#5700,#5701);
#5700 = CARTESIAN_POINT('',(0.,50.));
#5701 = VECTOR('',#5702,1.);
#5702 = DIRECTION('',(1.,0.));
#5703 = ( GEOMETRIC_REPRESENTATION_CONTEXT(2) 
PARAMETRIC_REPRESENTATION_CONTEXT() REPRESENTATION_CONTEXT('2D SPACE',''
  ) );
#5704 = ORIENTED_EDGE('',*,*,#5568,.F.);
#5705 = ADVANCED_FACE('',(#5706),#5446,.F.);
#5706 = FACE_BOUND('',#5707,.F.);
#5707 = EDGE_LOOP('',(#5708,#5709,#5710,#5711));
#5708 = ORIENTED_EDGE('',*,*,#5430,.F.);
#5709 = ORIENTED_EDGE('',*,*,#5615,.T.);
#5710 = ORIENTED_EDGE('',*,*,#5545,.T.);
#5711 = ORIENTED_EDGE('',*,*,#5662,.F.);
#5712 = ADVANCED_FACE('',(#5713),#5500,.T.);
#5713 = FACE_BOUND('',#5714,.T.);
#5714 = EDGE_LOOP('',(#5715,#5716,#5717,#5718));
#5715 = ORIENTED_EDGE('',*,*,#5486,.F.);
#5716 = ORIENTED_EDGE('',*,*,#5637,.T.);
#5717 = ORIENTED_EDGE('',*,*,#5591,.T.);
#5718 = ORIENTED_EDGE('',*,*,#5684,.F.);
#5719 = ( GEOMETRIC_REPRESENTATION_CONTEXT(3) 
GLOBAL_UNCERTAINTY_ASSIGNED_CONTEXT((#5723)) 
GLOBAL_UNIT_ASSIGNED_CONTEXT((#5720,#5721,#5722)) REPRESENTATION_CONTEXT
('Context #1','3D Context with UNIT and UNCERTAINTY') );
#5720 = ( LENGTH_UNIT() NAMED_UNIT(*) SI_UNIT(.MILLI.,.METRE.) );
#5721 = ( NAMED_UNIT(*) PLANE_ANGLE_UNIT() SI_UNIT($,.RADIAN.) );
#5722 = ( NAMED_UNIT(*) SI_UNIT($,.STERADIAN.) SOLID_ANGLE_UNIT() );
#5723 = UNCERTAINTY_MEASURE_WITH_UNIT(LENGTH_MEASURE(1.E-07),#5720,
  'distance_accuracy_value','confusion accuracy');
#5724 = CONTEXT_DEPENDENT_SHAPE_REPRESENTATION(#5725,#5727);
#5725 = ( REPRESENTATION_RELATIONSHIP('','',#5388,#10) 
REPRESENTATION_RELATIONSHIP_WITH_TRANSFORMATION(#5726) 
SHAPE_REPRESENTATION_RELATIONSHIP() );
#5726 = ITEM_DEFINED_TRANSFORMATION('','',#11,#47);
#5727 = PRODUCT_DEFINITION_SHAPE('Placement','Placement of an item',
  #5728);
#5728 = NEXT_ASSEMBLY_USAGE_OCCURRENCE('876',
  '\X2\043F043504400435043C044B0447043A0430\X0\_25\X2\0445\X0\50\X2\0445\X0\947','',#5,#5383,$);
#5729 = PRODUCT_RELATED_PRODUCT_CATEGORY('part',$,(#5385));
#5730 = SHAPE_DEFINITION_REPRESENTATION(#5731,#5737);
#5731 = PRODUCT_DEFINITION_SHAPE('','',#5732);
#5732 = PRODUCT_DEFINITION('design','',#5733,#5736);
#5733 = PRODUCT_DEFINITION_FORMATION('','',#5734);
#5734 = PRODUCT(
  '\X2\04410442043E0439043A0430\X0\_\X2\04340432043504400438\X0\_25\X2\0445\X0\50\X2\0445\X0\2050',
  '\X2\04410442043E0439043A0430\X0\_\X2\04340432043504400438\X0\_25\X2\0445\X0\50\X2\0445\X0\2050','',(
    #5735));
#5735 = PRODUCT_CONTEXT('',#2,'mechanical');
#5736 = PRODUCT_DEFINITION_CONTEXT('part definition',#2,'design');
#5737 = ADVANCED_BREP_SHAPE_REPRESENTATION('',(#11,#5738),#6068);
#5738 = MANIFOLD_SOLID_BREP('',#5739);
#5739 = CLOSED_SHELL('',(#5740,#5860,#5960,#6007,#6054,#6061));
#5740 = ADVANCED_FACE('',(#5741),#5755,.F.);
#5741 = FACE_BOUND('',#5742,.F.);
#5742 = EDGE_LOOP('',(#5743,#5778,#5806,#5834));
#5743 = ORIENTED_EDGE('',*,*,#5744,.F.);
#5744 = EDGE_CURVE('',#5745,#5747,#5749,.T.);
#5745 = VERTEX_POINT('',#5746);
#5746 = CARTESIAN_POINT('',(0.,0.,0.));
#5747 = VERTEX_POINT('',#5748);
#5748 = CARTESIAN_POINT('',(0.,0.,2.05E+03));
#5749 = SURFACE_CURVE('',#5750,(#5754,#5766),.PCURVE_S1.);
#5750 = LINE('',#5751,#5752);
#5751 = CARTESIAN_POINT('',(0.,0.,0.));
#5752 = VECTOR('',#5753,1.);
#5753 = DIRECTION('',(0.,0.,1.));
#5754 = PCURVE('',#5755,#5760);
#5755 = PLANE('',#5756);
#5756 = AXIS2_PLACEMENT_3D('',#5757,#5758,#5759);
#5757 = CARTESIAN_POINT('',(0.,0.,0.));
#5758 = DIRECTION('',(1.,0.,-0.));
#5759 = DIRECTION('',(0.,0.,1.));
#5760 = DEFINITIONAL_REPRESENTATION('',(#5761),#5765);
#5761 = LINE('',#5762,#5763);
#5762 = CARTESIAN_POINT('',(0.,0.));
#5763 = VECTOR('',#5764,1.);
#5764 = DIRECTION('',(1.,0.));
#5765 = ( GEOMETRIC_REPRESENTATION_CONTEXT(2) 
PARAMETRIC_REPRESENTATION_CONTEXT() REPRESENTATION_CONTEXT('2D SPACE',''
  ) );
#5766 = PCURVE('',#5767,#5772);
#5767 = PLANE('',#5768);
#5768 = AXIS2_PLACEMENT_3D('',#5769,#5770,#5771);
#5769 = CARTESIAN_POINT('',(0.,0.,0.));
#5770 = DIRECTION('',(-0.,1.,0.));
#5771 = DIRECTION('',(0.,0.,1.));
#5772 = DEFINITIONAL_REPRESENTATION('',(#5773),#5777);
#5773 = LINE('',#5774,#5775);
#5774 = CARTESIAN_POINT('',(0.,0.));
#5775 = VECTOR('',#5776,1.);
#5776 = DIRECTION('',(1.,0.));
#5777 = ( GEOMETRIC_REPRESENTATION_CONTEXT(2) 
PARAMETRIC_REPRESENTATION_CONTEXT() REPRESENTATION_CONTEXT('2D SPACE',''
  ) );
#5778 = ORIENTED_EDGE('',*,*,#5779,.T.);
#5779 = EDGE_CURVE('',#5745,#5780,#5782,.T.);
#5780 = VERTEX_POINT('',#5781);
#5781 = CARTESIAN_POINT('',(0.,50.,0.));
#5782 = SURFACE_CURVE('',#5783,(#5787,#5794),.PCURVE_S1.);
#5783 = LINE('',#5784,#5785);
#5784 = CARTESIAN_POINT('',(0.,0.,0.));
#5785 = VECTOR('',#5786,1.);
#5786 = DIRECTION('',(-0.,1.,0.));
#5787 = PCURVE('',#5755,#5788);
#5788 = DEFINITIONAL_REPRESENTATION('',(#5789),#5793);
#5789 = LINE('',#5790,#5791);
#5790 = CARTESIAN_POINT('',(0.,0.));
#5791 = VECTOR('',#5792,1.);
#5792 = DIRECTION('',(0.,-1.));
#5793 = ( GEOMETRIC_REPRESENTATION_CONTEXT(2) 
PARAMETRIC_REPRESENTATION_CONTEXT() REPRESENTATION_CONTEXT('2D SPACE',''
  ) );
#5794 = PCURVE('',#5795,#5800);
#5795 = PLANE('',#5796);
#5796 = AXIS2_PLACEMENT_3D('',#5797,#5798,#5799);
#5797 = CARTESIAN_POINT('',(0.,0.,0.));
#5798 = DIRECTION('',(0.,0.,1.));
#5799 = DIRECTION('',(1.,0.,-0.));
#5800 = DEFINITIONAL_REPRESENTATION('',(#5801),#5805);
#5801 = LINE('',#5802,#5803);
#5802 = CARTESIAN_POINT('',(0.,0.));
#5803 = VECTOR('',#5804,1.);
#5804 = DIRECTION('',(0.,1.));
#5805 = ( GEOMETRIC_REPRESENTATION_CONTEXT(2) 
PARAMETRIC_REPRESENTATION_CONTEXT() REPRESENTATION_CONTEXT('2D SPACE',''
  ) );
#5806 = ORIENTED_EDGE('',*,*,#5807,.T.);
#5807 = EDGE_CURVE('',#5780,#5808,#5810,.T.);
#5808 = VERTEX_POINT('',#5809);
#5809 = CARTESIAN_POINT('',(0.,50.,2.05E+03));
#5810 = SURFACE_CURVE('',#5811,(#5815,#5822),.PCURVE_S1.);
#5811 = LINE('',#5812,#5813);
#5812 = CARTESIAN_POINT('',(0.,50.,0.));
#5813 = VECTOR('',#5814,1.);
#5814 = DIRECTION('',(0.,0.,1.));
#5815 = PCURVE('',#5755,#5816);
#5816 = DEFINITIONAL_REPRESENTATION('',(#5817),#5821);
#5817 = LINE('',#5818,#5819);
#5818 = CARTESIAN_POINT('',(0.,-50.));
#5819 = VECTOR('',#5820,1.);
#5820 = DIRECTION('',(1.,0.));
#5821 = ( GEOMETRIC_REPRESENTATION_CONTEXT(2) 
PARAMETRIC_REPRESENTATION_CONTEXT() REPRESENTATION_CONTEXT('2D SPACE',''
  ) );
#5822 = PCURVE('',#5823,#5828);
#5823 = PLANE('',#5824);
#5824 = AXIS2_PLACEMENT_3D('',#5825,#5826,#5827);
#5825 = CARTESIAN_POINT('',(0.,50.,0.));
#5826 = DIRECTION('',(-0.,1.,0.));
#5827 = DIRECTION('',(0.,0.,1.));
#5828 = DEFINITIONAL_REPRESENTATION('',(#5829),#5833);
#5829 = LINE('',#5830,#5831);
#5830 = CARTESIAN_POINT('',(0.,0.));
#5831 = VECTOR('',#5832,1.);
#5832 = DIRECTION('',(1.,0.));
#5833 = ( GEOMETRIC_REPRESENTATION_CONTEXT(2) 
PARAMETRIC_REPRESENTATION_CONTEXT() REPRESENTATION_CONTEXT('2D SPACE',''
  ) );
#5834 = ORIENTED_EDGE('',*,*,#5835,.F.);
#5835 = EDGE_CURVE('',#5747,#5808,#5836,.T.);
#5836 = SURFACE_CURVE('',#5837,(#5841,#5848),.PCURVE_S1.);
#5837 = LINE('',#5838,#5839);
#5838 = CARTESIAN_POINT('',(0.,0.,2.05E+03));
#5839 = VECTOR('',#5840,1.);
#5840 = DIRECTION('',(-0.,1.,0.));
#5841 = PCURVE('',#5755,#5842);
#5842 = DEFINITIONAL_REPRESENTATION('',(#5843),#5847);
#5843 = LINE('',#5844,#5845);
#5844 = CARTESIAN_POINT('',(2.05E+03,0.));
#5845 = VECTOR('',#5846,1.);
#5846 = DIRECTION('',(0.,-1.));
#5847 = ( GEOMETRIC_REPRESENTATION_CONTEXT(2) 
PARAMETRIC_REPRESENTATION_CONTEXT() REPRESENTATION_CONTEXT('2D SPACE',''
  ) );
#5848 = PCURVE('',#5849,#5854);
#5849 = PLANE('',#5850);
#5850 = AXIS2_PLACEMENT_3D('',#5851,#5852,#5853);
#5851 = CARTESIAN_POINT('',(0.,0.,2.05E+03));
#5852 = DIRECTION('',(0.,0.,1.));
#5853 = DIRECTION('',(1.,0.,-0.));
#5854 = DEFINITIONAL_REPRESENTATION('',(#5855),#5859);
#5855 = LINE('',#5856,#5857);
#5856 = CARTESIAN_POINT('',(0.,0.));
#5857 = VECTOR('',#5858,1.);
#5858 = DIRECTION('',(0.,1.));
#5859 = ( GEOMETRIC_REPRESENTATION_CONTEXT(2) 
PARAMETRIC_REPRESENTATION_CONTEXT() REPRESENTATION_CONTEXT('2D SPACE',''
  ) );
#5860 = ADVANCED_FACE('',(#5861),#5875,.T.);
#5861 = FACE_BOUND('',#5862,.T.);
#5862 = EDGE_LOOP('',(#5863,#5893,#5916,#5939));
#5863 = ORIENTED_EDGE('',*,*,#5864,.F.);
#5864 = EDGE_CURVE('',#5865,#5867,#5869,.T.);
#5865 = VERTEX_POINT('',#5866);
#5866 = CARTESIAN_POINT('',(25.,0.,0.));
#5867 = VERTEX_POINT('',#5868);
#5868 = CARTESIAN_POINT('',(25.,0.,2.05E+03));
#5869 = SURFACE_CURVE('',#5870,(#5874,#5886),.PCURVE_S1.);
#5870 = LINE('',#5871,#5872);
#5871 = CARTESIAN_POINT('',(25.,0.,0.));
#5872 = VECTOR('',#5873,1.);
#5873 = DIRECTION('',(0.,0.,1.));
#5874 = PCURVE('',#5875,#5880);
#5875 = PLANE('',#5876);
#5876 = AXIS2_PLACEMENT_3D('',#5877,#5878,#5879);
#5877 = CARTESIAN_POINT('',(25.,0.,0.));
#5878 = DIRECTION('',(1.,0.,-0.));
#5879 = DIRECTION('',(0.,0.,1.));
#5880 = DEFINITIONAL_REPRESENTATION('',(#5881),#5885);
#5881 = LINE('',#5882,#5883);
#5882 = CARTESIAN_POINT('',(0.,0.));
#5883 = VECTOR('',#5884,1.);
#5884 = DIRECTION('',(1.,0.));
#5885 = ( GEOMETRIC_REPRESENTATION_CONTEXT(2) 
PARAMETRIC_REPRESENTATION_CONTEXT() REPRESENTATION_CONTEXT('2D SPACE',''
  ) );
#5886 = PCURVE('',#5767,#5887);
#5887 = DEFINITIONAL_REPRESENTATION('',(#5888),#5892);
#5888 = LINE('',#5889,#5890);
#5889 = CARTESIAN_POINT('',(0.,25.));
#5890 = VECTOR('',#5891,1.);
#5891 = DIRECTION('',(1.,0.));
#5892 = ( GEOMETRIC_REPRESENTATION_CONTEXT(2) 
PARAMETRIC_REPRESENTATION_CONTEXT() REPRESENTATION_CONTEXT('2D SPACE',''
  ) );
#5893 = ORIENTED_EDGE('',*,*,#5894,.T.);
#5894 = EDGE_CURVE('',#5865,#5895,#5897,.T.);
#5895 = VERTEX_POINT('',#5896);
#5896 = CARTESIAN_POINT('',(25.,50.,0.));
#5897 = SURFACE_CURVE('',#5898,(#5902,#5909),.PCURVE_S1.);
#5898 = LINE('',#5899,#5900);
#5899 = CARTESIAN_POINT('',(25.,0.,0.));
#5900 = VECTOR('',#5901,1.);
#5901 = DIRECTION('',(-0.,1.,0.));
#5902 = PCURVE('',#5875,#5903);
#5903 = DEFINITIONAL_REPRESENTATION('',(#5904),#5908);
#5904 = LINE('',#5905,#5906);
#5905 = CARTESIAN_POINT('',(0.,0.));
#5906 = VECTOR('',#5907,1.);
#5907 = DIRECTION('',(0.,-1.));
#5908 = ( GEOMETRIC_REPRESENTATION_CONTEXT(2) 
PARAMETRIC_REPRESENTATION_CONTEXT() REPRESENTATION_CONTEXT('2D SPACE',''
  ) );
#5909 = PCURVE('',#5795,#5910);
#5910 = DEFINITIONAL_REPRESENTATION('',(#5911),#5915);
#5911 = LINE('',#5912,#5913);
#5912 = CARTESIAN_POINT('',(25.,0.));
#5913 = VECTOR('',#5914,1.);
#5914 = DIRECTION('',(0.,1.));
#5915 = ( GEOMETRIC_REPRESENTATION_CONTEXT(2) 
PARAMETRIC_REPRESENTATION_CONTEXT() REPRESENTATION_CONTEXT('2D SPACE',''
  ) );
#5916 = ORIENTED_EDGE('',*,*,#5917,.T.);
#5917 = EDGE_CURVE('',#5895,#5918,#5920,.T.);
#5918 = VERTEX_POINT('',#5919);
#5919 = CARTESIAN_POINT('',(25.,50.,2.05E+03));
#5920 = SURFACE_CURVE('',#5921,(#5925,#5932),.PCURVE_S1.);
#5921 = LINE('',#5922,#5923);
#5922 = CARTESIAN_POINT('',(25.,50.,0.));
#5923 = VECTOR('',#5924,1.);
#5924 = DIRECTION('',(0.,0.,1.));
#5925 = PCURVE('',#5875,#5926);
#5926 = DEFINITIONAL_REPRESENTATION('',(#5927),#5931);
#5927 = LINE('',#5928,#5929);
#5928 = CARTESIAN_POINT('',(0.,-50.));
#5929 = VECTOR('',#5930,1.);
#5930 = DIRECTION('',(1.,0.));
#5931 = ( GEOMETRIC_REPRESENTATION_CONTEXT(2) 
PARAMETRIC_REPRESENTATION_CONTEXT() REPRESENTATION_CONTEXT('2D SPACE',''
  ) );
#5932 = PCURVE('',#5823,#5933);
#5933 = DEFINITIONAL_REPRESENTATION('',(#5934),#5938);
#5934 = LINE('',#5935,#5936);
#5935 = CARTESIAN_POINT('',(0.,25.));
#5936 = VECTOR('',#5937,1.);
#5937 = DIRECTION('',(1.,0.));
#5938 = ( GEOMETRIC_REPRESENTATION_CONTEXT(2) 
PARAMETRIC_REPRESENTATION_CONTEXT() REPRESENTATION_CONTEXT('2D SPACE',''
  ) );
#5939 = ORIENTED_EDGE('',*,*,#5940,.F.);
#5940 = EDGE_CURVE('',#5867,#5918,#5941,.T.);
#5941 = SURFACE_CURVE('',#5942,(#5946,#5953),.PCURVE_S1.);
#5942 = LINE('',#5943,#5944);
#5943 = CARTESIAN_POINT('',(25.,0.,2.05E+03));
#5944 = VECTOR('',#5945,1.);
#5945 = DIRECTION('',(-0.,1.,0.));
#5946 = PCURVE('',#5875,#5947);
#5947 = DEFINITIONAL_REPRESENTATION('',(#5948),#5952);
#5948 = LINE('',#5949,#5950);
#5949 = CARTESIAN_POINT('',(2.05E+03,0.));
#5950 = VECTOR('',#5951,1.);
#5951 = DIRECTION('',(0.,-1.));
#5952 = ( GEOMETRIC_REPRESENTATION_CONTEXT(2) 
PARAMETRIC_REPRESENTATION_CONTEXT() REPRESENTATION_CONTEXT('2D SPACE',''
  ) );
#5953 = PCURVE('',#5849,#5954);
#5954 = DEFINITIONAL_REPRESENTATION('',(#5955),#5959);
#5955 = LINE('',#5956,#5957);
#5956 = CARTESIAN_POINT('',(25.,0.));
#5957 = VECTOR('',#5958,1.);
#5958 = DIRECTION('',(0.,1.));
#5959 = ( GEOMETRIC_REPRESENTATION_CONTEXT(2) 
PARAMETRIC_REPRESENTATION_CONTEXT() REPRESENTATION_CONTEXT('2D SPACE',''
  ) );
#5960 = ADVANCED_FACE('',(#5961),#5767,.F.);
#5961 = FACE_BOUND('',#5962,.F.);
#5962 = EDGE_LOOP('',(#5963,#5984,#5985,#6006));
#5963 = ORIENTED_EDGE('',*,*,#5964,.F.);
#5964 = EDGE_CURVE('',#5745,#5865,#5965,.T.);
#5965 = SURFACE_CURVE('',#5966,(#5970,#5977),.PCURVE_S1.);
#5966 = LINE('',#5967,#5968);
#5967 = CARTESIAN_POINT('',(0.,0.,0.));
#5968 = VECTOR('',#5969,1.);
#5969 = DIRECTION('',(1.,0.,-0.));
#5970 = PCURVE('',#5767,#5971);
#5971 = DEFINITIONAL_REPRESENTATION('',(#5972),#5976);
#5972 = LINE('',#5973,#5974);
#5973 = CARTESIAN_POINT('',(0.,0.));
#5974 = VECTOR('',#5975,1.);
#5975 = DIRECTION('',(0.,1.));
#5976 = ( GEOMETRIC_REPRESENTATION_CONTEXT(2) 
PARAMETRIC_REPRESENTATION_CONTEXT() REPRESENTATION_CONTEXT('2D SPACE',''
  ) );
#5977 = PCURVE('',#5795,#5978);
#5978 = DEFINITIONAL_REPRESENTATION('',(#5979),#5983);
#5979 = LINE('',#5980,#5981);
#5980 = CARTESIAN_POINT('',(0.,0.));
#5981 = VECTOR('',#5982,1.);
#5982 = DIRECTION('',(1.,0.));
#5983 = ( GEOMETRIC_REPRESENTATION_CONTEXT(2) 
PARAMETRIC_REPRESENTATION_CONTEXT() REPRESENTATION_CONTEXT('2D SPACE',''
  ) );
#5984 = ORIENTED_EDGE('',*,*,#5744,.T.);
#5985 = ORIENTED_EDGE('',*,*,#5986,.T.);
#5986 = EDGE_CURVE('',#5747,#5867,#5987,.T.);
#5987 = SURFACE_CURVE('',#5988,(#5992,#5999),.PCURVE_S1.);
#5988 = LINE('',#5989,#5990);
#5989 = CARTESIAN_POINT('',(0.,0.,2.05E+03));
#5990 = VECTOR('',#5991,1.);
#5991 = DIRECTION('',(1.,0.,-0.));
#5992 = PCURVE('',#5767,#5993);
#5993 = DEFINITIONAL_REPRESENTATION('',(#5994),#5998);
#5994 = LINE('',#5995,#5996);
#5995 = CARTESIAN_POINT('',(2.05E+03,0.));
#5996 = VECTOR('',#5997,1.);
#5997 = DIRECTION('',(0.,1.));
#5998 = ( GEOMETRIC_REPRESENTATION_CONTEXT(2) 
PARAMETRIC_REPRESENTATION_CONTEXT() REPRESENTATION_CONTEXT('2D SPACE',''
  ) );
#5999 = PCURVE('',#5849,#6000);
#6000 = DEFINITIONAL_REPRESENTATION('',(#6001),#6005);
#6001 = LINE('',#6002,#6003);
#6002 = CARTESIAN_POINT('',(0.,0.));
#6003 = VECTOR('',#6004,1.);
#6004 = DIRECTION('',(1.,0.));
#6005 = ( GEOMETRIC_REPRESENTATION_CONTEXT(2) 
PARAMETRIC_REPRESENTATION_CONTEXT() REPRESENTATION_CONTEXT('2D SPACE',''
  ) );
#6006 = ORIENTED_EDGE('',*,*,#5864,.F.);
#6007 = ADVANCED_FACE('',(#6008),#5823,.T.);
#6008 = FACE_BOUND('',#6009,.T.);
#6009 = EDGE_LOOP('',(#6010,#6031,#6032,#6053));
#6010 = ORIENTED_EDGE('',*,*,#6011,.F.);
#6011 = EDGE_CURVE('',#5780,#5895,#6012,.T.);
#6012 = SURFACE_CURVE('',#6013,(#6017,#6024),.PCURVE_S1.);
#6013 = LINE('',#6014,#6015);
#6014 = CARTESIAN_POINT('',(0.,50.,0.));
#6015 = VECTOR('',#6016,1.);
#6016 = DIRECTION('',(1.,0.,-0.));
#6017 = PCURVE('',#5823,#6018);
#6018 = DEFINITIONAL_REPRESENTATION('',(#6019),#6023);
#6019 = LINE('',#6020,#6021);
#6020 = CARTESIAN_POINT('',(0.,0.));
#6021 = VECTOR('',#6022,1.);
#6022 = DIRECTION('',(0.,1.));
#6023 = ( GEOMETRIC_REPRESENTATION_CONTEXT(2) 
PARAMETRIC_REPRESENTATION_CONTEXT() REPRESENTATION_CONTEXT('2D SPACE',''
  ) );
#6024 = PCURVE('',#5795,#6025);
#6025 = DEFINITIONAL_REPRESENTATION('',(#6026),#6030);
#6026 = LINE('',#6027,#6028);
#6027 = CARTESIAN_POINT('',(0.,50.));
#6028 = VECTOR('',#6029,1.);
#6029 = DIRECTION('',(1.,0.));
#6030 = ( GEOMETRIC_REPRESENTATION_CONTEXT(2) 
PARAMETRIC_REPRESENTATION_CONTEXT() REPRESENTATION_CONTEXT('2D SPACE',''
  ) );
#6031 = ORIENTED_EDGE('',*,*,#5807,.T.);
#6032 = ORIENTED_EDGE('',*,*,#6033,.T.);
#6033 = EDGE_CURVE('',#5808,#5918,#6034,.T.);
#6034 = SURFACE_CURVE('',#6035,(#6039,#6046),.PCURVE_S1.);
#6035 = LINE('',#6036,#6037);
#6036 = CARTESIAN_POINT('',(0.,50.,2.05E+03));
#6037 = VECTOR('',#6038,1.);
#6038 = DIRECTION('',(1.,0.,-0.));
#6039 = PCURVE('',#5823,#6040);
#6040 = DEFINITIONAL_REPRESENTATION('',(#6041),#6045);
#6041 = LINE('',#6042,#6043);
#6042 = CARTESIAN_POINT('',(2.05E+03,0.));
#6043 = VECTOR('',#6044,1.);
#6044 = DIRECTION('',(0.,1.));
#6045 = ( GEOMETRIC_REPRESENTATION_CONTEXT(2) 
PARAMETRIC_REPRESENTATION_CONTEXT() REPRESENTATION_CONTEXT('2D SPACE',''
  ) );
#6046 = PCURVE('',#5849,#6047);
#6047 = DEFINITIONAL_REPRESENTATION('',(#6048),#6052);
#6048 = LINE('',#6049,#6050);
#6049 = CARTESIAN_POINT('',(0.,50.));
#6050 = VECTOR('',#6051,1.);
#6051 = DIRECTION('',(1.,0.));
#6052 = ( GEOMETRIC_REPRESENTATION_CONTEXT(2) 
PARAMETRIC_REPRESENTATION_CONTEXT() REPRESENTATION_CONTEXT('2D SPACE',''
  ) );
#6053 = ORIENTED_EDGE('',*,*,#5917,.F.);
#6054 = ADVANCED_FACE('',(#6055),#5795,.F.);
#6055 = FACE_BOUND('',#6056,.F.);
#6056 = EDGE_LOOP('',(#6057,#6058,#6059,#6060));
#6057 = ORIENTED_EDGE('',*,*,#5779,.F.);
#6058 = ORIENTED_EDGE('',*,*,#5964,.T.);
#6059 = ORIENTED_EDGE('',*,*,#5894,.T.);
#6060 = ORIENTED_EDGE('',*,*,#6011,.F.);
#6061 = ADVANCED_FACE('',(#6062),#5849,.T.);
#6062 = FACE_BOUND('',#6063,.T.);
#6063 = EDGE_LOOP('',(#6064,#6065,#6066,#6067));
#6064 = ORIENTED_EDGE('',*,*,#5835,.F.);
#6065 = ORIENTED_EDGE('',*,*,#5986,.T.);
#6066 = ORIENTED_EDGE('',*,*,#5940,.T.);
#6067 = ORIENTED_EDGE('',*,*,#6033,.F.);
#6068 = ( GEOMETRIC_REPRESENTATION_CONTEXT(3) 
GLOBAL_UNCERTAINTY_ASSIGNED_CONTEXT((#6072)) 
GLOBAL_UNIT_ASSIGNED_CONTEXT((#6069,#6070,#6071)) REPRESENTATION_CONTEXT
('Context #1','3D Context with UNIT and UNCERTAINTY') );
#6069 = ( LENGTH_UNIT() NAMED_UNIT(*) SI_UNIT(.MILLI.,.METRE.) );
#6070 = ( NAMED_UNIT(*) PLANE_ANGLE_UNIT() SI_UNIT($,.RADIAN.) );
#6071 = ( NAMED_UNIT(*) SI_UNIT($,.STERADIAN.) SOLID_ANGLE_UNIT() );
#6072 = UNCERTAINTY_MEASURE_WITH_UNIT(LENGTH_MEASURE(1.E-07),#6069,
  'distance_accuracy_value','confusion accuracy');
#6073 = CONTEXT_DEPENDENT_SHAPE_REPRESENTATION(#6074,#6076);
#6074 = ( REPRESENTATION_RELATIONSHIP('','',#5737,#10) 
REPRESENTATION_RELATIONSHIP_WITH_TRANSFORMATION(#6075) 
SHAPE_REPRESENTATION_RELATIONSHIP() );
#6075 = ITEM_DEFINED_TRANSFORMATION('','',#11,#51);
#6076 = PRODUCT_DEFINITION_SHAPE('Placement','Placement of an item',
  #6077);
#6077 = NEXT_ASSEMBLY_USAGE_OCCURRENCE('877',
  '\X2\04410442043E0439043A0430\X0\_\X2\04340432043504400438\X0\_25\X2\0445\X0\50\X2\0445\X0\2050','',#5
  ,#5732,$);
#6078 = PRODUCT_RELATED_PRODUCT_CATEGORY('part',$,(#5734));
#6079 = SHAPE_DEFINITION_REPRESENTATION(#6080,#6086);
#6080 = PRODUCT_DEFINITION_SHAPE('','',#6081);
#6081 = PRODUCT_DEFINITION('design','',#6082,#6085);
#6082 = PRODUCT_DEFINITION_FORMATION('','',#6083);
#6083 = PRODUCT(
  '\X2\04410442043E0439043A0430\X0\_\X2\04340432043504400438\X0\_25\X2\0445\X0\50\X2\0445\X0\2050',
  '\X2\04410442043E0439043A0430\X0\_\X2\04340432043504400438\X0\_25\X2\0445\X0\50\X2\0445\X0\2050','',(
    #6084));
#6084 = PRODUCT_CONTEXT('',#2,'mechanical');
#6085 = PRODUCT_DEFINITION_CONTEXT('part definition',#2,'design');
#6086 = ADVANCED_BREP_SHAPE_REPRESENTATION('',(#11,#6087),#6417);
#6087 = MANIFOLD_SOLID_BREP('',#6088);
#6088 = CLOSED_SHELL('',(#6089,#6209,#6309,#6356,#6403,#6410));
#6089 = ADVANCED_FACE('',(#6090),#6104,.F.);
#6090 = FACE_BOUND('',#6091,.F.);
#6091 = EDGE_LOOP('',(#6092,#6127,#6155,#6183));
#6092 = ORIENTED_EDGE('',*,*,#6093,.F.);
#6093 = EDGE_CURVE('',#6094,#6096,#6098,.T.);
#6094 = VERTEX_POINT('',#6095);
#6095 = CARTESIAN_POINT('',(0.,0.,0.));
#6096 = VERTEX_POINT('',#6097);
#6097 = CARTESIAN_POINT('',(0.,0.,2.05E+03));
#6098 = SURFACE_CURVE('',#6099,(#6103,#6115),.PCURVE_S1.);
#6099 = LINE('',#6100,#6101);
#6100 = CARTESIAN_POINT('',(0.,0.,0.));
#6101 = VECTOR('',#6102,1.);
#6102 = DIRECTION('',(0.,0.,1.));
#6103 = PCURVE('',#6104,#6109);
#6104 = PLANE('',#6105);
#6105 = AXIS2_PLACEMENT_3D('',#6106,#6107,#6108);
#6106 = CARTESIAN_POINT('',(0.,0.,0.));
#6107 = DIRECTION('',(1.,0.,-0.));
#6108 = DIRECTION('',(0.,0.,1.));
#6109 = DEFINITIONAL_REPRESENTATION('',(#6110),#6114);
#6110 = LINE('',#6111,#6112);
#6111 = CARTESIAN_POINT('',(0.,0.));
#6112 = VECTOR('',#6113,1.);
#6113 = DIRECTION('',(1.,0.));
#6114 = ( GEOMETRIC_REPRESENTATION_CONTEXT(2) 
PARAMETRIC_REPRESENTATION_CONTEXT() REPRESENTATION_CONTEXT('2D SPACE',''
  ) );
#6115 = PCURVE('',#6116,#6121);
#6116 = PLANE('',#6117);
#6117 = AXIS2_PLACEMENT_3D('',#6118,#6119,#6120);
#6118 = CARTESIAN_POINT('',(0.,0.,0.));
#6119 = DIRECTION('',(-0.,1.,0.));
#6120 = DIRECTION('',(0.,0.,1.));
#6121 = DEFINITIONAL_REPRESENTATION('',(#6122),#6126);
#6122 = LINE('',#6123,#6124);
#6123 = CARTESIAN_POINT('',(0.,0.));
#6124 = VECTOR('',#6125,1.);
#6125 = DIRECTION('',(1.,0.));
#6126 = ( GEOMETRIC_REPRESENTATION_CONTEXT(2) 
PARAMETRIC_REPRESENTATION_CONTEXT() REPRESENTATION_CONTEXT('2D SPACE',''
  ) );
#6127 = ORIENTED_EDGE('',*,*,#6128,.T.);
#6128 = EDGE_CURVE('',#6094,#6129,#6131,.T.);
#6129 = VERTEX_POINT('',#6130);
#6130 = CARTESIAN_POINT('',(0.,50.,0.));
#6131 = SURFACE_CURVE('',#6132,(#6136,#6143),.PCURVE_S1.);
#6132 = LINE('',#6133,#6134);
#6133 = CARTESIAN_POINT('',(0.,0.,0.));
#6134 = VECTOR('',#6135,1.);
#6135 = DIRECTION('',(-0.,1.,0.));
#6136 = PCURVE('',#6104,#6137);
#6137 = DEFINITIONAL_REPRESENTATION('',(#6138),#6142);
#6138 = LINE('',#6139,#6140);
#6139 = CARTESIAN_POINT('',(0.,0.));
#6140 = VECTOR('',#6141,1.);
#6141 = DIRECTION('',(0.,-1.));
#6142 = ( GEOMETRIC_REPRESENTATION_CONTEXT(2) 
PARAMETRIC_REPRESENTATION_CONTEXT() REPRESENTATION_CONTEXT('2D SPACE',''
  ) );
#6143 = PCURVE('',#6144,#6149);
#6144 = PLANE('',#6145);
#6145 = AXIS2_PLACEMENT_3D('',#6146,#6147,#6148);
#6146 = CARTESIAN_POINT('',(0.,0.,0.));
#6147 = DIRECTION('',(0.,0.,1.));
#6148 = DIRECTION('',(1.,0.,-0.));
#6149 = DEFINITIONAL_REPRESENTATION('',(#6150),#6154);
#6150 = LINE('',#6151,#6152);
#6151 = CARTESIAN_POINT('',(0.,0.));
#6152 = VECTOR('',#6153,1.);
#6153 = DIRECTION('',(0.,1.));
#6154 = ( GEOMETRIC_REPRESENTATION_CONTEXT(2) 
PARAMETRIC_REPRESENTATION_CONTEXT() REPRESENTATION_CONTEXT('2D SPACE',''
  ) );
#6155 = ORIENTED_EDGE('',*,*,#6156,.T.);
#6156 = EDGE_CURVE('',#6129,#6157,#6159,.T.);
#6157 = VERTEX_POINT('',#6158);
#6158 = CARTESIAN_POINT('',(0.,50.,2.05E+03));
#6159 = SURFACE_CURVE('',#6160,(#6164,#6171),.PCURVE_S1.);
#6160 = LINE('',#6161,#6162);
#6161 = CARTESIAN_POINT('',(0.,50.,0.));
#6162 = VECTOR('',#6163,1.);
#6163 = DIRECTION('',(0.,0.,1.));
#6164 = PCURVE('',#6104,#6165);
#6165 = DEFINITIONAL_REPRESENTATION('',(#6166),#6170);
#6166 = LINE('',#6167,#6168);
#6167 = CARTESIAN_POINT('',(0.,-50.));
#6168 = VECTOR('',#6169,1.);
#6169 = DIRECTION('',(1.,0.));
#6170 = ( GEOMETRIC_REPRESENTATION_CONTEXT(2) 
PARAMETRIC_REPRESENTATION_CONTEXT() REPRESENTATION_CONTEXT('2D SPACE',''
  ) );
#6171 = PCURVE('',#6172,#6177);
#6172 = PLANE('',#6173);
#6173 = AXIS2_PLACEMENT_3D('',#6174,#6175,#6176);
#6174 = CARTESIAN_POINT('',(0.,50.,0.));
#6175 = DIRECTION('',(-0.,1.,0.));
#6176 = DIRECTION('',(0.,0.,1.));
#6177 = DEFINITIONAL_REPRESENTATION('',(#6178),#6182);
#6178 = LINE('',#6179,#6180);
#6179 = CARTESIAN_POINT('',(0.,0.));
#6180 = VECTOR('',#6181,1.);
#6181 = DIRECTION('',(1.,0.));
#6182 = ( GEOMETRIC_REPRESENTATION_CONTEXT(2) 
PARAMETRIC_REPRESENTATION_CONTEXT() REPRESENTATION_CONTEXT('2D SPACE',''
  ) );
#6183 = ORIENTED_EDGE('',*,*,#6184,.F.);
#6184 = EDGE_CURVE('',#6096,#6157,#6185,.T.);
#6185 = SURFACE_CURVE('',#6186,(#6190,#6197),.PCURVE_S1.);
#6186 = LINE('',#6187,#6188);
#6187 = CARTESIAN_POINT('',(0.,0.,2.05E+03));
#6188 = VECTOR('',#6189,1.);
#6189 = DIRECTION('',(-0.,1.,0.));
#6190 = PCURVE('',#6104,#6191);
#6191 = DEFINITIONAL_REPRESENTATION('',(#6192),#6196);
#6192 = LINE('',#6193,#6194);
#6193 = CARTESIAN_POINT('',(2.05E+03,0.));
#6194 = VECTOR('',#6195,1.);
#6195 = DIRECTION('',(0.,-1.));
#6196 = ( GEOMETRIC_REPRESENTATION_CONTEXT(2) 
PARAMETRIC_REPRESENTATION_CONTEXT() REPRESENTATION_CONTEXT('2D SPACE',''
  ) );
#6197 = PCURVE('',#6198,#6203);
#6198 = PLANE('',#6199);
#6199 = AXIS2_PLACEMENT_3D('',#6200,#6201,#6202);
#6200 = CARTESIAN_POINT('',(0.,0.,2.05E+03));
#6201 = DIRECTION('',(0.,0.,1.));
#6202 = DIRECTION('',(1.,0.,-0.));
#6203 = DEFINITIONAL_REPRESENTATION('',(#6204),#6208);
#6204 = LINE('',#6205,#6206);
#6205 = CARTESIAN_POINT('',(0.,0.));
#6206 = VECTOR('',#6207,1.);
#6207 = DIRECTION('',(0.,1.));
#6208 = ( GEOMETRIC_REPRESENTATION_CONTEXT(2) 
PARAMETRIC_REPRESENTATION_CONTEXT() REPRESENTATION_CONTEXT('2D SPACE',''
  ) );
#6209 = ADVANCED_FACE('',(#6210),#6224,.T.);
#6210 = FACE_BOUND('',#6211,.T.);
#6211 = EDGE_LOOP('',(#6212,#6242,#6265,#6288));
#6212 = ORIENTED_EDGE('',*,*,#6213,.F.);
#6213 = EDGE_CURVE('',#6214,#6216,#6218,.T.);
#6214 = VERTEX_POINT('',#6215);
#6215 = CARTESIAN_POINT('',(25.,0.,0.));
#6216 = VERTEX_POINT('',#6217);
#6217 = CARTESIAN_POINT('',(25.,0.,2.05E+03));
#6218 = SURFACE_CURVE('',#6219,(#6223,#6235),.PCURVE_S1.);
#6219 = LINE('',#6220,#6221);
#6220 = CARTESIAN_POINT('',(25.,0.,0.));
#6221 = VECTOR('',#6222,1.);
#6222 = DIRECTION('',(0.,0.,1.));
#6223 = PCURVE('',#6224,#6229);
#6224 = PLANE('',#6225);
#6225 = AXIS2_PLACEMENT_3D('',#6226,#6227,#6228);
#6226 = CARTESIAN_POINT('',(25.,0.,0.));
#6227 = DIRECTION('',(1.,0.,-0.));
#6228 = DIRECTION('',(0.,0.,1.));
#6229 = DEFINITIONAL_REPRESENTATION('',(#6230),#6234);
#6230 = LINE('',#6231,#6232);
#6231 = CARTESIAN_POINT('',(0.,0.));
#6232 = VECTOR('',#6233,1.);
#6233 = DIRECTION('',(1.,0.));
#6234 = ( GEOMETRIC_REPRESENTATION_CONTEXT(2) 
PARAMETRIC_REPRESENTATION_CONTEXT() REPRESENTATION_CONTEXT('2D SPACE',''
  ) );
#6235 = PCURVE('',#6116,#6236);
#6236 = DEFINITIONAL_REPRESENTATION('',(#6237),#6241);
#6237 = LINE('',#6238,#6239);
#6238 = CARTESIAN_POINT('',(0.,25.));
#6239 = VECTOR('',#6240,1.);
#6240 = DIRECTION('',(1.,0.));
#6241 = ( GEOMETRIC_REPRESENTATION_CONTEXT(2) 
PARAMETRIC_REPRESENTATION_CONTEXT() REPRESENTATION_CONTEXT('2D SPACE',''
  ) );
#6242 = ORIENTED_EDGE('',*,*,#6243,.T.);
#6243 = EDGE_CURVE('',#6214,#6244,#6246,.T.);
#6244 = VERTEX_POINT('',#6245);
#6245 = CARTESIAN_POINT('',(25.,50.,0.));
#6246 = SURFACE_CURVE('',#6247,(#6251,#6258),.PCURVE_S1.);
#6247 = LINE('',#6248,#6249);
#6248 = CARTESIAN_POINT('',(25.,0.,0.));
#6249 = VECTOR('',#6250,1.);
#6250 = DIRECTION('',(-0.,1.,0.));
#6251 = PCURVE('',#6224,#6252);
#6252 = DEFINITIONAL_REPRESENTATION('',(#6253),#6257);
#6253 = LINE('',#6254,#6255);
#6254 = CARTESIAN_POINT('',(0.,0.));
#6255 = VECTOR('',#6256,1.);
#6256 = DIRECTION('',(0.,-1.));
#6257 = ( GEOMETRIC_REPRESENTATION_CONTEXT(2) 
PARAMETRIC_REPRESENTATION_CONTEXT() REPRESENTATION_CONTEXT('2D SPACE',''
  ) );
#6258 = PCURVE('',#6144,#6259);
#6259 = DEFINITIONAL_REPRESENTATION('',(#6260),#6264);
#6260 = LINE('',#6261,#6262);
#6261 = CARTESIAN_POINT('',(25.,0.));
#6262 = VECTOR('',#6263,1.);
#6263 = DIRECTION('',(0.,1.));
#6264 = ( GEOMETRIC_REPRESENTATION_CONTEXT(2) 
PARAMETRIC_REPRESENTATION_CONTEXT() REPRESENTATION_CONTEXT('2D SPACE',''
  ) );
#6265 = ORIENTED_EDGE('',*,*,#6266,.T.);
#6266 = EDGE_CURVE('',#6244,#6267,#6269,.T.);
#6267 = VERTEX_POINT('',#6268);
#6268 = CARTESIAN_POINT('',(25.,50.,2.05E+03));
#6269 = SURFACE_CURVE('',#6270,(#6274,#6281),.PCURVE_S1.);
#6270 = LINE('',#6271,#6272);
#6271 = CARTESIAN_POINT('',(25.,50.,0.));
#6272 = VECTOR('',#6273,1.);
#6273 = DIRECTION('',(0.,0.,1.));
#6274 = PCURVE('',#6224,#6275);
#6275 = DEFINITIONAL_REPRESENTATION('',(#6276),#6280);
#6276 = LINE('',#6277,#6278);
#6277 = CARTESIAN_POINT('',(0.,-50.));
#6278 = VECTOR('',#6279,1.);
#6279 = DIRECTION('',(1.,0.));
#6280 = ( GEOMETRIC_REPRESENTATION_CONTEXT(2) 
PARAMETRIC_REPRESENTATION_CONTEXT() REPRESENTATION_CONTEXT('2D SPACE',''
  ) );
#6281 = PCURVE('',#6172,#6282);
#6282 = DEFINITIONAL_REPRESENTATION('',(#6283),#6287);
#6283 = LINE('',#6284,#6285);
#6284 = CARTESIAN_POINT('',(0.,25.));
#6285 = VECTOR('',#6286,1.);
#6286 = DIRECTION('',(1.,0.));
#6287 = ( GEOMETRIC_REPRESENTATION_CONTEXT(2) 
PARAMETRIC_REPRESENTATION_CONTEXT() REPRESENTATION_CONTEXT('2D SPACE',''
  ) );
#6288 = ORIENTED_EDGE('',*,*,#6289,.F.);
#6289 = EDGE_CURVE('',#6216,#6267,#6290,.T.);
#6290 = SURFACE_CURVE('',#6291,(#6295,#6302),.PCURVE_S1.);
#6291 = LINE('',#6292,#6293);
#6292 = CARTESIAN_POINT('',(25.,0.,2.05E+03));
#6293 = VECTOR('',#6294,1.);
#6294 = DIRECTION('',(-0.,1.,0.));
#6295 = PCURVE('',#6224,#6296);
#6296 = DEFINITIONAL_REPRESENTATION('',(#6297),#6301);
#6297 = LINE('',#6298,#6299);
#6298 = CARTESIAN_POINT('',(2.05E+03,0.));
#6299 = VECTOR('',#6300,1.);
#6300 = DIRECTION('',(0.,-1.));
#6301 = ( GEOMETRIC_REPRESENTATION_CONTEXT(2) 
PARAMETRIC_REPRESENTATION_CONTEXT() REPRESENTATION_CONTEXT('2D SPACE',''
  ) );
#6302 = PCURVE('',#6198,#6303);
#6303 = DEFINITIONAL_REPRESENTATION('',(#6304),#6308);
#6304 = LINE('',#6305,#6306);
#6305 = CARTESIAN_POINT('',(25.,0.));
#6306 = VECTOR('',#6307,1.);
#6307 = DIRECTION('',(0.,1.));
#6308 = ( GEOMETRIC_REPRESENTATION_CONTEXT(2) 
PARAMETRIC_REPRESENTATION_CONTEXT() REPRESENTATION_CONTEXT('2D SPACE',''
  ) );
#6309 = ADVANCED_FACE('',(#6310),#6116,.F.);
#6310 = FACE_BOUND('',#6311,.F.);
#6311 = EDGE_LOOP('',(#6312,#6333,#6334,#6355));
#6312 = ORIENTED_EDGE('',*,*,#6313,.F.);
#6313 = EDGE_CURVE('',#6094,#6214,#6314,.T.);
#6314 = SURFACE_CURVE('',#6315,(#6319,#6326),.PCURVE_S1.);
#6315 = LINE('',#6316,#6317);
#6316 = CARTESIAN_POINT('',(0.,0.,0.));
#6317 = VECTOR('',#6318,1.);
#6318 = DIRECTION('',(1.,0.,-0.));
#6319 = PCURVE('',#6116,#6320);
#6320 = DEFINITIONAL_REPRESENTATION('',(#6321),#6325);
#6321 = LINE('',#6322,#6323);
#6322 = CARTESIAN_POINT('',(0.,0.));
#6323 = VECTOR('',#6324,1.);
#6324 = DIRECTION('',(0.,1.));
#6325 = ( GEOMETRIC_REPRESENTATION_CONTEXT(2) 
PARAMETRIC_REPRESENTATION_CONTEXT() REPRESENTATION_CONTEXT('2D SPACE',''
  ) );
#6326 = PCURVE('',#6144,#6327);
#6327 = DEFINITIONAL_REPRESENTATION('',(#6328),#6332);
#6328 = LINE('',#6329,#6330);
#6329 = CARTESIAN_POINT('',(0.,0.));
#6330 = VECTOR('',#6331,1.);
#6331 = DIRECTION('',(1.,0.));
#6332 = ( GEOMETRIC_REPRESENTATION_CONTEXT(2) 
PARAMETRIC_REPRESENTATION_CONTEXT() REPRESENTATION_CONTEXT('2D SPACE',''
  ) );
#6333 = ORIENTED_EDGE('',*,*,#6093,.T.);
#6334 = ORIENTED_EDGE('',*,*,#6335,.T.);
#6335 = EDGE_CURVE('',#6096,#6216,#6336,.T.);
#6336 = SURFACE_CURVE('',#6337,(#6341,#6348),.PCURVE_S1.);
#6337 = LINE('',#6338,#6339);
#6338 = CARTESIAN_POINT('',(0.,0.,2.05E+03));
#6339 = VECTOR('',#6340,1.);
#6340 = DIRECTION('',(1.,0.,-0.));
#6341 = PCURVE('',#6116,#6342);
#6342 = DEFINITIONAL_REPRESENTATION('',(#6343),#6347);
#6343 = LINE('',#6344,#6345);
#6344 = CARTESIAN_POINT('',(2.05E+03,0.));
#6345 = VECTOR('',#6346,1.);
#6346 = DIRECTION('',(0.,1.));
#6347 = ( GEOMETRIC_REPRESENTATION_CONTEXT(2) 
PARAMETRIC_REPRESENTATION_CONTEXT() REPRESENTATION_CONTEXT('2D SPACE',''
  ) );
#6348 = PCURVE('',#6198,#6349);
#6349 = DEFINITIONAL_REPRESENTATION('',(#6350),#6354);
#6350 = LINE('',#6351,#6352);
#6351 = CARTESIAN_POINT('',(0.,0.));
#6352 = VECTOR('',#6353,1.);
#6353 = DIRECTION('',(1.,0.));
#6354 = ( GEOMETRIC_REPRESENTATION_CONTEXT(2) 
PARAMETRIC_REPRESENTATION_CONTEXT() REPRESENTATION_CONTEXT('2D SPACE',''
  ) );
#6355 = ORIENTED_EDGE('',*,*,#6213,.F.);
#6356 = ADVANCED_FACE('',(#6357),#6172,.T.);
#6357 = FACE_BOUND('',#6358,.T.);
#6358 = EDGE_LOOP('',(#6359,#6380,#6381,#6402));
#6359 = ORIENTED_EDGE('',*,*,#6360,.F.);
#6360 = EDGE_CURVE('',#6129,#6244,#6361,.T.);
#6361 = SURFACE_CURVE('',#6362,(#6366,#6373),.PCURVE_S1.);
#6362 = LINE('',#6363,#6364);
#6363 = CARTESIAN_POINT('',(0.,50.,0.));
#6364 = VECTOR('',#6365,1.);
#6365 = DIRECTION('',(1.,0.,-0.));
#6366 = PCURVE('',#6172,#6367);
#6367 = DEFINITIONAL_REPRESENTATION('',(#6368),#6372);
#6368 = LINE('',#6369,#6370);
#6369 = CARTESIAN_POINT('',(0.,0.));
#6370 = VECTOR('',#6371,1.);
#6371 = DIRECTION('',(0.,1.));
#6372 = ( GEOMETRIC_REPRESENTATION_CONTEXT(2) 
PARAMETRIC_REPRESENTATION_CONTEXT() REPRESENTATION_CONTEXT('2D SPACE',''
  ) );
#6373 = PCURVE('',#6144,#6374);
#6374 = DEFINITIONAL_REPRESENTATION('',(#6375),#6379);
#6375 = LINE('',#6376,#6377);
#6376 = CARTESIAN_POINT('',(0.,50.));
#6377 = VECTOR('',#6378,1.);
#6378 = DIRECTION('',(1.,0.));
#6379 = ( GEOMETRIC_REPRESENTATION_CONTEXT(2) 
PARAMETRIC_REPRESENTATION_CONTEXT() REPRESENTATION_CONTEXT('2D SPACE',''
  ) );
#6380 = ORIENTED_EDGE('',*,*,#6156,.T.);
#6381 = ORIENTED_EDGE('',*,*,#6382,.T.);
#6382 = EDGE_CURVE('',#6157,#6267,#6383,.T.);
#6383 = SURFACE_CURVE('',#6384,(#6388,#6395),.PCURVE_S1.);
#6384 = LINE('',#6385,#6386);
#6385 = CARTESIAN_POINT('',(0.,50.,2.05E+03));
#6386 = VECTOR('',#6387,1.);
#6387 = DIRECTION('',(1.,0.,-0.));
#6388 = PCURVE('',#6172,#6389);
#6389 = DEFINITIONAL_REPRESENTATION('',(#6390),#6394);
#6390 = LINE('',#6391,#6392);
#6391 = CARTESIAN_POINT('',(2.05E+03,0.));
#6392 = VECTOR('',#6393,1.);
#6393 = DIRECTION('',(0.,1.));
#6394 = ( GEOMETRIC_REPRESENTATION_CONTEXT(2) 
PARAMETRIC_REPRESENTATION_CONTEXT() REPRESENTATION_CONTEXT('2D SPACE',''
  ) );
#6395 = PCURVE('',#6198,#6396);
#6396 = DEFINITIONAL_REPRESENTATION('',(#6397),#6401);
#6397 = LINE('',#6398,#6399);
#6398 = CARTESIAN_POINT('',(0.,50.));
#6399 = VECTOR('',#6400,1.);
#6400 = DIRECTION('',(1.,0.));
#6401 = ( GEOMETRIC_REPRESENTATION_CONTEXT(2) 
PARAMETRIC_REPRESENTATION_CONTEXT() REPRESENTATION_CONTEXT('2D SPACE',''
  ) );
#6402 = ORIENTED_EDGE('',*,*,#6266,.F.);
#6403 = ADVANCED_FACE('',(#6404),#6144,.F.);
#6404 = FACE_BOUND('',#6405,.F.);
#6405 = EDGE_LOOP('',(#6406,#6407,#6408,#6409));
#6406 = ORIENTED_EDGE('',*,*,#6128,.F.);
#6407 = ORIENTED_EDGE('',*,*,#6313,.T.);
#6408 = ORIENTED_EDGE('',*,*,#6243,.T.);
#6409 = ORIENTED_EDGE('',*,*,#6360,.F.);
#6410 = ADVANCED_FACE('',(#6411),#6198,.T.);
#6411 = FACE_BOUND('',#6412,.T.);
#6412 = EDGE_LOOP('',(#6413,#6414,#6415,#6416));
#6413 = ORIENTED_EDGE('',*,*,#6184,.F.);
#6414 = ORIENTED_EDGE('',*,*,#6335,.T.);
#6415 = ORIENTED_EDGE('',*,*,#6289,.T.);
#6416 = ORIENTED_EDGE('',*,*,#6382,.F.);
#6417 = ( GEOMETRIC_REPRESENTATION_CONTEXT(3) 
GLOBAL_UNCERTAINTY_ASSIGNED_CONTEXT((#6421)) 
GLOBAL_UNIT_ASSIGNED_CONTEXT((#6418,#6419,#6420)) REPRESENTATION_CONTEXT
('Context #1','3D Context with UNIT and UNCERTAINTY') );
#6418 = ( LENGTH_UNIT() NAMED_UNIT(*) SI_UNIT(.MILLI.,.METRE.) );
#6419 = ( NAMED_UNIT(*) PLANE_ANGLE_UNIT() SI_UNIT($,.RADIAN.) );
#6420 = ( NAMED_UNIT(*) SI_UNIT($,.STERADIAN.) SOLID_ANGLE_UNIT() );
#6421 = UNCERTAINTY_MEASURE_WITH_UNIT(LENGTH_MEASURE(1.E-07),#6418,
  'distance_accuracy_value','confusion accuracy');
#6422 = CONTEXT_DEPENDENT_SHAPE_REPRESENTATION(#6423,#6425);
#6423 = ( REPRESENTATION_RELATIONSHIP('','',#6086,#10) 
REPRESENTATION_RELATIONSHIP_WITH_TRANSFORMATION(#6424) 
SHAPE_REPRESENTATION_RELATIONSHIP() );
#6424 = ITEM_DEFINED_TRANSFORMATION('','',#11,#55);
#6425 = PRODUCT_DEFINITION_SHAPE('Placement','Placement of an item',
  #6426);
#6426 = NEXT_ASSEMBLY_USAGE_OCCURRENCE('878',
  '\X2\04410442043E0439043A0430\X0\_\X2\04340432043504400438\X0\_25\X2\0445\X0\50\X2\0445\X0\2050','',#5
  ,#6081,$);
#6427 = PRODUCT_RELATED_PRODUCT_CATEGORY('part',$,(#6083));
#6428 = SHAPE_DEFINITION_REPRESENTATION(#6429,#6435);
#6429 = PRODUCT_DEFINITION_SHAPE('','',#6430);
#6430 = PRODUCT_DEFINITION('design','',#6431,#6434);
#6431 = PRODUCT_DEFINITION_FORMATION('','',#6432);
#6432 = PRODUCT('\X2\043F043504400435043C044B0447043A0430\X0\_25\X2\0445\X0\50\X2\0445\X0\947',
  '\X2\043F043504400435043C044B0447043A0430\X0\_25\X2\0445\X0\50\X2\0445\X0\947','',(#6433));
#6433 = PRODUCT_CONTEXT('',#2,'mechanical');
#6434 = PRODUCT_DEFINITION_CONTEXT('part definition',#2,'design');
#6435 = ADVANCED_BREP_SHAPE_REPRESENTATION('',(#11,#6436),#6766);
#6436 = MANIFOLD_SOLID_BREP('',#6437);
#6437 = CLOSED_SHELL('',(#6438,#6558,#6658,#6705,#6752,#6759));
#6438 = ADVANCED_FACE('',(#6439),#6453,.F.);
#6439 = FACE_BOUND('',#6440,.F.);
#6440 = EDGE_LOOP('',(#6441,#6476,#6504,#6532));
#6441 = ORIENTED_EDGE('',*,*,#6442,.F.);
#6442 = EDGE_CURVE('',#6443,#6445,#6447,.T.);
#6443 = VERTEX_POINT('',#6444);
#6444 = CARTESIAN_POINT('',(0.,0.,0.));
#6445 = VERTEX_POINT('',#6446);
#6446 = CARTESIAN_POINT('',(0.,0.,25.));
#6447 = SURFACE_CURVE('',#6448,(#6452,#6464),.PCURVE_S1.);
#6448 = LINE('',#6449,#6450);
#6449 = CARTESIAN_POINT('',(0.,0.,0.));
#6450 = VECTOR('',#6451,1.);
#6451 = DIRECTION('',(0.,0.,1.));
#6452 = PCURVE('',#6453,#6458);
#6453 = PLANE('',#6454);
#6454 = AXIS2_PLACEMENT_3D('',#6455,#6456,#6457);
#6455 = CARTESIAN_POINT('',(0.,0.,0.));
#6456 = DIRECTION('',(1.,0.,-0.));
#6457 = DIRECTION('',(0.,0.,1.));
#6458 = DEFINITIONAL_REPRESENTATION('',(#6459),#6463);
#6459 = LINE('',#6460,#6461);
#6460 = CARTESIAN_POINT('',(0.,0.));
#6461 = VECTOR('',#6462,1.);
#6462 = DIRECTION('',(1.,0.));
#6463 = ( GEOMETRIC_REPRESENTATION_CONTEXT(2) 
PARAMETRIC_REPRESENTATION_CONTEXT() REPRESENTATION_CONTEXT('2D SPACE',''
  ) );
#6464 = PCURVE('',#6465,#6470);
#6465 = PLANE('',#6466);
#6466 = AXIS2_PLACEMENT_3D('',#6467,#6468,#6469);
#6467 = CARTESIAN_POINT('',(0.,0.,0.));
#6468 = DIRECTION('',(-0.,1.,0.));
#6469 = DIRECTION('',(0.,0.,1.));
#6470 = DEFINITIONAL_REPRESENTATION('',(#6471),#6475);
#6471 = LINE('',#6472,#6473);
#6472 = CARTESIAN_POINT('',(0.,0.));
#6473 = VECTOR('',#6474,1.);
#6474 = DIRECTION('',(1.,0.));
#6475 = ( GEOMETRIC_REPRESENTATION_CONTEXT(2) 
PARAMETRIC_REPRESENTATION_CONTEXT() REPRESENTATION_CONTEXT('2D SPACE',''
  ) );
#6476 = ORIENTED_EDGE('',*,*,#6477,.T.);
#6477 = EDGE_CURVE('',#6443,#6478,#6480,.T.);
#6478 = VERTEX_POINT('',#6479);
#6479 = CARTESIAN_POINT('',(0.,50.,0.));
#6480 = SURFACE_CURVE('',#6481,(#6485,#6492),.PCURVE_S1.);
#6481 = LINE('',#6482,#6483);
#6482 = CARTESIAN_POINT('',(0.,0.,0.));
#6483 = VECTOR('',#6484,1.);
#6484 = DIRECTION('',(-0.,1.,0.));
#6485 = PCURVE('',#6453,#6486);
#6486 = DEFINITIONAL_REPRESENTATION('',(#6487),#6491);
#6487 = LINE('',#6488,#6489);
#6488 = CARTESIAN_POINT('',(0.,0.));
#6489 = VECTOR('',#6490,1.);
#6490 = DIRECTION('',(0.,-1.));
#6491 = ( GEOMETRIC_REPRESENTATION_CONTEXT(2) 
PARAMETRIC_REPRESENTATION_CONTEXT() REPRESENTATION_CONTEXT('2D SPACE',''
  ) );
#6492 = PCURVE('',#6493,#6498);
#6493 = PLANE('',#6494);
#6494 = AXIS2_PLACEMENT_3D('',#6495,#6496,#6497);
#6495 = CARTESIAN_POINT('',(0.,0.,0.));
#6496 = DIRECTION('',(0.,0.,1.));
#6497 = DIRECTION('',(1.,0.,-0.));
#6498 = DEFINITIONAL_REPRESENTATION('',(#6499),#6503);
#6499 = LINE('',#6500,#6501);
#6500 = CARTESIAN_POINT('',(0.,0.));
#6501 = VECTOR('',#6502,1.);
#6502 = DIRECTION('',(0.,1.));
#6503 = ( GEOMETRIC_REPRESENTATION_CONTEXT(2) 
PARAMETRIC_REPRESENTATION_CONTEXT() REPRESENTATION_CONTEXT('2D SPACE',''
  ) );
#6504 = ORIENTED_EDGE('',*,*,#6505,.T.);
#6505 = EDGE_CURVE('',#6478,#6506,#6508,.T.);
#6506 = VERTEX_POINT('',#6507);
#6507 = CARTESIAN_POINT('',(0.,50.,25.));
#6508 = SURFACE_CURVE('',#6509,(#6513,#6520),.PCURVE_S1.);
#6509 = LINE('',#6510,#6511);
#6510 = CARTESIAN_POINT('',(0.,50.,0.));
#6511 = VECTOR('',#6512,1.);
#6512 = DIRECTION('',(0.,0.,1.));
#6513 = PCURVE('',#6453,#6514);
#6514 = DEFINITIONAL_REPRESENTATION('',(#6515),#6519);
#6515 = LINE('',#6516,#6517);
#6516 = CARTESIAN_POINT('',(0.,-50.));
#6517 = VECTOR('',#6518,1.);
#6518 = DIRECTION('',(1.,0.));
#6519 = ( GEOMETRIC_REPRESENTATION_CONTEXT(2) 
PARAMETRIC_REPRESENTATION_CONTEXT() REPRESENTATION_CONTEXT('2D SPACE',''
  ) );
#6520 = PCURVE('',#6521,#6526);
#6521 = PLANE('',#6522);
#6522 = AXIS2_PLACEMENT_3D('',#6523,#6524,#6525);
#6523 = CARTESIAN_POINT('',(0.,50.,0.));
#6524 = DIRECTION('',(-0.,1.,0.));
#6525 = DIRECTION('',(0.,0.,1.));
#6526 = DEFINITIONAL_REPRESENTATION('',(#6527),#6531);
#6527 = LINE('',#6528,#6529);
#6528 = CARTESIAN_POINT('',(0.,0.));
#6529 = VECTOR('',#6530,1.);
#6530 = DIRECTION('',(1.,0.));
#6531 = ( GEOMETRIC_REPRESENTATION_CONTEXT(2) 
PARAMETRIC_REPRESENTATION_CONTEXT() REPRESENTATION_CONTEXT('2D SPACE',''
  ) );
#6532 = ORIENTED_EDGE('',*,*,#6533,.F.);
#6533 = EDGE_CURVE('',#6445,#6506,#6534,.T.);
#6534 = SURFACE_CURVE('',#6535,(#6539,#6546),.PCURVE_S1.);
#6535 = LINE('',#6536,#6537);
#6536 = CARTESIAN_POINT('',(0.,0.,25.));
#6537 = VECTOR('',#6538,1.);
#6538 = DIRECTION('',(-0.,1.,0.));
#6539 = PCURVE('',#6453,#6540);
#6540 = DEFINITIONAL_REPRESENTATION('',(#6541),#6545);
#6541 = LINE('',#6542,#6543);
#6542 = CARTESIAN_POINT('',(25.,0.));
#6543 = VECTOR('',#6544,1.);
#6544 = DIRECTION('',(0.,-1.));
#6545 = ( GEOMETRIC_REPRESENTATION_CONTEXT(2) 
PARAMETRIC_REPRESENTATION_CONTEXT() REPRESENTATION_CONTEXT('2D SPACE',''
  ) );
#6546 = PCURVE('',#6547,#6552);
#6547 = PLANE('',#6548);
#6548 = AXIS2_PLACEMENT_3D('',#6549,#6550,#6551);
#6549 = CARTESIAN_POINT('',(0.,0.,25.));
#6550 = DIRECTION('',(0.,0.,1.));
#6551 = DIRECTION('',(1.,0.,-0.));
#6552 = DEFINITIONAL_REPRESENTATION('',(#6553),#6557);
#6553 = LINE('',#6554,#6555);
#6554 = CARTESIAN_POINT('',(0.,0.));
#6555 = VECTOR('',#6556,1.);
#6556 = DIRECTION('',(0.,1.));
#6557 = ( GEOMETRIC_REPRESENTATION_CONTEXT(2) 
PARAMETRIC_REPRESENTATION_CONTEXT() REPRESENTATION_CONTEXT('2D SPACE',''
  ) );
#6558 = ADVANCED_FACE('',(#6559),#6573,.T.);
#6559 = FACE_BOUND('',#6560,.T.);
#6560 = EDGE_LOOP('',(#6561,#6591,#6614,#6637));
#6561 = ORIENTED_EDGE('',*,*,#6562,.F.);
#6562 = EDGE_CURVE('',#6563,#6565,#6567,.T.);
#6563 = VERTEX_POINT('',#6564);
#6564 = CARTESIAN_POINT('',(947.,0.,0.));
#6565 = VERTEX_POINT('',#6566);
#6566 = CARTESIAN_POINT('',(947.,0.,25.));
#6567 = SURFACE_CURVE('',#6568,(#6572,#6584),.PCURVE_S1.);
#6568 = LINE('',#6569,#6570);
#6569 = CARTESIAN_POINT('',(947.,0.,0.));
#6570 = VECTOR('',#6571,1.);
#6571 = DIRECTION('',(0.,0.,1.));
#6572 = PCURVE('',#6573,#6578);
#6573 = PLANE('',#6574);
#6574 = AXIS2_PLACEMENT_3D('',#6575,#6576,#6577);
#6575 = CARTESIAN_POINT('',(947.,0.,0.));
#6576 = DIRECTION('',(1.,0.,-0.));
#6577 = DIRECTION('',(0.,0.,1.));
#6578 = DEFINITIONAL_REPRESENTATION('',(#6579),#6583);
#6579 = LINE('',#6580,#6581);
#6580 = CARTESIAN_POINT('',(0.,0.));
#6581 = VECTOR('',#6582,1.);
#6582 = DIRECTION('',(1.,0.));
#6583 = ( GEOMETRIC_REPRESENTATION_CONTEXT(2) 
PARAMETRIC_REPRESENTATION_CONTEXT() REPRESENTATION_CONTEXT('2D SPACE',''
  ) );
#6584 = PCURVE('',#6465,#6585);
#6585 = DEFINITIONAL_REPRESENTATION('',(#6586),#6590);
#6586 = LINE('',#6587,#6588);
#6587 = CARTESIAN_POINT('',(0.,947.));
#6588 = VECTOR('',#6589,1.);
#6589 = DIRECTION('',(1.,0.));
#6590 = ( GEOMETRIC_REPRESENTATION_CONTEXT(2) 
PARAMETRIC_REPRESENTATION_CONTEXT() REPRESENTATION_CONTEXT('2D SPACE',''
  ) );
#6591 = ORIENTED_EDGE('',*,*,#6592,.T.);
#6592 = EDGE_CURVE('',#6563,#6593,#6595,.T.);
#6593 = VERTEX_POINT('',#6594);
#6594 = CARTESIAN_POINT('',(947.,50.,0.));
#6595 = SURFACE_CURVE('',#6596,(#6600,#6607),.PCURVE_S1.);
#6596 = LINE('',#6597,#6598);
#6597 = CARTESIAN_POINT('',(947.,0.,0.));
#6598 = VECTOR('',#6599,1.);
#6599 = DIRECTION('',(-0.,1.,0.));
#6600 = PCURVE('',#6573,#6601);
#6601 = DEFINITIONAL_REPRESENTATION('',(#6602),#6606);
#6602 = LINE('',#6603,#6604);
#6603 = CARTESIAN_POINT('',(0.,0.));
#6604 = VECTOR('',#6605,1.);
#6605 = DIRECTION('',(0.,-1.));
#6606 = ( GEOMETRIC_REPRESENTATION_CONTEXT(2) 
PARAMETRIC_REPRESENTATION_CONTEXT() REPRESENTATION_CONTEXT('2D SPACE',''
  ) );
#6607 = PCURVE('',#6493,#6608);
#6608 = DEFINITIONAL_REPRESENTATION('',(#6609),#6613);
#6609 = LINE('',#6610,#6611);
#6610 = CARTESIAN_POINT('',(947.,0.));
#6611 = VECTOR('',#6612,1.);
#6612 = DIRECTION('',(0.,1.));
#6613 = ( GEOMETRIC_REPRESENTATION_CONTEXT(2) 
PARAMETRIC_REPRESENTATION_CONTEXT() REPRESENTATION_CONTEXT('2D SPACE',''
  ) );
#6614 = ORIENTED_EDGE('',*,*,#6615,.T.);
#6615 = EDGE_CURVE('',#6593,#6616,#6618,.T.);
#6616 = VERTEX_POINT('',#6617);
#6617 = CARTESIAN_POINT('',(947.,50.,25.));
#6618 = SURFACE_CURVE('',#6619,(#6623,#6630),.PCURVE_S1.);
#6619 = LINE('',#6620,#6621);
#6620 = CARTESIAN_POINT('',(947.,50.,0.));
#6621 = VECTOR('',#6622,1.);
#6622 = DIRECTION('',(0.,0.,1.));
#6623 = PCURVE('',#6573,#6624);
#6624 = DEFINITIONAL_REPRESENTATION('',(#6625),#6629);
#6625 = LINE('',#6626,#6627);
#6626 = CARTESIAN_POINT('',(0.,-50.));
#6627 = VECTOR('',#6628,1.);
#6628 = DIRECTION('',(1.,0.));
#6629 = ( GEOMETRIC_REPRESENTATION_CONTEXT(2) 
PARAMETRIC_REPRESENTATION_CONTEXT() REPRESENTATION_CONTEXT('2D SPACE',''
  ) );
#6630 = PCURVE('',#6521,#6631);
#6631 = DEFINITIONAL_REPRESENTATION('',(#6632),#6636);
#6632 = LINE('',#6633,#6634);
#6633 = CARTESIAN_POINT('',(0.,947.));
#6634 = VECTOR('',#6635,1.);
#6635 = DIRECTION('',(1.,0.));
#6636 = ( GEOMETRIC_REPRESENTATION_CONTEXT(2) 
PARAMETRIC_REPRESENTATION_CONTEXT() REPRESENTATION_CONTEXT('2D SPACE',''
  ) );
#6637 = ORIENTED_EDGE('',*,*,#6638,.F.);
#6638 = EDGE_CURVE('',#6565,#6616,#6639,.T.);
#6639 = SURFACE_CURVE('',#6640,(#6644,#6651),.PCURVE_S1.);
#6640 = LINE('',#6641,#6642);
#6641 = CARTESIAN_POINT('',(947.,0.,25.));
#6642 = VECTOR('',#6643,1.);
#6643 = DIRECTION('',(-0.,1.,0.));
#6644 = PCURVE('',#6573,#6645);
#6645 = DEFINITIONAL_REPRESENTATION('',(#6646),#6650);
#6646 = LINE('',#6647,#6648);
#6647 = CARTESIAN_POINT('',(25.,0.));
#6648 = VECTOR('',#6649,1.);
#6649 = DIRECTION('',(0.,-1.));
#6650 = ( GEOMETRIC_REPRESENTATION_CONTEXT(2) 
PARAMETRIC_REPRESENTATION_CONTEXT() REPRESENTATION_CONTEXT('2D SPACE',''
  ) );
#6651 = PCURVE('',#6547,#6652);
#6652 = DEFINITIONAL_REPRESENTATION('',(#6653),#6657);
#6653 = LINE('',#6654,#6655);
#6654 = CARTESIAN_POINT('',(947.,0.));
#6655 = VECTOR('',#6656,1.);
#6656 = DIRECTION('',(0.,1.));
#6657 = ( GEOMETRIC_REPRESENTATION_CONTEXT(2) 
PARAMETRIC_REPRESENTATION_CONTEXT() REPRESENTATION_CONTEXT('2D SPACE',''
  ) );
#6658 = ADVANCED_FACE('',(#6659),#6465,.F.);
#6659 = FACE_BOUND('',#6660,.F.);
#6660 = EDGE_LOOP('',(#6661,#6682,#6683,#6704));
#6661 = ORIENTED_EDGE('',*,*,#6662,.F.);
#6662 = EDGE_CURVE('',#6443,#6563,#6663,.T.);
#6663 = SURFACE_CURVE('',#6664,(#6668,#6675),.PCURVE_S1.);
#6664 = LINE('',#6665,#6666);
#6665 = CARTESIAN_POINT('',(0.,0.,0.));
#6666 = VECTOR('',#6667,1.);
#6667 = DIRECTION('',(1.,0.,-0.));
#6668 = PCURVE('',#6465,#6669);
#6669 = DEFINITIONAL_REPRESENTATION('',(#6670),#6674);
#6670 = LINE('',#6671,#6672);
#6671 = CARTESIAN_POINT('',(0.,0.));
#6672 = VECTOR('',#6673,1.);
#6673 = DIRECTION('',(0.,1.));
#6674 = ( GEOMETRIC_REPRESENTATION_CONTEXT(2) 
PARAMETRIC_REPRESENTATION_CONTEXT() REPRESENTATION_CONTEXT('2D SPACE',''
  ) );
#6675 = PCURVE('',#6493,#6676);
#6676 = DEFINITIONAL_REPRESENTATION('',(#6677),#6681);
#6677 = LINE('',#6678,#6679);
#6678 = CARTESIAN_POINT('',(0.,0.));
#6679 = VECTOR('',#6680,1.);
#6680 = DIRECTION('',(1.,0.));
#6681 = ( GEOMETRIC_REPRESENTATION_CONTEXT(2) 
PARAMETRIC_REPRESENTATION_CONTEXT() REPRESENTATION_CONTEXT('2D SPACE',''
  ) );
#6682 = ORIENTED_EDGE('',*,*,#6442,.T.);
#6683 = ORIENTED_EDGE('',*,*,#6684,.T.);
#6684 = EDGE_CURVE('',#6445,#6565,#6685,.T.);
#6685 = SURFACE_CURVE('',#6686,(#6690,#6697),.PCURVE_S1.);
#6686 = LINE('',#6687,#6688);
#6687 = CARTESIAN_POINT('',(0.,0.,25.));
#6688 = VECTOR('',#6689,1.);
#6689 = DIRECTION('',(1.,0.,-0.));
#6690 = PCURVE('',#6465,#6691);
#6691 = DEFINITIONAL_REPRESENTATION('',(#6692),#6696);
#6692 = LINE('',#6693,#6694);
#6693 = CARTESIAN_POINT('',(25.,0.));
#6694 = VECTOR('',#6695,1.);
#6695 = DIRECTION('',(0.,1.));
#6696 = ( GEOMETRIC_REPRESENTATION_CONTEXT(2) 
PARAMETRIC_REPRESENTATION_CONTEXT() REPRESENTATION_CONTEXT('2D SPACE',''
  ) );
#6697 = PCURVE('',#6547,#6698);
#6698 = DEFINITIONAL_REPRESENTATION('',(#6699),#6703);
#6699 = LINE('',#6700,#6701);
#6700 = CARTESIAN_POINT('',(0.,0.));
#6701 = VECTOR('',#6702,1.);
#6702 = DIRECTION('',(1.,0.));
#6703 = ( GEOMETRIC_REPRESENTATION_CONTEXT(2) 
PARAMETRIC_REPRESENTATION_CONTEXT() REPRESENTATION_CONTEXT('2D SPACE',''
  ) );
#6704 = ORIENTED_EDGE('',*,*,#6562,.F.);
#6705 = ADVANCED_FACE('',(#6706),#6521,.T.);
#6706 = FACE_BOUND('',#6707,.T.);
#6707 = EDGE_LOOP('',(#6708,#6729,#6730,#6751));
#6708 = ORIENTED_EDGE('',*,*,#6709,.F.);
#6709 = EDGE_CURVE('',#6478,#6593,#6710,.T.);
#6710 = SURFACE_CURVE('',#6711,(#6715,#6722),.PCURVE_S1.);
#6711 = LINE('',#6712,#6713);
#6712 = CARTESIAN_POINT('',(0.,50.,0.));
#6713 = VECTOR('',#6714,1.);
#6714 = DIRECTION('',(1.,0.,-0.));
#6715 = PCURVE('',#6521,#6716);
#6716 = DEFINITIONAL_REPRESENTATION('',(#6717),#6721);
#6717 = LINE('',#6718,#6719);
#6718 = CARTESIAN_POINT('',(0.,0.));
#6719 = VECTOR('',#6720,1.);
#6720 = DIRECTION('',(0.,1.));
#6721 = ( GEOMETRIC_REPRESENTATION_CONTEXT(2) 
PARAMETRIC_REPRESENTATION_CONTEXT() REPRESENTATION_CONTEXT('2D SPACE',''
  ) );
#6722 = PCURVE('',#6493,#6723);
#6723 = DEFINITIONAL_REPRESENTATION('',(#6724),#6728);
#6724 = LINE('',#6725,#6726);
#6725 = CARTESIAN_POINT('',(0.,50.));
#6726 = VECTOR('',#6727,1.);
#6727 = DIRECTION('',(1.,0.));
#6728 = ( GEOMETRIC_REPRESENTATION_CONTEXT(2) 
PARAMETRIC_REPRESENTATION_CONTEXT() REPRESENTATION_CONTEXT('2D SPACE',''
  ) );
#6729 = ORIENTED_EDGE('',*,*,#6505,.T.);
#6730 = ORIENTED_EDGE('',*,*,#6731,.T.);
#6731 = EDGE_CURVE('',#6506,#6616,#6732,.T.);
#6732 = SURFACE_CURVE('',#6733,(#6737,#6744),.PCURVE_S1.);
#6733 = LINE('',#6734,#6735);
#6734 = CARTESIAN_POINT('',(0.,50.,25.));
#6735 = VECTOR('',#6736,1.);
#6736 = DIRECTION('',(1.,0.,-0.));
#6737 = PCURVE('',#6521,#6738);
#6738 = DEFINITIONAL_REPRESENTATION('',(#6739),#6743);
#6739 = LINE('',#6740,#6741);
#6740 = CARTESIAN_POINT('',(25.,0.));
#6741 = VECTOR('',#6742,1.);
#6742 = DIRECTION('',(0.,1.));
#6743 = ( GEOMETRIC_REPRESENTATION_CONTEXT(2) 
PARAMETRIC_REPRESENTATION_CONTEXT() REPRESENTATION_CONTEXT('2D SPACE',''
  ) );
#6744 = PCURVE('',#6547,#6745);
#6745 = DEFINITIONAL_REPRESENTATION('',(#6746),#6750);
#6746 = LINE('',#6747,#6748);
#6747 = CARTESIAN_POINT('',(0.,50.));
#6748 = VECTOR('',#6749,1.);
#6749 = DIRECTION('',(1.,0.));
#6750 = ( GEOMETRIC_REPRESENTATION_CONTEXT(2) 
PARAMETRIC_REPRESENTATION_CONTEXT() REPRESENTATION_CONTEXT('2D SPACE',''
  ) );
#6751 = ORIENTED_EDGE('',*,*,#6615,.F.);
#6752 = ADVANCED_FACE('',(#6753),#6493,.F.);
#6753 = FACE_BOUND('',#6754,.F.);
#6754 = EDGE_LOOP('',(#6755,#6756,#6757,#6758));
#6755 = ORIENTED_EDGE('',*,*,#6477,.F.);
#6756 = ORIENTED_EDGE('',*,*,#6662,.T.);
#6757 = ORIENTED_EDGE('',*,*,#6592,.T.);
#6758 = ORIENTED_EDGE('',*,*,#6709,.F.);
#6759 = ADVANCED_FACE('',(#6760),#6547,.T.);
#6760 = FACE_BOUND('',#6761,.T.);
#6761 = EDGE_LOOP('',(#6762,#6763,#6764,#6765));
#6762 = ORIENTED_EDGE('',*,*,#6533,.F.);
#6763 = ORIENTED_EDGE('',*,*,#6684,.T.);
#6764 = ORIENTED_EDGE('',*,*,#6638,.T.);
#6765 = ORIENTED_EDGE('',*,*,#6731,.F.);
#6766 = ( GEOMETRIC_REPRESENTATION_CONTEXT(3) 
GLOBAL_UNCERTAINTY_ASSIGNED_CONTEXT((#6770)) 
GLOBAL_UNIT_ASSIGNED_CONTEXT((#6767,#6768,#6769)) REPRESENTATION_CONTEXT
('Context #1','3D Context with UNIT and UNCERTAINTY') );
#6767 = ( LENGTH_UNIT() NAMED_UNIT(*) SI_UNIT(.MILLI.,.METRE.) );
#6768 = ( NAMED_UNIT(*) PLANE_ANGLE_UNIT() SI_UNIT($,.RADIAN.) );
#6769 = ( NAMED_UNIT(*) SI_UNIT($,.STERADIAN.) SOLID_ANGLE_UNIT() );
#6770 = UNCERTAINTY_MEASURE_WITH_UNIT(LENGTH_MEASURE(1.E-07),#6767,
  'distance_accuracy_value','confusion accuracy');
#6771 = CONTEXT_DEPENDENT_SHAPE_REPRESENTATION(#6772,#6774);
#6772 = ( REPRESENTATION_RELATIONSHIP('','',#6435,#10) 
REPRESENTATION_RELATIONSHIP_WITH_TRANSFORMATION(#6773) 
SHAPE_REPRESENTATION_RELATIONSHIP() );
#6773 = ITEM_DEFINED_TRANSFORMATION('','',#11,#59);
#6774 = PRODUCT_DEFINITION_SHAPE('Placement','Placement of an item',
  #6775);
#6775 = NEXT_ASSEMBLY_USAGE_OCCURRENCE('879',
  '\X2\043F043504400435043C044B0447043A0430\X0\_25\X2\0445\X0\50\X2\0445\X0\947','',#5,#6430,$);
#6776 = PRODUCT_RELATED_PRODUCT_CATEGORY('part',$,(#6432));
#6777 = SHAPE_DEFINITION_REPRESENTATION(#6778,#6784);
#6778 = PRODUCT_DEFINITION_SHAPE('','',#6779);
#6779 = PRODUCT_DEFINITION('design','',#6780,#6783);
#6780 = PRODUCT_DEFINITION_FORMATION('','',#6781);
#6781 = PRODUCT(
'\X2\043F043E043B043E0442043D043E\X0\_\X2\04410442043E0439043A0430\X0\_25\X2\0445\X0\50\X2\0445\X0\2040'
  ,
'\X2\043F043E043B043E0442043D043E\X0\_\X2\04410442043E0439043A0430\X0\_25\X2\0445\X0\50\X2\0445\X0\2040'
  ,'',(#6782));
#6782 = PRODUCT_CONTEXT('',#2,'mechanical');
#6783 = PRODUCT_DEFINITION_CONTEXT('part definition',#2,'design');
#6784 = ADVANCED_BREP_SHAPE_REPRESENTATION('',(#11,#6785),#7115);
#6785 = MANIFOLD_SOLID_BREP('',#6786);
#6786 = CLOSED_SHELL('',(#6787,#6907,#7007,#7054,#7101,#7108));
#6787 = ADVANCED_FACE('',(#6788),#6802,.F.);
#6788 = FACE_BOUND('',#6789,.F.);
#6789 = EDGE_LOOP('',(#6790,#6825,#6853,#6881));
#6790 = ORIENTED_EDGE('',*,*,#6791,.F.);
#6791 = EDGE_CURVE('',#6792,#6794,#6796,.T.);
#6792 = VERTEX_POINT('',#6793);
#6793 = CARTESIAN_POINT('',(0.,0.,0.));
#6794 = VERTEX_POINT('',#6795);
#6795 = CARTESIAN_POINT('',(0.,0.,2.04E+03));
#6796 = SURFACE_CURVE('',#6797,(#6801,#6813),.PCURVE_S1.);
#6797 = LINE('',#6798,#6799);
#6798 = CARTESIAN_POINT('',(0.,0.,0.));
#6799 = VECTOR('',#6800,1.);
#6800 = DIRECTION('',(0.,0.,1.));
#6801 = PCURVE('',#6802,#6807);
#6802 = PLANE('',#6803);
#6803 = AXIS2_PLACEMENT_3D('',#6804,#6805,#6806);
#6804 = CARTESIAN_POINT('',(0.,0.,0.));
#6805 = DIRECTION('',(1.,0.,-0.));
#6806 = DIRECTION('',(0.,0.,1.));
#6807 = DEFINITIONAL_REPRESENTATION('',(#6808),#6812);
#6808 = LINE('',#6809,#6810);
#6809 = CARTESIAN_POINT('',(0.,0.));
#6810 = VECTOR('',#6811,1.);
#6811 = DIRECTION('',(1.,0.));
#6812 = ( GEOMETRIC_REPRESENTATION_CONTEXT(2) 
PARAMETRIC_REPRESENTATION_CONTEXT() REPRESENTATION_CONTEXT('2D SPACE',''
  ) );
#6813 = PCURVE('',#6814,#6819);
#6814 = PLANE('',#6815);
#6815 = AXIS2_PLACEMENT_3D('',#6816,#6817,#6818);
#6816 = CARTESIAN_POINT('',(0.,0.,0.));
#6817 = DIRECTION('',(-0.,1.,0.));
#6818 = DIRECTION('',(0.,0.,1.));
#6819 = DEFINITIONAL_REPRESENTATION('',(#6820),#6824);
#6820 = LINE('',#6821,#6822);
#6821 = CARTESIAN_POINT('',(0.,0.));
#6822 = VECTOR('',#6823,1.);
#6823 = DIRECTION('',(1.,0.));
#6824 = ( GEOMETRIC_REPRESENTATION_CONTEXT(2) 
PARAMETRIC_REPRESENTATION_CONTEXT() REPRESENTATION_CONTEXT('2D SPACE',''
  ) );
#6825 = ORIENTED_EDGE('',*,*,#6826,.T.);
#6826 = EDGE_CURVE('',#6792,#6827,#6829,.T.);
#6827 = VERTEX_POINT('',#6828);
#6828 = CARTESIAN_POINT('',(0.,25.,0.));
#6829 = SURFACE_CURVE('',#6830,(#6834,#6841),.PCURVE_S1.);
#6830 = LINE('',#6831,#6832);
#6831 = CARTESIAN_POINT('',(0.,0.,0.));
#6832 = VECTOR('',#6833,1.);
#6833 = DIRECTION('',(-0.,1.,0.));
#6834 = PCURVE('',#6802,#6835);
#6835 = DEFINITIONAL_REPRESENTATION('',(#6836),#6840);
#6836 = LINE('',#6837,#6838);
#6837 = CARTESIAN_POINT('',(0.,0.));
#6838 = VECTOR('',#6839,1.);
#6839 = DIRECTION('',(0.,-1.));
#6840 = ( GEOMETRIC_REPRESENTATION_CONTEXT(2) 
PARAMETRIC_REPRESENTATION_CONTEXT() REPRESENTATION_CONTEXT('2D SPACE',''
  ) );
#6841 = PCURVE('',#6842,#6847);
#6842 = PLANE('',#6843);
#6843 = AXIS2_PLACEMENT_3D('',#6844,#6845,#6846);
#6844 = CARTESIAN_POINT('',(0.,0.,0.));
#6845 = DIRECTION('',(0.,0.,1.));
#6846 = DIRECTION('',(1.,0.,-0.));
#6847 = DEFINITIONAL_REPRESENTATION('',(#6848),#6852);
#6848 = LINE('',#6849,#6850);
#6849 = CARTESIAN_POINT('',(0.,0.));
#6850 = VECTOR('',#6851,1.);
#6851 = DIRECTION('',(0.,1.));
#6852 = ( GEOMETRIC_REPRESENTATION_CONTEXT(2) 
PARAMETRIC_REPRESENTATION_CONTEXT() REPRESENTATION_CONTEXT('2D SPACE',''
  ) );
#6853 = ORIENTED_EDGE('',*,*,#6854,.T.);
#6854 = EDGE_CURVE('',#6827,#6855,#6857,.T.);
#6855 = VERTEX_POINT('',#6856);
#6856 = CARTESIAN_POINT('',(0.,25.,2.04E+03));
#6857 = SURFACE_CURVE('',#6858,(#6862,#6869),.PCURVE_S1.);
#6858 = LINE('',#6859,#6860);
#6859 = CARTESIAN_POINT('',(0.,25.,0.));
#6860 = VECTOR('',#6861,1.);
#6861 = DIRECTION('',(0.,0.,1.));
#6862 = PCURVE('',#6802,#6863);
#6863 = DEFINITIONAL_REPRESENTATION('',(#6864),#6868);
#6864 = LINE('',#6865,#6866);
#6865 = CARTESIAN_POINT('',(0.,-25.));
#6866 = VECTOR('',#6867,1.);
#6867 = DIRECTION('',(1.,0.));
#6868 = ( GEOMETRIC_REPRESENTATION_CONTEXT(2) 
PARAMETRIC_REPRESENTATION_CONTEXT() REPRESENTATION_CONTEXT('2D SPACE',''
  ) );
#6869 = PCURVE('',#6870,#6875);
#6870 = PLANE('',#6871);
#6871 = AXIS2_PLACEMENT_3D('',#6872,#6873,#6874);
#6872 = CARTESIAN_POINT('',(0.,25.,0.));
#6873 = DIRECTION('',(-0.,1.,0.));
#6874 = DIRECTION('',(0.,0.,1.));
#6875 = DEFINITIONAL_REPRESENTATION('',(#6876),#6880);
#6876 = LINE('',#6877,#6878);
#6877 = CARTESIAN_POINT('',(0.,0.));
#6878 = VECTOR('',#6879,1.);
#6879 = DIRECTION('',(1.,0.));
#6880 = ( GEOMETRIC_REPRESENTATION_CONTEXT(2) 
PARAMETRIC_REPRESENTATION_CONTEXT() REPRESENTATION_CONTEXT('2D SPACE',''
  ) );
#6881 = ORIENTED_EDGE('',*,*,#6882,.F.);
#6882 = EDGE_CURVE('',#6794,#6855,#6883,.T.);
#6883 = SURFACE_CURVE('',#6884,(#6888,#6895),.PCURVE_S1.);
#6884 = LINE('',#6885,#6886);
#6885 = CARTESIAN_POINT('',(0.,0.,2.04E+03));
#6886 = VECTOR('',#6887,1.);
#6887 = DIRECTION('',(-0.,1.,0.));
#6888 = PCURVE('',#6802,#6889);
#6889 = DEFINITIONAL_REPRESENTATION('',(#6890),#6894);
#6890 = LINE('',#6891,#6892);
#6891 = CARTESIAN_POINT('',(2.04E+03,0.));
#6892 = VECTOR('',#6893,1.);
#6893 = DIRECTION('',(0.,-1.));
#6894 = ( GEOMETRIC_REPRESENTATION_CONTEXT(2) 
PARAMETRIC_REPRESENTATION_CONTEXT() REPRESENTATION_CONTEXT('2D SPACE',''
  ) );
#6895 = PCURVE('',#6896,#6901);
#6896 = PLANE('',#6897);
#6897 = AXIS2_PLACEMENT_3D('',#6898,#6899,#6900);
#6898 = CARTESIAN_POINT('',(0.,0.,2.04E+03));
#6899 = DIRECTION('',(0.,0.,1.));
#6900 = DIRECTION('',(1.,0.,-0.));
#6901 = DEFINITIONAL_REPRESENTATION('',(#6902),#6906);
#6902 = LINE('',#6903,#6904);
#6903 = CARTESIAN_POINT('',(0.,0.));
#6904 = VECTOR('',#6905,1.);
#6905 = DIRECTION('',(0.,1.));
#6906 = ( GEOMETRIC_REPRESENTATION_CONTEXT(2) 
PARAMETRIC_REPRESENTATION_CONTEXT() REPRESENTATION_CONTEXT('2D SPACE',''
  ) );
#6907 = ADVANCED_FACE('',(#6908),#6922,.T.);
#6908 = FACE_BOUND('',#6909,.T.);
#6909 = EDGE_LOOP('',(#6910,#6940,#6963,#6986));
#6910 = ORIENTED_EDGE('',*,*,#6911,.F.);
#6911 = EDGE_CURVE('',#6912,#6914,#6916,.T.);
#6912 = VERTEX_POINT('',#6913);
#6913 = CARTESIAN_POINT('',(50.,0.,0.));
#6914 = VERTEX_POINT('',#6915);
#6915 = CARTESIAN_POINT('',(50.,0.,2.04E+03));
#6916 = SURFACE_CURVE('',#6917,(#6921,#6933),.PCURVE_S1.);
#6917 = LINE('',#6918,#6919);
#6918 = CARTESIAN_POINT('',(50.,0.,0.));
#6919 = VECTOR('',#6920,1.);
#6920 = DIRECTION('',(0.,0.,1.));
#6921 = PCURVE('',#6922,#6927);
#6922 = PLANE('',#6923);
#6923 = AXIS2_PLACEMENT_3D('',#6924,#6925,#6926);
#6924 = CARTESIAN_POINT('',(50.,0.,0.));
#6925 = DIRECTION('',(1.,0.,-0.));
#6926 = DIRECTION('',(0.,0.,1.));
#6927 = DEFINITIONAL_REPRESENTATION('',(#6928),#6932);
#6928 = LINE('',#6929,#6930);
#6929 = CARTESIAN_POINT('',(0.,0.));
#6930 = VECTOR('',#6931,1.);
#6931 = DIRECTION('',(1.,0.));
#6932 = ( GEOMETRIC_REPRESENTATION_CONTEXT(2) 
PARAMETRIC_REPRESENTATION_CONTEXT() REPRESENTATION_CONTEXT('2D SPACE',''
  ) );
#6933 = PCURVE('',#6814,#6934);
#6934 = DEFINITIONAL_REPRESENTATION('',(#6935),#6939);
#6935 = LINE('',#6936,#6937);
#6936 = CARTESIAN_POINT('',(0.,50.));
#6937 = VECTOR('',#6938,1.);
#6938 = DIRECTION('',(1.,0.));
#6939 = ( GEOMETRIC_REPRESENTATION_CONTEXT(2) 
PARAMETRIC_REPRESENTATION_CONTEXT() REPRESENTATION_CONTEXT('2D SPACE',''
  ) );
#6940 = ORIENTED_EDGE('',*,*,#6941,.T.);
#6941 = EDGE_CURVE('',#6912,#6942,#6944,.T.);
#6942 = VERTEX_POINT('',#6943);
#6943 = CARTESIAN_POINT('',(50.,25.,0.));
#6944 = SURFACE_CURVE('',#6945,(#6949,#6956),.PCURVE_S1.);
#6945 = LINE('',#6946,#6947);
#6946 = CARTESIAN_POINT('',(50.,0.,0.));
#6947 = VECTOR('',#6948,1.);
#6948 = DIRECTION('',(-0.,1.,0.));
#6949 = PCURVE('',#6922,#6950);
#6950 = DEFINITIONAL_REPRESENTATION('',(#6951),#6955);
#6951 = LINE('',#6952,#6953);
#6952 = CARTESIAN_POINT('',(0.,0.));
#6953 = VECTOR('',#6954,1.);
#6954 = DIRECTION('',(0.,-1.));
#6955 = ( GEOMETRIC_REPRESENTATION_CONTEXT(2) 
PARAMETRIC_REPRESENTATION_CONTEXT() REPRESENTATION_CONTEXT('2D SPACE',''
  ) );
#6956 = PCURVE('',#6842,#6957);
#6957 = DEFINITIONAL_REPRESENTATION('',(#6958),#6962);
#6958 = LINE('',#6959,#6960);
#6959 = CARTESIAN_POINT('',(50.,0.));
#6960 = VECTOR('',#6961,1.);
#6961 = DIRECTION('',(0.,1.));
#6962 = ( GEOMETRIC_REPRESENTATION_CONTEXT(2) 
PARAMETRIC_REPRESENTATION_CONTEXT() REPRESENTATION_CONTEXT('2D SPACE',''
  ) );
#6963 = ORIENTED_EDGE('',*,*,#6964,.T.);
#6964 = EDGE_CURVE('',#6942,#6965,#6967,.T.);
#6965 = VERTEX_POINT('',#6966);
#6966 = CARTESIAN_POINT('',(50.,25.,2.04E+03));
#6967 = SURFACE_CURVE('',#6968,(#6972,#6979),.PCURVE_S1.);
#6968 = LINE('',#6969,#6970);
#6969 = CARTESIAN_POINT('',(50.,25.,0.));
#6970 = VECTOR('',#6971,1.);
#6971 = DIRECTION('',(0.,0.,1.));
#6972 = PCURVE('',#6922,#6973);
#6973 = DEFINITIONAL_REPRESENTATION('',(#6974),#6978);
#6974 = LINE('',#6975,#6976);
#6975 = CARTESIAN_POINT('',(0.,-25.));
#6976 = VECTOR('',#6977,1.);
#6977 = DIRECTION('',(1.,0.));
#6978 = ( GEOMETRIC_REPRESENTATION_CONTEXT(2) 
PARAMETRIC_REPRESENTATION_CONTEXT() REPRESENTATION_CONTEXT('2D SPACE',''
  ) );
#6979 = PCURVE('',#6870,#6980);
#6980 = DEFINITIONAL_REPRESENTATION('',(#6981),#6985);
#6981 = LINE('',#6982,#6983);
#6982 = CARTESIAN_POINT('',(0.,50.));
#6983 = VECTOR('',#6984,1.);
#6984 = DIRECTION('',(1.,0.));
#6985 = ( GEOMETRIC_REPRESENTATION_CONTEXT(2) 
PARAMETRIC_REPRESENTATION_CONTEXT() REPRESENTATION_CONTEXT('2D SPACE',''
  ) );
#6986 = ORIENTED_EDGE('',*,*,#6987,.F.);
#6987 = EDGE_CURVE('',#6914,#6965,#6988,.T.);
#6988 = SURFACE_CURVE('',#6989,(#6993,#7000),.PCURVE_S1.);
#6989 = LINE('',#6990,#6991);
#6990 = CARTESIAN_POINT('',(50.,0.,2.04E+03));
#6991 = VECTOR('',#6992,1.);
#6992 = DIRECTION('',(-0.,1.,0.));
#6993 = PCURVE('',#6922,#6994);
#6994 = DEFINITIONAL_REPRESENTATION('',(#6995),#6999);
#6995 = LINE('',#6996,#6997);
#6996 = CARTESIAN_POINT('',(2.04E+03,0.));
#6997 = VECTOR('',#6998,1.);
#6998 = DIRECTION('',(0.,-1.));
#6999 = ( GEOMETRIC_REPRESENTATION_CONTEXT(2) 
PARAMETRIC_REPRESENTATION_CONTEXT() REPRESENTATION_CONTEXT('2D SPACE',''
  ) );
#7000 = PCURVE('',#6896,#7001);
#7001 = DEFINITIONAL_REPRESENTATION('',(#7002),#7006);
#7002 = LINE('',#7003,#7004);
#7003 = CARTESIAN_POINT('',(50.,0.));
#7004 = VECTOR('',#7005,1.);
#7005 = DIRECTION('',(0.,1.));
#7006 = ( GEOMETRIC_REPRESENTATION_CONTEXT(2) 
PARAMETRIC_REPRESENTATION_CONTEXT() REPRESENTATION_CONTEXT('2D SPACE',''
  ) );
#7007 = ADVANCED_FACE('',(#7008),#6814,.F.);
#7008 = FACE_BOUND('',#7009,.F.);
#7009 = EDGE_LOOP('',(#7010,#7031,#7032,#7053));
#7010 = ORIENTED_EDGE('',*,*,#7011,.F.);
#7011 = EDGE_CURVE('',#6792,#6912,#7012,.T.);
#7012 = SURFACE_CURVE('',#7013,(#7017,#7024),.PCURVE_S1.);
#7013 = LINE('',#7014,#7015);
#7014 = CARTESIAN_POINT('',(0.,0.,0.));
#7015 = VECTOR('',#7016,1.);
#7016 = DIRECTION('',(1.,0.,-0.));
#7017 = PCURVE('',#6814,#7018);
#7018 = DEFINITIONAL_REPRESENTATION('',(#7019),#7023);
#7019 = LINE('',#7020,#7021);
#7020 = CARTESIAN_POINT('',(0.,0.));
#7021 = VECTOR('',#7022,1.);
#7022 = DIRECTION('',(0.,1.));
#7023 = ( GEOMETRIC_REPRESENTATION_CONTEXT(2) 
PARAMETRIC_REPRESENTATION_CONTEXT() REPRESENTATION_CONTEXT('2D SPACE',''
  ) );
#7024 = PCURVE('',#6842,#7025);
#7025 = DEFINITIONAL_REPRESENTATION('',(#7026),#7030);
#7026 = LINE('',#7027,#7028);
#7027 = CARTESIAN_POINT('',(0.,0.));
#7028 = VECTOR('',#7029,1.);
#7029 = DIRECTION('',(1.,0.));
#7030 = ( GEOMETRIC_REPRESENTATION_CONTEXT(2) 
PARAMETRIC_REPRESENTATION_CONTEXT() REPRESENTATION_CONTEXT('2D SPACE',''
  ) );
#7031 = ORIENTED_EDGE('',*,*,#6791,.T.);
#7032 = ORIENTED_EDGE('',*,*,#7033,.T.);
#7033 = EDGE_CURVE('',#6794,#6914,#7034,.T.);
#7034 = SURFACE_CURVE('',#7035,(#7039,#7046),.PCURVE_S1.);
#7035 = LINE('',#7036,#7037);
#7036 = CARTESIAN_POINT('',(0.,0.,2.04E+03));
#7037 = VECTOR('',#7038,1.);
#7038 = DIRECTION('',(1.,0.,-0.));
#7039 = PCURVE('',#6814,#7040);
#7040 = DEFINITIONAL_REPRESENTATION('',(#7041),#7045);
#7041 = LINE('',#7042,#7043);
#7042 = CARTESIAN_POINT('',(2.04E+03,0.));
#7043 = VECTOR('',#7044,1.);
#7044 = DIRECTION('',(0.,1.));
#7045 = ( GEOMETRIC_REPRESENTATION_CONTEXT(2) 
PARAMETRIC_REPRESENTATION_CONTEXT() REPRESENTATION_CONTEXT('2D SPACE',''
  ) );
#7046 = PCURVE('',#6896,#7047);
#7047 = DEFINITIONAL_REPRESENTATION('',(#7048),#7052);
#7048 = LINE('',#7049,#7050);
#7049 = CARTESIAN_POINT('',(0.,0.));
#7050 = VECTOR('',#7051,1.);
#7051 = DIRECTION('',(1.,0.));
#7052 = ( GEOMETRIC_REPRESENTATION_CONTEXT(2) 
PARAMETRIC_REPRESENTATION_CONTEXT() REPRESENTATION_CONTEXT('2D SPACE',''
  ) );
#7053 = ORIENTED_EDGE('',*,*,#6911,.F.);
#7054 = ADVANCED_FACE('',(#7055),#6870,.T.);
#7055 = FACE_BOUND('',#7056,.T.);
#7056 = EDGE_LOOP('',(#7057,#7078,#7079,#7100));
#7057 = ORIENTED_EDGE('',*,*,#7058,.F.);
#7058 = EDGE_CURVE('',#6827,#6942,#7059,.T.);
#7059 = SURFACE_CURVE('',#7060,(#7064,#7071),.PCURVE_S1.);
#7060 = LINE('',#7061,#7062);
#7061 = CARTESIAN_POINT('',(0.,25.,0.));
#7062 = VECTOR('',#7063,1.);
#7063 = DIRECTION('',(1.,0.,-0.));
#7064 = PCURVE('',#6870,#7065);
#7065 = DEFINITIONAL_REPRESENTATION('',(#7066),#7070);
#7066 = LINE('',#7067,#7068);
#7067 = CARTESIAN_POINT('',(0.,0.));
#7068 = VECTOR('',#7069,1.);
#7069 = DIRECTION('',(0.,1.));
#7070 = ( GEOMETRIC_REPRESENTATION_CONTEXT(2) 
PARAMETRIC_REPRESENTATION_CONTEXT() REPRESENTATION_CONTEXT('2D SPACE',''
  ) );
#7071 = PCURVE('',#6842,#7072);
#7072 = DEFINITIONAL_REPRESENTATION('',(#7073),#7077);
#7073 = LINE('',#7074,#7075);
#7074 = CARTESIAN_POINT('',(0.,25.));
#7075 = VECTOR('',#7076,1.);
#7076 = DIRECTION('',(1.,0.));
#7077 = ( GEOMETRIC_REPRESENTATION_CONTEXT(2) 
PARAMETRIC_REPRESENTATION_CONTEXT() REPRESENTATION_CONTEXT('2D SPACE',''
  ) );
#7078 = ORIENTED_EDGE('',*,*,#6854,.T.);
#7079 = ORIENTED_EDGE('',*,*,#7080,.T.);
#7080 = EDGE_CURVE('',#6855,#6965,#7081,.T.);
#7081 = SURFACE_CURVE('',#7082,(#7086,#7093),.PCURVE_S1.);
#7082 = LINE('',#7083,#7084);
#7083 = CARTESIAN_POINT('',(0.,25.,2.04E+03));
#7084 = VECTOR('',#7085,1.);
#7085 = DIRECTION('',(1.,0.,-0.));
#7086 = PCURVE('',#6870,#7087);
#7087 = DEFINITIONAL_REPRESENTATION('',(#7088),#7092);
#7088 = LINE('',#7089,#7090);
#7089 = CARTESIAN_POINT('',(2.04E+03,0.));
#7090 = VECTOR('',#7091,1.);
#7091 = DIRECTION('',(0.,1.));
#7092 = ( GEOMETRIC_REPRESENTATION_CONTEXT(2) 
PARAMETRIC_REPRESENTATION_CONTEXT() REPRESENTATION_CONTEXT('2D SPACE',''
  ) );
#7093 = PCURVE('',#6896,#7094);
#7094 = DEFINITIONAL_REPRESENTATION('',(#7095),#7099);
#7095 = LINE('',#7096,#7097);
#7096 = CARTESIAN_POINT('',(0.,25.));
#7097 = VECTOR('',#7098,1.);
#7098 = DIRECTION('',(1.,0.));
#7099 = ( GEOMETRIC_REPRESENTATION_CONTEXT(2) 
PARAMETRIC_REPRESENTATION_CONTEXT() REPRESENTATION_CONTEXT('2D SPACE',''
  ) );
#7100 = ORIENTED_EDGE('',*,*,#6964,.F.);
#7101 = ADVANCED_FACE('',(#7102),#6842,.F.);
#7102 = FACE_BOUND('',#7103,.F.);
#7103 = EDGE_LOOP('',(#7104,#7105,#7106,#7107));
#7104 = ORIENTED_EDGE('',*,*,#6826,.F.);
#7105 = ORIENTED_EDGE('',*,*,#7011,.T.);
#7106 = ORIENTED_EDGE('',*,*,#6941,.T.);
#7107 = ORIENTED_EDGE('',*,*,#7058,.F.);
#7108 = ADVANCED_FACE('',(#7109),#6896,.T.);
#7109 = FACE_BOUND('',#7110,.T.);
#7110 = EDGE_LOOP('',(#7111,#7112,#7113,#7114));
#7111 = ORIENTED_EDGE('',*,*,#6882,.F.);
#7112 = ORIENTED_EDGE('',*,*,#7033,.T.);
#7113 = ORIENTED_EDGE('',*,*,#6987,.T.);
#7114 = ORIENTED_EDGE('',*,*,#7080,.F.);
#7115 = ( GEOMETRIC_REPRESENTATION_CONTEXT(3) 
GLOBAL_UNCERTAINTY_ASSIGNED_CONTEXT((#7119)) 
GLOBAL_UNIT_ASSIGNED_CONTEXT((#7116,#7117,#7118)) REPRESENTATION_CONTEXT
('Context #1','3D Context with UNIT and UNCERTAINTY') );
#7116 = ( LENGTH_UNIT() NAMED_UNIT(*) SI_UNIT(.MILLI.,.METRE.) );
#7117 = ( NAMED_UNIT(*) PLANE_ANGLE_UNIT() SI_UNIT($,.RADIAN.) );
#7118 = ( NAMED_UNIT(*) SI_UNIT($,.STERADIAN.) SOLID_ANGLE_UNIT() );
#7119 = UNCERTAINTY_MEASURE_WITH_UNIT(LENGTH_MEASURE(1.E-07),#7116,
  'distance_accuracy_value','confusion accuracy');
#7120 = CONTEXT_DEPENDENT_SHAPE_REPRESENTATION(#7121,#7123);
#7121 = ( REPRESENTATION_RELATIONSHIP('','',#6784,#10) 
REPRESENTATION_RELATIONSHIP_WITH_TRANSFORMATION(#7122) 
SHAPE_REPRESENTATION_RELATIONSHIP() );
#7122 = ITEM_DEFINED_TRANSFORMATION('','',#11,#63);
#7123 = PRODUCT_DEFINITION_SHAPE('Placement','Placement of an item',
  #7124);
#7124 = NEXT_ASSEMBLY_USAGE_OCCURRENCE('880',
'\X2\043F043E043B043E0442043D043E\X0\_\X2\04410442043E0439043A0430\X0\_25\X2\0445\X0\50\X2\0445\X0\2040'
  ,'',#5,#6779,$);
#7125 = PRODUCT_RELATED_PRODUCT_CATEGORY('part',$,(#6781));
#7126 = SHAPE_DEFINITION_REPRESENTATION(#7127,#7133);
#7127 = PRODUCT_DEFINITION_SHAPE('','',#7128);
#7128 = PRODUCT_DEFINITION('design','',#7129,#7132);
#7129 = PRODUCT_DEFINITION_FORMATION('','',#7130);
#7130 = PRODUCT(
'\X2\043F043E043B043E0442043D043E\X0\_\X2\04410442043E0439043A0430\X0\_25\X2\0445\X0\50\X2\0445\X0\2040'
  ,
'\X2\043F043E043B043E0442043D043E\X0\_\X2\04410442043E0439043A0430\X0\_25\X2\0445\X0\50\X2\0445\X0\2040'
  ,'',(#7131));
#7131 = PRODUCT_CONTEXT('',#2,'mechanical');
#7132 = PRODUCT_DEFINITION_CONTEXT('part definition',#2,'design');
#7133 = ADVANCED_BREP_SHAPE_REPRESENTATION('',(#11,#7134),#7464);
#7134 = MANIFOLD_SOLID_BREP('',#7135);
#7135 = CLOSED_SHELL('',(#7136,#7256,#7356,#7403,#7450,#7457));
#7136 = ADVANCED_FACE('',(#7137),#7151,.F.);
#7137 = FACE_BOUND('',#7138,.F.);
#7138 = EDGE_LOOP('',(#7139,#7174,#7202,#7230));
#7139 = ORIENTED_EDGE('',*,*,#7140,.F.);
#7140 = EDGE_CURVE('',#7141,#7143,#7145,.T.);
#7141 = VERTEX_POINT('',#7142);
#7142 = CARTESIAN_POINT('',(0.,0.,0.));
#7143 = VERTEX_POINT('',#7144);
#7144 = CARTESIAN_POINT('',(0.,0.,2.04E+03));
#7145 = SURFACE_CURVE('',#7146,(#7150,#7162),.PCURVE_S1.);
#7146 = LINE('',#7147,#7148);
#7147 = CARTESIAN_POINT('',(0.,0.,0.));
#7148 = VECTOR('',#7149,1.);
#7149 = DIRECTION('',(0.,0.,1.));
#7150 = PCURVE('',#7151,#7156);
#7151 = PLANE('',#7152);
#7152 = AXIS2_PLACEMENT_3D('',#7153,#7154,#7155);
#7153 = CARTESIAN_POINT('',(0.,0.,0.));
#7154 = DIRECTION('',(1.,0.,-0.));
#7155 = DIRECTION('',(0.,0.,1.));
#7156 = DEFINITIONAL_REPRESENTATION('',(#7157),#7161);
#7157 = LINE('',#7158,#7159);
#7158 = CARTESIAN_POINT('',(0.,0.));
#7159 = VECTOR('',#7160,1.);
#7160 = DIRECTION('',(1.,0.));
#7161 = ( GEOMETRIC_REPRESENTATION_CONTEXT(2) 
PARAMETRIC_REPRESENTATION_CONTEXT() REPRESENTATION_CONTEXT('2D SPACE',''
  ) );
#7162 = PCURVE('',#7163,#7168);
#7163 = PLANE('',#7164);
#7164 = AXIS2_PLACEMENT_3D('',#7165,#7166,#7167);
#7165 = CARTESIAN_POINT('',(0.,0.,0.));
#7166 = DIRECTION('',(-0.,1.,0.));
#7167 = DIRECTION('',(0.,0.,1.));
#7168 = DEFINITIONAL_REPRESENTATION('',(#7169),#7173);
#7169 = LINE('',#7170,#7171);
#7170 = CARTESIAN_POINT('',(0.,0.));
#7171 = VECTOR('',#7172,1.);
#7172 = DIRECTION('',(1.,0.));
#7173 = ( GEOMETRIC_REPRESENTATION_CONTEXT(2) 
PARAMETRIC_REPRESENTATION_CONTEXT() REPRESENTATION_CONTEXT('2D SPACE',''
  ) );
#7174 = ORIENTED_EDGE('',*,*,#7175,.T.);
#7175 = EDGE_CURVE('',#7141,#7176,#7178,.T.);
#7176 = VERTEX_POINT('',#7177);
#7177 = CARTESIAN_POINT('',(0.,25.,0.));
#7178 = SURFACE_CURVE('',#7179,(#7183,#7190),.PCURVE_S1.);
#7179 = LINE('',#7180,#7181);
#7180 = CARTESIAN_POINT('',(0.,0.,0.));
#7181 = VECTOR('',#7182,1.);
#7182 = DIRECTION('',(-0.,1.,0.));
#7183 = PCURVE('',#7151,#7184);
#7184 = DEFINITIONAL_REPRESENTATION('',(#7185),#7189);
#7185 = LINE('',#7186,#7187);
#7186 = CARTESIAN_POINT('',(0.,0.));
#7187 = VECTOR('',#7188,1.);
#7188 = DIRECTION('',(0.,-1.));
#7189 = ( GEOMETRIC_REPRESENTATION_CONTEXT(2) 
PARAMETRIC_REPRESENTATION_CONTEXT() REPRESENTATION_CONTEXT('2D SPACE',''
  ) );
#7190 = PCURVE('',#7191,#7196);
#7191 = PLANE('',#7192);
#7192 = AXIS2_PLACEMENT_3D('',#7193,#7194,#7195);
#7193 = CARTESIAN_POINT('',(0.,0.,0.));
#7194 = DIRECTION('',(0.,0.,1.));
#7195 = DIRECTION('',(1.,0.,-0.));
#7196 = DEFINITIONAL_REPRESENTATION('',(#7197),#7201);
#7197 = LINE('',#7198,#7199);
#7198 = CARTESIAN_POINT('',(0.,0.));
#7199 = VECTOR('',#7200,1.);
#7200 = DIRECTION('',(0.,1.));
#7201 = ( GEOMETRIC_REPRESENTATION_CONTEXT(2) 
PARAMETRIC_REPRESENTATION_CONTEXT() REPRESENTATION_CONTEXT('2D SPACE',''
  ) );
#7202 = ORIENTED_EDGE('',*,*,#7203,.T.);
#7203 = EDGE_CURVE('',#7176,#7204,#7206,.T.);
#7204 = VERTEX_POINT('',#7205);
#7205 = CARTESIAN_POINT('',(0.,25.,2.04E+03));
#7206 = SURFACE_CURVE('',#7207,(#7211,#7218),.PCURVE_S1.);
#7207 = LINE('',#7208,#7209);
#7208 = CARTESIAN_POINT('',(0.,25.,0.));
#7209 = VECTOR('',#7210,1.);
#7210 = DIRECTION('',(0.,0.,1.));
#7211 = PCURVE('',#7151,#7212);
#7212 = DEFINITIONAL_REPRESENTATION('',(#7213),#7217);
#7213 = LINE('',#7214,#7215);
#7214 = CARTESIAN_POINT('',(0.,-25.));
#7215 = VECTOR('',#7216,1.);
#7216 = DIRECTION('',(1.,0.));
#7217 = ( GEOMETRIC_REPRESENTATION_CONTEXT(2) 
PARAMETRIC_REPRESENTATION_CONTEXT() REPRESENTATION_CONTEXT('2D SPACE',''
  ) );
#7218 = PCURVE('',#7219,#7224);
#7219 = PLANE('',#7220);
#7220 = AXIS2_PLACEMENT_3D('',#7221,#7222,#7223);
#7221 = CARTESIAN_POINT('',(0.,25.,0.));
#7222 = DIRECTION('',(-0.,1.,0.));
#7223 = DIRECTION('',(0.,0.,1.));
#7224 = DEFINITIONAL_REPRESENTATION('',(#7225),#7229);
#7225 = LINE('',#7226,#7227);
#7226 = CARTESIAN_POINT('',(0.,0.));
#7227 = VECTOR('',#7228,1.);
#7228 = DIRECTION('',(1.,0.));
#7229 = ( GEOMETRIC_REPRESENTATION_CONTEXT(2) 
PARAMETRIC_REPRESENTATION_CONTEXT() REPRESENTATION_CONTEXT('2D SPACE',''
  ) );
#7230 = ORIENTED_EDGE('',*,*,#7231,.F.);
#7231 = EDGE_CURVE('',#7143,#7204,#7232,.T.);
#7232 = SURFACE_CURVE('',#7233,(#7237,#7244),.PCURVE_S1.);
#7233 = LINE('',#7234,#7235);
#7234 = CARTESIAN_POINT('',(0.,0.,2.04E+03));
#7235 = VECTOR('',#7236,1.);
#7236 = DIRECTION('',(-0.,1.,0.));
#7237 = PCURVE('',#7151,#7238);
#7238 = DEFINITIONAL_REPRESENTATION('',(#7239),#7243);
#7239 = LINE('',#7240,#7241);
#7240 = CARTESIAN_POINT('',(2.04E+03,0.));
#7241 = VECTOR('',#7242,1.);
#7242 = DIRECTION('',(0.,-1.));
#7243 = ( GEOMETRIC_REPRESENTATION_CONTEXT(2) 
PARAMETRIC_REPRESENTATION_CONTEXT() REPRESENTATION_CONTEXT('2D SPACE',''
  ) );
#7244 = PCURVE('',#7245,#7250);
#7245 = PLANE('',#7246);
#7246 = AXIS2_PLACEMENT_3D('',#7247,#7248,#7249);
#7247 = CARTESIAN_POINT('',(0.,0.,2.04E+03));
#7248 = DIRECTION('',(0.,0.,1.));
#7249 = DIRECTION('',(1.,0.,-0.));
#7250 = DEFINITIONAL_REPRESENTATION('',(#7251),#7255);
#7251 = LINE('',#7252,#7253);
#7252 = CARTESIAN_POINT('',(0.,0.));
#7253 = VECTOR('',#7254,1.);
#7254 = DIRECTION('',(0.,1.));
#7255 = ( GEOMETRIC_REPRESENTATION_CONTEXT(2) 
PARAMETRIC_REPRESENTATION_CONTEXT() REPRESENTATION_CONTEXT('2D SPACE',''
  ) );
#7256 = ADVANCED_FACE('',(#7257),#7271,.T.);
#7257 = FACE_BOUND('',#7258,.T.);
#7258 = EDGE_LOOP('',(#7259,#7289,#7312,#7335));
#7259 = ORIENTED_EDGE('',*,*,#7260,.F.);
#7260 = EDGE_CURVE('',#7261,#7263,#7265,.T.);
#7261 = VERTEX_POINT('',#7262);
#7262 = CARTESIAN_POINT('',(50.,0.,0.));
#7263 = VERTEX_POINT('',#7264);
#7264 = CARTESIAN_POINT('',(50.,0.,2.04E+03));
#7265 = SURFACE_CURVE('',#7266,(#7270,#7282),.PCURVE_S1.);
#7266 = LINE('',#7267,#7268);
#7267 = CARTESIAN_POINT('',(50.,0.,0.));
#7268 = VECTOR('',#7269,1.);
#7269 = DIRECTION('',(0.,0.,1.));
#7270 = PCURVE('',#7271,#7276);
#7271 = PLANE('',#7272);
#7272 = AXIS2_PLACEMENT_3D('',#7273,#7274,#7275);
#7273 = CARTESIAN_POINT('',(50.,0.,0.));
#7274 = DIRECTION('',(1.,0.,-0.));
#7275 = DIRECTION('',(0.,0.,1.));
#7276 = DEFINITIONAL_REPRESENTATION('',(#7277),#7281);
#7277 = LINE('',#7278,#7279);
#7278 = CARTESIAN_POINT('',(0.,0.));
#7279 = VECTOR('',#7280,1.);
#7280 = DIRECTION('',(1.,0.));
#7281 = ( GEOMETRIC_REPRESENTATION_CONTEXT(2) 
PARAMETRIC_REPRESENTATION_CONTEXT() REPRESENTATION_CONTEXT('2D SPACE',''
  ) );
#7282 = PCURVE('',#7163,#7283);
#7283 = DEFINITIONAL_REPRESENTATION('',(#7284),#7288);
#7284 = LINE('',#7285,#7286);
#7285 = CARTESIAN_POINT('',(0.,50.));
#7286 = VECTOR('',#7287,1.);
#7287 = DIRECTION('',(1.,0.));
#7288 = ( GEOMETRIC_REPRESENTATION_CONTEXT(2) 
PARAMETRIC_REPRESENTATION_CONTEXT() REPRESENTATION_CONTEXT('2D SPACE',''
  ) );
#7289 = ORIENTED_EDGE('',*,*,#7290,.T.);
#7290 = EDGE_CURVE('',#7261,#7291,#7293,.T.);
#7291 = VERTEX_POINT('',#7292);
#7292 = CARTESIAN_POINT('',(50.,25.,0.));
#7293 = SURFACE_CURVE('',#7294,(#7298,#7305),.PCURVE_S1.);
#7294 = LINE('',#7295,#7296);
#7295 = CARTESIAN_POINT('',(50.,0.,0.));
#7296 = VECTOR('',#7297,1.);
#7297 = DIRECTION('',(-0.,1.,0.));
#7298 = PCURVE('',#7271,#7299);
#7299 = DEFINITIONAL_REPRESENTATION('',(#7300),#7304);
#7300 = LINE('',#7301,#7302);
#7301 = CARTESIAN_POINT('',(0.,0.));
#7302 = VECTOR('',#7303,1.);
#7303 = DIRECTION('',(0.,-1.));
#7304 = ( GEOMETRIC_REPRESENTATION_CONTEXT(2) 
PARAMETRIC_REPRESENTATION_CONTEXT() REPRESENTATION_CONTEXT('2D SPACE',''
  ) );
#7305 = PCURVE('',#7191,#7306);
#7306 = DEFINITIONAL_REPRESENTATION('',(#7307),#7311);
#7307 = LINE('',#7308,#7309);
#7308 = CARTESIAN_POINT('',(50.,0.));
#7309 = VECTOR('',#7310,1.);
#7310 = DIRECTION('',(0.,1.));
#7311 = ( GEOMETRIC_REPRESENTATION_CONTEXT(2) 
PARAMETRIC_REPRESENTATION_CONTEXT() REPRESENTATION_CONTEXT('2D SPACE',''
  ) );
#7312 = ORIENTED_EDGE('',*,*,#7313,.T.);
#7313 = EDGE_CURVE('',#7291,#7314,#7316,.T.);
#7314 = VERTEX_POINT('',#7315);
#7315 = CARTESIAN_POINT('',(50.,25.,2.04E+03));
#7316 = SURFACE_CURVE('',#7317,(#7321,#7328),.PCURVE_S1.);
#7317 = LINE('',#7318,#7319);
#7318 = CARTESIAN_POINT('',(50.,25.,0.));
#7319 = VECTOR('',#7320,1.);
#7320 = DIRECTION('',(0.,0.,1.));
#7321 = PCURVE('',#7271,#7322);
#7322 = DEFINITIONAL_REPRESENTATION('',(#7323),#7327);
#7323 = LINE('',#7324,#7325);
#7324 = CARTESIAN_POINT('',(0.,-25.));
#7325 = VECTOR('',#7326,1.);
#7326 = DIRECTION('',(1.,0.));
#7327 = ( GEOMETRIC_REPRESENTATION_CONTEXT(2) 
PARAMETRIC_REPRESENTATION_CONTEXT() REPRESENTATION_CONTEXT('2D SPACE',''
  ) );
#7328 = PCURVE('',#7219,#7329);
#7329 = DEFINITIONAL_REPRESENTATION('',(#7330),#7334);
#7330 = LINE('',#7331,#7332);
#7331 = CARTESIAN_POINT('',(0.,50.));
#7332 = VECTOR('',#7333,1.);
#7333 = DIRECTION('',(1.,0.));
#7334 = ( GEOMETRIC_REPRESENTATION_CONTEXT(2) 
PARAMETRIC_REPRESENTATION_CONTEXT() REPRESENTATION_CONTEXT('2D SPACE',''
  ) );
#7335 = ORIENTED_EDGE('',*,*,#7336,.F.);
#7336 = EDGE_CURVE('',#7263,#7314,#7337,.T.);
#7337 = SURFACE_CURVE('',#7338,(#7342,#7349),.PCURVE_S1.);
#7338 = LINE('',#7339,#7340);
#7339 = CARTESIAN_POINT('',(50.,0.,2.04E+03));
#7340 = VECTOR('',#7341,1.);
#7341 = DIRECTION('',(-0.,1.,0.));
#7342 = PCURVE('',#7271,#7343);
#7343 = DEFINITIONAL_REPRESENTATION('',(#7344),#7348);
#7344 = LINE('',#7345,#7346);
#7345 = CARTESIAN_POINT('',(2.04E+03,0.));
#7346 = VECTOR('',#7347,1.);
#7347 = DIRECTION('',(0.,-1.));
#7348 = ( GEOMETRIC_REPRESENTATION_CONTEXT(2) 
PARAMETRIC_REPRESENTATION_CONTEXT() REPRESENTATION_CONTEXT('2D SPACE',''
  ) );
#7349 = PCURVE('',#7245,#7350);
#7350 = DEFINITIONAL_REPRESENTATION('',(#7351),#7355);
#7351 = LINE('',#7352,#7353);
#7352 = CARTESIAN_POINT('',(50.,0.));
#7353 = VECTOR('',#7354,1.);
#7354 = DIRECTION('',(0.,1.));
#7355 = ( GEOMETRIC_REPRESENTATION_CONTEXT(2) 
PARAMETRIC_REPRESENTATION_CONTEXT() REPRESENTATION_CONTEXT('2D SPACE',''
  ) );
#7356 = ADVANCED_FACE('',(#7357),#7163,.F.);
#7357 = FACE_BOUND('',#7358,.F.);
#7358 = EDGE_LOOP('',(#7359,#7380,#7381,#7402));
#7359 = ORIENTED_EDGE('',*,*,#7360,.F.);
#7360 = EDGE_CURVE('',#7141,#7261,#7361,.T.);
#7361 = SURFACE_CURVE('',#7362,(#7366,#7373),.PCURVE_S1.);
#7362 = LINE('',#7363,#7364);
#7363 = CARTESIAN_POINT('',(0.,0.,0.));
#7364 = VECTOR('',#7365,1.);
#7365 = DIRECTION('',(1.,0.,-0.));
#7366 = PCURVE('',#7163,#7367);
#7367 = DEFINITIONAL_REPRESENTATION('',(#7368),#7372);
#7368 = LINE('',#7369,#7370);
#7369 = CARTESIAN_POINT('',(0.,0.));
#7370 = VECTOR('',#7371,1.);
#7371 = DIRECTION('',(0.,1.));
#7372 = ( GEOMETRIC_REPRESENTATION_CONTEXT(2) 
PARAMETRIC_REPRESENTATION_CONTEXT() REPRESENTATION_CONTEXT('2D SPACE',''
  ) );
#7373 = PCURVE('',#7191,#7374);
#7374 = DEFINITIONAL_REPRESENTATION('',(#7375),#7379);
#7375 = LINE('',#7376,#7377);
#7376 = CARTESIAN_POINT('',(0.,0.));
#7377 = VECTOR('',#7378,1.);
#7378 = DIRECTION('',(1.,0.));
#7379 = ( GEOMETRIC_REPRESENTATION_CONTEXT(2) 
PARAMETRIC_REPRESENTATION_CONTEXT() REPRESENTATION_CONTEXT('2D SPACE',''
  ) );
#7380 = ORIENTED_EDGE('',*,*,#7140,.T.);
#7381 = ORIENTED_EDGE('',*,*,#7382,.T.);
#7382 = EDGE_CURVE('',#7143,#7263,#7383,.T.);
#7383 = SURFACE_CURVE('',#7384,(#7388,#7395),.PCURVE_S1.);
#7384 = LINE('',#7385,#7386);
#7385 = CARTESIAN_POINT('',(0.,0.,2.04E+03));
#7386 = VECTOR('',#7387,1.);
#7387 = DIRECTION('',(1.,0.,-0.));
#7388 = PCURVE('',#7163,#7389);
#7389 = DEFINITIONAL_REPRESENTATION('',(#7390),#7394);
#7390 = LINE('',#7391,#7392);
#7391 = CARTESIAN_POINT('',(2.04E+03,0.));
#7392 = VECTOR('',#7393,1.);
#7393 = DIRECTION('',(0.,1.));
#7394 = ( GEOMETRIC_REPRESENTATION_CONTEXT(2) 
PARAMETRIC_REPRESENTATION_CONTEXT() REPRESENTATION_CONTEXT('2D SPACE',''
  ) );
#7395 = PCURVE('',#7245,#7396);
#7396 = DEFINITIONAL_REPRESENTATION('',(#7397),#7401);
#7397 = LINE('',#7398,#7399);
#7398 = CARTESIAN_POINT('',(0.,0.));
#7399 = VECTOR('',#7400,1.);
#7400 = DIRECTION('',(1.,0.));
#7401 = ( GEOMETRIC_REPRESENTATION_CONTEXT(2) 
PARAMETRIC_REPRESENTATION_CONTEXT() REPRESENTATION_CONTEXT('2D SPACE',''
  ) );
#7402 = ORIENTED_EDGE('',*,*,#7260,.F.);
#7403 = ADVANCED_FACE('',(#7404),#7219,.T.);
#7404 = FACE_BOUND('',#7405,.T.);
#7405 = EDGE_LOOP('',(#7406,#7427,#7428,#7449));
#7406 = ORIENTED_EDGE('',*,*,#7407,.F.);
#7407 = EDGE_CURVE('',#7176,#7291,#7408,.T.);
#7408 = SURFACE_CURVE('',#7409,(#7413,#7420),.PCURVE_S1.);
#7409 = LINE('',#7410,#7411);
#7410 = CARTESIAN_POINT('',(0.,25.,0.));
#7411 = VECTOR('',#7412,1.);
#7412 = DIRECTION('',(1.,0.,-0.));
#7413 = PCURVE('',#7219,#7414);
#7414 = DEFINITIONAL_REPRESENTATION('',(#7415),#7419);
#7415 = LINE('',#7416,#7417);
#7416 = CARTESIAN_POINT('',(0.,0.));
#7417 = VECTOR('',#7418,1.);
#7418 = DIRECTION('',(0.,1.));
#7419 = ( GEOMETRIC_REPRESENTATION_CONTEXT(2) 
PARAMETRIC_REPRESENTATION_CONTEXT() REPRESENTATION_CONTEXT('2D SPACE',''
  ) );
#7420 = PCURVE('',#7191,#7421);
#7421 = DEFINITIONAL_REPRESENTATION('',(#7422),#7426);
#7422 = LINE('',#7423,#7424);
#7423 = CARTESIAN_POINT('',(0.,25.));
#7424 = VECTOR('',#7425,1.);
#7425 = DIRECTION('',(1.,0.));
#7426 = ( GEOMETRIC_REPRESENTATION_CONTEXT(2) 
PARAMETRIC_REPRESENTATION_CONTEXT() REPRESENTATION_CONTEXT('2D SPACE',''
  ) );
#7427 = ORIENTED_EDGE('',*,*,#7203,.T.);
#7428 = ORIENTED_EDGE('',*,*,#7429,.T.);
#7429 = EDGE_CURVE('',#7204,#7314,#7430,.T.);
#7430 = SURFACE_CURVE('',#7431,(#7435,#7442),.PCURVE_S1.);
#7431 = LINE('',#7432,#7433);
#7432 = CARTESIAN_POINT('',(0.,25.,2.04E+03));
#7433 = VECTOR('',#7434,1.);
#7434 = DIRECTION('',(1.,0.,-0.));
#7435 = PCURVE('',#7219,#7436);
#7436 = DEFINITIONAL_REPRESENTATION('',(#7437),#7441);
#7437 = LINE('',#7438,#7439);
#7438 = CARTESIAN_POINT('',(2.04E+03,0.));
#7439 = VECTOR('',#7440,1.);
#7440 = DIRECTION('',(0.,1.));
#7441 = ( GEOMETRIC_REPRESENTATION_CONTEXT(2) 
PARAMETRIC_REPRESENTATION_CONTEXT() REPRESENTATION_CONTEXT('2D SPACE',''
  ) );
#7442 = PCURVE('',#7245,#7443);
#7443 = DEFINITIONAL_REPRESENTATION('',(#7444),#7448);
#7444 = LINE('',#7445,#7446);
#7445 = CARTESIAN_POINT('',(0.,25.));
#7446 = VECTOR('',#7447,1.);
#7447 = DIRECTION('',(1.,0.));
#7448 = ( GEOMETRIC_REPRESENTATION_CONTEXT(2) 
PARAMETRIC_REPRESENTATION_CONTEXT() REPRESENTATION_CONTEXT('2D SPACE',''
  ) );
#7449 = ORIENTED_EDGE('',*,*,#7313,.F.);
#7450 = ADVANCED_FACE('',(#7451),#7191,.F.);
#7451 = FACE_BOUND('',#7452,.F.);
#7452 = EDGE_LOOP('',(#7453,#7454,#7455,#7456));
#7453 = ORIENTED_EDGE('',*,*,#7175,.F.);
#7454 = ORIENTED_EDGE('',*,*,#7360,.T.);
#7455 = ORIENTED_EDGE('',*,*,#7290,.T.);
#7456 = ORIENTED_EDGE('',*,*,#7407,.F.);
#7457 = ADVANCED_FACE('',(#7458),#7245,.T.);
#7458 = FACE_BOUND('',#7459,.T.);
#7459 = EDGE_LOOP('',(#7460,#7461,#7462,#7463));
#7460 = ORIENTED_EDGE('',*,*,#7231,.F.);
#7461 = ORIENTED_EDGE('',*,*,#7382,.T.);
#7462 = ORIENTED_EDGE('',*,*,#7336,.T.);
#7463 = ORIENTED_EDGE('',*,*,#7429,.F.);
#7464 = ( GEOMETRIC_REPRESENTATION_CONTEXT(3) 
GLOBAL_UNCERTAINTY_ASSIGNED_CONTEXT((#7468)) 
GLOBAL_UNIT_ASSIGNED_CONTEXT((#7465,#7466,#7467)) REPRESENTATION_CONTEXT
('Context #1','3D Context with UNIT and UNCERTAINTY') );
#7465 = ( LENGTH_UNIT() NAMED_UNIT(*) SI_UNIT(.MILLI.,.METRE.) );
#7466 = ( NAMED_UNIT(*) PLANE_ANGLE_UNIT() SI_UNIT($,.RADIAN.) );
#7467 = ( NAMED_UNIT(*) SI_UNIT($,.STERADIAN.) SOLID_ANGLE_UNIT() );
#7468 = UNCERTAINTY_MEASURE_WITH_UNIT(LENGTH_MEASURE(1.E-07),#7465,
  'distance_accuracy_value','confusion accuracy');
#7469 = CONTEXT_DEPENDENT_SHAPE_REPRESENTATION(#7470,#7472);
#7470 = ( REPRESENTATION_RELATIONSHIP('','',#7133,#10) 
REPRESENTATION_RELATIONSHIP_WITH_TRANSFORMATION(#7471) 
SHAPE_REPRESENTATION_RELATIONSHIP() );
#7471 = ITEM_DEFINED_TRANSFORMATION('','',#11,#67);
#7472 = PRODUCT_DEFINITION_SHAPE('Placement','Placement of an item',
  #7473);
#7473 = NEXT_ASSEMBLY_USAGE_OCCURRENCE('881',
'\X2\043F043E043B043E0442043D043E\X0\_\X2\04410442043E0439043A0430\X0\_25\X2\0445\X0\50\X2\0445\X0\2040'
  ,'',#5,#7128,$);
#7474 = PRODUCT_RELATED_PRODUCT_CATEGORY('part',$,(#7130));
#7475 = SHAPE_DEFINITION_REPRESENTATION(#7476,#7482);
#7476 = PRODUCT_DEFINITION_SHAPE('','',#7477);
#7477 = PRODUCT_DEFINITION('design','',#7478,#7481);
#7478 = PRODUCT_DEFINITION_FORMATION('','',#7479);
#7479 = PRODUCT(
'\X2\043F043E043B043E0442043D043E\X0\_\X2\043F043504400435043C044B0447043A0430\X0\_
25\X2\0445\X0\50\X2\0445\X0\690.0',
'\X2\043F043E043B043E0442043D043E\X0\_\X2\043F043504400435043C044B0447043A0430\X0\_
25\X2\0445\X0\50\X2\0445\X0\690.0','',(#7480));
#7480 = PRODUCT_CONTEXT('',#2,'mechanical');
#7481 = PRODUCT_DEFINITION_CONTEXT('part definition',#2,'design');
#7482 = ADVANCED_BREP_SHAPE_REPRESENTATION('',(#11,#7483),#7813);
#7483 = MANIFOLD_SOLID_BREP('',#7484);
#7484 = CLOSED_SHELL('',(#7485,#7605,#7705,#7752,#7799,#7806));
#7485 = ADVANCED_FACE('',(#7486),#7500,.F.);
#7486 = FACE_BOUND('',#7487,.F.);
#7487 = EDGE_LOOP('',(#7488,#7523,#7551,#7579));
#7488 = ORIENTED_EDGE('',*,*,#7489,.F.);
#7489 = EDGE_CURVE('',#7490,#7492,#7494,.T.);
#7490 = VERTEX_POINT('',#7491);
#7491 = CARTESIAN_POINT('',(0.,0.,0.));
#7492 = VERTEX_POINT('',#7493);
#7493 = CARTESIAN_POINT('',(0.,0.,50.));
#7494 = SURFACE_CURVE('',#7495,(#7499,#7511),.PCURVE_S1.);
#7495 = LINE('',#7496,#7497);
#7496 = CARTESIAN_POINT('',(0.,0.,0.));
#7497 = VECTOR('',#7498,1.);
#7498 = DIRECTION('',(0.,0.,1.));
#7499 = PCURVE('',#7500,#7505);
#7500 = PLANE('',#7501);
#7501 = AXIS2_PLACEMENT_3D('',#7502,#7503,#7504);
#7502 = CARTESIAN_POINT('',(0.,0.,0.));
#7503 = DIRECTION('',(1.,0.,-0.));
#7504 = DIRECTION('',(0.,0.,1.));
#7505 = DEFINITIONAL_REPRESENTATION('',(#7506),#7510);
#7506 = LINE('',#7507,#7508);
#7507 = CARTESIAN_POINT('',(0.,0.));
#7508 = VECTOR('',#7509,1.);
#7509 = DIRECTION('',(1.,0.));
#7510 = ( GEOMETRIC_REPRESENTATION_CONTEXT(2) 
PARAMETRIC_REPRESENTATION_CONTEXT() REPRESENTATION_CONTEXT('2D SPACE',''
  ) );
#7511 = PCURVE('',#7512,#7517);
#7512 = PLANE('',#7513);
#7513 = AXIS2_PLACEMENT_3D('',#7514,#7515,#7516);
#7514 = CARTESIAN_POINT('',(0.,0.,0.));
#7515 = DIRECTION('',(-0.,1.,0.));
#7516 = DIRECTION('',(0.,0.,1.));
#7517 = DEFINITIONAL_REPRESENTATION('',(#7518),#7522);
#7518 = LINE('',#7519,#7520);
#7519 = CARTESIAN_POINT('',(0.,0.));
#7520 = VECTOR('',#7521,1.);
#7521 = DIRECTION('',(1.,0.));
#7522 = ( GEOMETRIC_REPRESENTATION_CONTEXT(2) 
PARAMETRIC_REPRESENTATION_CONTEXT() REPRESENTATION_CONTEXT('2D SPACE',''
  ) );
#7523 = ORIENTED_EDGE('',*,*,#7524,.T.);
#7524 = EDGE_CURVE('',#7490,#7525,#7527,.T.);
#7525 = VERTEX_POINT('',#7526);
#7526 = CARTESIAN_POINT('',(0.,25.,0.));
#7527 = SURFACE_CURVE('',#7528,(#7532,#7539),.PCURVE_S1.);
#7528 = LINE('',#7529,#7530);
#7529 = CARTESIAN_POINT('',(0.,0.,0.));
#7530 = VECTOR('',#7531,1.);
#7531 = DIRECTION('',(-0.,1.,0.));
#7532 = PCURVE('',#7500,#7533);
#7533 = DEFINITIONAL_REPRESENTATION('',(#7534),#7538);
#7534 = LINE('',#7535,#7536);
#7535 = CARTESIAN_POINT('',(0.,0.));
#7536 = VECTOR('',#7537,1.);
#7537 = DIRECTION('',(0.,-1.));
#7538 = ( GEOMETRIC_REPRESENTATION_CONTEXT(2) 
PARAMETRIC_REPRESENTATION_CONTEXT() REPRESENTATION_CONTEXT('2D SPACE',''
  ) );
#7539 = PCURVE('',#7540,#7545);
#7540 = PLANE('',#7541);
#7541 = AXIS2_PLACEMENT_3D('',#7542,#7543,#7544);
#7542 = CARTESIAN_POINT('',(0.,0.,0.));
#7543 = DIRECTION('',(0.,0.,1.));
#7544 = DIRECTION('',(1.,0.,-0.));
#7545 = DEFINITIONAL_REPRESENTATION('',(#7546),#7550);
#7546 = LINE('',#7547,#7548);
#7547 = CARTESIAN_POINT('',(0.,0.));
#7548 = VECTOR('',#7549,1.);
#7549 = DIRECTION('',(0.,1.));
#7550 = ( GEOMETRIC_REPRESENTATION_CONTEXT(2) 
PARAMETRIC_REPRESENTATION_CONTEXT() REPRESENTATION_CONTEXT('2D SPACE',''
  ) );
#7551 = ORIENTED_EDGE('',*,*,#7552,.T.);
#7552 = EDGE_CURVE('',#7525,#7553,#7555,.T.);
#7553 = VERTEX_POINT('',#7554);
#7554 = CARTESIAN_POINT('',(0.,25.,50.));
#7555 = SURFACE_CURVE('',#7556,(#7560,#7567),.PCURVE_S1.);
#7556 = LINE('',#7557,#7558);
#7557 = CARTESIAN_POINT('',(0.,25.,0.));
#7558 = VECTOR('',#7559,1.);
#7559 = DIRECTION('',(0.,0.,1.));
#7560 = PCURVE('',#7500,#7561);
#7561 = DEFINITIONAL_REPRESENTATION('',(#7562),#7566);
#7562 = LINE('',#7563,#7564);
#7563 = CARTESIAN_POINT('',(0.,-25.));
#7564 = VECTOR('',#7565,1.);
#7565 = DIRECTION('',(1.,0.));
#7566 = ( GEOMETRIC_REPRESENTATION_CONTEXT(2) 
PARAMETRIC_REPRESENTATION_CONTEXT() REPRESENTATION_CONTEXT('2D SPACE',''
  ) );
#7567 = PCURVE('',#7568,#7573);
#7568 = PLANE('',#7569);
#7569 = AXIS2_PLACEMENT_3D('',#7570,#7571,#7572);
#7570 = CARTESIAN_POINT('',(0.,25.,0.));
#7571 = DIRECTION('',(-0.,1.,0.));
#7572 = DIRECTION('',(0.,0.,1.));
#7573 = DEFINITIONAL_REPRESENTATION('',(#7574),#7578);
#7574 = LINE('',#7575,#7576);
#7575 = CARTESIAN_POINT('',(0.,0.));
#7576 = VECTOR('',#7577,1.);
#7577 = DIRECTION('',(1.,0.));
#7578 = ( GEOMETRIC_REPRESENTATION_CONTEXT(2) 
PARAMETRIC_REPRESENTATION_CONTEXT() REPRESENTATION_CONTEXT('2D SPACE',''
  ) );
#7579 = ORIENTED_EDGE('',*,*,#7580,.F.);
#7580 = EDGE_CURVE('',#7492,#7553,#7581,.T.);
#7581 = SURFACE_CURVE('',#7582,(#7586,#7593),.PCURVE_S1.);
#7582 = LINE('',#7583,#7584);
#7583 = CARTESIAN_POINT('',(0.,0.,50.));
#7584 = VECTOR('',#7585,1.);
#7585 = DIRECTION('',(-0.,1.,0.));
#7586 = PCURVE('',#7500,#7587);
#7587 = DEFINITIONAL_REPRESENTATION('',(#7588),#7592);
#7588 = LINE('',#7589,#7590);
#7589 = CARTESIAN_POINT('',(50.,0.));
#7590 = VECTOR('',#7591,1.);
#7591 = DIRECTION('',(0.,-1.));
#7592 = ( GEOMETRIC_REPRESENTATION_CONTEXT(2) 
PARAMETRIC_REPRESENTATION_CONTEXT() REPRESENTATION_CONTEXT('2D SPACE',''
  ) );
#7593 = PCURVE('',#7594,#7599);
#7594 = PLANE('',#7595);
#7595 = AXIS2_PLACEMENT_3D('',#7596,#7597,#7598);
#7596 = CARTESIAN_POINT('',(0.,0.,50.));
#7597 = DIRECTION('',(0.,0.,1.));
#7598 = DIRECTION('',(1.,0.,-0.));
#7599 = DEFINITIONAL_REPRESENTATION('',(#7600),#7604);
#7600 = LINE('',#7601,#7602);
#7601 = CARTESIAN_POINT('',(0.,0.));
#7602 = VECTOR('',#7603,1.);
#7603 = DIRECTION('',(0.,1.));
#7604 = ( GEOMETRIC_REPRESENTATION_CONTEXT(2) 
PARAMETRIC_REPRESENTATION_CONTEXT() REPRESENTATION_CONTEXT('2D SPACE',''
  ) );
#7605 = ADVANCED_FACE('',(#7606),#7620,.T.);
#7606 = FACE_BOUND('',#7607,.T.);
#7607 = EDGE_LOOP('',(#7608,#7638,#7661,#7684));
#7608 = ORIENTED_EDGE('',*,*,#7609,.F.);
#7609 = EDGE_CURVE('',#7610,#7612,#7614,.T.);
#7610 = VERTEX_POINT('',#7611);
#7611 = CARTESIAN_POINT('',(690.,0.,0.));
#7612 = VERTEX_POINT('',#7613);
#7613 = CARTESIAN_POINT('',(690.,0.,50.));
#7614 = SURFACE_CURVE('',#7615,(#7619,#7631),.PCURVE_S1.);
#7615 = LINE('',#7616,#7617);
#7616 = CARTESIAN_POINT('',(690.,0.,0.));
#7617 = VECTOR('',#7618,1.);
#7618 = DIRECTION('',(0.,0.,1.));
#7619 = PCURVE('',#7620,#7625);
#7620 = PLANE('',#7621);
#7621 = AXIS2_PLACEMENT_3D('',#7622,#7623,#7624);
#7622 = CARTESIAN_POINT('',(690.,0.,0.));
#7623 = DIRECTION('',(1.,0.,-0.));
#7624 = DIRECTION('',(0.,0.,1.));
#7625 = DEFINITIONAL_REPRESENTATION('',(#7626),#7630);
#7626 = LINE('',#7627,#7628);
#7627 = CARTESIAN_POINT('',(0.,0.));
#7628 = VECTOR('',#7629,1.);
#7629 = DIRECTION('',(1.,0.));
#7630 = ( GEOMETRIC_REPRESENTATION_CONTEXT(2) 
PARAMETRIC_REPRESENTATION_CONTEXT() REPRESENTATION_CONTEXT('2D SPACE',''
  ) );
#7631 = PCURVE('',#7512,#7632);
#7632 = DEFINITIONAL_REPRESENTATION('',(#7633),#7637);
#7633 = LINE('',#7634,#7635);
#7634 = CARTESIAN_POINT('',(0.,690.));
#7635 = VECTOR('',#7636,1.);
#7636 = DIRECTION('',(1.,0.));
#7637 = ( GEOMETRIC_REPRESENTATION_CONTEXT(2) 
PARAMETRIC_REPRESENTATION_CONTEXT() REPRESENTATION_CONTEXT('2D SPACE',''
  ) );
#7638 = ORIENTED_EDGE('',*,*,#7639,.T.);
#7639 = EDGE_CURVE('',#7610,#7640,#7642,.T.);
#7640 = VERTEX_POINT('',#7641);
#7641 = CARTESIAN_POINT('',(690.,25.,0.));
#7642 = SURFACE_CURVE('',#7643,(#7647,#7654),.PCURVE_S1.);
#7643 = LINE('',#7644,#7645);
#7644 = CARTESIAN_POINT('',(690.,0.,0.));
#7645 = VECTOR('',#7646,1.);
#7646 = DIRECTION('',(-0.,1.,0.));
#7647 = PCURVE('',#7620,#7648);
#7648 = DEFINITIONAL_REPRESENTATION('',(#7649),#7653);
#7649 = LINE('',#7650,#7651);
#7650 = CARTESIAN_POINT('',(0.,0.));
#7651 = VECTOR('',#7652,1.);
#7652 = DIRECTION('',(0.,-1.));
#7653 = ( GEOMETRIC_REPRESENTATION_CONTEXT(2) 
PARAMETRIC_REPRESENTATION_CONTEXT() REPRESENTATION_CONTEXT('2D SPACE',''
  ) );
#7654 = PCURVE('',#7540,#7655);
#7655 = DEFINITIONAL_REPRESENTATION('',(#7656),#7660);
#7656 = LINE('',#7657,#7658);
#7657 = CARTESIAN_POINT('',(690.,0.));
#7658 = VECTOR('',#7659,1.);
#7659 = DIRECTION('',(0.,1.));
#7660 = ( GEOMETRIC_REPRESENTATION_CONTEXT(2) 
PARAMETRIC_REPRESENTATION_CONTEXT() REPRESENTATION_CONTEXT('2D SPACE',''
  ) );
#7661 = ORIENTED_EDGE('',*,*,#7662,.T.);
#7662 = EDGE_CURVE('',#7640,#7663,#7665,.T.);
#7663 = VERTEX_POINT('',#7664);
#7664 = CARTESIAN_POINT('',(690.,25.,50.));
#7665 = SURFACE_CURVE('',#7666,(#7670,#7677),.PCURVE_S1.);
#7666 = LINE('',#7667,#7668);
#7667 = CARTESIAN_POINT('',(690.,25.,0.));
#7668 = VECTOR('',#7669,1.);
#7669 = DIRECTION('',(0.,0.,1.));
#7670 = PCURVE('',#7620,#7671);
#7671 = DEFINITIONAL_REPRESENTATION('',(#7672),#7676);
#7672 = LINE('',#7673,#7674);
#7673 = CARTESIAN_POINT('',(0.,-25.));
#7674 = VECTOR('',#7675,1.);
#7675 = DIRECTION('',(1.,0.));
#7676 = ( GEOMETRIC_REPRESENTATION_CONTEXT(2) 
PARAMETRIC_REPRESENTATION_CONTEXT() REPRESENTATION_CONTEXT('2D SPACE',''
  ) );
#7677 = PCURVE('',#7568,#7678);
#7678 = DEFINITIONAL_REPRESENTATION('',(#7679),#7683);
#7679 = LINE('',#7680,#7681);
#7680 = CARTESIAN_POINT('',(0.,690.));
#7681 = VECTOR('',#7682,1.);
#7682 = DIRECTION('',(1.,0.));
#7683 = ( GEOMETRIC_REPRESENTATION_CONTEXT(2) 
PARAMETRIC_REPRESENTATION_CONTEXT() REPRESENTATION_CONTEXT('2D SPACE',''
  ) );
#7684 = ORIENTED_EDGE('',*,*,#7685,.F.);
#7685 = EDGE_CURVE('',#7612,#7663,#7686,.T.);
#7686 = SURFACE_CURVE('',#7687,(#7691,#7698),.PCURVE_S1.);
#7687 = LINE('',#7688,#7689);
#7688 = CARTESIAN_POINT('',(690.,0.,50.));
#7689 = VECTOR('',#7690,1.);
#7690 = DIRECTION('',(-0.,1.,0.));
#7691 = PCURVE('',#7620,#7692);
#7692 = DEFINITIONAL_REPRESENTATION('',(#7693),#7697);
#7693 = LINE('',#7694,#7695);
#7694 = CARTESIAN_POINT('',(50.,0.));
#7695 = VECTOR('',#7696,1.);
#7696 = DIRECTION('',(0.,-1.));
#7697 = ( GEOMETRIC_REPRESENTATION_CONTEXT(2) 
PARAMETRIC_REPRESENTATION_CONTEXT() REPRESENTATION_CONTEXT('2D SPACE',''
  ) );
#7698 = PCURVE('',#7594,#7699);
#7699 = DEFINITIONAL_REPRESENTATION('',(#7700),#7704);
#7700 = LINE('',#7701,#7702);
#7701 = CARTESIAN_POINT('',(690.,0.));
#7702 = VECTOR('',#7703,1.);
#7703 = DIRECTION('',(0.,1.));
#7704 = ( GEOMETRIC_REPRESENTATION_CONTEXT(2) 
PARAMETRIC_REPRESENTATION_CONTEXT() REPRESENTATION_CONTEXT('2D SPACE',''
  ) );
#7705 = ADVANCED_FACE('',(#7706),#7512,.F.);
#7706 = FACE_BOUND('',#7707,.F.);
#7707 = EDGE_LOOP('',(#7708,#7729,#7730,#7751));
#7708 = ORIENTED_EDGE('',*,*,#7709,.F.);
#7709 = EDGE_CURVE('',#7490,#7610,#7710,.T.);
#7710 = SURFACE_CURVE('',#7711,(#7715,#7722),.PCURVE_S1.);
#7711 = LINE('',#7712,#7713);
#7712 = CARTESIAN_POINT('',(0.,0.,0.));
#7713 = VECTOR('',#7714,1.);
#7714 = DIRECTION('',(1.,0.,-0.));
#7715 = PCURVE('',#7512,#7716);
#7716 = DEFINITIONAL_REPRESENTATION('',(#7717),#7721);
#7717 = LINE('',#7718,#7719);
#7718 = CARTESIAN_POINT('',(0.,0.));
#7719 = VECTOR('',#7720,1.);
#7720 = DIRECTION('',(0.,1.));
#7721 = ( GEOMETRIC_REPRESENTATION_CONTEXT(2) 
PARAMETRIC_REPRESENTATION_CONTEXT() REPRESENTATION_CONTEXT('2D SPACE',''
  ) );
#7722 = PCURVE('',#7540,#7723);
#7723 = DEFINITIONAL_REPRESENTATION('',(#7724),#7728);
#7724 = LINE('',#7725,#7726);
#7725 = CARTESIAN_POINT('',(0.,0.));
#7726 = VECTOR('',#7727,1.);
#7727 = DIRECTION('',(1.,0.));
#7728 = ( GEOMETRIC_REPRESENTATION_CONTEXT(2) 
PARAMETRIC_REPRESENTATION_CONTEXT() REPRESENTATION_CONTEXT('2D SPACE',''
  ) );
#7729 = ORIENTED_EDGE('',*,*,#7489,.T.);
#7730 = ORIENTED_EDGE('',*,*,#7731,.T.);
#7731 = EDGE_CURVE('',#7492,#7612,#7732,.T.);
#7732 = SURFACE_CURVE('',#7733,(#7737,#7744),.PCURVE_S1.);
#7733 = LINE('',#7734,#7735);
#7734 = CARTESIAN_POINT('',(0.,0.,50.));
#7735 = VECTOR('',#7736,1.);
#7736 = DIRECTION('',(1.,0.,-0.));
#7737 = PCURVE('',#7512,#7738);
#7738 = DEFINITIONAL_REPRESENTATION('',(#7739),#7743);
#7739 = LINE('',#7740,#7741);
#7740 = CARTESIAN_POINT('',(50.,0.));
#7741 = VECTOR('',#7742,1.);
#7742 = DIRECTION('',(0.,1.));
#7743 = ( GEOMETRIC_REPRESENTATION_CONTEXT(2) 
PARAMETRIC_REPRESENTATION_CONTEXT() REPRESENTATION_CONTEXT('2D SPACE',''
  ) );
#7744 = PCURVE('',#7594,#7745);
#7745 = DEFINITIONAL_REPRESENTATION('',(#7746),#7750);
#7746 = LINE('',#7747,#7748);
#7747 = CARTESIAN_POINT('',(0.,0.));
#7748 = VECTOR('',#7749,1.);
#7749 = DIRECTION('',(1.,0.));
#7750 = ( GEOMETRIC_REPRESENTATION_CONTEXT(2) 
PARAMETRIC_REPRESENTATION_CONTEXT() REPRESENTATION_CONTEXT('2D SPACE',''
  ) );
#7751 = ORIENTED_EDGE('',*,*,#7609,.F.);
#7752 = ADVANCED_FACE('',(#7753),#7568,.T.);
#7753 = FACE_BOUND('',#7754,.T.);
#7754 = EDGE_LOOP('',(#7755,#7776,#7777,#7798));
#7755 = ORIENTED_EDGE('',*,*,#7756,.F.);
#7756 = EDGE_CURVE('',#7525,#7640,#7757,.T.);
#7757 = SURFACE_CURVE('',#7758,(#7762,#7769),.PCURVE_S1.);
#7758 = LINE('',#7759,#7760);
#7759 = CARTESIAN_POINT('',(0.,25.,0.));
#7760 = VECTOR('',#7761,1.);
#7761 = DIRECTION('',(1.,0.,-0.));
#7762 = PCURVE('',#7568,#7763);
#7763 = DEFINITIONAL_REPRESENTATION('',(#7764),#7768);
#7764 = LINE('',#7765,#7766);
#7765 = CARTESIAN_POINT('',(0.,0.));
#7766 = VECTOR('',#7767,1.);
#7767 = DIRECTION('',(0.,1.));
#7768 = ( GEOMETRIC_REPRESENTATION_CONTEXT(2) 
PARAMETRIC_REPRESENTATION_CONTEXT() REPRESENTATION_CONTEXT('2D SPACE',''
  ) );
#7769 = PCURVE('',#7540,#7770);
#7770 = DEFINITIONAL_REPRESENTATION('',(#7771),#7775);
#7771 = LINE('',#7772,#7773);
#7772 = CARTESIAN_POINT('',(0.,25.));
#7773 = VECTOR('',#7774,1.);
#7774 = DIRECTION('',(1.,0.));
#7775 = ( GEOMETRIC_REPRESENTATION_CONTEXT(2) 
PARAMETRIC_REPRESENTATION_CONTEXT() REPRESENTATION_CONTEXT('2D SPACE',''
  ) );
#7776 = ORIENTED_EDGE('',*,*,#7552,.T.);
#7777 = ORIENTED_EDGE('',*,*,#7778,.T.);
#7778 = EDGE_CURVE('',#7553,#7663,#7779,.T.);
#7779 = SURFACE_CURVE('',#7780,(#7784,#7791),.PCURVE_S1.);
#7780 = LINE('',#7781,#7782);
#7781 = CARTESIAN_POINT('',(0.,25.,50.));
#7782 = VECTOR('',#7783,1.);
#7783 = DIRECTION('',(1.,0.,-0.));
#7784 = PCURVE('',#7568,#7785);
#7785 = DEFINITIONAL_REPRESENTATION('',(#7786),#7790);
#7786 = LINE('',#7787,#7788);
#7787 = CARTESIAN_POINT('',(50.,0.));
#7788 = VECTOR('',#7789,1.);
#7789 = DIRECTION('',(0.,1.));
#7790 = ( GEOMETRIC_REPRESENTATION_CONTEXT(2) 
PARAMETRIC_REPRESENTATION_CONTEXT() REPRESENTATION_CONTEXT('2D SPACE',''
  ) );
#7791 = PCURVE('',#7594,#7792);
#7792 = DEFINITIONAL_REPRESENTATION('',(#7793),#7797);
#7793 = LINE('',#7794,#7795);
#7794 = CARTESIAN_POINT('',(0.,25.));
#7795 = VECTOR('',#7796,1.);
#7796 = DIRECTION('',(1.,0.));
#7797 = ( GEOMETRIC_REPRESENTATION_CONTEXT(2) 
PARAMETRIC_REPRESENTATION_CONTEXT() REPRESENTATION_CONTEXT('2D SPACE',''
  ) );
#7798 = ORIENTED_EDGE('',*,*,#7662,.F.);
#7799 = ADVANCED_FACE('',(#7800),#7540,.F.);
#7800 = FACE_BOUND('',#7801,.F.);
#7801 = EDGE_LOOP('',(#7802,#7803,#7804,#7805));
#7802 = ORIENTED_EDGE('',*,*,#7524,.F.);
#7803 = ORIENTED_EDGE('',*,*,#7709,.T.);
#7804 = ORIENTED_EDGE('',*,*,#7639,.T.);
#7805 = ORIENTED_EDGE('',*,*,#7756,.F.);
#7806 = ADVANCED_FACE('',(#7807),#7594,.T.);
#7807 = FACE_BOUND('',#7808,.T.);
#7808 = EDGE_LOOP('',(#7809,#7810,#7811,#7812));
#7809 = ORIENTED_EDGE('',*,*,#7580,.F.);
#7810 = ORIENTED_EDGE('',*,*,#7731,.T.);
#7811 = ORIENTED_EDGE('',*,*,#7685,.T.);
#7812 = ORIENTED_EDGE('',*,*,#7778,.F.);
#7813 = ( GEOMETRIC_REPRESENTATION_CONTEXT(3) 
GLOBAL_UNCERTAINTY_ASSIGNED_CONTEXT((#7817)) 
GLOBAL_UNIT_ASSIGNED_CONTEXT((#7814,#7815,#7816)) REPRESENTATION_CONTEXT
('Context #1','3D Context with UNIT and UNCERTAINTY') );
#7814 = ( LENGTH_UNIT() NAMED_UNIT(*) SI_UNIT(.MILLI.,.METRE.) );
#7815 = ( NAMED_UNIT(*) PLANE_ANGLE_UNIT() SI_UNIT($,.RADIAN.) );
#7816 = ( NAMED_UNIT(*) SI_UNIT($,.STERADIAN.) SOLID_ANGLE_UNIT() );
#7817 = UNCERTAINTY_MEASURE_WITH_UNIT(LENGTH_MEASURE(1.E-07),#7814,
  'distance_accuracy_value','confusion accuracy');
#7818 = CONTEXT_DEPENDENT_SHAPE_REPRESENTATION(#7819,#7821);
#7819 = ( REPRESENTATION_RELATIONSHIP('','',#7482,#10) 
REPRESENTATION_RELATIONSHIP_WITH_TRANSFORMATION(#7820) 
SHAPE_REPRESENTATION_RELATIONSHIP() );
#7820 = ITEM_DEFINED_TRANSFORMATION('','',#11,#71);
#7821 = PRODUCT_DEFINITION_SHAPE('Placement','Placement of an item',
  #7822);
#7822 = NEXT_ASSEMBLY_USAGE_OCCURRENCE('882',
'\X2\043F043E043B043E0442043D043E\X0\_\X2\043F043504400435043C044B0447043A0430\X0\_
25\X2\0445\X0\50\X2\0445\X0\690.0','',#5,#7477,$);
#7823 = PRODUCT_RELATED_PRODUCT_CATEGORY('part',$,(#7479));
#7824 = SHAPE_DEFINITION_REPRESENTATION(#7825,#7831);
#7825 = PRODUCT_DEFINITION_SHAPE('','',#7826);
#7826 = PRODUCT_DEFINITION('design','',#7827,#7830);
#7827 = PRODUCT_DEFINITION_FORMATION('','',#7828);
#7828 = PRODUCT(
'\X2\043F043E043B043E0442043D043E\X0\_\X2\043F043504400435043C044B0447043A0430\X0\_
25\X2\0445\X0\50\X2\0445\X0\690.0',
'\X2\043F043E043B043E0442043D043E\X0\_\X2\043F043504400435043C044B0447043A0430\X0\_
25\X2\0445\X0\50\X2\0445\X0\690.0','',(#7829));
#7829 = PRODUCT_CONTEXT('',#2,'mechanical');
#7830 = PRODUCT_DEFINITION_CONTEXT('part definition',#2,'design');
#7831 = ADVANCED_BREP_SHAPE_REPRESENTATION('',(#11,#7832),#8162);
#7832 = MANIFOLD_SOLID_BREP('',#7833);
#7833 = CLOSED_SHELL('',(#7834,#7954,#8054,#8101,#8148,#8155));
#7834 = ADVANCED_FACE('',(#7835),#7849,.F.);
#7835 = FACE_BOUND('',#7836,.F.);
#7836 = EDGE_LOOP('',(#7837,#7872,#7900,#7928));
#7837 = ORIENTED_EDGE('',*,*,#7838,.F.);
#7838 = EDGE_CURVE('',#7839,#7841,#7843,.T.);
#7839 = VERTEX_POINT('',#7840);
#7840 = CARTESIAN_POINT('',(0.,0.,0.));
#7841 = VERTEX_POINT('',#7842);
#7842 = CARTESIAN_POINT('',(0.,0.,50.));
#7843 = SURFACE_CURVE('',#7844,(#7848,#7860),.PCURVE_S1.);
#7844 = LINE('',#7845,#7846);
#7845 = CARTESIAN_POINT('',(0.,0.,0.));
#7846 = VECTOR('',#7847,1.);
#7847 = DIRECTION('',(0.,0.,1.));
#7848 = PCURVE('',#7849,#7854);
#7849 = PLANE('',#7850);
#7850 = AXIS2_PLACEMENT_3D('',#7851,#7852,#7853);
#7851 = CARTESIAN_POINT('',(0.,0.,0.));
#7852 = DIRECTION('',(1.,0.,-0.));
#7853 = DIRECTION('',(0.,0.,1.));
#7854 = DEFINITIONAL_REPRESENTATION('',(#7855),#7859);
#7855 = LINE('',#7856,#7857);
#7856 = CARTESIAN_POINT('',(0.,0.));
#7857 = VECTOR('',#7858,1.);
#7858 = DIRECTION('',(1.,0.));
#7859 = ( GEOMETRIC_REPRESENTATION_CONTEXT(2) 
PARAMETRIC_REPRESENTATION_CONTEXT() REPRESENTATION_CONTEXT('2D SPACE',''
  ) );
#7860 = PCURVE('',#7861,#7866);
#7861 = PLANE('',#7862);
#7862 = AXIS2_PLACEMENT_3D('',#7863,#7864,#7865);
#7863 = CARTESIAN_POINT('',(0.,0.,0.));
#7864 = DIRECTION('',(-0.,1.,0.));
#7865 = DIRECTION('',(0.,0.,1.));
#7866 = DEFINITIONAL_REPRESENTATION('',(#7867),#7871);
#7867 = LINE('',#7868,#7869);
#7868 = CARTESIAN_POINT('',(0.,0.));
#7869 = VECTOR('',#7870,1.);
#7870 = DIRECTION('',(1.,0.));
#7871 = ( GEOMETRIC_REPRESENTATION_CONTEXT(2) 
PARAMETRIC_REPRESENTATION_CONTEXT() REPRESENTATION_CONTEXT('2D SPACE',''
  ) );
#7872 = ORIENTED_EDGE('',*,*,#7873,.T.);
#7873 = EDGE_CURVE('',#7839,#7874,#7876,.T.);
#7874 = VERTEX_POINT('',#7875);
#7875 = CARTESIAN_POINT('',(0.,25.,0.));
#7876 = SURFACE_CURVE('',#7877,(#7881,#7888),.PCURVE_S1.);
#7877 = LINE('',#7878,#7879);
#7878 = CARTESIAN_POINT('',(0.,0.,0.));
#7879 = VECTOR('',#7880,1.);
#7880 = DIRECTION('',(-0.,1.,0.));
#7881 = PCURVE('',#7849,#7882);
#7882 = DEFINITIONAL_REPRESENTATION('',(#7883),#7887);
#7883 = LINE('',#7884,#7885);
#7884 = CARTESIAN_POINT('',(0.,0.));
#7885 = VECTOR('',#7886,1.);
#7886 = DIRECTION('',(0.,-1.));
#7887 = ( GEOMETRIC_REPRESENTATION_CONTEXT(2) 
PARAMETRIC_REPRESENTATION_CONTEXT() REPRESENTATION_CONTEXT('2D SPACE',''
  ) );
#7888 = PCURVE('',#7889,#7894);
#7889 = PLANE('',#7890);
#7890 = AXIS2_PLACEMENT_3D('',#7891,#7892,#7893);
#7891 = CARTESIAN_POINT('',(0.,0.,0.));
#7892 = DIRECTION('',(0.,0.,1.));
#7893 = DIRECTION('',(1.,0.,-0.));
#7894 = DEFINITIONAL_REPRESENTATION('',(#7895),#7899);
#7895 = LINE('',#7896,#7897);
#7896 = CARTESIAN_POINT('',(0.,0.));
#7897 = VECTOR('',#7898,1.);
#7898 = DIRECTION('',(0.,1.));
#7899 = ( GEOMETRIC_REPRESENTATION_CONTEXT(2) 
PARAMETRIC_REPRESENTATION_CONTEXT() REPRESENTATION_CONTEXT('2D SPACE',''
  ) );
#7900 = ORIENTED_EDGE('',*,*,#7901,.T.);
#7901 = EDGE_CURVE('',#7874,#7902,#7904,.T.);
#7902 = VERTEX_POINT('',#7903);
#7903 = CARTESIAN_POINT('',(0.,25.,50.));
#7904 = SURFACE_CURVE('',#7905,(#7909,#7916),.PCURVE_S1.);
#7905 = LINE('',#7906,#7907);
#7906 = CARTESIAN_POINT('',(0.,25.,0.));
#7907 = VECTOR('',#7908,1.);
#7908 = DIRECTION('',(0.,0.,1.));
#7909 = PCURVE('',#7849,#7910);
#7910 = DEFINITIONAL_REPRESENTATION('',(#7911),#7915);
#7911 = LINE('',#7912,#7913);
#7912 = CARTESIAN_POINT('',(0.,-25.));
#7913 = VECTOR('',#7914,1.);
#7914 = DIRECTION('',(1.,0.));
#7915 = ( GEOMETRIC_REPRESENTATION_CONTEXT(2) 
PARAMETRIC_REPRESENTATION_CONTEXT() REPRESENTATION_CONTEXT('2D SPACE',''
  ) );
#7916 = PCURVE('',#7917,#7922);
#7917 = PLANE('',#7918);
#7918 = AXIS2_PLACEMENT_3D('',#7919,#7920,#7921);
#7919 = CARTESIAN_POINT('',(0.,25.,0.));
#7920 = DIRECTION('',(-0.,1.,0.));
#7921 = DIRECTION('',(0.,0.,1.));
#7922 = DEFINITIONAL_REPRESENTATION('',(#7923),#7927);
#7923 = LINE('',#7924,#7925);
#7924 = CARTESIAN_POINT('',(0.,0.));
#7925 = VECTOR('',#7926,1.);
#7926 = DIRECTION('',(1.,0.));
#7927 = ( GEOMETRIC_REPRESENTATION_CONTEXT(2) 
PARAMETRIC_REPRESENTATION_CONTEXT() REPRESENTATION_CONTEXT('2D SPACE',''
  ) );
#7928 = ORIENTED_EDGE('',*,*,#7929,.F.);
#7929 = EDGE_CURVE('',#7841,#7902,#7930,.T.);
#7930 = SURFACE_CURVE('',#7931,(#7935,#7942),.PCURVE_S1.);
#7931 = LINE('',#7932,#7933);
#7932 = CARTESIAN_POINT('',(0.,0.,50.));
#7933 = VECTOR('',#7934,1.);
#7934 = DIRECTION('',(-0.,1.,0.));
#7935 = PCURVE('',#7849,#7936);
#7936 = DEFINITIONAL_REPRESENTATION('',(#7937),#7941);
#7937 = LINE('',#7938,#7939);
#7938 = CARTESIAN_POINT('',(50.,0.));
#7939 = VECTOR('',#7940,1.);
#7940 = DIRECTION('',(0.,-1.));
#7941 = ( GEOMETRIC_REPRESENTATION_CONTEXT(2) 
PARAMETRIC_REPRESENTATION_CONTEXT() REPRESENTATION_CONTEXT('2D SPACE',''
  ) );
#7942 = PCURVE('',#7943,#7948);
#7943 = PLANE('',#7944);
#7944 = AXIS2_PLACEMENT_3D('',#7945,#7946,#7947);
#7945 = CARTESIAN_POINT('',(0.,0.,50.));
#7946 = DIRECTION('',(0.,0.,1.));
#7947 = DIRECTION('',(1.,0.,-0.));
#7948 = DEFINITIONAL_REPRESENTATION('',(#7949),#7953);
#7949 = LINE('',#7950,#7951);
#7950 = CARTESIAN_POINT('',(0.,0.));
#7951 = VECTOR('',#7952,1.);
#7952 = DIRECTION('',(0.,1.));
#7953 = ( GEOMETRIC_REPRESENTATION_CONTEXT(2) 
PARAMETRIC_REPRESENTATION_CONTEXT() REPRESENTATION_CONTEXT('2D SPACE',''
  ) );
#7954 = ADVANCED_FACE('',(#7955),#7969,.T.);
#7955 = FACE_BOUND('',#7956,.T.);
#7956 = EDGE_LOOP('',(#7957,#7987,#8010,#8033));
#7957 = ORIENTED_EDGE('',*,*,#7958,.F.);
#7958 = EDGE_CURVE('',#7959,#7961,#7963,.T.);
#7959 = VERTEX_POINT('',#7960);
#7960 = CARTESIAN_POINT('',(690.,0.,0.));
#7961 = VERTEX_POINT('',#7962);
#7962 = CARTESIAN_POINT('',(690.,0.,50.));
#7963 = SURFACE_CURVE('',#7964,(#7968,#7980),.PCURVE_S1.);
#7964 = LINE('',#7965,#7966);
#7965 = CARTESIAN_POINT('',(690.,0.,0.));
#7966 = VECTOR('',#7967,1.);
#7967 = DIRECTION('',(0.,0.,1.));
#7968 = PCURVE('',#7969,#7974);
#7969 = PLANE('',#7970);
#7970 = AXIS2_PLACEMENT_3D('',#7971,#7972,#7973);
#7971 = CARTESIAN_POINT('',(690.,0.,0.));
#7972 = DIRECTION('',(1.,0.,-0.));
#7973 = DIRECTION('',(0.,0.,1.));
#7974 = DEFINITIONAL_REPRESENTATION('',(#7975),#7979);
#7975 = LINE('',#7976,#7977);
#7976 = CARTESIAN_POINT('',(0.,0.));
#7977 = VECTOR('',#7978,1.);
#7978 = DIRECTION('',(1.,0.));
#7979 = ( GEOMETRIC_REPRESENTATION_CONTEXT(2) 
PARAMETRIC_REPRESENTATION_CONTEXT() REPRESENTATION_CONTEXT('2D SPACE',''
  ) );
#7980 = PCURVE('',#7861,#7981);
#7981 = DEFINITIONAL_REPRESENTATION('',(#7982),#7986);
#7982 = LINE('',#7983,#7984);
#7983 = CARTESIAN_POINT('',(0.,690.));
#7984 = VECTOR('',#7985,1.);
#7985 = DIRECTION('',(1.,0.));
#7986 = ( GEOMETRIC_REPRESENTATION_CONTEXT(2) 
PARAMETRIC_REPRESENTATION_CONTEXT() REPRESENTATION_CONTEXT('2D SPACE',''
  ) );
#7987 = ORIENTED_EDGE('',*,*,#7988,.T.);
#7988 = EDGE_CURVE('',#7959,#7989,#7991,.T.);
#7989 = VERTEX_POINT('',#7990);
#7990 = CARTESIAN_POINT('',(690.,25.,0.));
#7991 = SURFACE_CURVE('',#7992,(#7996,#8003),.PCURVE_S1.);
#7992 = LINE('',#7993,#7994);
#7993 = CARTESIAN_POINT('',(690.,0.,0.));
#7994 = VECTOR('',#7995,1.);
#7995 = DIRECTION('',(-0.,1.,0.));
#7996 = PCURVE('',#7969,#7997);
#7997 = DEFINITIONAL_REPRESENTATION('',(#7998),#8002);
#7998 = LINE('',#7999,#8000);
#7999 = CARTESIAN_POINT('',(0.,0.));
#8000 = VECTOR('',#8001,1.);
#8001 = DIRECTION('',(0.,-1.));
#8002 = ( GEOMETRIC_REPRESENTATION_CONTEXT(2) 
PARAMETRIC_REPRESENTATION_CONTEXT() REPRESENTATION_CONTEXT('2D SPACE',''
  ) );
#8003 = PCURVE('',#7889,#8004);
#8004 = DEFINITIONAL_REPRESENTATION('',(#8005),#8009);
#8005 = LINE('',#8006,#8007);
#8006 = CARTESIAN_POINT('',(690.,0.));
#8007 = VECTOR('',#8008,1.);
#8008 = DIRECTION('',(0.,1.));
#8009 = ( GEOMETRIC_REPRESENTATION_CONTEXT(2) 
PARAMETRIC_REPRESENTATION_CONTEXT() REPRESENTATION_CONTEXT('2D SPACE',''
  ) );
#8010 = ORIENTED_EDGE('',*,*,#8011,.T.);
#8011 = EDGE_CURVE('',#7989,#8012,#8014,.T.);
#8012 = VERTEX_POINT('',#8013);
#8013 = CARTESIAN_POINT('',(690.,25.,50.));
#8014 = SURFACE_CURVE('',#8015,(#8019,#8026),.PCURVE_S1.);
#8015 = LINE('',#8016,#8017);
#8016 = CARTESIAN_POINT('',(690.,25.,0.));
#8017 = VECTOR('',#8018,1.);
#8018 = DIRECTION('',(0.,0.,1.));
#8019 = PCURVE('',#7969,#8020);
#8020 = DEFINITIONAL_REPRESENTATION('',(#8021),#8025);
#8021 = LINE('',#8022,#8023);
#8022 = CARTESIAN_POINT('',(0.,-25.));
#8023 = VECTOR('',#8024,1.);
#8024 = DIRECTION('',(1.,0.));
#8025 = ( GEOMETRIC_REPRESENTATION_CONTEXT(2) 
PARAMETRIC_REPRESENTATION_CONTEXT() REPRESENTATION_CONTEXT('2D SPACE',''
  ) );
#8026 = PCURVE('',#7917,#8027);
#8027 = DEFINITIONAL_REPRESENTATION('',(#8028),#8032);
#8028 = LINE('',#8029,#8030);
#8029 = CARTESIAN_POINT('',(0.,690.));
#8030 = VECTOR('',#8031,1.);
#8031 = DIRECTION('',(1.,0.));
#8032 = ( GEOMETRIC_REPRESENTATION_CONTEXT(2) 
PARAMETRIC_REPRESENTATION_CONTEXT() REPRESENTATION_CONTEXT('2D SPACE',''
  ) );
#8033 = ORIENTED_EDGE('',*,*,#8034,.F.);
#8034 = EDGE_CURVE('',#7961,#8012,#8035,.T.);
#8035 = SURFACE_CURVE('',#8036,(#8040,#8047),.PCURVE_S1.);
#8036 = LINE('',#8037,#8038);
#8037 = CARTESIAN_POINT('',(690.,0.,50.));
#8038 = VECTOR('',#8039,1.);
#8039 = DIRECTION('',(-0.,1.,0.));
#8040 = PCURVE('',#7969,#8041);
#8041 = DEFINITIONAL_REPRESENTATION('',(#8042),#8046);
#8042 = LINE('',#8043,#8044);
#8043 = CARTESIAN_POINT('',(50.,0.));
#8044 = VECTOR('',#8045,1.);
#8045 = DIRECTION('',(0.,-1.));
#8046 = ( GEOMETRIC_REPRESENTATION_CONTEXT(2) 
PARAMETRIC_REPRESENTATION_CONTEXT() REPRESENTATION_CONTEXT('2D SPACE',''
  ) );
#8047 = PCURVE('',#7943,#8048);
#8048 = DEFINITIONAL_REPRESENTATION('',(#8049),#8053);
#8049 = LINE('',#8050,#8051);
#8050 = CARTESIAN_POINT('',(690.,0.));
#8051 = VECTOR('',#8052,1.);
#8052 = DIRECTION('',(0.,1.));
#8053 = ( GEOMETRIC_REPRESENTATION_CONTEXT(2) 
PARAMETRIC_REPRESENTATION_CONTEXT() REPRESENTATION_CONTEXT('2D SPACE',''
  ) );
#8054 = ADVANCED_FACE('',(#8055),#7861,.F.);
#8055 = FACE_BOUND('',#8056,.F.);
#8056 = EDGE_LOOP('',(#8057,#8078,#8079,#8100));
#8057 = ORIENTED_EDGE('',*,*,#8058,.F.);
#8058 = EDGE_CURVE('',#7839,#7959,#8059,.T.);
#8059 = SURFACE_CURVE('',#8060,(#8064,#8071),.PCURVE_S1.);
#8060 = LINE('',#8061,#8062);
#8061 = CARTESIAN_POINT('',(0.,0.,0.));
#8062 = VECTOR('',#8063,1.);
#8063 = DIRECTION('',(1.,0.,-0.));
#8064 = PCURVE('',#7861,#8065);
#8065 = DEFINITIONAL_REPRESENTATION('',(#8066),#8070);
#8066 = LINE('',#8067,#8068);
#8067 = CARTESIAN_POINT('',(0.,0.));
#8068 = VECTOR('',#8069,1.);
#8069 = DIRECTION('',(0.,1.));
#8070 = ( GEOMETRIC_REPRESENTATION_CONTEXT(2) 
PARAMETRIC_REPRESENTATION_CONTEXT() REPRESENTATION_CONTEXT('2D SPACE',''
  ) );
#8071 = PCURVE('',#7889,#8072);
#8072 = DEFINITIONAL_REPRESENTATION('',(#8073),#8077);
#8073 = LINE('',#8074,#8075);
#8074 = CARTESIAN_POINT('',(0.,0.));
#8075 = VECTOR('',#8076,1.);
#8076 = DIRECTION('',(1.,0.));
#8077 = ( GEOMETRIC_REPRESENTATION_CONTEXT(2) 
PARAMETRIC_REPRESENTATION_CONTEXT() REPRESENTATION_CONTEXT('2D SPACE',''
  ) );
#8078 = ORIENTED_EDGE('',*,*,#7838,.T.);
#8079 = ORIENTED_EDGE('',*,*,#8080,.T.);
#8080 = EDGE_CURVE('',#7841,#7961,#8081,.T.);
#8081 = SURFACE_CURVE('',#8082,(#8086,#8093),.PCURVE_S1.);
#8082 = LINE('',#8083,#8084);
#8083 = CARTESIAN_POINT('',(0.,0.,50.));
#8084 = VECTOR('',#8085,1.);
#8085 = DIRECTION('',(1.,0.,-0.));
#8086 = PCURVE('',#7861,#8087);
#8087 = DEFINITIONAL_REPRESENTATION('',(#8088),#8092);
#8088 = LINE('',#8089,#8090);
#8089 = CARTESIAN_POINT('',(50.,0.));
#8090 = VECTOR('',#8091,1.);
#8091 = DIRECTION('',(0.,1.));
#8092 = ( GEOMETRIC_REPRESENTATION_CONTEXT(2) 
PARAMETRIC_REPRESENTATION_CONTEXT() REPRESENTATION_CONTEXT('2D SPACE',''
  ) );
#8093 = PCURVE('',#7943,#8094);
#8094 = DEFINITIONAL_REPRESENTATION('',(#8095),#8099);
#8095 = LINE('',#8096,#8097);
#8096 = CARTESIAN_POINT('',(0.,0.));
#8097 = VECTOR('',#8098,1.);
#8098 = DIRECTION('',(1.,0.));
#8099 = ( GEOMETRIC_REPRESENTATION_CONTEXT(2) 
PARAMETRIC_REPRESENTATION_CONTEXT() REPRESENTATION_CONTEXT('2D SPACE',''
  ) );
#8100 = ORIENTED_EDGE('',*,*,#7958,.F.);
#8101 = ADVANCED_FACE('',(#8102),#7917,.T.);
#8102 = FACE_BOUND('',#8103,.T.);
#8103 = EDGE_LOOP('',(#8104,#8125,#8126,#8147));
#8104 = ORIENTED_EDGE('',*,*,#8105,.F.);
#8105 = EDGE_CURVE('',#7874,#7989,#8106,.T.);
#8106 = SURFACE_CURVE('',#8107,(#8111,#8118),.PCURVE_S1.);
#8107 = LINE('',#8108,#8109);
#8108 = CARTESIAN_POINT('',(0.,25.,0.));
#8109 = VECTOR('',#8110,1.);
#8110 = DIRECTION('',(1.,0.,-0.));
#8111 = PCURVE('',#7917,#8112);
#8112 = DEFINITIONAL_REPRESENTATION('',(#8113),#8117);
#8113 = LINE('',#8114,#8115);
#8114 = CARTESIAN_POINT('',(0.,0.));
#8115 = VECTOR('',#8116,1.);
#8116 = DIRECTION('',(0.,1.));
#8117 = ( GEOMETRIC_REPRESENTATION_CONTEXT(2) 
PARAMETRIC_REPRESENTATION_CONTEXT() REPRESENTATION_CONTEXT('2D SPACE',''
  ) );
#8118 = PCURVE('',#7889,#8119);
#8119 = DEFINITIONAL_REPRESENTATION('',(#8120),#8124);
#8120 = LINE('',#8121,#8122);
#8121 = CARTESIAN_POINT('',(0.,25.));
#8122 = VECTOR('',#8123,1.);
#8123 = DIRECTION('',(1.,0.));
#8124 = ( GEOMETRIC_REPRESENTATION_CONTEXT(2) 
PARAMETRIC_REPRESENTATION_CONTEXT() REPRESENTATION_CONTEXT('2D SPACE',''
  ) );
#8125 = ORIENTED_EDGE('',*,*,#7901,.T.);
#8126 = ORIENTED_EDGE('',*,*,#8127,.T.);
#8127 = EDGE_CURVE('',#7902,#8012,#8128,.T.);
#8128 = SURFACE_CURVE('',#8129,(#8133,#8140),.PCURVE_S1.);
#8129 = LINE('',#8130,#8131);
#8130 = CARTESIAN_POINT('',(0.,25.,50.));
#8131 = VECTOR('',#8132,1.);
#8132 = DIRECTION('',(1.,0.,-0.));
#8133 = PCURVE('',#7917,#8134);
#8134 = DEFINITIONAL_REPRESENTATION('',(#8135),#8139);
#8135 = LINE('',#8136,#8137);
#8136 = CARTESIAN_POINT('',(50.,0.));
#8137 = VECTOR('',#8138,1.);
#8138 = DIRECTION('',(0.,1.));
#8139 = ( GEOMETRIC_REPRESENTATION_CONTEXT(2) 
PARAMETRIC_REPRESENTATION_CONTEXT() REPRESENTATION_CONTEXT('2D SPACE',''
  ) );
#8140 = PCURVE('',#7943,#8141);
#8141 = DEFINITIONAL_REPRESENTATION('',(#8142),#8146);
#8142 = LINE('',#8143,#8144);
#8143 = CARTESIAN_POINT('',(0.,25.));
#8144 = VECTOR('',#8145,1.);
#8145 = DIRECTION('',(1.,0.));
#8146 = ( GEOMETRIC_REPRESENTATION_CONTEXT(2) 
PARAMETRIC_REPRESENTATION_CONTEXT() REPRESENTATION_CONTEXT('2D SPACE',''
  ) );
#8147 = ORIENTED_EDGE('',*,*,#8011,.F.);
#8148 = ADVANCED_FACE('',(#8149),#7889,.F.);
#8149 = FACE_BOUND('',#8150,.F.);
#8150 = EDGE_LOOP('',(#8151,#8152,#8153,#8154));
#8151 = ORIENTED_EDGE('',*,*,#7873,.F.);
#8152 = ORIENTED_EDGE('',*,*,#8058,.T.);
#8153 = ORIENTED_EDGE('',*,*,#7988,.T.);
#8154 = ORIENTED_EDGE('',*,*,#8105,.F.);
#8155 = ADVANCED_FACE('',(#8156),#7943,.T.);
#8156 = FACE_BOUND('',#8157,.T.);
#8157 = EDGE_LOOP('',(#8158,#8159,#8160,#8161));
#8158 = ORIENTED_EDGE('',*,*,#7929,.F.);
#8159 = ORIENTED_EDGE('',*,*,#8080,.T.);
#8160 = ORIENTED_EDGE('',*,*,#8034,.T.);
#8161 = ORIENTED_EDGE('',*,*,#8127,.F.);
#8162 = ( GEOMETRIC_REPRESENTATION_CONTEXT(3) 
GLOBAL_UNCERTAINTY_ASSIGNED_CONTEXT((#8166)) 
GLOBAL_UNIT_ASSIGNED_CONTEXT((#8163,#8164,#8165)) REPRESENTATION_CONTEXT
('Context #1','3D Context with UNIT and UNCERTAINTY') );
#8163 = ( LENGTH_UNIT() NAMED_UNIT(*) SI_UNIT(.MILLI.,.METRE.) );
#8164 = ( NAMED_UNIT(*) PLANE_ANGLE_UNIT() SI_UNIT($,.RADIAN.) );
#8165 = ( NAMED_UNIT(*) SI_UNIT($,.STERADIAN.) SOLID_ANGLE_UNIT() );
#8166 = UNCERTAINTY_MEASURE_WITH_UNIT(LENGTH_MEASURE(1.E-07),#8163,
  'distance_accuracy_value','confusion accuracy');
#8167 = CONTEXT_DEPENDENT_SHAPE_REPRESENTATION(#8168,#8170);
#8168 = ( REPRESENTATION_RELATIONSHIP('','',#7831,#10) 
REPRESENTATION_RELATIONSHIP_WITH_TRANSFORMATION(#8169) 
SHAPE_REPRESENTATION_RELATIONSHIP() );
#8169 = ITEM_DEFINED_TRANSFORMATION('','',#11,#75);
#8170 = PRODUCT_DEFINITION_SHAPE('Placement','Placement of an item',
  #8171);
#8171 = NEXT_ASSEMBLY_USAGE_OCCURRENCE('883',
'\X2\043F043E043B043E0442043D043E\X0\_\X2\043F043504400435043C044B0447043A0430\X0\_
25\X2\0445\X0\50\X2\0445\X0\690.0','',#5,#7826,$);
#8172 = PRODUCT_RELATED_PRODUCT_CATEGORY('part',$,(#7828));
#8173 = SHAPE_DEFINITION_REPRESENTATION(#8174,#8180);
#8174 = PRODUCT_DEFINITION_SHAPE('','',#8175);
#8175 = PRODUCT_DEFINITION('design','',#8176,#8179);
#8176 = PRODUCT_DEFINITION_FORMATION('','',#8177);
#8177 = PRODUCT(
'\X2\043F043E043B043E0442043D043E\X0\_\X2\043F043504400435043C044B0447043A0430\X0\_
25\X2\0445\X0\50\X2\0445\X0\690.0',
'\X2\043F043E043B043E0442043D043E\X0\_\X2\043F043504400435043C044B0447043A0430\X0\_
25\X2\0445\X0\50\X2\0445\X0\690.0','',(#8178));
#8178 = PRODUCT_CONTEXT('',#2,'mechanical');
#8179 = PRODUCT_DEFINITION_CONTEXT('part definition',#2,'design');
#8180 = ADVANCED_BREP_SHAPE_REPRESENTATION('',(#11,#8181),#8511);
#8181 = MANIFOLD_SOLID_BREP('',#8182);
#8182 = CLOSED_SHELL('',(#8183,#8303,#8403,#8450,#8497,#8504));
#8183 = ADVANCED_FACE('',(#8184),#8198,.F.);
#8184 = FACE_BOUND('',#8185,.F.);
#8185 = EDGE_LOOP('',(#8186,#8221,#8249,#8277));
#8186 = ORIENTED_EDGE('',*,*,#8187,.F.);
#8187 = EDGE_CURVE('',#8188,#8190,#8192,.T.);
#8188 = VERTEX_POINT('',#8189);
#8189 = CARTESIAN_POINT('',(0.,0.,0.));
#8190 = VERTEX_POINT('',#8191);
#8191 = CARTESIAN_POINT('',(0.,0.,50.));
#8192 = SURFACE_CURVE('',#8193,(#8197,#8209),.PCURVE_S1.);
#8193 = LINE('',#8194,#8195);
#8194 = CARTESIAN_POINT('',(0.,0.,0.));
#8195 = VECTOR('',#8196,1.);
#8196 = DIRECTION('',(0.,0.,1.));
#8197 = PCURVE('',#8198,#8203);
#8198 = PLANE('',#8199);
#8199 = AXIS2_PLACEMENT_3D('',#8200,#8201,#8202);
#8200 = CARTESIAN_POINT('',(0.,0.,0.));
#8201 = DIRECTION('',(1.,0.,-0.));
#8202 = DIRECTION('',(0.,0.,1.));
#8203 = DEFINITIONAL_REPRESENTATION('',(#8204),#8208);
#8204 = LINE('',#8205,#8206);
#8205 = CARTESIAN_POINT('',(0.,0.));
#8206 = VECTOR('',#8207,1.);
#8207 = DIRECTION('',(1.,0.));
#8208 = ( GEOMETRIC_REPRESENTATION_CONTEXT(2) 
PARAMETRIC_REPRESENTATION_CONTEXT() REPRESENTATION_CONTEXT('2D SPACE',''
  ) );
#8209 = PCURVE('',#8210,#8215);
#8210 = PLANE('',#8211);
#8211 = AXIS2_PLACEMENT_3D('',#8212,#8213,#8214);
#8212 = CARTESIAN_POINT('',(0.,0.,0.));
#8213 = DIRECTION('',(-0.,1.,0.));
#8214 = DIRECTION('',(0.,0.,1.));
#8215 = DEFINITIONAL_REPRESENTATION('',(#8216),#8220);
#8216 = LINE('',#8217,#8218);
#8217 = CARTESIAN_POINT('',(0.,0.));
#8218 = VECTOR('',#8219,1.);
#8219 = DIRECTION('',(1.,0.));
#8220 = ( GEOMETRIC_REPRESENTATION_CONTEXT(2) 
PARAMETRIC_REPRESENTATION_CONTEXT() REPRESENTATION_CONTEXT('2D SPACE',''
  ) );
#8221 = ORIENTED_EDGE('',*,*,#8222,.T.);
#8222 = EDGE_CURVE('',#8188,#8223,#8225,.T.);
#8223 = VERTEX_POINT('',#8224);
#8224 = CARTESIAN_POINT('',(0.,25.,0.));
#8225 = SURFACE_CURVE('',#8226,(#8230,#8237),.PCURVE_S1.);
#8226 = LINE('',#8227,#8228);
#8227 = CARTESIAN_POINT('',(0.,0.,0.));
#8228 = VECTOR('',#8229,1.);
#8229 = DIRECTION('',(-0.,1.,0.));
#8230 = PCURVE('',#8198,#8231);
#8231 = DEFINITIONAL_REPRESENTATION('',(#8232),#8236);
#8232 = LINE('',#8233,#8234);
#8233 = CARTESIAN_POINT('',(0.,0.));
#8234 = VECTOR('',#8235,1.);
#8235 = DIRECTION('',(0.,-1.));
#8236 = ( GEOMETRIC_REPRESENTATION_CONTEXT(2) 
PARAMETRIC_REPRESENTATION_CONTEXT() REPRESENTATION_CONTEXT('2D SPACE',''
  ) );
#8237 = PCURVE('',#8238,#8243);
#8238 = PLANE('',#8239);
#8239 = AXIS2_PLACEMENT_3D('',#8240,#8241,#8242);
#8240 = CARTESIAN_POINT('',(0.,0.,0.));
#8241 = DIRECTION('',(0.,0.,1.));
#8242 = DIRECTION('',(1.,0.,-0.));
#8243 = DEFINITIONAL_REPRESENTATION('',(#8244),#8248);
#8244 = LINE('',#8245,#8246);
#8245 = CARTESIAN_POINT('',(0.,0.));
#8246 = VECTOR('',#8247,1.);
#8247 = DIRECTION('',(0.,1.));
#8248 = ( GEOMETRIC_REPRESENTATION_CONTEXT(2) 
PARAMETRIC_REPRESENTATION_CONTEXT() REPRESENTATION_CONTEXT('2D SPACE',''
  ) );
#8249 = ORIENTED_EDGE('',*,*,#8250,.T.);
#8250 = EDGE_CURVE('',#8223,#8251,#8253,.T.);
#8251 = VERTEX_POINT('',#8252);
#8252 = CARTESIAN_POINT('',(0.,25.,50.));
#8253 = SURFACE_CURVE('',#8254,(#8258,#8265),.PCURVE_S1.);
#8254 = LINE('',#8255,#8256);
#8255 = CARTESIAN_POINT('',(0.,25.,0.));
#8256 = VECTOR('',#8257,1.);
#8257 = DIRECTION('',(0.,0.,1.));
#8258 = PCURVE('',#8198,#8259);
#8259 = DEFINITIONAL_REPRESENTATION('',(#8260),#8264);
#8260 = LINE('',#8261,#8262);
#8261 = CARTESIAN_POINT('',(0.,-25.));
#8262 = VECTOR('',#8263,1.);
#8263 = DIRECTION('',(1.,0.));
#8264 = ( GEOMETRIC_REPRESENTATION_CONTEXT(2) 
PARAMETRIC_REPRESENTATION_CONTEXT() REPRESENTATION_CONTEXT('2D SPACE',''
  ) );
#8265 = PCURVE('',#8266,#8271);
#8266 = PLANE('',#8267);
#8267 = AXIS2_PLACEMENT_3D('',#8268,#8269,#8270);
#8268 = CARTESIAN_POINT('',(0.,25.,0.));
#8269 = DIRECTION('',(-0.,1.,0.));
#8270 = DIRECTION('',(0.,0.,1.));
#8271 = DEFINITIONAL_REPRESENTATION('',(#8272),#8276);
#8272 = LINE('',#8273,#8274);
#8273 = CARTESIAN_POINT('',(0.,0.));
#8274 = VECTOR('',#8275,1.);
#8275 = DIRECTION('',(1.,0.));
#8276 = ( GEOMETRIC_REPRESENTATION_CONTEXT(2) 
PARAMETRIC_REPRESENTATION_CONTEXT() REPRESENTATION_CONTEXT('2D SPACE',''
  ) );
#8277 = ORIENTED_EDGE('',*,*,#8278,.F.);
#8278 = EDGE_CURVE('',#8190,#8251,#8279,.T.);
#8279 = SURFACE_CURVE('',#8280,(#8284,#8291),.PCURVE_S1.);
#8280 = LINE('',#8281,#8282);
#8281 = CARTESIAN_POINT('',(0.,0.,50.));
#8282 = VECTOR('',#8283,1.);
#8283 = DIRECTION('',(-0.,1.,0.));
#8284 = PCURVE('',#8198,#8285);
#8285 = DEFINITIONAL_REPRESENTATION('',(#8286),#8290);
#8286 = LINE('',#8287,#8288);
#8287 = CARTESIAN_POINT('',(50.,0.));
#8288 = VECTOR('',#8289,1.);
#8289 = DIRECTION('',(0.,-1.));
#8290 = ( GEOMETRIC_REPRESENTATION_CONTEXT(2) 
PARAMETRIC_REPRESENTATION_CONTEXT() REPRESENTATION_CONTEXT('2D SPACE',''
  ) );
#8291 = PCURVE('',#8292,#8297);
#8292 = PLANE('',#8293);
#8293 = AXIS2_PLACEMENT_3D('',#8294,#8295,#8296);
#8294 = CARTESIAN_POINT('',(0.,0.,50.));
#8295 = DIRECTION('',(0.,0.,1.));
#8296 = DIRECTION('',(1.,0.,-0.));
#8297 = DEFINITIONAL_REPRESENTATION('',(#8298),#8302);
#8298 = LINE('',#8299,#8300);
#8299 = CARTESIAN_POINT('',(0.,0.));
#8300 = VECTOR('',#8301,1.);
#8301 = DIRECTION('',(0.,1.));
#8302 = ( GEOMETRIC_REPRESENTATION_CONTEXT(2) 
PARAMETRIC_REPRESENTATION_CONTEXT() REPRESENTATION_CONTEXT('2D SPACE',''
  ) );
#8303 = ADVANCED_FACE('',(#8304),#8318,.T.);
#8304 = FACE_BOUND('',#8305,.T.);
#8305 = EDGE_LOOP('',(#8306,#8336,#8359,#8382));
#8306 = ORIENTED_EDGE('',*,*,#8307,.F.);
#8307 = EDGE_CURVE('',#8308,#8310,#8312,.T.);
#8308 = VERTEX_POINT('',#8309);
#8309 = CARTESIAN_POINT('',(690.,0.,0.));
#8310 = VERTEX_POINT('',#8311);
#8311 = CARTESIAN_POINT('',(690.,0.,50.));
#8312 = SURFACE_CURVE('',#8313,(#8317,#8329),.PCURVE_S1.);
#8313 = LINE('',#8314,#8315);
#8314 = CARTESIAN_POINT('',(690.,0.,0.));
#8315 = VECTOR('',#8316,1.);
#8316 = DIRECTION('',(0.,0.,1.));
#8317 = PCURVE('',#8318,#8323);
#8318 = PLANE('',#8319);
#8319 = AXIS2_PLACEMENT_3D('',#8320,#8321,#8322);
#8320 = CARTESIAN_POINT('',(690.,0.,0.));
#8321 = DIRECTION('',(1.,0.,-0.));
#8322 = DIRECTION('',(0.,0.,1.));
#8323 = DEFINITIONAL_REPRESENTATION('',(#8324),#8328);
#8324 = LINE('',#8325,#8326);
#8325 = CARTESIAN_POINT('',(0.,0.));
#8326 = VECTOR('',#8327,1.);
#8327 = DIRECTION('',(1.,0.));
#8328 = ( GEOMETRIC_REPRESENTATION_CONTEXT(2) 
PARAMETRIC_REPRESENTATION_CONTEXT() REPRESENTATION_CONTEXT('2D SPACE',''
  ) );
#8329 = PCURVE('',#8210,#8330);
#8330 = DEFINITIONAL_REPRESENTATION('',(#8331),#8335);
#8331 = LINE('',#8332,#8333);
#8332 = CARTESIAN_POINT('',(0.,690.));
#8333 = VECTOR('',#8334,1.);
#8334 = DIRECTION('',(1.,0.));
#8335 = ( GEOMETRIC_REPRESENTATION_CONTEXT(2) 
PARAMETRIC_REPRESENTATION_CONTEXT() REPRESENTATION_CONTEXT('2D SPACE',''
  ) );
#8336 = ORIENTED_EDGE('',*,*,#8337,.T.);
#8337 = EDGE_CURVE('',#8308,#8338,#8340,.T.);
#8338 = VERTEX_POINT('',#8339);
#8339 = CARTESIAN_POINT('',(690.,25.,0.));
#8340 = SURFACE_CURVE('',#8341,(#8345,#8352),.PCURVE_S1.);
#8341 = LINE('',#8342,#8343);
#8342 = CARTESIAN_POINT('',(690.,0.,0.));
#8343 = VECTOR('',#8344,1.);
#8344 = DIRECTION('',(-0.,1.,0.));
#8345 = PCURVE('',#8318,#8346);
#8346 = DEFINITIONAL_REPRESENTATION('',(#8347),#8351);
#8347 = LINE('',#8348,#8349);
#8348 = CARTESIAN_POINT('',(0.,0.));
#8349 = VECTOR('',#8350,1.);
#8350 = DIRECTION('',(0.,-1.));
#8351 = ( GEOMETRIC_REPRESENTATION_CONTEXT(2) 
PARAMETRIC_REPRESENTATION_CONTEXT() REPRESENTATION_CONTEXT('2D SPACE',''
  ) );
#8352 = PCURVE('',#8238,#8353);
#8353 = DEFINITIONAL_REPRESENTATION('',(#8354),#8358);
#8354 = LINE('',#8355,#8356);
#8355 = CARTESIAN_POINT('',(690.,0.));
#8356 = VECTOR('',#8357,1.);
#8357 = DIRECTION('',(0.,1.));
#8358 = ( GEOMETRIC_REPRESENTATION_CONTEXT(2) 
PARAMETRIC_REPRESENTATION_CONTEXT() REPRESENTATION_CONTEXT('2D SPACE',''
  ) );
#8359 = ORIENTED_EDGE('',*,*,#8360,.T.);
#8360 = EDGE_CURVE('',#8338,#8361,#8363,.T.);
#8361 = VERTEX_POINT('',#8362);
#8362 = CARTESIAN_POINT('',(690.,25.,50.));
#8363 = SURFACE_CURVE('',#8364,(#8368,#8375),.PCURVE_S1.);
#8364 = LINE('',#8365,#8366);
#8365 = CARTESIAN_POINT('',(690.,25.,0.));
#8366 = VECTOR('',#8367,1.);
#8367 = DIRECTION('',(0.,0.,1.));
#8368 = PCURVE('',#8318,#8369);
#8369 = DEFINITIONAL_REPRESENTATION('',(#8370),#8374);
#8370 = LINE('',#8371,#8372);
#8371 = CARTESIAN_POINT('',(0.,-25.));
#8372 = VECTOR('',#8373,1.);
#8373 = DIRECTION('',(1.,0.));
#8374 = ( GEOMETRIC_REPRESENTATION_CONTEXT(2) 
PARAMETRIC_REPRESENTATION_CONTEXT() REPRESENTATION_CONTEXT('2D SPACE',''
  ) );
#8375 = PCURVE('',#8266,#8376);
#8376 = DEFINITIONAL_REPRESENTATION('',(#8377),#8381);
#8377 = LINE('',#8378,#8379);
#8378 = CARTESIAN_POINT('',(0.,690.));
#8379 = VECTOR('',#8380,1.);
#8380 = DIRECTION('',(1.,0.));
#8381 = ( GEOMETRIC_REPRESENTATION_CONTEXT(2) 
PARAMETRIC_REPRESENTATION_CONTEXT() REPRESENTATION_CONTEXT('2D SPACE',''
  ) );
#8382 = ORIENTED_EDGE('',*,*,#8383,.F.);
#8383 = EDGE_CURVE('',#8310,#8361,#8384,.T.);
#8384 = SURFACE_CURVE('',#8385,(#8389,#8396),.PCURVE_S1.);
#8385 = LINE('',#8386,#8387);
#8386 = CARTESIAN_POINT('',(690.,0.,50.));
#8387 = VECTOR('',#8388,1.);
#8388 = DIRECTION('',(-0.,1.,0.));
#8389 = PCURVE('',#8318,#8390);
#8390 = DEFINITIONAL_REPRESENTATION('',(#8391),#8395);
#8391 = LINE('',#8392,#8393);
#8392 = CARTESIAN_POINT('',(50.,0.));
#8393 = VECTOR('',#8394,1.);
#8394 = DIRECTION('',(0.,-1.));
#8395 = ( GEOMETRIC_REPRESENTATION_CONTEXT(2) 
PARAMETRIC_REPRESENTATION_CONTEXT() REPRESENTATION_CONTEXT('2D SPACE',''
  ) );
#8396 = PCURVE('',#8292,#8397);
#8397 = DEFINITIONAL_REPRESENTATION('',(#8398),#8402);
#8398 = LINE('',#8399,#8400);
#8399 = CARTESIAN_POINT('',(690.,0.));
#8400 = VECTOR('',#8401,1.);
#8401 = DIRECTION('',(0.,1.));
#8402 = ( GEOMETRIC_REPRESENTATION_CONTEXT(2) 
PARAMETRIC_REPRESENTATION_CONTEXT() REPRESENTATION_CONTEXT('2D SPACE',''
  ) );
#8403 = ADVANCED_FACE('',(#8404),#8210,.F.);
#8404 = FACE_BOUND('',#8405,.F.);
#8405 = EDGE_LOOP('',(#8406,#8427,#8428,#8449));
#8406 = ORIENTED_EDGE('',*,*,#8407,.F.);
#8407 = EDGE_CURVE('',#8188,#8308,#8408,.T.);
#8408 = SURFACE_CURVE('',#8409,(#8413,#8420),.PCURVE_S1.);
#8409 = LINE('',#8410,#8411);
#8410 = CARTESIAN_POINT('',(0.,0.,0.));
#8411 = VECTOR('',#8412,1.);
#8412 = DIRECTION('',(1.,0.,-0.));
#8413 = PCURVE('',#8210,#8414);
#8414 = DEFINITIONAL_REPRESENTATION('',(#8415),#8419);
#8415 = LINE('',#8416,#8417);
#8416 = CARTESIAN_POINT('',(0.,0.));
#8417 = VECTOR('',#8418,1.);
#8418 = DIRECTION('',(0.,1.));
#8419 = ( GEOMETRIC_REPRESENTATION_CONTEXT(2) 
PARAMETRIC_REPRESENTATION_CONTEXT() REPRESENTATION_CONTEXT('2D SPACE',''
  ) );
#8420 = PCURVE('',#8238,#8421);
#8421 = DEFINITIONAL_REPRESENTATION('',(#8422),#8426);
#8422 = LINE('',#8423,#8424);
#8423 = CARTESIAN_POINT('',(0.,0.));
#8424 = VECTOR('',#8425,1.);
#8425 = DIRECTION('',(1.,0.));
#8426 = ( GEOMETRIC_REPRESENTATION_CONTEXT(2) 
PARAMETRIC_REPRESENTATION_CONTEXT() REPRESENTATION_CONTEXT('2D SPACE',''
  ) );
#8427 = ORIENTED_EDGE('',*,*,#8187,.T.);
#8428 = ORIENTED_EDGE('',*,*,#8429,.T.);
#8429 = EDGE_CURVE('',#8190,#8310,#8430,.T.);
#8430 = SURFACE_CURVE('',#8431,(#8435,#8442),.PCURVE_S1.);
#8431 = LINE('',#8432,#8433);
#8432 = CARTESIAN_POINT('',(0.,0.,50.));
#8433 = VECTOR('',#8434,1.);
#8434 = DIRECTION('',(1.,0.,-0.));
#8435 = PCURVE('',#8210,#8436);
#8436 = DEFINITIONAL_REPRESENTATION('',(#8437),#8441);
#8437 = LINE('',#8438,#8439);
#8438 = CARTESIAN_POINT('',(50.,0.));
#8439 = VECTOR('',#8440,1.);
#8440 = DIRECTION('',(0.,1.));
#8441 = ( GEOMETRIC_REPRESENTATION_CONTEXT(2) 
PARAMETRIC_REPRESENTATION_CONTEXT() REPRESENTATION_CONTEXT('2D SPACE',''
  ) );
#8442 = PCURVE('',#8292,#8443);
#8443 = DEFINITIONAL_REPRESENTATION('',(#8444),#8448);
#8444 = LINE('',#8445,#8446);
#8445 = CARTESIAN_POINT('',(0.,0.));
#8446 = VECTOR('',#8447,1.);
#8447 = DIRECTION('',(1.,0.));
#8448 = ( GEOMETRIC_REPRESENTATION_CONTEXT(2) 
PARAMETRIC_REPRESENTATION_CONTEXT() REPRESENTATION_CONTEXT('2D SPACE',''
  ) );
#8449 = ORIENTED_EDGE('',*,*,#8307,.F.);
#8450 = ADVANCED_FACE('',(#8451),#8266,.T.);
#8451 = FACE_BOUND('',#8452,.T.);
#8452 = EDGE_LOOP('',(#8453,#8474,#8475,#8496));
#8453 = ORIENTED_EDGE('',*,*,#8454,.F.);
#8454 = EDGE_CURVE('',#8223,#8338,#8455,.T.);
#8455 = SURFACE_CURVE('',#8456,(#8460,#8467),.PCURVE_S1.);
#8456 = LINE('',#8457,#8458);
#8457 = CARTESIAN_POINT('',(0.,25.,0.));
#8458 = VECTOR('',#8459,1.);
#8459 = DIRECTION('',(1.,0.,-0.));
#8460 = PCURVE('',#8266,#8461);
#8461 = DEFINITIONAL_REPRESENTATION('',(#8462),#8466);
#8462 = LINE('',#8463,#8464);
#8463 = CARTESIAN_POINT('',(0.,0.));
#8464 = VECTOR('',#8465,1.);
#8465 = DIRECTION('',(0.,1.));
#8466 = ( GEOMETRIC_REPRESENTATION_CONTEXT(2) 
PARAMETRIC_REPRESENTATION_CONTEXT() REPRESENTATION_CONTEXT('2D SPACE',''
  ) );
#8467 = PCURVE('',#8238,#8468);
#8468 = DEFINITIONAL_REPRESENTATION('',(#8469),#8473);
#8469 = LINE('',#8470,#8471);
#8470 = CARTESIAN_POINT('',(0.,25.));
#8471 = VECTOR('',#8472,1.);
#8472 = DIRECTION('',(1.,0.));
#8473 = ( GEOMETRIC_REPRESENTATION_CONTEXT(2) 
PARAMETRIC_REPRESENTATION_CONTEXT() REPRESENTATION_CONTEXT('2D SPACE',''
  ) );
#8474 = ORIENTED_EDGE('',*,*,#8250,.T.);
#8475 = ORIENTED_EDGE('',*,*,#8476,.T.);
#8476 = EDGE_CURVE('',#8251,#8361,#8477,.T.);
#8477 = SURFACE_CURVE('',#8478,(#8482,#8489),.PCURVE_S1.);
#8478 = LINE('',#8479,#8480);
#8479 = CARTESIAN_POINT('',(0.,25.,50.));
#8480 = VECTOR('',#8481,1.);
#8481 = DIRECTION('',(1.,0.,-0.));
#8482 = PCURVE('',#8266,#8483);
#8483 = DEFINITIONAL_REPRESENTATION('',(#8484),#8488);
#8484 = LINE('',#8485,#8486);
#8485 = CARTESIAN_POINT('',(50.,0.));
#8486 = VECTOR('',#8487,1.);
#8487 = DIRECTION('',(0.,1.));
#8488 = ( GEOMETRIC_REPRESENTATION_CONTEXT(2) 
PARAMETRIC_REPRESENTATION_CONTEXT() REPRESENTATION_CONTEXT('2D SPACE',''
  ) );
#8489 = PCURVE('',#8292,#8490);
#8490 = DEFINITIONAL_REPRESENTATION('',(#8491),#8495);
#8491 = LINE('',#8492,#8493);
#8492 = CARTESIAN_POINT('',(0.,25.));
#8493 = VECTOR('',#8494,1.);
#8494 = DIRECTION('',(1.,0.));
#8495 = ( GEOMETRIC_REPRESENTATION_CONTEXT(2) 
PARAMETRIC_REPRESENTATION_CONTEXT() REPRESENTATION_CONTEXT('2D SPACE',''
  ) );
#8496 = ORIENTED_EDGE('',*,*,#8360,.F.);
#8497 = ADVANCED_FACE('',(#8498),#8238,.F.);
#8498 = FACE_BOUND('',#8499,.F.);
#8499 = EDGE_LOOP('',(#8500,#8501,#8502,#8503));
#8500 = ORIENTED_EDGE('',*,*,#8222,.F.);
#8501 = ORIENTED_EDGE('',*,*,#8407,.T.);
#8502 = ORIENTED_EDGE('',*,*,#8337,.T.);
#8503 = ORIENTED_EDGE('',*,*,#8454,.F.);
#8504 = ADVANCED_FACE('',(#8505),#8292,.T.);
#8505 = FACE_BOUND('',#8506,.T.);
#8506 = EDGE_LOOP('',(#8507,#8508,#8509,#8510));
#8507 = ORIENTED_EDGE('',*,*,#8278,.F.);
#8508 = ORIENTED_EDGE('',*,*,#8429,.T.);
#8509 = ORIENTED_EDGE('',*,*,#8383,.T.);
#8510 = ORIENTED_EDGE('',*,*,#8476,.F.);
#8511 = ( GEOMETRIC_REPRESENTATION_CONTEXT(3) 
GLOBAL_UNCERTAINTY_ASSIGNED_CONTEXT((#8515)) 
GLOBAL_UNIT_ASSIGNED_CONTEXT((#8512,#8513,#8514)) REPRESENTATION_CONTEXT
('Context #1','3D Context with UNIT and UNCERTAINTY') );
#8512 = ( LENGTH_UNIT() NAMED_UNIT(*) SI_UNIT(.MILLI.,.METRE.) );
#8513 = ( NAMED_UNIT(*) PLANE_ANGLE_UNIT() SI_UNIT($,.RADIAN.) );
#8514 = ( NAMED_UNIT(*) SI_UNIT($,.STERADIAN.) SOLID_ANGLE_UNIT() );
#8515 = UNCERTAINTY_MEASURE_WITH_UNIT(LENGTH_MEASURE(1.E-07),#8512,
  'distance_accuracy_value','confusion accuracy');
#8516 = CONTEXT_DEPENDENT_SHAPE_REPRESENTATION(#8517,#8519);
#8517 = ( REPRESENTATION_RELATIONSHIP('','',#8180,#10) 
REPRESENTATION_RELATIONSHIP_WITH_TRANSFORMATION(#8518) 
SHAPE_REPRESENTATION_RELATIONSHIP() );
#8518 = ITEM_DEFINED_TRANSFORMATION('','',#11,#79);
#8519 = PRODUCT_DEFINITION_SHAPE('Placement','Placement of an item',
  #8520);
#8520 = NEXT_ASSEMBLY_USAGE_OCCURRENCE('884',
'\X2\043F043E043B043E0442043D043E\X0\_\X2\043F043504400435043C044B0447043A0430\X0\_
25\X2\0445\X0\50\X2\0445\X0\690.0','',#5,#8175,$);
#8521 = PRODUCT_RELATED_PRODUCT_CATEGORY('part',$,(#8177));
#8522 = SHAPE_DEFINITION_REPRESENTATION(#8523,#8529);
#8523 = PRODUCT_DEFINITION_SHAPE('','',#8524);
#8524 = PRODUCT_DEFINITION('design','',#8525,#8528);
#8525 = PRODUCT_DEFINITION_FORMATION('','',#8526);
#8526 = PRODUCT(
  '\X2\043F043E043B043E0442043D043E\X0\_\X2\04440430043D043504400430\X0\_790\X2\0445\X0\2040',
  '\X2\043F043E043B043E0442043D043E\X0\_\X2\04440430043D043504400430\X0\_790\X2\0445\X0\2040',''
  ,(#8527));
#8527 = PRODUCT_CONTEXT('',#2,'mechanical');
#8528 = PRODUCT_DEFINITION_CONTEXT('part definition',#2,'design');
#8529 = ADVANCED_BREP_SHAPE_REPRESENTATION('',(#11,#8530),#8860);
#8530 = MANIFOLD_SOLID_BREP('',#8531);
#8531 = CLOSED_SHELL('',(#8532,#8652,#8752,#8799,#8846,#8853));
#8532 = ADVANCED_FACE('',(#8533),#8547,.F.);
#8533 = FACE_BOUND('',#8534,.F.);
#8534 = EDGE_LOOP('',(#8535,#8570,#8598,#8626));
#8535 = ORIENTED_EDGE('',*,*,#8536,.F.);
#8536 = EDGE_CURVE('',#8537,#8539,#8541,.T.);
#8537 = VERTEX_POINT('',#8538);
#8538 = CARTESIAN_POINT('',(0.,0.,0.));
#8539 = VERTEX_POINT('',#8540);
#8540 = CARTESIAN_POINT('',(0.,0.,2.04E+03));
#8541 = SURFACE_CURVE('',#8542,(#8546,#8558),.PCURVE_S1.);
#8542 = LINE('',#8543,#8544);
#8543 = CARTESIAN_POINT('',(0.,0.,0.));
#8544 = VECTOR('',#8545,1.);
#8545 = DIRECTION('',(0.,0.,1.));
#8546 = PCURVE('',#8547,#8552);
#8547 = PLANE('',#8548);
#8548 = AXIS2_PLACEMENT_3D('',#8549,#8550,#8551);
#8549 = CARTESIAN_POINT('',(0.,0.,0.));
#8550 = DIRECTION('',(1.,0.,-0.));
#8551 = DIRECTION('',(0.,0.,1.));
#8552 = DEFINITIONAL_REPRESENTATION('',(#8553),#8557);
#8553 = LINE('',#8554,#8555);
#8554 = CARTESIAN_POINT('',(0.,0.));
#8555 = VECTOR('',#8556,1.);
#8556 = DIRECTION('',(1.,0.));
#8557 = ( GEOMETRIC_REPRESENTATION_CONTEXT(2) 
PARAMETRIC_REPRESENTATION_CONTEXT() REPRESENTATION_CONTEXT('2D SPACE',''
  ) );
#8558 = PCURVE('',#8559,#8564);
#8559 = PLANE('',#8560);
#8560 = AXIS2_PLACEMENT_3D('',#8561,#8562,#8563);
#8561 = CARTESIAN_POINT('',(0.,0.,0.));
#8562 = DIRECTION('',(-0.,1.,0.));
#8563 = DIRECTION('',(0.,0.,1.));
#8564 = DEFINITIONAL_REPRESENTATION('',(#8565),#8569);
#8565 = LINE('',#8566,#8567);
#8566 = CARTESIAN_POINT('',(0.,0.));
#8567 = VECTOR('',#8568,1.);
#8568 = DIRECTION('',(1.,0.));
#8569 = ( GEOMETRIC_REPRESENTATION_CONTEXT(2) 
PARAMETRIC_REPRESENTATION_CONTEXT() REPRESENTATION_CONTEXT('2D SPACE',''
  ) );
#8570 = ORIENTED_EDGE('',*,*,#8571,.T.);
#8571 = EDGE_CURVE('',#8537,#8572,#8574,.T.);
#8572 = VERTEX_POINT('',#8573);
#8573 = CARTESIAN_POINT('',(0.,3.,0.));
#8574 = SURFACE_CURVE('',#8575,(#8579,#8586),.PCURVE_S1.);
#8575 = LINE('',#8576,#8577);
#8576 = CARTESIAN_POINT('',(0.,0.,0.));
#8577 = VECTOR('',#8578,1.);
#8578 = DIRECTION('',(-0.,1.,0.));
#8579 = PCURVE('',#8547,#8580);
#8580 = DEFINITIONAL_REPRESENTATION('',(#8581),#8585);
#8581 = LINE('',#8582,#8583);
#8582 = CARTESIAN_POINT('',(0.,0.));
#8583 = VECTOR('',#8584,1.);
#8584 = DIRECTION('',(0.,-1.));
#8585 = ( GEOMETRIC_REPRESENTATION_CONTEXT(2) 
PARAMETRIC_REPRESENTATION_CONTEXT() REPRESENTATION_CONTEXT('2D SPACE',''
  ) );
#8586 = PCURVE('',#8587,#8592);
#8587 = PLANE('',#8588);
#8588 = AXIS2_PLACEMENT_3D('',#8589,#8590,#8591);
#8589 = CARTESIAN_POINT('',(0.,0.,0.));
#8590 = DIRECTION('',(0.,0.,1.));
#8591 = DIRECTION('',(1.,0.,-0.));
#8592 = DEFINITIONAL_REPRESENTATION('',(#8593),#8597);
#8593 = LINE('',#8594,#8595);
#8594 = CARTESIAN_POINT('',(0.,0.));
#8595 = VECTOR('',#8596,1.);
#8596 = DIRECTION('',(0.,1.));
#8597 = ( GEOMETRIC_REPRESENTATION_CONTEXT(2) 
PARAMETRIC_REPRESENTATION_CONTEXT() REPRESENTATION_CONTEXT('2D SPACE',''
  ) );
#8598 = ORIENTED_EDGE('',*,*,#8599,.T.);
#8599 = EDGE_CURVE('',#8572,#8600,#8602,.T.);
#8600 = VERTEX_POINT('',#8601);
#8601 = CARTESIAN_POINT('',(0.,3.,2.04E+03));
#8602 = SURFACE_CURVE('',#8603,(#8607,#8614),.PCURVE_S1.);
#8603 = LINE('',#8604,#8605);
#8604 = CARTESIAN_POINT('',(0.,3.,0.));
#8605 = VECTOR('',#8606,1.);
#8606 = DIRECTION('',(0.,0.,1.));
#8607 = PCURVE('',#8547,#8608);
#8608 = DEFINITIONAL_REPRESENTATION('',(#8609),#8613);
#8609 = LINE('',#8610,#8611);
#8610 = CARTESIAN_POINT('',(0.,-3.));
#8611 = VECTOR('',#8612,1.);
#8612 = DIRECTION('',(1.,0.));
#8613 = ( GEOMETRIC_REPRESENTATION_CONTEXT(2) 
PARAMETRIC_REPRESENTATION_CONTEXT() REPRESENTATION_CONTEXT('2D SPACE',''
  ) );
#8614 = PCURVE('',#8615,#8620);
#8615 = PLANE('',#8616);
#8616 = AXIS2_PLACEMENT_3D('',#8617,#8618,#8619);
#8617 = CARTESIAN_POINT('',(0.,3.,0.));
#8618 = DIRECTION('',(-0.,1.,0.));
#8619 = DIRECTION('',(0.,0.,1.));
#8620 = DEFINITIONAL_REPRESENTATION('',(#8621),#8625);
#8621 = LINE('',#8622,#8623);
#8622 = CARTESIAN_POINT('',(0.,0.));
#8623 = VECTOR('',#8624,1.);
#8624 = DIRECTION('',(1.,0.));
#8625 = ( GEOMETRIC_REPRESENTATION_CONTEXT(2) 
PARAMETRIC_REPRESENTATION_CONTEXT() REPRESENTATION_CONTEXT('2D SPACE',''
  ) );
#8626 = ORIENTED_EDGE('',*,*,#8627,.F.);
#8627 = EDGE_CURVE('',#8539,#8600,#8628,.T.);
#8628 = SURFACE_CURVE('',#8629,(#8633,#8640),.PCURVE_S1.);
#8629 = LINE('',#8630,#8631);
#8630 = CARTESIAN_POINT('',(0.,0.,2.04E+03));
#8631 = VECTOR('',#8632,1.);
#8632 = DIRECTION('',(-0.,1.,0.));
#8633 = PCURVE('',#8547,#8634);
#8634 = DEFINITIONAL_REPRESENTATION('',(#8635),#8639);
#8635 = LINE('',#8636,#8637);
#8636 = CARTESIAN_POINT('',(2.04E+03,0.));
#8637 = VECTOR('',#8638,1.);
#8638 = DIRECTION('',(0.,-1.));
#8639 = ( GEOMETRIC_REPRESENTATION_CONTEXT(2) 
PARAMETRIC_REPRESENTATION_CONTEXT() REPRESENTATION_CONTEXT('2D SPACE',''
  ) );
#8640 = PCURVE('',#8641,#8646);
#8641 = PLANE('',#8642);
#8642 = AXIS2_PLACEMENT_3D('',#8643,#8644,#8645);
#8643 = CARTESIAN_POINT('',(0.,0.,2.04E+03));
#8644 = DIRECTION('',(0.,0.,1.));
#8645 = DIRECTION('',(1.,0.,-0.));
#8646 = DEFINITIONAL_REPRESENTATION('',(#8647),#8651);
#8647 = LINE('',#8648,#8649);
#8648 = CARTESIAN_POINT('',(0.,0.));
#8649 = VECTOR('',#8650,1.);
#8650 = DIRECTION('',(0.,1.));
#8651 = ( GEOMETRIC_REPRESENTATION_CONTEXT(2) 
PARAMETRIC_REPRESENTATION_CONTEXT() REPRESENTATION_CONTEXT('2D SPACE',''
  ) );
#8652 = ADVANCED_FACE('',(#8653),#8667,.T.);
#8653 = FACE_BOUND('',#8654,.T.);
#8654 = EDGE_LOOP('',(#8655,#8685,#8708,#8731));
#8655 = ORIENTED_EDGE('',*,*,#8656,.F.);
#8656 = EDGE_CURVE('',#8657,#8659,#8661,.T.);
#8657 = VERTEX_POINT('',#8658);
#8658 = CARTESIAN_POINT('',(790.,0.,0.));
#8659 = VERTEX_POINT('',#8660);
#8660 = CARTESIAN_POINT('',(790.,0.,2.04E+03));
#8661 = SURFACE_CURVE('',#8662,(#8666,#8678),.PCURVE_S1.);
#8662 = LINE('',#8663,#8664);
#8663 = CARTESIAN_POINT('',(790.,0.,0.));
#8664 = VECTOR('',#8665,1.);
#8665 = DIRECTION('',(0.,0.,1.));
#8666 = PCURVE('',#8667,#8672);
#8667 = PLANE('',#8668);
#8668 = AXIS2_PLACEMENT_3D('',#8669,#8670,#8671);
#8669 = CARTESIAN_POINT('',(790.,0.,0.));
#8670 = DIRECTION('',(1.,0.,-0.));
#8671 = DIRECTION('',(0.,0.,1.));
#8672 = DEFINITIONAL_REPRESENTATION('',(#8673),#8677);
#8673 = LINE('',#8674,#8675);
#8674 = CARTESIAN_POINT('',(0.,0.));
#8675 = VECTOR('',#8676,1.);
#8676 = DIRECTION('',(1.,0.));
#8677 = ( GEOMETRIC_REPRESENTATION_CONTEXT(2) 
PARAMETRIC_REPRESENTATION_CONTEXT() REPRESENTATION_CONTEXT('2D SPACE',''
  ) );
#8678 = PCURVE('',#8559,#8679);
#8679 = DEFINITIONAL_REPRESENTATION('',(#8680),#8684);
#8680 = LINE('',#8681,#8682);
#8681 = CARTESIAN_POINT('',(0.,790.));
#8682 = VECTOR('',#8683,1.);
#8683 = DIRECTION('',(1.,0.));
#8684 = ( GEOMETRIC_REPRESENTATION_CONTEXT(2) 
PARAMETRIC_REPRESENTATION_CONTEXT() REPRESENTATION_CONTEXT('2D SPACE',''
  ) );
#8685 = ORIENTED_EDGE('',*,*,#8686,.T.);
#8686 = EDGE_CURVE('',#8657,#8687,#8689,.T.);
#8687 = VERTEX_POINT('',#8688);
#8688 = CARTESIAN_POINT('',(790.,3.,0.));
#8689 = SURFACE_CURVE('',#8690,(#8694,#8701),.PCURVE_S1.);
#8690 = LINE('',#8691,#8692);
#8691 = CARTESIAN_POINT('',(790.,0.,0.));
#8692 = VECTOR('',#8693,1.);
#8693 = DIRECTION('',(-0.,1.,0.));
#8694 = PCURVE('',#8667,#8695);
#8695 = DEFINITIONAL_REPRESENTATION('',(#8696),#8700);
#8696 = LINE('',#8697,#8698);
#8697 = CARTESIAN_POINT('',(0.,0.));
#8698 = VECTOR('',#8699,1.);
#8699 = DIRECTION('',(0.,-1.));
#8700 = ( GEOMETRIC_REPRESENTATION_CONTEXT(2) 
PARAMETRIC_REPRESENTATION_CONTEXT() REPRESENTATION_CONTEXT('2D SPACE',''
  ) );
#8701 = PCURVE('',#8587,#8702);
#8702 = DEFINITIONAL_REPRESENTATION('',(#8703),#8707);
#8703 = LINE('',#8704,#8705);
#8704 = CARTESIAN_POINT('',(790.,0.));
#8705 = VECTOR('',#8706,1.);
#8706 = DIRECTION('',(0.,1.));
#8707 = ( GEOMETRIC_REPRESENTATION_CONTEXT(2) 
PARAMETRIC_REPRESENTATION_CONTEXT() REPRESENTATION_CONTEXT('2D SPACE',''
  ) );
#8708 = ORIENTED_EDGE('',*,*,#8709,.T.);
#8709 = EDGE_CURVE('',#8687,#8710,#8712,.T.);
#8710 = VERTEX_POINT('',#8711);
#8711 = CARTESIAN_POINT('',(790.,3.,2.04E+03));
#8712 = SURFACE_CURVE('',#8713,(#8717,#8724),.PCURVE_S1.);
#8713 = LINE('',#8714,#8715);
#8714 = CARTESIAN_POINT('',(790.,3.,0.));
#8715 = VECTOR('',#8716,1.);
#8716 = DIRECTION('',(0.,0.,1.));
#8717 = PCURVE('',#8667,#8718);
#8718 = DEFINITIONAL_REPRESENTATION('',(#8719),#8723);
#8719 = LINE('',#8720,#8721);
#8720 = CARTESIAN_POINT('',(0.,-3.));
#8721 = VECTOR('',#8722,1.);
#8722 = DIRECTION('',(1.,0.));
#8723 = ( GEOMETRIC_REPRESENTATION_CONTEXT(2) 
PARAMETRIC_REPRESENTATION_CONTEXT() REPRESENTATION_CONTEXT('2D SPACE',''
  ) );
#8724 = PCURVE('',#8615,#8725);
#8725 = DEFINITIONAL_REPRESENTATION('',(#8726),#8730);
#8726 = LINE('',#8727,#8728);
#8727 = CARTESIAN_POINT('',(0.,790.));
#8728 = VECTOR('',#8729,1.);
#8729 = DIRECTION('',(1.,0.));
#8730 = ( GEOMETRIC_REPRESENTATION_CONTEXT(2) 
PARAMETRIC_REPRESENTATION_CONTEXT() REPRESENTATION_CONTEXT('2D SPACE',''
  ) );
#8731 = ORIENTED_EDGE('',*,*,#8732,.F.);
#8732 = EDGE_CURVE('',#8659,#8710,#8733,.T.);
#8733 = SURFACE_CURVE('',#8734,(#8738,#8745),.PCURVE_S1.);
#8734 = LINE('',#8735,#8736);
#8735 = CARTESIAN_POINT('',(790.,0.,2.04E+03));
#8736 = VECTOR('',#8737,1.);
#8737 = DIRECTION('',(-0.,1.,0.));
#8738 = PCURVE('',#8667,#8739);
#8739 = DEFINITIONAL_REPRESENTATION('',(#8740),#8744);
#8740 = LINE('',#8741,#8742);
#8741 = CARTESIAN_POINT('',(2.04E+03,0.));
#8742 = VECTOR('',#8743,1.);
#8743 = DIRECTION('',(0.,-1.));
#8744 = ( GEOMETRIC_REPRESENTATION_CONTEXT(2) 
PARAMETRIC_REPRESENTATION_CONTEXT() REPRESENTATION_CONTEXT('2D SPACE',''
  ) );
#8745 = PCURVE('',#8641,#8746);
#8746 = DEFINITIONAL_REPRESENTATION('',(#8747),#8751);
#8747 = LINE('',#8748,#8749);
#8748 = CARTESIAN_POINT('',(790.,0.));
#8749 = VECTOR('',#8750,1.);
#8750 = DIRECTION('',(0.,1.));
#8751 = ( GEOMETRIC_REPRESENTATION_CONTEXT(2) 
PARAMETRIC_REPRESENTATION_CONTEXT() REPRESENTATION_CONTEXT('2D SPACE',''
  ) );
#8752 = ADVANCED_FACE('',(#8753),#8559,.F.);
#8753 = FACE_BOUND('',#8754,.F.);
#8754 = EDGE_LOOP('',(#8755,#8776,#8777,#8798));
#8755 = ORIENTED_EDGE('',*,*,#8756,.F.);
#8756 = EDGE_CURVE('',#8537,#8657,#8757,.T.);
#8757 = SURFACE_CURVE('',#8758,(#8762,#8769),.PCURVE_S1.);
#8758 = LINE('',#8759,#8760);
#8759 = CARTESIAN_POINT('',(0.,0.,0.));
#8760 = VECTOR('',#8761,1.);
#8761 = DIRECTION('',(1.,0.,-0.));
#8762 = PCURVE('',#8559,#8763);
#8763 = DEFINITIONAL_REPRESENTATION('',(#8764),#8768);
#8764 = LINE('',#8765,#8766);
#8765 = CARTESIAN_POINT('',(0.,0.));
#8766 = VECTOR('',#8767,1.);
#8767 = DIRECTION('',(0.,1.));
#8768 = ( GEOMETRIC_REPRESENTATION_CONTEXT(2) 
PARAMETRIC_REPRESENTATION_CONTEXT() REPRESENTATION_CONTEXT('2D SPACE',''
  ) );
#8769 = PCURVE('',#8587,#8770);
#8770 = DEFINITIONAL_REPRESENTATION('',(#8771),#8775);
#8771 = LINE('',#8772,#8773);
#8772 = CARTESIAN_POINT('',(0.,0.));
#8773 = VECTOR('',#8774,1.);
#8774 = DIRECTION('',(1.,0.));
#8775 = ( GEOMETRIC_REPRESENTATION_CONTEXT(2) 
PARAMETRIC_REPRESENTATION_CONTEXT() REPRESENTATION_CONTEXT('2D SPACE',''
  ) );
#8776 = ORIENTED_EDGE('',*,*,#8536,.T.);
#8777 = ORIENTED_EDGE('',*,*,#8778,.T.);
#8778 = EDGE_CURVE('',#8539,#8659,#8779,.T.);
#8779 = SURFACE_CURVE('',#8780,(#8784,#8791),.PCURVE_S1.);
#8780 = LINE('',#8781,#8782);
#8781 = CARTESIAN_POINT('',(0.,0.,2.04E+03));
#8782 = VECTOR('',#8783,1.);
#8783 = DIRECTION('',(1.,0.,-0.));
#8784 = PCURVE('',#8559,#8785);
#8785 = DEFINITIONAL_REPRESENTATION('',(#8786),#8790);
#8786 = LINE('',#8787,#8788);
#8787 = CARTESIAN_POINT('',(2.04E+03,0.));
#8788 = VECTOR('',#8789,1.);
#8789 = DIRECTION('',(0.,1.));
#8790 = ( GEOMETRIC_REPRESENTATION_CONTEXT(2) 
PARAMETRIC_REPRESENTATION_CONTEXT() REPRESENTATION_CONTEXT('2D SPACE',''
  ) );
#8791 = PCURVE('',#8641,#8792);
#8792 = DEFINITIONAL_REPRESENTATION('',(#8793),#8797);
#8793 = LINE('',#8794,#8795);
#8794 = CARTESIAN_POINT('',(0.,0.));
#8795 = VECTOR('',#8796,1.);
#8796 = DIRECTION('',(1.,0.));
#8797 = ( GEOMETRIC_REPRESENTATION_CONTEXT(2) 
PARAMETRIC_REPRESENTATION_CONTEXT() REPRESENTATION_CONTEXT('2D SPACE',''
  ) );
#8798 = ORIENTED_EDGE('',*,*,#8656,.F.);
#8799 = ADVANCED_FACE('',(#8800),#8615,.T.);
#8800 = FACE_BOUND('',#8801,.T.);
#8801 = EDGE_LOOP('',(#8802,#8823,#8824,#8845));
#8802 = ORIENTED_EDGE('',*,*,#8803,.F.);
#8803 = EDGE_CURVE('',#8572,#8687,#8804,.T.);
#8804 = SURFACE_CURVE('',#8805,(#8809,#8816),.PCURVE_S1.);
#8805 = LINE('',#8806,#8807);
#8806 = CARTESIAN_POINT('',(0.,3.,0.));
#8807 = VECTOR('',#8808,1.);
#8808 = DIRECTION('',(1.,0.,-0.));
#8809 = PCURVE('',#8615,#8810);
#8810 = DEFINITIONAL_REPRESENTATION('',(#8811),#8815);
#8811 = LINE('',#8812,#8813);
#8812 = CARTESIAN_POINT('',(0.,0.));
#8813 = VECTOR('',#8814,1.);
#8814 = DIRECTION('',(0.,1.));
#8815 = ( GEOMETRIC_REPRESENTATION_CONTEXT(2) 
PARAMETRIC_REPRESENTATION_CONTEXT() REPRESENTATION_CONTEXT('2D SPACE',''
  ) );
#8816 = PCURVE('',#8587,#8817);
#8817 = DEFINITIONAL_REPRESENTATION('',(#8818),#8822);
#8818 = LINE('',#8819,#8820);
#8819 = CARTESIAN_POINT('',(0.,3.));
#8820 = VECTOR('',#8821,1.);
#8821 = DIRECTION('',(1.,0.));
#8822 = ( GEOMETRIC_REPRESENTATION_CONTEXT(2) 
PARAMETRIC_REPRESENTATION_CONTEXT() REPRESENTATION_CONTEXT('2D SPACE',''
  ) );
#8823 = ORIENTED_EDGE('',*,*,#8599,.T.);
#8824 = ORIENTED_EDGE('',*,*,#8825,.T.);
#8825 = EDGE_CURVE('',#8600,#8710,#8826,.T.);
#8826 = SURFACE_CURVE('',#8827,(#8831,#8838),.PCURVE_S1.);
#8827 = LINE('',#8828,#8829);
#8828 = CARTESIAN_POINT('',(0.,3.,2.04E+03));
#8829 = VECTOR('',#8830,1.);
#8830 = DIRECTION('',(1.,0.,-0.));
#8831 = PCURVE('',#8615,#8832);
#8832 = DEFINITIONAL_REPRESENTATION('',(#8833),#8837);
#8833 = LINE('',#8834,#8835);
#8834 = CARTESIAN_POINT('',(2.04E+03,0.));
#8835 = VECTOR('',#8836,1.);
#8836 = DIRECTION('',(0.,1.));
#8837 = ( GEOMETRIC_REPRESENTATION_CONTEXT(2) 
PARAMETRIC_REPRESENTATION_CONTEXT() REPRESENTATION_CONTEXT('2D SPACE',''
  ) );
#8838 = PCURVE('',#8641,#8839);
#8839 = DEFINITIONAL_REPRESENTATION('',(#8840),#8844);
#8840 = LINE('',#8841,#8842);
#8841 = CARTESIAN_POINT('',(0.,3.));
#8842 = VECTOR('',#8843,1.);
#8843 = DIRECTION('',(1.,0.));
#8844 = ( GEOMETRIC_REPRESENTATION_CONTEXT(2) 
PARAMETRIC_REPRESENTATION_CONTEXT() REPRESENTATION_CONTEXT('2D SPACE',''
  ) );
#8845 = ORIENTED_EDGE('',*,*,#8709,.F.);
#8846 = ADVANCED_FACE('',(#8847),#8587,.F.);
#8847 = FACE_BOUND('',#8848,.F.);
#8848 = EDGE_LOOP('',(#8849,#8850,#8851,#8852));
#8849 = ORIENTED_EDGE('',*,*,#8571,.F.);
#8850 = ORIENTED_EDGE('',*,*,#8756,.T.);
#8851 = ORIENTED_EDGE('',*,*,#8686,.T.);
#8852 = ORIENTED_EDGE('',*,*,#8803,.F.);
#8853 = ADVANCED_FACE('',(#8854),#8641,.T.);
#8854 = FACE_BOUND('',#8855,.T.);
#8855 = EDGE_LOOP('',(#8856,#8857,#8858,#8859));
#8856 = ORIENTED_EDGE('',*,*,#8627,.F.);
#8857 = ORIENTED_EDGE('',*,*,#8778,.T.);
#8858 = ORIENTED_EDGE('',*,*,#8732,.T.);
#8859 = ORIENTED_EDGE('',*,*,#8825,.F.);
#8860 = ( GEOMETRIC_REPRESENTATION_CONTEXT(3) 
GLOBAL_UNCERTAINTY_ASSIGNED_CONTEXT((#8864)) 
GLOBAL_UNIT_ASSIGNED_CONTEXT((#8861,#8862,#8863)) REPRESENTATION_CONTEXT
('Context #1','3D Context with UNIT and UNCERTAINTY') );
#8861 = ( LENGTH_UNIT() NAMED_UNIT(*) SI_UNIT(.MILLI.,.METRE.) );
#8862 = ( NAMED_UNIT(*) PLANE_ANGLE_UNIT() SI_UNIT($,.RADIAN.) );
#8863 = ( NAMED_UNIT(*) SI_UNIT($,.STERADIAN.) SOLID_ANGLE_UNIT() );
#8864 = UNCERTAINTY_MEASURE_WITH_UNIT(LENGTH_MEASURE(1.E-07),#8861,
  'distance_accuracy_value','confusion accuracy');
#8865 = CONTEXT_DEPENDENT_SHAPE_REPRESENTATION(#8866,#8868);
#8866 = ( REPRESENTATION_RELATIONSHIP('','',#8529,#10) 
REPRESENTATION_RELATIONSHIP_WITH_TRANSFORMATION(#8867) 
SHAPE_REPRESENTATION_RELATIONSHIP() );
#8867 = ITEM_DEFINED_TRANSFORMATION('','',#11,#83);
#8868 = PRODUCT_DEFINITION_SHAPE('Placement','Placement of an item',
  #8869);
#8869 = NEXT_ASSEMBLY_USAGE_OCCURRENCE('885',
  '\X2\043F043E043B043E0442043D043E\X0\_\X2\04440430043D043504400430\X0\_790\X2\0445\X0\2040',''
  ,#5,#8524,$);
#8870 = PRODUCT_RELATED_PRODUCT_CATEGORY('part',$,(#8526));
#8871 = SHAPE_DEFINITION_REPRESENTATION(#8872,#8878);
#8872 = PRODUCT_DEFINITION_SHAPE('','',#8873);
#8873 = PRODUCT_DEFINITION('design','',#8874,#8877);
#8874 = PRODUCT_DEFINITION_FORMATION('','',#8875);
#8875 = PRODUCT('\X2\043F04350442043B044F\X0\_100','\X2\043F04350442043B044F\X0\_100',''
  ,(#8876));
#8876 = PRODUCT_CONTEXT('',#2,'mechanical');
#8877 = PRODUCT_DEFINITION_CONTEXT('part definition',#2,'design');
#8878 = ADVANCED_BREP_SHAPE_REPRESENTATION('',(#11,#8879),#9209);
#8879 = MANIFOLD_SOLID_BREP('',#8880);
#8880 = CLOSED_SHELL('',(#8881,#9001,#9101,#9148,#9195,#9202));
#8881 = ADVANCED_FACE('',(#8882),#8896,.F.);
#8882 = FACE_BOUND('',#8883,.F.);
#8883 = EDGE_LOOP('',(#8884,#8919,#8947,#8975));
#8884 = ORIENTED_EDGE('',*,*,#8885,.F.);
#8885 = EDGE_CURVE('',#8886,#8888,#8890,.T.);
#8886 = VERTEX_POINT('',#8887);
#8887 = CARTESIAN_POINT('',(0.,0.,0.));
#8888 = VERTEX_POINT('',#8889);
#8889 = CARTESIAN_POINT('',(0.,0.,100.));
#8890 = SURFACE_CURVE('',#8891,(#8895,#8907),.PCURVE_S1.);
#8891 = LINE('',#8892,#8893);
#8892 = CARTESIAN_POINT('',(0.,0.,0.));
#8893 = VECTOR('',#8894,1.);
#8894 = DIRECTION('',(0.,0.,1.));
#8895 = PCURVE('',#8896,#8901);
#8896 = PLANE('',#8897);
#8897 = AXIS2_PLACEMENT_3D('',#8898,#8899,#8900);
#8898 = CARTESIAN_POINT('',(0.,0.,0.));
#8899 = DIRECTION('',(1.,0.,-0.));
#8900 = DIRECTION('',(0.,0.,1.));
#8901 = DEFINITIONAL_REPRESENTATION('',(#8902),#8906);
#8902 = LINE('',#8903,#8904);
#8903 = CARTESIAN_POINT('',(0.,0.));
#8904 = VECTOR('',#8905,1.);
#8905 = DIRECTION('',(1.,0.));
#8906 = ( GEOMETRIC_REPRESENTATION_CONTEXT(2) 
PARAMETRIC_REPRESENTATION_CONTEXT() REPRESENTATION_CONTEXT('2D SPACE',''
  ) );
#8907 = PCURVE('',#8908,#8913);
#8908 = PLANE('',#8909);
#8909 = AXIS2_PLACEMENT_3D('',#8910,#8911,#8912);
#8910 = CARTESIAN_POINT('',(0.,0.,0.));
#8911 = DIRECTION('',(-0.,1.,0.));
#8912 = DIRECTION('',(0.,0.,1.));
#8913 = DEFINITIONAL_REPRESENTATION('',(#8914),#8918);
#8914 = LINE('',#8915,#8916);
#8915 = CARTESIAN_POINT('',(0.,0.));
#8916 = VECTOR('',#8917,1.);
#8917 = DIRECTION('',(1.,0.));
#8918 = ( GEOMETRIC_REPRESENTATION_CONTEXT(2) 
PARAMETRIC_REPRESENTATION_CONTEXT() REPRESENTATION_CONTEXT('2D SPACE',''
  ) );
#8919 = ORIENTED_EDGE('',*,*,#8920,.T.);
#8920 = EDGE_CURVE('',#8886,#8921,#8923,.T.);
#8921 = VERTEX_POINT('',#8922);
#8922 = CARTESIAN_POINT('',(0.,3.,0.));
#8923 = SURFACE_CURVE('',#8924,(#8928,#8935),.PCURVE_S1.);
#8924 = LINE('',#8925,#8926);
#8925 = CARTESIAN_POINT('',(0.,0.,0.));
#8926 = VECTOR('',#8927,1.);
#8927 = DIRECTION('',(-0.,1.,0.));
#8928 = PCURVE('',#8896,#8929);
#8929 = DEFINITIONAL_REPRESENTATION('',(#8930),#8934);
#8930 = LINE('',#8931,#8932);
#8931 = CARTESIAN_POINT('',(0.,0.));
#8932 = VECTOR('',#8933,1.);
#8933 = DIRECTION('',(0.,-1.));
#8934 = ( GEOMETRIC_REPRESENTATION_CONTEXT(2) 
PARAMETRIC_REPRESENTATION_CONTEXT() REPRESENTATION_CONTEXT('2D SPACE',''
  ) );
#8935 = PCURVE('',#8936,#8941);
#8936 = PLANE('',#8937);
#8937 = AXIS2_PLACEMENT_3D('',#8938,#8939,#8940);
#8938 = CARTESIAN_POINT('',(0.,0.,0.));
#8939 = DIRECTION('',(0.,0.,1.));
#8940 = DIRECTION('',(1.,0.,-0.));
#8941 = DEFINITIONAL_REPRESENTATION('',(#8942),#8946);
#8942 = LINE('',#8943,#8944);
#8943 = CARTESIAN_POINT('',(0.,0.));
#8944 = VECTOR('',#8945,1.);
#8945 = DIRECTION('',(0.,1.));
#8946 = ( GEOMETRIC_REPRESENTATION_CONTEXT(2) 
PARAMETRIC_REPRESENTATION_CONTEXT() REPRESENTATION_CONTEXT('2D SPACE',''
  ) );
#8947 = ORIENTED_EDGE('',*,*,#8948,.T.);
#8948 = EDGE_CURVE('',#8921,#8949,#8951,.T.);
#8949 = VERTEX_POINT('',#8950);
#8950 = CARTESIAN_POINT('',(0.,3.,100.));
#8951 = SURFACE_CURVE('',#8952,(#8956,#8963),.PCURVE_S1.);
#8952 = LINE('',#8953,#8954);
#8953 = CARTESIAN_POINT('',(0.,3.,0.));
#8954 = VECTOR('',#8955,1.);
#8955 = DIRECTION('',(0.,0.,1.));
#8956 = PCURVE('',#8896,#8957);
#8957 = DEFINITIONAL_REPRESENTATION('',(#8958),#8962);
#8958 = LINE('',#8959,#8960);
#8959 = CARTESIAN_POINT('',(0.,-3.));
#8960 = VECTOR('',#8961,1.);
#8961 = DIRECTION('',(1.,0.));
#8962 = ( GEOMETRIC_REPRESENTATION_CONTEXT(2) 
PARAMETRIC_REPRESENTATION_CONTEXT() REPRESENTATION_CONTEXT('2D SPACE',''
  ) );
#8963 = PCURVE('',#8964,#8969);
#8964 = PLANE('',#8965);
#8965 = AXIS2_PLACEMENT_3D('',#8966,#8967,#8968);
#8966 = CARTESIAN_POINT('',(0.,3.,0.));
#8967 = DIRECTION('',(-0.,1.,0.));
#8968 = DIRECTION('',(0.,0.,1.));
#8969 = DEFINITIONAL_REPRESENTATION('',(#8970),#8974);
#8970 = LINE('',#8971,#8972);
#8971 = CARTESIAN_POINT('',(0.,0.));
#8972 = VECTOR('',#8973,1.);
#8973 = DIRECTION('',(1.,0.));
#8974 = ( GEOMETRIC_REPRESENTATION_CONTEXT(2) 
PARAMETRIC_REPRESENTATION_CONTEXT() REPRESENTATION_CONTEXT('2D SPACE',''
  ) );
#8975 = ORIENTED_EDGE('',*,*,#8976,.F.);
#8976 = EDGE_CURVE('',#8888,#8949,#8977,.T.);
#8977 = SURFACE_CURVE('',#8978,(#8982,#8989),.PCURVE_S1.);
#8978 = LINE('',#8979,#8980);
#8979 = CARTESIAN_POINT('',(0.,0.,100.));
#8980 = VECTOR('',#8981,1.);
#8981 = DIRECTION('',(-0.,1.,0.));
#8982 = PCURVE('',#8896,#8983);
#8983 = DEFINITIONAL_REPRESENTATION('',(#8984),#8988);
#8984 = LINE('',#8985,#8986);
#8985 = CARTESIAN_POINT('',(100.,0.));
#8986 = VECTOR('',#8987,1.);
#8987 = DIRECTION('',(0.,-1.));
#8988 = ( GEOMETRIC_REPRESENTATION_CONTEXT(2) 
PARAMETRIC_REPRESENTATION_CONTEXT() REPRESENTATION_CONTEXT('2D SPACE',''
  ) );
#8989 = PCURVE('',#8990,#8995);
#8990 = PLANE('',#8991);
#8991 = AXIS2_PLACEMENT_3D('',#8992,#8993,#8994);
#8992 = CARTESIAN_POINT('',(0.,0.,100.));
#8993 = DIRECTION('',(0.,0.,1.));
#8994 = DIRECTION('',(1.,0.,-0.));
#8995 = DEFINITIONAL_REPRESENTATION('',(#8996),#9000);
#8996 = LINE('',#8997,#8998);
#8997 = CARTESIAN_POINT('',(0.,0.));
#8998 = VECTOR('',#8999,1.);
#8999 = DIRECTION('',(0.,1.));
#9000 = ( GEOMETRIC_REPRESENTATION_CONTEXT(2) 
PARAMETRIC_REPRESENTATION_CONTEXT() REPRESENTATION_CONTEXT('2D SPACE',''
  ) );
#9001 = ADVANCED_FACE('',(#9002),#9016,.T.);
#9002 = FACE_BOUND('',#9003,.T.);
#9003 = EDGE_LOOP('',(#9004,#9034,#9057,#9080));
#9004 = ORIENTED_EDGE('',*,*,#9005,.F.);
#9005 = EDGE_CURVE('',#9006,#9008,#9010,.T.);
#9006 = VERTEX_POINT('',#9007);
#9007 = CARTESIAN_POINT('',(30.,0.,0.));
#9008 = VERTEX_POINT('',#9009);
#9009 = CARTESIAN_POINT('',(30.,0.,100.));
#9010 = SURFACE_CURVE('',#9011,(#9015,#9027),.PCURVE_S1.);
#9011 = LINE('',#9012,#9013);
#9012 = CARTESIAN_POINT('',(30.,0.,0.));
#9013 = VECTOR('',#9014,1.);
#9014 = DIRECTION('',(0.,0.,1.));
#9015 = PCURVE('',#9016,#9021);
#9016 = PLANE('',#9017);
#9017 = AXIS2_PLACEMENT_3D('',#9018,#9019,#9020);
#9018 = CARTESIAN_POINT('',(30.,0.,0.));
#9019 = DIRECTION('',(1.,0.,-0.));
#9020 = DIRECTION('',(0.,0.,1.));
#9021 = DEFINITIONAL_REPRESENTATION('',(#9022),#9026);
#9022 = LINE('',#9023,#9024);
#9023 = CARTESIAN_POINT('',(0.,0.));
#9024 = VECTOR('',#9025,1.);
#9025 = DIRECTION('',(1.,0.));
#9026 = ( GEOMETRIC_REPRESENTATION_CONTEXT(2) 
PARAMETRIC_REPRESENTATION_CONTEXT() REPRESENTATION_CONTEXT('2D SPACE',''
  ) );
#9027 = PCURVE('',#8908,#9028);
#9028 = DEFINITIONAL_REPRESENTATION('',(#9029),#9033);
#9029 = LINE('',#9030,#9031);
#9030 = CARTESIAN_POINT('',(0.,30.));
#9031 = VECTOR('',#9032,1.);
#9032 = DIRECTION('',(1.,0.));
#9033 = ( GEOMETRIC_REPRESENTATION_CONTEXT(2) 
PARAMETRIC_REPRESENTATION_CONTEXT() REPRESENTATION_CONTEXT('2D SPACE',''
  ) );
#9034 = ORIENTED_EDGE('',*,*,#9035,.T.);
#9035 = EDGE_CURVE('',#9006,#9036,#9038,.T.);
#9036 = VERTEX_POINT('',#9037);
#9037 = CARTESIAN_POINT('',(30.,3.,0.));
#9038 = SURFACE_CURVE('',#9039,(#9043,#9050),.PCURVE_S1.);
#9039 = LINE('',#9040,#9041);
#9040 = CARTESIAN_POINT('',(30.,0.,0.));
#9041 = VECTOR('',#9042,1.);
#9042 = DIRECTION('',(-0.,1.,0.));
#9043 = PCURVE('',#9016,#9044);
#9044 = DEFINITIONAL_REPRESENTATION('',(#9045),#9049);
#9045 = LINE('',#9046,#9047);
#9046 = CARTESIAN_POINT('',(0.,0.));
#9047 = VECTOR('',#9048,1.);
#9048 = DIRECTION('',(0.,-1.));
#9049 = ( GEOMETRIC_REPRESENTATION_CONTEXT(2) 
PARAMETRIC_REPRESENTATION_CONTEXT() REPRESENTATION_CONTEXT('2D SPACE',''
  ) );
#9050 = PCURVE('',#8936,#9051);
#9051 = DEFINITIONAL_REPRESENTATION('',(#9052),#9056);
#9052 = LINE('',#9053,#9054);
#9053 = CARTESIAN_POINT('',(30.,0.));
#9054 = VECTOR('',#9055,1.);
#9055 = DIRECTION('',(0.,1.));
#9056 = ( GEOMETRIC_REPRESENTATION_CONTEXT(2) 
PARAMETRIC_REPRESENTATION_CONTEXT() REPRESENTATION_CONTEXT('2D SPACE',''
  ) );
#9057 = ORIENTED_EDGE('',*,*,#9058,.T.);
#9058 = EDGE_CURVE('',#9036,#9059,#9061,.T.);
#9059 = VERTEX_POINT('',#9060);
#9060 = CARTESIAN_POINT('',(30.,3.,100.));
#9061 = SURFACE_CURVE('',#9062,(#9066,#9073),.PCURVE_S1.);
#9062 = LINE('',#9063,#9064);
#9063 = CARTESIAN_POINT('',(30.,3.,0.));
#9064 = VECTOR('',#9065,1.);
#9065 = DIRECTION('',(0.,0.,1.));
#9066 = PCURVE('',#9016,#9067);
#9067 = DEFINITIONAL_REPRESENTATION('',(#9068),#9072);
#9068 = LINE('',#9069,#9070);
#9069 = CARTESIAN_POINT('',(0.,-3.));
#9070 = VECTOR('',#9071,1.);
#9071 = DIRECTION('',(1.,0.));
#9072 = ( GEOMETRIC_REPRESENTATION_CONTEXT(2) 
PARAMETRIC_REPRESENTATION_CONTEXT() REPRESENTATION_CONTEXT('2D SPACE',''
  ) );
#9073 = PCURVE('',#8964,#9074);
#9074 = DEFINITIONAL_REPRESENTATION('',(#9075),#9079);
#9075 = LINE('',#9076,#9077);
#9076 = CARTESIAN_POINT('',(0.,30.));
#9077 = VECTOR('',#9078,1.);
#9078 = DIRECTION('',(1.,0.));
#9079 = ( GEOMETRIC_REPRESENTATION_CONTEXT(2) 
PARAMETRIC_REPRESENTATION_CONTEXT() REPRESENTATION_CONTEXT('2D SPACE',''
  ) );
#9080 = ORIENTED_EDGE('',*,*,#9081,.F.);
#9081 = EDGE_CURVE('',#9008,#9059,#9082,.T.);
#9082 = SURFACE_CURVE('',#9083,(#9087,#9094),.PCURVE_S1.);
#9083 = LINE('',#9084,#9085);
#9084 = CARTESIAN_POINT('',(30.,0.,100.));
#9085 = VECTOR('',#9086,1.);
#9086 = DIRECTION('',(-0.,1.,0.));
#9087 = PCURVE('',#9016,#9088);
#9088 = DEFINITIONAL_REPRESENTATION('',(#9089),#9093);
#9089 = LINE('',#9090,#9091);
#9090 = CARTESIAN_POINT('',(100.,0.));
#9091 = VECTOR('',#9092,1.);
#9092 = DIRECTION('',(0.,-1.));
#9093 = ( GEOMETRIC_REPRESENTATION_CONTEXT(2) 
PARAMETRIC_REPRESENTATION_CONTEXT() REPRESENTATION_CONTEXT('2D SPACE',''
  ) );
#9094 = PCURVE('',#8990,#9095);
#9095 = DEFINITIONAL_REPRESENTATION('',(#9096),#9100);
#9096 = LINE('',#9097,#9098);
#9097 = CARTESIAN_POINT('',(30.,0.));
#9098 = VECTOR('',#9099,1.);
#9099 = DIRECTION('',(0.,1.));
#9100 = ( GEOMETRIC_REPRESENTATION_CONTEXT(2) 
PARAMETRIC_REPRESENTATION_CONTEXT() REPRESENTATION_CONTEXT('2D SPACE',''
  ) );
#9101 = ADVANCED_FACE('',(#9102),#8908,.F.);
#9102 = FACE_BOUND('',#9103,.F.);
#9103 = EDGE_LOOP('',(#9104,#9125,#9126,#9147));
#9104 = ORIENTED_EDGE('',*,*,#9105,.F.);
#9105 = EDGE_CURVE('',#8886,#9006,#9106,.T.);
#9106 = SURFACE_CURVE('',#9107,(#9111,#9118),.PCURVE_S1.);
#9107 = LINE('',#9108,#9109);
#9108 = CARTESIAN_POINT('',(0.,0.,0.));
#9109 = VECTOR('',#9110,1.);
#9110 = DIRECTION('',(1.,0.,-0.));
#9111 = PCURVE('',#8908,#9112);
#9112 = DEFINITIONAL_REPRESENTATION('',(#9113),#9117);
#9113 = LINE('',#9114,#9115);
#9114 = CARTESIAN_POINT('',(0.,0.));
#9115 = VECTOR('',#9116,1.);
#9116 = DIRECTION('',(0.,1.));
#9117 = ( GEOMETRIC_REPRESENTATION_CONTEXT(2) 
PARAMETRIC_REPRESENTATION_CONTEXT() REPRESENTATION_CONTEXT('2D SPACE',''
  ) );
#9118 = PCURVE('',#8936,#9119);
#9119 = DEFINITIONAL_REPRESENTATION('',(#9120),#9124);
#9120 = LINE('',#9121,#9122);
#9121 = CARTESIAN_POINT('',(0.,0.));
#9122 = VECTOR('',#9123,1.);
#9123 = DIRECTION('',(1.,0.));
#9124 = ( GEOMETRIC_REPRESENTATION_CONTEXT(2) 
PARAMETRIC_REPRESENTATION_CONTEXT() REPRESENTATION_CONTEXT('2D SPACE',''
  ) );
#9125 = ORIENTED_EDGE('',*,*,#8885,.T.);
#9126 = ORIENTED_EDGE('',*,*,#9127,.T.);
#9127 = EDGE_CURVE('',#8888,#9008,#9128,.T.);
#9128 = SURFACE_CURVE('',#9129,(#9133,#9140),.PCURVE_S1.);
#9129 = LINE('',#9130,#9131);
#9130 = CARTESIAN_POINT('',(0.,0.,100.));
#9131 = VECTOR('',#9132,1.);
#9132 = DIRECTION('',(1.,0.,-0.));
#9133 = PCURVE('',#8908,#9134);
#9134 = DEFINITIONAL_REPRESENTATION('',(#9135),#9139);
#9135 = LINE('',#9136,#9137);
#9136 = CARTESIAN_POINT('',(100.,0.));
#9137 = VECTOR('',#9138,1.);
#9138 = DIRECTION('',(0.,1.));
#9139 = ( GEOMETRIC_REPRESENTATION_CONTEXT(2) 
PARAMETRIC_REPRESENTATION_CONTEXT() REPRESENTATION_CONTEXT('2D SPACE',''
  ) );
#9140 = PCURVE('',#8990,#9141);
#9141 = DEFINITIONAL_REPRESENTATION('',(#9142),#9146);
#9142 = LINE('',#9143,#9144);
#9143 = CARTESIAN_POINT('',(0.,0.));
#9144 = VECTOR('',#9145,1.);
#9145 = DIRECTION('',(1.,0.));
#9146 = ( GEOMETRIC_REPRESENTATION_CONTEXT(2) 
PARAMETRIC_REPRESENTATION_CONTEXT() REPRESENTATION_CONTEXT('2D SPACE',''
  ) );
#9147 = ORIENTED_EDGE('',*,*,#9005,.F.);
#9148 = ADVANCED_FACE('',(#9149),#8964,.T.);
#9149 = FACE_BOUND('',#9150,.T.);
#9150 = EDGE_LOOP('',(#9151,#9172,#9173,#9194));
#9151 = ORIENTED_EDGE('',*,*,#9152,.F.);
#9152 = EDGE_CURVE('',#8921,#9036,#9153,.T.);
#9153 = SURFACE_CURVE('',#9154,(#9158,#9165),.PCURVE_S1.);
#9154 = LINE('',#9155,#9156);
#9155 = CARTESIAN_POINT('',(0.,3.,0.));
#9156 = VECTOR('',#9157,1.);
#9157 = DIRECTION('',(1.,0.,-0.));
#9158 = PCURVE('',#8964,#9159);
#9159 = DEFINITIONAL_REPRESENTATION('',(#9160),#9164);
#9160 = LINE('',#9161,#9162);
#9161 = CARTESIAN_POINT('',(0.,0.));
#9162 = VECTOR('',#9163,1.);
#9163 = DIRECTION('',(0.,1.));
#9164 = ( GEOMETRIC_REPRESENTATION_CONTEXT(2) 
PARAMETRIC_REPRESENTATION_CONTEXT() REPRESENTATION_CONTEXT('2D SPACE',''
  ) );
#9165 = PCURVE('',#8936,#9166);
#9166 = DEFINITIONAL_REPRESENTATION('',(#9167),#9171);
#9167 = LINE('',#9168,#9169);
#9168 = CARTESIAN_POINT('',(0.,3.));
#9169 = VECTOR('',#9170,1.);
#9170 = DIRECTION('',(1.,0.));
#9171 = ( GEOMETRIC_REPRESENTATION_CONTEXT(2) 
PARAMETRIC_REPRESENTATION_CONTEXT() REPRESENTATION_CONTEXT('2D SPACE',''
  ) );
#9172 = ORIENTED_EDGE('',*,*,#8948,.T.);
#9173 = ORIENTED_EDGE('',*,*,#9174,.T.);
#9174 = EDGE_CURVE('',#8949,#9059,#9175,.T.);
#9175 = SURFACE_CURVE('',#9176,(#9180,#9187),.PCURVE_S1.);
#9176 = LINE('',#9177,#9178);
#9177 = CARTESIAN_POINT('',(0.,3.,100.));
#9178 = VECTOR('',#9179,1.);
#9179 = DIRECTION('',(1.,0.,-0.));
#9180 = PCURVE('',#8964,#9181);
#9181 = DEFINITIONAL_REPRESENTATION('',(#9182),#9186);
#9182 = LINE('',#9183,#9184);
#9183 = CARTESIAN_POINT('',(100.,0.));
#9184 = VECTOR('',#9185,1.);
#9185 = DIRECTION('',(0.,1.));
#9186 = ( GEOMETRIC_REPRESENTATION_CONTEXT(2) 
PARAMETRIC_REPRESENTATION_CONTEXT() REPRESENTATION_CONTEXT('2D SPACE',''
  ) );
#9187 = PCURVE('',#8990,#9188);
#9188 = DEFINITIONAL_REPRESENTATION('',(#9189),#9193);
#9189 = LINE('',#9190,#9191);
#9190 = CARTESIAN_POINT('',(0.,3.));
#9191 = VECTOR('',#9192,1.);
#9192 = DIRECTION('',(1.,0.));
#9193 = ( GEOMETRIC_REPRESENTATION_CONTEXT(2) 
PARAMETRIC_REPRESENTATION_CONTEXT() REPRESENTATION_CONTEXT('2D SPACE',''
  ) );
#9194 = ORIENTED_EDGE('',*,*,#9058,.F.);
#9195 = ADVANCED_FACE('',(#9196),#8936,.F.);
#9196 = FACE_BOUND('',#9197,.F.);
#9197 = EDGE_LOOP('',(#9198,#9199,#9200,#9201));
#9198 = ORIENTED_EDGE('',*,*,#8920,.F.);
#9199 = ORIENTED_EDGE('',*,*,#9105,.T.);
#9200 = ORIENTED_EDGE('',*,*,#9035,.T.);
#9201 = ORIENTED_EDGE('',*,*,#9152,.F.);
#9202 = ADVANCED_FACE('',(#9203),#8990,.T.);
#9203 = FACE_BOUND('',#9204,.T.);
#9204 = EDGE_LOOP('',(#9205,#9206,#9207,#9208));
#9205 = ORIENTED_EDGE('',*,*,#8976,.F.);
#9206 = ORIENTED_EDGE('',*,*,#9127,.T.);
#9207 = ORIENTED_EDGE('',*,*,#9081,.T.);
#9208 = ORIENTED_EDGE('',*,*,#9174,.F.);
#9209 = ( GEOMETRIC_REPRESENTATION_CONTEXT(3) 
GLOBAL_UNCERTAINTY_ASSIGNED_CONTEXT((#9213)) 
GLOBAL_UNIT_ASSIGNED_CONTEXT((#9210,#9211,#9212)) REPRESENTATION_CONTEXT
('Context #1','3D Context with UNIT and UNCERTAINTY') );
#9210 = ( LENGTH_UNIT() NAMED_UNIT(*) SI_UNIT(.MILLI.,.METRE.) );
#9211 = ( NAMED_UNIT(*) PLANE_ANGLE_UNIT() SI_UNIT($,.RADIAN.) );
#9212 = ( NAMED_UNIT(*) SI_UNIT($,.STERADIAN.) SOLID_ANGLE_UNIT() );
#9213 = UNCERTAINTY_MEASURE_WITH_UNIT(LENGTH_MEASURE(1.E-07),#9210,
  'distance_accuracy_value','confusion accuracy');
#9214 = CONTEXT_DEPENDENT_SHAPE_REPRESENTATION(#9215,#9217);
#9215 = ( REPRESENTATION_RELATIONSHIP('','',#8878,#10) 
REPRESENTATION_RELATIONSHIP_WITH_TRANSFORMATION(#9216) 
SHAPE_REPRESENTATION_RELATIONSHIP() );
#9216 = ITEM_DEFINED_TRANSFORMATION('','',#11,#87);
#9217 = PRODUCT_DEFINITION_SHAPE('Placement','Placement of an item',
  #9218);
#9218 = NEXT_ASSEMBLY_USAGE_OCCURRENCE('886','\X2\043F04350442043B044F\X0\_100',
  '',#5,#8873,$);
#9219 = PRODUCT_RELATED_PRODUCT_CATEGORY('part',$,(#8875));
#9220 = SHAPE_DEFINITION_REPRESENTATION(#9221,#9227);
#9221 = PRODUCT_DEFINITION_SHAPE('','',#9222);
#9222 = PRODUCT_DEFINITION('design','',#9223,#9226);
#9223 = PRODUCT_DEFINITION_FORMATION('','',#9224);
#9224 = PRODUCT('\X2\043F04350442043B044F\X0\_100','\X2\043F04350442043B044F\X0\_100',''
  ,(#9225));
#9225 = PRODUCT_CONTEXT('',#2,'mechanical');
#9226 = PRODUCT_DEFINITION_CONTEXT('part definition',#2,'design');
#9227 = ADVANCED_BREP_SHAPE_REPRESENTATION('',(#11,#9228),#9558);
#9228 = MANIFOLD_SOLID_BREP('',#9229);
#9229 = CLOSED_SHELL('',(#9230,#9350,#9450,#9497,#9544,#9551));
#9230 = ADVANCED_FACE('',(#9231),#9245,.F.);
#9231 = FACE_BOUND('',#9232,.F.);
#9232 = EDGE_LOOP('',(#9233,#9268,#9296,#9324));
#9233 = ORIENTED_EDGE('',*,*,#9234,.F.);
#9234 = EDGE_CURVE('',#9235,#9237,#9239,.T.);
#9235 = VERTEX_POINT('',#9236);
#9236 = CARTESIAN_POINT('',(0.,0.,0.));
#9237 = VERTEX_POINT('',#9238);
#9238 = CARTESIAN_POINT('',(0.,0.,100.));
#9239 = SURFACE_CURVE('',#9240,(#9244,#9256),.PCURVE_S1.);
#9240 = LINE('',#9241,#9242);
#9241 = CARTESIAN_POINT('',(0.,0.,0.));
#9242 = VECTOR('',#9243,1.);
#9243 = DIRECTION('',(0.,0.,1.));
#9244 = PCURVE('',#9245,#9250);
#9245 = PLANE('',#9246);
#9246 = AXIS2_PLACEMENT_3D('',#9247,#9248,#9249);
#9247 = CARTESIAN_POINT('',(0.,0.,0.));
#9248 = DIRECTION('',(1.,0.,-0.));
#9249 = DIRECTION('',(0.,0.,1.));
#9250 = DEFINITIONAL_REPRESENTATION('',(#9251),#9255);
#9251 = LINE('',#9252,#9253);
#9252 = CARTESIAN_POINT('',(0.,0.));
#9253 = VECTOR('',#9254,1.);
#9254 = DIRECTION('',(1.,0.));
#9255 = ( GEOMETRIC_REPRESENTATION_CONTEXT(2) 
PARAMETRIC_REPRESENTATION_CONTEXT() REPRESENTATION_CONTEXT('2D SPACE',''
  ) );
#9256 = PCURVE('',#9257,#9262);
#9257 = PLANE('',#9258);
#9258 = AXIS2_PLACEMENT_3D('',#9259,#9260,#9261);
#9259 = CARTESIAN_POINT('',(0.,0.,0.));
#9260 = DIRECTION('',(-0.,1.,0.));
#9261 = DIRECTION('',(0.,0.,1.));
#9262 = DEFINITIONAL_REPRESENTATION('',(#9263),#9267);
#9263 = LINE('',#9264,#9265);
#9264 = CARTESIAN_POINT('',(0.,0.));
#9265 = VECTOR('',#9266,1.);
#9266 = DIRECTION('',(1.,0.));
#9267 = ( GEOMETRIC_REPRESENTATION_CONTEXT(2) 
PARAMETRIC_REPRESENTATION_CONTEXT() REPRESENTATION_CONTEXT('2D SPACE',''
  ) );
#9268 = ORIENTED_EDGE('',*,*,#9269,.T.);
#9269 = EDGE_CURVE('',#9235,#9270,#9272,.T.);
#9270 = VERTEX_POINT('',#9271);
#9271 = CARTESIAN_POINT('',(0.,3.,0.));
#9272 = SURFACE_CURVE('',#9273,(#9277,#9284),.PCURVE_S1.);
#9273 = LINE('',#9274,#9275);
#9274 = CARTESIAN_POINT('',(0.,0.,0.));
#9275 = VECTOR('',#9276,1.);
#9276 = DIRECTION('',(-0.,1.,0.));
#9277 = PCURVE('',#9245,#9278);
#9278 = DEFINITIONAL_REPRESENTATION('',(#9279),#9283);
#9279 = LINE('',#9280,#9281);
#9280 = CARTESIAN_POINT('',(0.,0.));
#9281 = VECTOR('',#9282,1.);
#9282 = DIRECTION('',(0.,-1.));
#9283 = ( GEOMETRIC_REPRESENTATION_CONTEXT(2) 
PARAMETRIC_REPRESENTATION_CONTEXT() REPRESENTATION_CONTEXT('2D SPACE',''
  ) );
#9284 = PCURVE('',#9285,#9290);
#9285 = PLANE('',#9286);
#9286 = AXIS2_PLACEMENT_3D('',#9287,#9288,#9289);
#9287 = CARTESIAN_POINT('',(0.,0.,0.));
#9288 = DIRECTION('',(0.,0.,1.));
#9289 = DIRECTION('',(1.,0.,-0.));
#9290 = DEFINITIONAL_REPRESENTATION('',(#9291),#9295);
#9291 = LINE('',#9292,#9293);
#9292 = CARTESIAN_POINT('',(0.,0.));
#9293 = VECTOR('',#9294,1.);
#9294 = DIRECTION('',(0.,1.));
#9295 = ( GEOMETRIC_REPRESENTATION_CONTEXT(2) 
PARAMETRIC_REPRESENTATION_CONTEXT() REPRESENTATION_CONTEXT('2D SPACE',''
  ) );
#9296 = ORIENTED_EDGE('',*,*,#9297,.T.);
#9297 = EDGE_CURVE('',#9270,#9298,#9300,.T.);
#9298 = VERTEX_POINT('',#9299);
#9299 = CARTESIAN_POINT('',(0.,3.,100.));
#9300 = SURFACE_CURVE('',#9301,(#9305,#9312),.PCURVE_S1.);
#9301 = LINE('',#9302,#9303);
#9302 = CARTESIAN_POINT('',(0.,3.,0.));
#9303 = VECTOR('',#9304,1.);
#9304 = DIRECTION('',(0.,0.,1.));
#9305 = PCURVE('',#9245,#9306);
#9306 = DEFINITIONAL_REPRESENTATION('',(#9307),#9311);
#9307 = LINE('',#9308,#9309);
#9308 = CARTESIAN_POINT('',(0.,-3.));
#9309 = VECTOR('',#9310,1.);
#9310 = DIRECTION('',(1.,0.));
#9311 = ( GEOMETRIC_REPRESENTATION_CONTEXT(2) 
PARAMETRIC_REPRESENTATION_CONTEXT() REPRESENTATION_CONTEXT('2D SPACE',''
  ) );
#9312 = PCURVE('',#9313,#9318);
#9313 = PLANE('',#9314);
#9314 = AXIS2_PLACEMENT_3D('',#9315,#9316,#9317);
#9315 = CARTESIAN_POINT('',(0.,3.,0.));
#9316 = DIRECTION('',(-0.,1.,0.));
#9317 = DIRECTION('',(0.,0.,1.));
#9318 = DEFINITIONAL_REPRESENTATION('',(#9319),#9323);
#9319 = LINE('',#9320,#9321);
#9320 = CARTESIAN_POINT('',(0.,0.));
#9321 = VECTOR('',#9322,1.);
#9322 = DIRECTION('',(1.,0.));
#9323 = ( GEOMETRIC_REPRESENTATION_CONTEXT(2) 
PARAMETRIC_REPRESENTATION_CONTEXT() REPRESENTATION_CONTEXT('2D SPACE',''
  ) );
#9324 = ORIENTED_EDGE('',*,*,#9325,.F.);
#9325 = EDGE_CURVE('',#9237,#9298,#9326,.T.);
#9326 = SURFACE_CURVE('',#9327,(#9331,#9338),.PCURVE_S1.);
#9327 = LINE('',#9328,#9329);
#9328 = CARTESIAN_POINT('',(0.,0.,100.));
#9329 = VECTOR('',#9330,1.);
#9330 = DIRECTION('',(-0.,1.,0.));
#9331 = PCURVE('',#9245,#9332);
#9332 = DEFINITIONAL_REPRESENTATION('',(#9333),#9337);
#9333 = LINE('',#9334,#9335);
#9334 = CARTESIAN_POINT('',(100.,0.));
#9335 = VECTOR('',#9336,1.);
#9336 = DIRECTION('',(0.,-1.));
#9337 = ( GEOMETRIC_REPRESENTATION_CONTEXT(2) 
PARAMETRIC_REPRESENTATION_CONTEXT() REPRESENTATION_CONTEXT('2D SPACE',''
  ) );
#9338 = PCURVE('',#9339,#9344);
#9339 = PLANE('',#9340);
#9340 = AXIS2_PLACEMENT_3D('',#9341,#9342,#9343);
#9341 = CARTESIAN_POINT('',(0.,0.,100.));
#9342 = DIRECTION('',(0.,0.,1.));
#9343 = DIRECTION('',(1.,0.,-0.));
#9344 = DEFINITIONAL_REPRESENTATION('',(#9345),#9349);
#9345 = LINE('',#9346,#9347);
#9346 = CARTESIAN_POINT('',(0.,0.));
#9347 = VECTOR('',#9348,1.);
#9348 = DIRECTION('',(0.,1.));
#9349 = ( GEOMETRIC_REPRESENTATION_CONTEXT(2) 
PARAMETRIC_REPRESENTATION_CONTEXT() REPRESENTATION_CONTEXT('2D SPACE',''
  ) );
#9350 = ADVANCED_FACE('',(#9351),#9365,.T.);
#9351 = FACE_BOUND('',#9352,.T.);
#9352 = EDGE_LOOP('',(#9353,#9383,#9406,#9429));
#9353 = ORIENTED_EDGE('',*,*,#9354,.F.);
#9354 = EDGE_CURVE('',#9355,#9357,#9359,.T.);
#9355 = VERTEX_POINT('',#9356);
#9356 = CARTESIAN_POINT('',(30.,0.,0.));
#9357 = VERTEX_POINT('',#9358);
#9358 = CARTESIAN_POINT('',(30.,0.,100.));
#9359 = SURFACE_CURVE('',#9360,(#9364,#9376),.PCURVE_S1.);
#9360 = LINE('',#9361,#9362);
#9361 = CARTESIAN_POINT('',(30.,0.,0.));
#9362 = VECTOR('',#9363,1.);
#9363 = DIRECTION('',(0.,0.,1.));
#9364 = PCURVE('',#9365,#9370);
#9365 = PLANE('',#9366);
#9366 = AXIS2_PLACEMENT_3D('',#9367,#9368,#9369);
#9367 = CARTESIAN_POINT('',(30.,0.,0.));
#9368 = DIRECTION('',(1.,0.,-0.));
#9369 = DIRECTION('',(0.,0.,1.));
#9370 = DEFINITIONAL_REPRESENTATION('',(#9371),#9375);
#9371 = LINE('',#9372,#9373);
#9372 = CARTESIAN_POINT('',(0.,0.));
#9373 = VECTOR('',#9374,1.);
#9374 = DIRECTION('',(1.,0.));
#9375 = ( GEOMETRIC_REPRESENTATION_CONTEXT(2) 
PARAMETRIC_REPRESENTATION_CONTEXT() REPRESENTATION_CONTEXT('2D SPACE',''
  ) );
#9376 = PCURVE('',#9257,#9377);
#9377 = DEFINITIONAL_REPRESENTATION('',(#9378),#9382);
#9378 = LINE('',#9379,#9380);
#9379 = CARTESIAN_POINT('',(0.,30.));
#9380 = VECTOR('',#9381,1.);
#9381 = DIRECTION('',(1.,0.));
#9382 = ( GEOMETRIC_REPRESENTATION_CONTEXT(2) 
PARAMETRIC_REPRESENTATION_CONTEXT() REPRESENTATION_CONTEXT('2D SPACE',''
  ) );
#9383 = ORIENTED_EDGE('',*,*,#9384,.T.);
#9384 = EDGE_CURVE('',#9355,#9385,#9387,.T.);
#9385 = VERTEX_POINT('',#9386);
#9386 = CARTESIAN_POINT('',(30.,3.,0.));
#9387 = SURFACE_CURVE('',#9388,(#9392,#9399),.PCURVE_S1.);
#9388 = LINE('',#9389,#9390);
#9389 = CARTESIAN_POINT('',(30.,0.,0.));
#9390 = VECTOR('',#9391,1.);
#9391 = DIRECTION('',(-0.,1.,0.));
#9392 = PCURVE('',#9365,#9393);
#9393 = DEFINITIONAL_REPRESENTATION('',(#9394),#9398);
#9394 = LINE('',#9395,#9396);
#9395 = CARTESIAN_POINT('',(0.,0.));
#9396 = VECTOR('',#9397,1.);
#9397 = DIRECTION('',(0.,-1.));
#9398 = ( GEOMETRIC_REPRESENTATION_CONTEXT(2) 
PARAMETRIC_REPRESENTATION_CONTEXT() REPRESENTATION_CONTEXT('2D SPACE',''
  ) );
#9399 = PCURVE('',#9285,#9400);
#9400 = DEFINITIONAL_REPRESENTATION('',(#9401),#9405);
#9401 = LINE('',#9402,#9403);
#9402 = CARTESIAN_POINT('',(30.,0.));
#9403 = VECTOR('',#9404,1.);
#9404 = DIRECTION('',(0.,1.));
#9405 = ( GEOMETRIC_REPRESENTATION_CONTEXT(2) 
PARAMETRIC_REPRESENTATION_CONTEXT() REPRESENTATION_CONTEXT('2D SPACE',''
  ) );
#9406 = ORIENTED_EDGE('',*,*,#9407,.T.);
#9407 = EDGE_CURVE('',#9385,#9408,#9410,.T.);
#9408 = VERTEX_POINT('',#9409);
#9409 = CARTESIAN_POINT('',(30.,3.,100.));
#9410 = SURFACE_CURVE('',#9411,(#9415,#9422),.PCURVE_S1.);
#9411 = LINE('',#9412,#9413);
#9412 = CARTESIAN_POINT('',(30.,3.,0.));
#9413 = VECTOR('',#9414,1.);
#9414 = DIRECTION('',(0.,0.,1.));
#9415 = PCURVE('',#9365,#9416);
#9416 = DEFINITIONAL_REPRESENTATION('',(#9417),#9421);
#9417 = LINE('',#9418,#9419);
#9418 = CARTESIAN_POINT('',(0.,-3.));
#9419 = VECTOR('',#9420,1.);
#9420 = DIRECTION('',(1.,0.));
#9421 = ( GEOMETRIC_REPRESENTATION_CONTEXT(2) 
PARAMETRIC_REPRESENTATION_CONTEXT() REPRESENTATION_CONTEXT('2D SPACE',''
  ) );
#9422 = PCURVE('',#9313,#9423);
#9423 = DEFINITIONAL_REPRESENTATION('',(#9424),#9428);
#9424 = LINE('',#9425,#9426);
#9425 = CARTESIAN_POINT('',(0.,30.));
#9426 = VECTOR('',#9427,1.);
#9427 = DIRECTION('',(1.,0.));
#9428 = ( GEOMETRIC_REPRESENTATION_CONTEXT(2) 
PARAMETRIC_REPRESENTATION_CONTEXT() REPRESENTATION_CONTEXT('2D SPACE',''
  ) );
#9429 = ORIENTED_EDGE('',*,*,#9430,.F.);
#9430 = EDGE_CURVE('',#9357,#9408,#9431,.T.);
#9431 = SURFACE_CURVE('',#9432,(#9436,#9443),.PCURVE_S1.);
#9432 = LINE('',#9433,#9434);
#9433 = CARTESIAN_POINT('',(30.,0.,100.));
#9434 = VECTOR('',#9435,1.);
#9435 = DIRECTION('',(-0.,1.,0.));
#9436 = PCURVE('',#9365,#9437);
#9437 = DEFINITIONAL_REPRESENTATION('',(#9438),#9442);
#9438 = LINE('',#9439,#9440);
#9439 = CARTESIAN_POINT('',(100.,0.));
#9440 = VECTOR('',#9441,1.);
#9441 = DIRECTION('',(0.,-1.));
#9442 = ( GEOMETRIC_REPRESENTATION_CONTEXT(2) 
PARAMETRIC_REPRESENTATION_CONTEXT() REPRESENTATION_CONTEXT('2D SPACE',''
  ) );
#9443 = PCURVE('',#9339,#9444);
#9444 = DEFINITIONAL_REPRESENTATION('',(#9445),#9449);
#9445 = LINE('',#9446,#9447);
#9446 = CARTESIAN_POINT('',(30.,0.));
#9447 = VECTOR('',#9448,1.);
#9448 = DIRECTION('',(0.,1.));
#9449 = ( GEOMETRIC_REPRESENTATION_CONTEXT(2) 
PARAMETRIC_REPRESENTATION_CONTEXT() REPRESENTATION_CONTEXT('2D SPACE',''
  ) );
#9450 = ADVANCED_FACE('',(#9451),#9257,.F.);
#9451 = FACE_BOUND('',#9452,.F.);
#9452 = EDGE_LOOP('',(#9453,#9474,#9475,#9496));
#9453 = ORIENTED_EDGE('',*,*,#9454,.F.);
#9454 = EDGE_CURVE('',#9235,#9355,#9455,.T.);
#9455 = SURFACE_CURVE('',#9456,(#9460,#9467),.PCURVE_S1.);
#9456 = LINE('',#9457,#9458);
#9457 = CARTESIAN_POINT('',(0.,0.,0.));
#9458 = VECTOR('',#9459,1.);
#9459 = DIRECTION('',(1.,0.,-0.));
#9460 = PCURVE('',#9257,#9461);
#9461 = DEFINITIONAL_REPRESENTATION('',(#9462),#9466);
#9462 = LINE('',#9463,#9464);
#9463 = CARTESIAN_POINT('',(0.,0.));
#9464 = VECTOR('',#9465,1.);
#9465 = DIRECTION('',(0.,1.));
#9466 = ( GEOMETRIC_REPRESENTATION_CONTEXT(2) 
PARAMETRIC_REPRESENTATION_CONTEXT() REPRESENTATION_CONTEXT('2D SPACE',''
  ) );
#9467 = PCURVE('',#9285,#9468);
#9468 = DEFINITIONAL_REPRESENTATION('',(#9469),#9473);
#9469 = LINE('',#9470,#9471);
#9470 = CARTESIAN_POINT('',(0.,0.));
#9471 = VECTOR('',#9472,1.);
#9472 = DIRECTION('',(1.,0.));
#9473 = ( GEOMETRIC_REPRESENTATION_CONTEXT(2) 
PARAMETRIC_REPRESENTATION_CONTEXT() REPRESENTATION_CONTEXT('2D SPACE',''
  ) );
#9474 = ORIENTED_EDGE('',*,*,#9234,.T.);
#9475 = ORIENTED_EDGE('',*,*,#9476,.T.);
#9476 = EDGE_CURVE('',#9237,#9357,#9477,.T.);
#9477 = SURFACE_CURVE('',#9478,(#9482,#9489),.PCURVE_S1.);
#9478 = LINE('',#9479,#9480);
#9479 = CARTESIAN_POINT('',(0.,0.,100.));
#9480 = VECTOR('',#9481,1.);
#9481 = DIRECTION('',(1.,0.,-0.));
#9482 = PCURVE('',#9257,#9483);
#9483 = DEFINITIONAL_REPRESENTATION('',(#9484),#9488);
#9484 = LINE('',#9485,#9486);
#9485 = CARTESIAN_POINT('',(100.,0.));
#9486 = VECTOR('',#9487,1.);
#9487 = DIRECTION('',(0.,1.));
#9488 = ( GEOMETRIC_REPRESENTATION_CONTEXT(2) 
PARAMETRIC_REPRESENTATION_CONTEXT() REPRESENTATION_CONTEXT('2D SPACE',''
  ) );
#9489 = PCURVE('',#9339,#9490);
#9490 = DEFINITIONAL_REPRESENTATION('',(#9491),#9495);
#9491 = LINE('',#9492,#9493);
#9492 = CARTESIAN_POINT('',(0.,0.));
#9493 = VECTOR('',#9494,1.);
#9494 = DIRECTION('',(1.,0.));
#9495 = ( GEOMETRIC_REPRESENTATION_CONTEXT(2) 
PARAMETRIC_REPRESENTATION_CONTEXT() REPRESENTATION_CONTEXT('2D SPACE',''
  ) );
#9496 = ORIENTED_EDGE('',*,*,#9354,.F.);
#9497 = ADVANCED_FACE('',(#9498),#9313,.T.);
#9498 = FACE_BOUND('',#9499,.T.);
#9499 = EDGE_LOOP('',(#9500,#9521,#9522,#9543));
#9500 = ORIENTED_EDGE('',*,*,#9501,.F.);
#9501 = EDGE_CURVE('',#9270,#9385,#9502,.T.);
#9502 = SURFACE_CURVE('',#9503,(#9507,#9514),.PCURVE_S1.);
#9503 = LINE('',#9504,#9505);
#9504 = CARTESIAN_POINT('',(0.,3.,0.));
#9505 = VECTOR('',#9506,1.);
#9506 = DIRECTION('',(1.,0.,-0.));
#9507 = PCURVE('',#9313,#9508);
#9508 = DEFINITIONAL_REPRESENTATION('',(#9509),#9513);
#9509 = LINE('',#9510,#9511);
#9510 = CARTESIAN_POINT('',(0.,0.));
#9511 = VECTOR('',#9512,1.);
#9512 = DIRECTION('',(0.,1.));
#9513 = ( GEOMETRIC_REPRESENTATION_CONTEXT(2) 
PARAMETRIC_REPRESENTATION_CONTEXT() REPRESENTATION_CONTEXT('2D SPACE',''
  ) );
#9514 = PCURVE('',#9285,#9515);
#9515 = DEFINITIONAL_REPRESENTATION('',(#9516),#9520);
#9516 = LINE('',#9517,#9518);
#9517 = CARTESIAN_POINT('',(0.,3.));
#9518 = VECTOR('',#9519,1.);
#9519 = DIRECTION('',(1.,0.));
#9520 = ( GEOMETRIC_REPRESENTATION_CONTEXT(2) 
PARAMETRIC_REPRESENTATION_CONTEXT() REPRESENTATION_CONTEXT('2D SPACE',''
  ) );
#9521 = ORIENTED_EDGE('',*,*,#9297,.T.);
#9522 = ORIENTED_EDGE('',*,*,#9523,.T.);
#9523 = EDGE_CURVE('',#9298,#9408,#9524,.T.);
#9524 = SURFACE_CURVE('',#9525,(#9529,#9536),.PCURVE_S1.);
#9525 = LINE('',#9526,#9527);
#9526 = CARTESIAN_POINT('',(0.,3.,100.));
#9527 = VECTOR('',#9528,1.);
#9528 = DIRECTION('',(1.,0.,-0.));
#9529 = PCURVE('',#9313,#9530);
#9530 = DEFINITIONAL_REPRESENTATION('',(#9531),#9535);
#9531 = LINE('',#9532,#9533);
#9532 = CARTESIAN_POINT('',(100.,0.));
#9533 = VECTOR('',#9534,1.);
#9534 = DIRECTION('',(0.,1.));
#9535 = ( GEOMETRIC_REPRESENTATION_CONTEXT(2) 
PARAMETRIC_REPRESENTATION_CONTEXT() REPRESENTATION_CONTEXT('2D SPACE',''
  ) );
#9536 = PCURVE('',#9339,#9537);
#9537 = DEFINITIONAL_REPRESENTATION('',(#9538),#9542);
#9538 = LINE('',#9539,#9540);
#9539 = CARTESIAN_POINT('',(0.,3.));
#9540 = VECTOR('',#9541,1.);
#9541 = DIRECTION('',(1.,0.));
#9542 = ( GEOMETRIC_REPRESENTATION_CONTEXT(2) 
PARAMETRIC_REPRESENTATION_CONTEXT() REPRESENTATION_CONTEXT('2D SPACE',''
  ) );
#9543 = ORIENTED_EDGE('',*,*,#9407,.F.);
#9544 = ADVANCED_FACE('',(#9545),#9285,.F.);
#9545 = FACE_BOUND('',#9546,.F.);
#9546 = EDGE_LOOP('',(#9547,#9548,#9549,#9550));
#9547 = ORIENTED_EDGE('',*,*,#9269,.F.);
#9548 = ORIENTED_EDGE('',*,*,#9454,.T.);
#9549 = ORIENTED_EDGE('',*,*,#9384,.T.);
#9550 = ORIENTED_EDGE('',*,*,#9501,.F.);
#9551 = ADVANCED_FACE('',(#9552),#9339,.T.);
#9552 = FACE_BOUND('',#9553,.T.);
#9553 = EDGE_LOOP('',(#9554,#9555,#9556,#9557));
#9554 = ORIENTED_EDGE('',*,*,#9325,.F.);
#9555 = ORIENTED_EDGE('',*,*,#9476,.T.);
#9556 = ORIENTED_EDGE('',*,*,#9430,.T.);
#9557 = ORIENTED_EDGE('',*,*,#9523,.F.);
#9558 = ( GEOMETRIC_REPRESENTATION_CONTEXT(3) 
GLOBAL_UNCERTAINTY_ASSIGNED_CONTEXT((#9562)) 
GLOBAL_UNIT_ASSIGNED_CONTEXT((#9559,#9560,#9561)) REPRESENTATION_CONTEXT
('Context #1','3D Context with UNIT and UNCERTAINTY') );
#9559 = ( LENGTH_UNIT() NAMED_UNIT(*) SI_UNIT(.MILLI.,.METRE.) );
#9560 = ( NAMED_UNIT(*) PLANE_ANGLE_UNIT() SI_UNIT($,.RADIAN.) );
#9561 = ( NAMED_UNIT(*) SI_UNIT($,.STERADIAN.) SOLID_ANGLE_UNIT() );
#9562 = UNCERTAINTY_MEASURE_WITH_UNIT(LENGTH_MEASURE(1.E-07),#9559,
  'distance_accuracy_value','confusion accuracy');
#9563 = CONTEXT_DEPENDENT_SHAPE_REPRESENTATION(#9564,#9566);
#9564 = ( REPRESENTATION_RELATIONSHIP('','',#9227,#10) 
REPRESENTATION_RELATIONSHIP_WITH_TRANSFORMATION(#9565) 
SHAPE_REPRESENTATION_RELATIONSHIP() );
#9565 = ITEM_DEFINED_TRANSFORMATION('','',#11,#91);
#9566 = PRODUCT_DEFINITION_SHAPE('Placement','Placement of an item',
  #9567);
#9567 = NEXT_ASSEMBLY_USAGE_OCCURRENCE('887','\X2\043F04350442043B044F\X0\_100',
  '',#5,#9222,$);
#9568 = PRODUCT_RELATED_PRODUCT_CATEGORY('part',$,(#9224));
#9569 = SHAPE_DEFINITION_REPRESENTATION(#9570,#9576);
#9570 = PRODUCT_DEFINITION_SHAPE('','',#9571);
#9571 = PRODUCT_DEFINITION('design','',#9572,#9575);
#9572 = PRODUCT_DEFINITION_FORMATION('','',#9573);
#9573 = PRODUCT('\X2\044004430447043A0430\X0\','\X2\044004430447043A0430\X0\','',(#9574)
  );
#9574 = PRODUCT_CONTEXT('',#2,'mechanical');
#9575 = PRODUCT_DEFINITION_CONTEXT('part definition',#2,'design');
#9576 = ADVANCED_BREP_SHAPE_REPRESENTATION('',(#11,#9577),#9907);
#9577 = MANIFOLD_SOLID_BREP('',#9578);
#9578 = CLOSED_SHELL('',(#9579,#9699,#9799,#9846,#9893,#9900));
#9579 = ADVANCED_FACE('',(#9580),#9594,.F.);
#9580 = FACE_BOUND('',#9581,.F.);
#9581 = EDGE_LOOP('',(#9582,#9617,#9645,#9673));
#9582 = ORIENTED_EDGE('',*,*,#9583,.F.);
#9583 = EDGE_CURVE('',#9584,#9586,#9588,.T.);
#9584 = VERTEX_POINT('',#9585);
#9585 = CARTESIAN_POINT('',(0.,0.,0.));
#9586 = VERTEX_POINT('',#9587);
#9587 = CARTESIAN_POINT('',(0.,0.,150.));
#9588 = SURFACE_CURVE('',#9589,(#9593,#9605),.PCURVE_S1.);
#9589 = LINE('',#9590,#9591);
#9590 = CARTESIAN_POINT('',(0.,0.,0.));
#9591 = VECTOR('',#9592,1.);
#9592 = DIRECTION('',(0.,0.,1.));
#9593 = PCURVE('',#9594,#9599);
#9594 = PLANE('',#9595);
#9595 = AXIS2_PLACEMENT_3D('',#9596,#9597,#9598);
#9596 = CARTESIAN_POINT('',(0.,0.,0.));
#9597 = DIRECTION('',(1.,0.,-0.));
#9598 = DIRECTION('',(0.,0.,1.));
#9599 = DEFINITIONAL_REPRESENTATION('',(#9600),#9604);
#9600 = LINE('',#9601,#9602);
#9601 = CARTESIAN_POINT('',(0.,0.));
#9602 = VECTOR('',#9603,1.);
#9603 = DIRECTION('',(1.,0.));
#9604 = ( GEOMETRIC_REPRESENTATION_CONTEXT(2) 
PARAMETRIC_REPRESENTATION_CONTEXT() REPRESENTATION_CONTEXT('2D SPACE',''
  ) );
#9605 = PCURVE('',#9606,#9611);
#9606 = PLANE('',#9607);
#9607 = AXIS2_PLACEMENT_3D('',#9608,#9609,#9610);
#9608 = CARTESIAN_POINT('',(0.,0.,0.));
#9609 = DIRECTION('',(-0.,1.,0.));
#9610 = DIRECTION('',(0.,0.,1.));
#9611 = DEFINITIONAL_REPRESENTATION('',(#9612),#9616);
#9612 = LINE('',#9613,#9614);
#9613 = CARTESIAN_POINT('',(0.,0.));
#9614 = VECTOR('',#9615,1.);
#9615 = DIRECTION('',(1.,0.));
#9616 = ( GEOMETRIC_REPRESENTATION_CONTEXT(2) 
PARAMETRIC_REPRESENTATION_CONTEXT() REPRESENTATION_CONTEXT('2D SPACE',''
  ) );
#9617 = ORIENTED_EDGE('',*,*,#9618,.T.);
#9618 = EDGE_CURVE('',#9584,#9619,#9621,.T.);
#9619 = VERTEX_POINT('',#9620);
#9620 = CARTESIAN_POINT('',(0.,40.,0.));
#9621 = SURFACE_CURVE('',#9622,(#9626,#9633),.PCURVE_S1.);
#9622 = LINE('',#9623,#9624);
#9623 = CARTESIAN_POINT('',(0.,0.,0.));
#9624 = VECTOR('',#9625,1.);
#9625 = DIRECTION('',(-0.,1.,0.));
#9626 = PCURVE('',#9594,#9627);
#9627 = DEFINITIONAL_REPRESENTATION('',(#9628),#9632);
#9628 = LINE('',#9629,#9630);
#9629 = CARTESIAN_POINT('',(0.,0.));
#9630 = VECTOR('',#9631,1.);
#9631 = DIRECTION('',(0.,-1.));
#9632 = ( GEOMETRIC_REPRESENTATION_CONTEXT(2) 
PARAMETRIC_REPRESENTATION_CONTEXT() REPRESENTATION_CONTEXT('2D SPACE',''
  ) );
#9633 = PCURVE('',#9634,#9639);
#9634 = PLANE('',#9635);
#9635 = AXIS2_PLACEMENT_3D('',#9636,#9637,#9638);
#9636 = CARTESIAN_POINT('',(0.,0.,0.));
#9637 = DIRECTION('',(0.,0.,1.));
#9638 = DIRECTION('',(1.,0.,-0.));
#9639 = DEFINITIONAL_REPRESENTATION('',(#9640),#9644);
#9640 = LINE('',#9641,#9642);
#9641 = CARTESIAN_POINT('',(0.,0.));
#9642 = VECTOR('',#9643,1.);
#9643 = DIRECTION('',(0.,1.));
#9644 = ( GEOMETRIC_REPRESENTATION_CONTEXT(2) 
PARAMETRIC_REPRESENTATION_CONTEXT() REPRESENTATION_CONTEXT('2D SPACE',''
  ) );
#9645 = ORIENTED_EDGE('',*,*,#9646,.T.);
#9646 = EDGE_CURVE('',#9619,#9647,#9649,.T.);
#9647 = VERTEX_POINT('',#9648);
#9648 = CARTESIAN_POINT('',(0.,40.,150.));
#9649 = SURFACE_CURVE('',#9650,(#9654,#9661),.PCURVE_S1.);
#9650 = LINE('',#9651,#9652);
#9651 = CARTESIAN_POINT('',(0.,40.,0.));
#9652 = VECTOR('',#9653,1.);
#9653 = DIRECTION('',(0.,0.,1.));
#9654 = PCURVE('',#9594,#9655);
#9655 = DEFINITIONAL_REPRESENTATION('',(#9656),#9660);
#9656 = LINE('',#9657,#9658);
#9657 = CARTESIAN_POINT('',(0.,-40.));
#9658 = VECTOR('',#9659,1.);
#9659 = DIRECTION('',(1.,0.));
#9660 = ( GEOMETRIC_REPRESENTATION_CONTEXT(2) 
PARAMETRIC_REPRESENTATION_CONTEXT() REPRESENTATION_CONTEXT('2D SPACE',''
  ) );
#9661 = PCURVE('',#9662,#9667);
#9662 = PLANE('',#9663);
#9663 = AXIS2_PLACEMENT_3D('',#9664,#9665,#9666);
#9664 = CARTESIAN_POINT('',(0.,40.,0.));
#9665 = DIRECTION('',(-0.,1.,0.));
#9666 = DIRECTION('',(0.,0.,1.));
#9667 = DEFINITIONAL_REPRESENTATION('',(#9668),#9672);
#9668 = LINE('',#9669,#9670);
#9669 = CARTESIAN_POINT('',(0.,0.));
#9670 = VECTOR('',#9671,1.);
#9671 = DIRECTION('',(1.,0.));
#9672 = ( GEOMETRIC_REPRESENTATION_CONTEXT(2) 
PARAMETRIC_REPRESENTATION_CONTEXT() REPRESENTATION_CONTEXT('2D SPACE',''
  ) );
#9673 = ORIENTED_EDGE('',*,*,#9674,.F.);
#9674 = EDGE_CURVE('',#9586,#9647,#9675,.T.);
#9675 = SURFACE_CURVE('',#9676,(#9680,#9687),.PCURVE_S1.);
#9676 = LINE('',#9677,#9678);
#9677 = CARTESIAN_POINT('',(0.,0.,150.));
#9678 = VECTOR('',#9679,1.);
#9679 = DIRECTION('',(-0.,1.,0.));
#9680 = PCURVE('',#9594,#9681);
#9681 = DEFINITIONAL_REPRESENTATION('',(#9682),#9686);
#9682 = LINE('',#9683,#9684);
#9683 = CARTESIAN_POINT('',(150.,0.));
#9684 = VECTOR('',#9685,1.);
#9685 = DIRECTION('',(0.,-1.));
#9686 = ( GEOMETRIC_REPRESENTATION_CONTEXT(2) 
PARAMETRIC_REPRESENTATION_CONTEXT() REPRESENTATION_CONTEXT('2D SPACE',''
  ) );
#9687 = PCURVE('',#9688,#9693);
#9688 = PLANE('',#9689);
#9689 = AXIS2_PLACEMENT_3D('',#9690,#9691,#9692);
#9690 = CARTESIAN_POINT('',(0.,0.,150.));
#9691 = DIRECTION('',(0.,0.,1.));
#9692 = DIRECTION('',(1.,0.,-0.));
#9693 = DEFINITIONAL_REPRESENTATION('',(#9694),#9698);
#9694 = LINE('',#9695,#9696);
#9695 = CARTESIAN_POINT('',(0.,0.));
#9696 = VECTOR('',#9697,1.);
#9697 = DIRECTION('',(0.,1.));
#9698 = ( GEOMETRIC_REPRESENTATION_CONTEXT(2) 
PARAMETRIC_REPRESENTATION_CONTEXT() REPRESENTATION_CONTEXT('2D SPACE',''
  ) );
#9699 = ADVANCED_FACE('',(#9700),#9714,.T.);
#9700 = FACE_BOUND('',#9701,.T.);
#9701 = EDGE_LOOP('',(#9702,#9732,#9755,#9778));
#9702 = ORIENTED_EDGE('',*,*,#9703,.F.);
#9703 = EDGE_CURVE('',#9704,#9706,#9708,.T.);
#9704 = VERTEX_POINT('',#9705);
#9705 = CARTESIAN_POINT('',(20.,0.,0.));
#9706 = VERTEX_POINT('',#9707);
#9707 = CARTESIAN_POINT('',(20.,0.,150.));
#9708 = SURFACE_CURVE('',#9709,(#9713,#9725),.PCURVE_S1.);
#9709 = LINE('',#9710,#9711);
#9710 = CARTESIAN_POINT('',(20.,0.,0.));
#9711 = VECTOR('',#9712,1.);
#9712 = DIRECTION('',(0.,0.,1.));
#9713 = PCURVE('',#9714,#9719);
#9714 = PLANE('',#9715);
#9715 = AXIS2_PLACEMENT_3D('',#9716,#9717,#9718);
#9716 = CARTESIAN_POINT('',(20.,0.,0.));
#9717 = DIRECTION('',(1.,0.,-0.));
#9718 = DIRECTION('',(0.,0.,1.));
#9719 = DEFINITIONAL_REPRESENTATION('',(#9720),#9724);
#9720 = LINE('',#9721,#9722);
#9721 = CARTESIAN_POINT('',(0.,0.));
#9722 = VECTOR('',#9723,1.);
#9723 = DIRECTION('',(1.,0.));
#9724 = ( GEOMETRIC_REPRESENTATION_CONTEXT(2) 
PARAMETRIC_REPRESENTATION_CONTEXT() REPRESENTATION_CONTEXT('2D SPACE',''
  ) );
#9725 = PCURVE('',#9606,#9726);
#9726 = DEFINITIONAL_REPRESENTATION('',(#9727),#9731);
#9727 = LINE('',#9728,#9729);
#9728 = CARTESIAN_POINT('',(0.,20.));
#9729 = VECTOR('',#9730,1.);
#9730 = DIRECTION('',(1.,0.));
#9731 = ( GEOMETRIC_REPRESENTATION_CONTEXT(2) 
PARAMETRIC_REPRESENTATION_CONTEXT() REPRESENTATION_CONTEXT('2D SPACE',''
  ) );
#9732 = ORIENTED_EDGE('',*,*,#9733,.T.);
#9733 = EDGE_CURVE('',#9704,#9734,#9736,.T.);
#9734 = VERTEX_POINT('',#9735);
#9735 = CARTESIAN_POINT('',(20.,40.,0.));
#9736 = SURFACE_CURVE('',#9737,(#9741,#9748),.PCURVE_S1.);
#9737 = LINE('',#9738,#9739);
#9738 = CARTESIAN_POINT('',(20.,0.,0.));
#9739 = VECTOR('',#9740,1.);
#9740 = DIRECTION('',(-0.,1.,0.));
#9741 = PCURVE('',#9714,#9742);
#9742 = DEFINITIONAL_REPRESENTATION('',(#9743),#9747);
#9743 = LINE('',#9744,#9745);
#9744 = CARTESIAN_POINT('',(0.,0.));
#9745 = VECTOR('',#9746,1.);
#9746 = DIRECTION('',(0.,-1.));
#9747 = ( GEOMETRIC_REPRESENTATION_CONTEXT(2) 
PARAMETRIC_REPRESENTATION_CONTEXT() REPRESENTATION_CONTEXT('2D SPACE',''
  ) );
#9748 = PCURVE('',#9634,#9749);
#9749 = DEFINITIONAL_REPRESENTATION('',(#9750),#9754);
#9750 = LINE('',#9751,#9752);
#9751 = CARTESIAN_POINT('',(20.,0.));
#9752 = VECTOR('',#9753,1.);
#9753 = DIRECTION('',(0.,1.));
#9754 = ( GEOMETRIC_REPRESENTATION_CONTEXT(2) 
PARAMETRIC_REPRESENTATION_CONTEXT() REPRESENTATION_CONTEXT('2D SPACE',''
  ) );
#9755 = ORIENTED_EDGE('',*,*,#9756,.T.);
#9756 = EDGE_CURVE('',#9734,#9757,#9759,.T.);
#9757 = VERTEX_POINT('',#9758);
#9758 = CARTESIAN_POINT('',(20.,40.,150.));
#9759 = SURFACE_CURVE('',#9760,(#9764,#9771),.PCURVE_S1.);
#9760 = LINE('',#9761,#9762);
#9761 = CARTESIAN_POINT('',(20.,40.,0.));
#9762 = VECTOR('',#9763,1.);
#9763 = DIRECTION('',(0.,0.,1.));
#9764 = PCURVE('',#9714,#9765);
#9765 = DEFINITIONAL_REPRESENTATION('',(#9766),#9770);
#9766 = LINE('',#9767,#9768);
#9767 = CARTESIAN_POINT('',(0.,-40.));
#9768 = VECTOR('',#9769,1.);
#9769 = DIRECTION('',(1.,0.));
#9770 = ( GEOMETRIC_REPRESENTATION_CONTEXT(2) 
PARAMETRIC_REPRESENTATION_CONTEXT() REPRESENTATION_CONTEXT('2D SPACE',''
  ) );
#9771 = PCURVE('',#9662,#9772);
#9772 = DEFINITIONAL_REPRESENTATION('',(#9773),#9777);
#9773 = LINE('',#9774,#9775);
#9774 = CARTESIAN_POINT('',(0.,20.));
#9775 = VECTOR('',#9776,1.);
#9776 = DIRECTION('',(1.,0.));
#9777 = ( GEOMETRIC_REPRESENTATION_CONTEXT(2) 
PARAMETRIC_REPRESENTATION_CONTEXT() REPRESENTATION_CONTEXT('2D SPACE',''
  ) );
#9778 = ORIENTED_EDGE('',*,*,#9779,.F.);
#9779 = EDGE_CURVE('',#9706,#9757,#9780,.T.);
#9780 = SURFACE_CURVE('',#9781,(#9785,#9792),.PCURVE_S1.);
#9781 = LINE('',#9782,#9783);
#9782 = CARTESIAN_POINT('',(20.,0.,150.));
#9783 = VECTOR('',#9784,1.);
#9784 = DIRECTION('',(-0.,1.,0.));
#9785 = PCURVE('',#9714,#9786);
#9786 = DEFINITIONAL_REPRESENTATION('',(#9787),#9791);
#9787 = LINE('',#9788,#9789);
#9788 = CARTESIAN_POINT('',(150.,0.));
#9789 = VECTOR('',#9790,1.);
#9790 = DIRECTION('',(0.,-1.));
#9791 = ( GEOMETRIC_REPRESENTATION_CONTEXT(2) 
PARAMETRIC_REPRESENTATION_CONTEXT() REPRESENTATION_CONTEXT('2D SPACE',''
  ) );
#9792 = PCURVE('',#9688,#9793);
#9793 = DEFINITIONAL_REPRESENTATION('',(#9794),#9798);
#9794 = LINE('',#9795,#9796);
#9795 = CARTESIAN_POINT('',(20.,0.));
#9796 = VECTOR('',#9797,1.);
#9797 = DIRECTION('',(0.,1.));
#9798 = ( GEOMETRIC_REPRESENTATION_CONTEXT(2) 
PARAMETRIC_REPRESENTATION_CONTEXT() REPRESENTATION_CONTEXT('2D SPACE',''
  ) );
#9799 = ADVANCED_FACE('',(#9800),#9606,.F.);
#9800 = FACE_BOUND('',#9801,.F.);
#9801 = EDGE_LOOP('',(#9802,#9823,#9824,#9845));
#9802 = ORIENTED_EDGE('',*,*,#9803,.F.);
#9803 = EDGE_CURVE('',#9584,#9704,#9804,.T.);
#9804 = SURFACE_CURVE('',#9805,(#9809,#9816),.PCURVE_S1.);
#9805 = LINE('',#9806,#9807);
#9806 = CARTESIAN_POINT('',(0.,0.,0.));
#9807 = VECTOR('',#9808,1.);
#9808 = DIRECTION('',(1.,0.,-0.));
#9809 = PCURVE('',#9606,#9810);
#9810 = DEFINITIONAL_REPRESENTATION('',(#9811),#9815);
#9811 = LINE('',#9812,#9813);
#9812 = CARTESIAN_POINT('',(0.,0.));
#9813 = VECTOR('',#9814,1.);
#9814 = DIRECTION('',(0.,1.));
#9815 = ( GEOMETRIC_REPRESENTATION_CONTEXT(2) 
PARAMETRIC_REPRESENTATION_CONTEXT() REPRESENTATION_CONTEXT('2D SPACE',''
  ) );
#9816 = PCURVE('',#9634,#9817);
#9817 = DEFINITIONAL_REPRESENTATION('',(#9818),#9822);
#9818 = LINE('',#9819,#9820);
#9819 = CARTESIAN_POINT('',(0.,0.));
#9820 = VECTOR('',#9821,1.);
#9821 = DIRECTION('',(1.,0.));
#9822 = ( GEOMETRIC_REPRESENTATION_CONTEXT(2) 
PARAMETRIC_REPRESENTATION_CONTEXT() REPRESENTATION_CONTEXT('2D SPACE',''
  ) );
#9823 = ORIENTED_EDGE('',*,*,#9583,.T.);
#9824 = ORIENTED_EDGE('',*,*,#9825,.T.);
#9825 = EDGE_CURVE('',#9586,#9706,#9826,.T.);
#9826 = SURFACE_CURVE('',#9827,(#9831,#9838),.PCURVE_S1.);
#9827 = LINE('',#9828,#9829);
#9828 = CARTESIAN_POINT('',(0.,0.,150.));
#9829 = VECTOR('',#9830,1.);
#9830 = DIRECTION('',(1.,0.,-0.));
#9831 = PCURVE('',#9606,#9832);
#9832 = DEFINITIONAL_REPRESENTATION('',(#9833),#9837);
#9833 = LINE('',#9834,#9835);
#9834 = CARTESIAN_POINT('',(150.,0.));
#9835 = VECTOR('',#9836,1.);
#9836 = DIRECTION('',(0.,1.));
#9837 = ( GEOMETRIC_REPRESENTATION_CONTEXT(2) 
PARAMETRIC_REPRESENTATION_CONTEXT() REPRESENTATION_CONTEXT('2D SPACE',''
  ) );
#9838 = PCURVE('',#9688,#9839);
#9839 = DEFINITIONAL_REPRESENTATION('',(#9840),#9844);
#9840 = LINE('',#9841,#9842);
#9841 = CARTESIAN_POINT('',(0.,0.));
#9842 = VECTOR('',#9843,1.);
#9843 = DIRECTION('',(1.,0.));
#9844 = ( GEOMETRIC_REPRESENTATION_CONTEXT(2) 
PARAMETRIC_REPRESENTATION_CONTEXT() REPRESENTATION_CONTEXT('2D SPACE',''
  ) );
#9845 = ORIENTED_EDGE('',*,*,#9703,.F.);
#9846 = ADVANCED_FACE('',(#9847),#9662,.T.);
#9847 = FACE_BOUND('',#9848,.T.);
#9848 = EDGE_LOOP('',(#9849,#9870,#9871,#9892));
#9849 = ORIENTED_EDGE('',*,*,#9850,.F.);
#9850 = EDGE_CURVE('',#9619,#9734,#9851,.T.);
#9851 = SURFACE_CURVE('',#9852,(#9856,#9863),.PCURVE_S1.);
#9852 = LINE('',#9853,#9854);
#9853 = CARTESIAN_POINT('',(0.,40.,0.));
#9854 = VECTOR('',#9855,1.);
#9855 = DIRECTION('',(1.,0.,-0.));
#9856 = PCURVE('',#9662,#9857);
#9857 = DEFINITIONAL_REPRESENTATION('',(#9858),#9862);
#9858 = LINE('',#9859,#9860);
#9859 = CARTESIAN_POINT('',(0.,0.));
#9860 = VECTOR('',#9861,1.);
#9861 = DIRECTION('',(0.,1.));
#9862 = ( GEOMETRIC_REPRESENTATION_CONTEXT(2) 
PARAMETRIC_REPRESENTATION_CONTEXT() REPRESENTATION_CONTEXT('2D SPACE',''
  ) );
#9863 = PCURVE('',#9634,#9864);
#9864 = DEFINITIONAL_REPRESENTATION('',(#9865),#9869);
#9865 = LINE('',#9866,#9867);
#9866 = CARTESIAN_POINT('',(0.,40.));
#9867 = VECTOR('',#9868,1.);
#9868 = DIRECTION('',(1.,0.));
#9869 = ( GEOMETRIC_REPRESENTATION_CONTEXT(2) 
PARAMETRIC_REPRESENTATION_CONTEXT() REPRESENTATION_CONTEXT('2D SPACE',''
  ) );
#9870 = ORIENTED_EDGE('',*,*,#9646,.T.);
#9871 = ORIENTED_EDGE('',*,*,#9872,.T.);
#9872 = EDGE_CURVE('',#9647,#9757,#9873,.T.);
#9873 = SURFACE_CURVE('',#9874,(#9878,#9885),.PCURVE_S1.);
#9874 = LINE('',#9875,#9876);
#9875 = CARTESIAN_POINT('',(0.,40.,150.));
#9876 = VECTOR('',#9877,1.);
#9877 = DIRECTION('',(1.,0.,-0.));
#9878 = PCURVE('',#9662,#9879);
#9879 = DEFINITIONAL_REPRESENTATION('',(#9880),#9884);
#9880 = LINE('',#9881,#9882);
#9881 = CARTESIAN_POINT('',(150.,0.));
#9882 = VECTOR('',#9883,1.);
#9883 = DIRECTION('',(0.,1.));
#9884 = ( GEOMETRIC_REPRESENTATION_CONTEXT(2) 
PARAMETRIC_REPRESENTATION_CONTEXT() REPRESENTATION_CONTEXT('2D SPACE',''
  ) );
#9885 = PCURVE('',#9688,#9886);
#9886 = DEFINITIONAL_REPRESENTATION('',(#9887),#9891);
#9887 = LINE('',#9888,#9889);
#9888 = CARTESIAN_POINT('',(0.,40.));
#9889 = VECTOR('',#9890,1.);
#9890 = DIRECTION('',(1.,0.));
#9891 = ( GEOMETRIC_REPRESENTATION_CONTEXT(2) 
PARAMETRIC_REPRESENTATION_CONTEXT() REPRESENTATION_CONTEXT('2D SPACE',''
  ) );
#9892 = ORIENTED_EDGE('',*,*,#9756,.F.);
#9893 = ADVANCED_FACE('',(#9894),#9634,.F.);
#9894 = FACE_BOUND('',#9895,.F.);
#9895 = EDGE_LOOP('',(#9896,#9897,#9898,#9899));
#9896 = ORIENTED_EDGE('',*,*,#9618,.F.);
#9897 = ORIENTED_EDGE('',*,*,#9803,.T.);
#9898 = ORIENTED_EDGE('',*,*,#9733,.T.);
#9899 = ORIENTED_EDGE('',*,*,#9850,.F.);
#9900 = ADVANCED_FACE('',(#9901),#9688,.T.);
#9901 = FACE_BOUND('',#9902,.T.);
#9902 = EDGE_LOOP('',(#9903,#9904,#9905,#9906));
#9903 = ORIENTED_EDGE('',*,*,#9674,.F.);
#9904 = ORIENTED_EDGE('',*,*,#9825,.T.);
#9905 = ORIENTED_EDGE('',*,*,#9779,.T.);
#9906 = ORIENTED_EDGE('',*,*,#9872,.F.);
#9907 = ( GEOMETRIC_REPRESENTATION_CONTEXT(3) 
GLOBAL_UNCERTAINTY_ASSIGNED_CONTEXT((#9911)) 
GLOBAL_UNIT_ASSIGNED_CONTEXT((#9908,#9909,#9910)) REPRESENTATION_CONTEXT
('Context #1','3D Context with UNIT and UNCERTAINTY') );
#9908 = ( LENGTH_UNIT() NAMED_UNIT(*) SI_UNIT(.MILLI.,.METRE.) );
#9909 = ( NAMED_UNIT(*) PLANE_ANGLE_UNIT() SI_UNIT($,.RADIAN.) );
#9910 = ( NAMED_UNIT(*) SI_UNIT($,.STERADIAN.) SOLID_ANGLE_UNIT() );
#9911 = UNCERTAINTY_MEASURE_WITH_UNIT(LENGTH_MEASURE(1.E-07),#9908,
  'distance_accuracy_value','confusion accuracy');
#9912 = CONTEXT_DEPENDENT_SHAPE_REPRESENTATION(#9913,#9915);
#9913 = ( REPRESENTATION_RELATIONSHIP('','',#9576,#10) 
REPRESENTATION_RELATIONSHIP_WITH_TRANSFORMATION(#9914) 
SHAPE_REPRESENTATION_RELATIONSHIP() );
#9914 = ITEM_DEFINED_TRANSFORMATION('','',#11,#95);
#9915 = PRODUCT_DEFINITION_SHAPE('Placement','Placement of an item',
  #9916);
#9916 = NEXT_ASSEMBLY_USAGE_OCCURRENCE('888','\X2\044004430447043A0430\X0\','',
  #5,#9571,$);
#9917 = PRODUCT_RELATED_PRODUCT_CATEGORY('part',$,(#9573));
#9918 = SHAPE_DEFINITION_REPRESENTATION(#9919,#9925);
#9919 = PRODUCT_DEFINITION_SHAPE('','',#9920);
#9920 = PRODUCT_DEFINITION('design','',#9921,#9924);
#9921 = PRODUCT_DEFINITION_FORMATION('','',#9922);
#9922 = PRODUCT(
'\X2\043E0431044804380432043A0430\X0\_\X2\04440430043D043504400430\X0\_3\X2\043C043C\X0\_
997\X2\0445\X0\2400',
'\X2\043E0431044804380432043A0430\X0\_\X2\04440430043D043504400430\X0\_3\X2\043C043C\X0\_
997\X2\0445\X0\2400','',(#9923));
#9923 = PRODUCT_CONTEXT('',#2,'mechanical');
#9924 = PRODUCT_DEFINITION_CONTEXT('part definition',#2,'design');
#9925 = ADVANCED_BREP_SHAPE_REPRESENTATION('',(#11,#9926),#10556);
#9926 = MANIFOLD_SOLID_BREP('',#9927);
#9927 = CLOSED_SHELL('',(#9928,#10048,#10230,#10279,#10414,#10441,#10448
    ,#10495,#10522,#10549));
#9928 = ADVANCED_FACE('',(#9929),#9943,.F.);
#9929 = FACE_BOUND('',#9930,.F.);
#9930 = EDGE_LOOP('',(#9931,#9966,#9994,#10022));
#9931 = ORIENTED_EDGE('',*,*,#9932,.F.);
#9932 = EDGE_CURVE('',#9933,#9935,#9937,.T.);
#9933 = VERTEX_POINT('',#9934);
#9934 = CARTESIAN_POINT('',(0.,-3.,0.));
#9935 = VERTEX_POINT('',#9936);
#9936 = CARTESIAN_POINT('',(0.,-3.,2.4E+03));
#9937 = SURFACE_CURVE('',#9938,(#9942,#9954),.PCURVE_S1.);
#9938 = LINE('',#9939,#9940);
#9939 = CARTESIAN_POINT('',(0.,-3.,0.));
#9940 = VECTOR('',#9941,1.);
#9941 = DIRECTION('',(0.,0.,1.));
#9942 = PCURVE('',#9943,#9948);
#9943 = PLANE('',#9944);
#9944 = AXIS2_PLACEMENT_3D('',#9945,#9946,#9947);
#9945 = CARTESIAN_POINT('',(0.,-3.,0.));
#9946 = DIRECTION('',(1.,0.,-0.));
#9947 = DIRECTION('',(0.,0.,1.));
#9948 = DEFINITIONAL_REPRESENTATION('',(#9949),#9953);
#9949 = LINE('',#9950,#9951);
#9950 = CARTESIAN_POINT('',(0.,0.));
#9951 = VECTOR('',#9952,1.);
#9952 = DIRECTION('',(1.,0.));
#9953 = ( GEOMETRIC_REPRESENTATION_CONTEXT(2) 
PARAMETRIC_REPRESENTATION_CONTEXT() REPRESENTATION_CONTEXT('2D SPACE',''
  ) );
#9954 = PCURVE('',#9955,#9960);
#9955 = PLANE('',#9956);
#9956 = AXIS2_PLACEMENT_3D('',#9957,#9958,#9959);
#9957 = CARTESIAN_POINT('',(0.,-3.,0.));
#9958 = DIRECTION('',(-0.,1.,0.));
#9959 = DIRECTION('',(0.,0.,1.));
#9960 = DEFINITIONAL_REPRESENTATION('',(#9961),#9965);
#9961 = LINE('',#9962,#9963);
#9962 = CARTESIAN_POINT('',(0.,0.));
#9963 = VECTOR('',#9964,1.);
#9964 = DIRECTION('',(1.,0.));
#9965 = ( GEOMETRIC_REPRESENTATION_CONTEXT(2) 
PARAMETRIC_REPRESENTATION_CONTEXT() REPRESENTATION_CONTEXT('2D SPACE',''
  ) );
#9966 = ORIENTED_EDGE('',*,*,#9967,.T.);
#9967 = EDGE_CURVE('',#9933,#9968,#9970,.T.);
#9968 = VERTEX_POINT('',#9969);
#9969 = CARTESIAN_POINT('',(0.,0.,0.));
#9970 = SURFACE_CURVE('',#9971,(#9975,#9982),.PCURVE_S1.);
#9971 = LINE('',#9972,#9973);
#9972 = CARTESIAN_POINT('',(0.,-3.,0.));
#9973 = VECTOR('',#9974,1.);
#9974 = DIRECTION('',(-0.,1.,0.));
#9975 = PCURVE('',#9943,#9976);
#9976 = DEFINITIONAL_REPRESENTATION('',(#9977),#9981);
#9977 = LINE('',#9978,#9979);
#9978 = CARTESIAN_POINT('',(0.,0.));
#9979 = VECTOR('',#9980,1.);
#9980 = DIRECTION('',(0.,-1.));
#9981 = ( GEOMETRIC_REPRESENTATION_CONTEXT(2) 
PARAMETRIC_REPRESENTATION_CONTEXT() REPRESENTATION_CONTEXT('2D SPACE',''
  ) );
#9982 = PCURVE('',#9983,#9988);
#9983 = PLANE('',#9984);
#9984 = AXIS2_PLACEMENT_3D('',#9985,#9986,#9987);
#9985 = CARTESIAN_POINT('',(0.,-3.,0.));
#9986 = DIRECTION('',(0.,0.,1.));
#9987 = DIRECTION('',(1.,0.,-0.));
#9988 = DEFINITIONAL_REPRESENTATION('',(#9989),#9993);
#9989 = LINE('',#9990,#9991);
#9990 = CARTESIAN_POINT('',(0.,0.));
#9991 = VECTOR('',#9992,1.);
#9992 = DIRECTION('',(0.,1.));
#9993 = ( GEOMETRIC_REPRESENTATION_CONTEXT(2) 
PARAMETRIC_REPRESENTATION_CONTEXT() REPRESENTATION_CONTEXT('2D SPACE',''
  ) );
#9994 = ORIENTED_EDGE('',*,*,#9995,.T.);
#9995 = EDGE_CURVE('',#9968,#9996,#9998,.T.);
#9996 = VERTEX_POINT('',#9997);
#9997 = CARTESIAN_POINT('',(0.,0.,2.4E+03));
#9998 = SURFACE_CURVE('',#9999,(#10003,#10010),.PCURVE_S1.);
#9999 = LINE('',#10000,#10001);
#10000 = CARTESIAN_POINT('',(0.,0.,0.));
#10001 = VECTOR('',#10002,1.);
#10002 = DIRECTION('',(0.,0.,1.));
#10003 = PCURVE('',#9943,#10004);
#10004 = DEFINITIONAL_REPRESENTATION('',(#10005),#10009);
#10005 = LINE('',#10006,#10007);
#10006 = CARTESIAN_POINT('',(0.,-3.));
#10007 = VECTOR('',#10008,1.);
#10008 = DIRECTION('',(1.,0.));
#10009 = ( GEOMETRIC_REPRESENTATION_CONTEXT(2) 
PARAMETRIC_REPRESENTATION_CONTEXT() REPRESENTATION_CONTEXT('2D SPACE',''
  ) );
#10010 = PCURVE('',#10011,#10016);
#10011 = PLANE('',#10012);
#10012 = AXIS2_PLACEMENT_3D('',#10013,#10014,#10015);
#10013 = CARTESIAN_POINT('',(0.,0.,0.));
#10014 = DIRECTION('',(-0.,1.,0.));
#10015 = DIRECTION('',(0.,0.,1.));
#10016 = DEFINITIONAL_REPRESENTATION('',(#10017),#10021);
#10017 = LINE('',#10018,#10019);
#10018 = CARTESIAN_POINT('',(0.,0.));
#10019 = VECTOR('',#10020,1.);
#10020 = DIRECTION('',(1.,0.));
#10021 = ( GEOMETRIC_REPRESENTATION_CONTEXT(2) 
PARAMETRIC_REPRESENTATION_CONTEXT() REPRESENTATION_CONTEXT('2D SPACE',''
  ) );
#10022 = ORIENTED_EDGE('',*,*,#10023,.F.);
#10023 = EDGE_CURVE('',#9935,#9996,#10024,.T.);
#10024 = SURFACE_CURVE('',#10025,(#10029,#10036),.PCURVE_S1.);
#10025 = LINE('',#10026,#10027);
#10026 = CARTESIAN_POINT('',(0.,-3.,2.4E+03));
#10027 = VECTOR('',#10028,1.);
#10028 = DIRECTION('',(-0.,1.,0.));
#10029 = PCURVE('',#9943,#10030);
#10030 = DEFINITIONAL_REPRESENTATION('',(#10031),#10035);
#10031 = LINE('',#10032,#10033);
#10032 = CARTESIAN_POINT('',(2.4E+03,0.));
#10033 = VECTOR('',#10034,1.);
#10034 = DIRECTION('',(0.,-1.));
#10035 = ( GEOMETRIC_REPRESENTATION_CONTEXT(2) 
PARAMETRIC_REPRESENTATION_CONTEXT() REPRESENTATION_CONTEXT('2D SPACE',''
  ) );
#10036 = PCURVE('',#10037,#10042);
#10037 = PLANE('',#10038);
#10038 = AXIS2_PLACEMENT_3D('',#10039,#10040,#10041);
#10039 = CARTESIAN_POINT('',(0.,-3.,2.4E+03));
#10040 = DIRECTION('',(0.,0.,1.));
#10041 = DIRECTION('',(1.,0.,-0.));
#10042 = DEFINITIONAL_REPRESENTATION('',(#10043),#10047);
#10043 = LINE('',#10044,#10045);
#10044 = CARTESIAN_POINT('',(0.,0.));
#10045 = VECTOR('',#10046,1.);
#10046 = DIRECTION('',(0.,1.));
#10047 = ( GEOMETRIC_REPRESENTATION_CONTEXT(2) 
PARAMETRIC_REPRESENTATION_CONTEXT() REPRESENTATION_CONTEXT('2D SPACE',''
  ) );
#10048 = ADVANCED_FACE('',(#10049,#10124),#9955,.F.);
#10049 = FACE_BOUND('',#10050,.F.);
#10050 = EDGE_LOOP('',(#10051,#10074,#10075,#10098));
#10051 = ORIENTED_EDGE('',*,*,#10052,.F.);
#10052 = EDGE_CURVE('',#9933,#10053,#10055,.T.);
#10053 = VERTEX_POINT('',#10054);
#10054 = CARTESIAN_POINT('',(997.,-3.,0.));
#10055 = SURFACE_CURVE('',#10056,(#10060,#10067),.PCURVE_S1.);
#10056 = LINE('',#10057,#10058);
#10057 = CARTESIAN_POINT('',(0.,-3.,0.));
#10058 = VECTOR('',#10059,1.);
#10059 = DIRECTION('',(1.,0.,-0.));
#10060 = PCURVE('',#9955,#10061);
#10061 = DEFINITIONAL_REPRESENTATION('',(#10062),#10066);
#10062 = LINE('',#10063,#10064);
#10063 = CARTESIAN_POINT('',(0.,0.));
#10064 = VECTOR('',#10065,1.);
#10065 = DIRECTION('',(0.,1.));
#10066 = ( GEOMETRIC_REPRESENTATION_CONTEXT(2) 
PARAMETRIC_REPRESENTATION_CONTEXT() REPRESENTATION_CONTEXT('2D SPACE',''
  ) );
#10067 = PCURVE('',#9983,#10068);
#10068 = DEFINITIONAL_REPRESENTATION('',(#10069),#10073);
#10069 = LINE('',#10070,#10071);
#10070 = CARTESIAN_POINT('',(0.,0.));
#10071 = VECTOR('',#10072,1.);
#10072 = DIRECTION('',(1.,0.));
#10073 = ( GEOMETRIC_REPRESENTATION_CONTEXT(2) 
PARAMETRIC_REPRESENTATION_CONTEXT() REPRESENTATION_CONTEXT('2D SPACE',''
  ) );
#10074 = ORIENTED_EDGE('',*,*,#9932,.T.);
#10075 = ORIENTED_EDGE('',*,*,#10076,.T.);
#10076 = EDGE_CURVE('',#9935,#10077,#10079,.T.);
#10077 = VERTEX_POINT('',#10078);
#10078 = CARTESIAN_POINT('',(997.,-3.,2.4E+03));
#10079 = SURFACE_CURVE('',#10080,(#10084,#10091),.PCURVE_S1.);
#10080 = LINE('',#10081,#10082);
#10081 = CARTESIAN_POINT('',(0.,-3.,2.4E+03));
#10082 = VECTOR('',#10083,1.);
#10083 = DIRECTION('',(1.,0.,-0.));
#10084 = PCURVE('',#9955,#10085);
#10085 = DEFINITIONAL_REPRESENTATION('',(#10086),#10090);
#10086 = LINE('',#10087,#10088);
#10087 = CARTESIAN_POINT('',(2.4E+03,0.));
#10088 = VECTOR('',#10089,1.);
#10089 = DIRECTION('',(0.,1.));
#10090 = ( GEOMETRIC_REPRESENTATION_CONTEXT(2) 
PARAMETRIC_REPRESENTATION_CONTEXT() REPRESENTATION_CONTEXT('2D SPACE',''
  ) );
#10091 = PCURVE('',#10037,#10092);
#10092 = DEFINITIONAL_REPRESENTATION('',(#10093),#10097);
#10093 = LINE('',#10094,#10095);
#10094 = CARTESIAN_POINT('',(0.,0.));
#10095 = VECTOR('',#10096,1.);
#10096 = DIRECTION('',(1.,0.));
#10097 = ( GEOMETRIC_REPRESENTATION_CONTEXT(2) 
PARAMETRIC_REPRESENTATION_CONTEXT() REPRESENTATION_CONTEXT('2D SPACE',''
  ) );
#10098 = ORIENTED_EDGE('',*,*,#10099,.F.);
#10099 = EDGE_CURVE('',#10053,#10077,#10100,.T.);
#10100 = SURFACE_CURVE('',#10101,(#10105,#10112),.PCURVE_S1.);
#10101 = LINE('',#10102,#10103);
#10102 = CARTESIAN_POINT('',(997.,-3.,0.));
#10103 = VECTOR('',#10104,1.);
#10104 = DIRECTION('',(0.,0.,1.));
#10105 = PCURVE('',#9955,#10106);
#10106 = DEFINITIONAL_REPRESENTATION('',(#10107),#10111);
#10107 = LINE('',#10108,#10109);
#10108 = CARTESIAN_POINT('',(0.,997.));
#10109 = VECTOR('',#10110,1.);
#10110 = DIRECTION('',(1.,0.));
#10111 = ( GEOMETRIC_REPRESENTATION_CONTEXT(2) 
PARAMETRIC_REPRESENTATION_CONTEXT() REPRESENTATION_CONTEXT('2D SPACE',''
  ) );
#10112 = PCURVE('',#10113,#10118);
#10113 = PLANE('',#10114);
#10114 = AXIS2_PLACEMENT_3D('',#10115,#10116,#10117);
#10115 = CARTESIAN_POINT('',(997.,-3.,0.));
#10116 = DIRECTION('',(1.,0.,-0.));
#10117 = DIRECTION('',(0.,0.,1.));
#10118 = DEFINITIONAL_REPRESENTATION('',(#10119),#10123);
#10119 = LINE('',#10120,#10121);
#10120 = CARTESIAN_POINT('',(0.,0.));
#10121 = VECTOR('',#10122,1.);
#10122 = DIRECTION('',(1.,0.));
#10123 = ( GEOMETRIC_REPRESENTATION_CONTEXT(2) 
PARAMETRIC_REPRESENTATION_CONTEXT() REPRESENTATION_CONTEXT('2D SPACE',''
  ) );
#10124 = FACE_BOUND('',#10125,.F.);
#10125 = EDGE_LOOP('',(#10126,#10154,#10180,#10206));
#10126 = ORIENTED_EDGE('',*,*,#10127,.F.);
#10127 = EDGE_CURVE('',#10128,#10130,#10132,.T.);
#10128 = VERTEX_POINT('',#10129);
#10129 = CARTESIAN_POINT('',(98.5,-3.,2.075E+03));
#10130 = VERTEX_POINT('',#10131);
#10131 = CARTESIAN_POINT('',(898.5,-3.,2.075E+03));
#10132 = SURFACE_CURVE('',#10133,(#10137,#10143),.PCURVE_S1.);
#10133 = LINE('',#10134,#10135);
#10134 = CARTESIAN_POINT('',(49.25,-3.,2.075E+03));
#10135 = VECTOR('',#10136,1.);
#10136 = DIRECTION('',(1.,0.,-0.));
#10137 = PCURVE('',#9955,#10138);
#10138 = DEFINITIONAL_REPRESENTATION('',(#10139),#10142);
#10139 = B_SPLINE_CURVE_WITH_KNOTS('',1,(#10140,#10141),.UNSPECIFIED.,
  .F.,.F.,(2,2),(49.25,849.25),.PIECEWISE_BEZIER_KNOTS.);
#10140 = CARTESIAN_POINT('',(2.075E+03,98.5));
#10141 = CARTESIAN_POINT('',(2.075E+03,898.5));
#10142 = ( GEOMETRIC_REPRESENTATION_CONTEXT(2) 
PARAMETRIC_REPRESENTATION_CONTEXT() REPRESENTATION_CONTEXT('2D SPACE',''
  ) );
#10143 = PCURVE('',#10144,#10149);
#10144 = PLANE('',#10145);
#10145 = AXIS2_PLACEMENT_3D('',#10146,#10147,#10148);
#10146 = CARTESIAN_POINT('',(98.5,-4.,2.075E+03));
#10147 = DIRECTION('',(0.,0.,1.));
#10148 = DIRECTION('',(1.,0.,-0.));
#10149 = DEFINITIONAL_REPRESENTATION('',(#10150),#10153);
#10150 = B_SPLINE_CURVE_WITH_KNOTS('',1,(#10151,#10152),.UNSPECIFIED.,
  .F.,.F.,(2,2),(49.25,849.25),.PIECEWISE_BEZIER_KNOTS.);
#10151 = CARTESIAN_POINT('',(0.,1.));
#10152 = CARTESIAN_POINT('',(800.,1.));
#10153 = ( GEOMETRIC_REPRESENTATION_CONTEXT(2) 
PARAMETRIC_REPRESENTATION_CONTEXT() REPRESENTATION_CONTEXT('2D SPACE',''
  ) );
#10154 = ORIENTED_EDGE('',*,*,#10155,.T.);
#10155 = EDGE_CURVE('',#10128,#10156,#10158,.T.);
#10156 = VERTEX_POINT('',#10157);
#10157 = CARTESIAN_POINT('',(98.5,-3.,25.));
#10158 = SURFACE_CURVE('',#10159,(#10163,#10169),.PCURVE_S1.);
#10159 = LINE('',#10160,#10161);
#10160 = CARTESIAN_POINT('',(98.5,-3.,12.5));
#10161 = VECTOR('',#10162,1.);
#10162 = DIRECTION('',(-0.,0.,-1.));
#10163 = PCURVE('',#9955,#10164);
#10164 = DEFINITIONAL_REPRESENTATION('',(#10165),#10168);
#10165 = B_SPLINE_CURVE_WITH_KNOTS('',1,(#10166,#10167),.UNSPECIFIED.,
  .F.,.F.,(2,2),(-2.0625E+03,-12.5),.PIECEWISE_BEZIER_KNOTS.);
#10166 = CARTESIAN_POINT('',(2.075E+03,98.5));
#10167 = CARTESIAN_POINT('',(25.,98.5));
#10168 = ( GEOMETRIC_REPRESENTATION_CONTEXT(2) 
PARAMETRIC_REPRESENTATION_CONTEXT() REPRESENTATION_CONTEXT('2D SPACE',''
  ) );
#10169 = PCURVE('',#10170,#10175);
#10170 = PLANE('',#10171);
#10171 = AXIS2_PLACEMENT_3D('',#10172,#10173,#10174);
#10172 = CARTESIAN_POINT('',(98.5,-4.,25.));
#10173 = DIRECTION('',(1.,0.,-0.));
#10174 = DIRECTION('',(0.,0.,1.));
#10175 = DEFINITIONAL_REPRESENTATION('',(#10176),#10179);
#10176 = B_SPLINE_CURVE_WITH_KNOTS('',1,(#10177,#10178),.UNSPECIFIED.,
  .F.,.F.,(2,2),(-2.0625E+03,-12.5),.PIECEWISE_BEZIER_KNOTS.);
#10177 = CARTESIAN_POINT('',(2.05E+03,-1.));
#10178 = CARTESIAN_POINT('',(0.,-1.));
#10179 = ( GEOMETRIC_REPRESENTATION_CONTEXT(2) 
PARAMETRIC_REPRESENTATION_CONTEXT() REPRESENTATION_CONTEXT('2D SPACE',''
  ) );
#10180 = ORIENTED_EDGE('',*,*,#10181,.T.);
#10181 = EDGE_CURVE('',#10156,#10182,#10184,.T.);
#10182 = VERTEX_POINT('',#10183);
#10183 = CARTESIAN_POINT('',(898.5,-3.,25.));
#10184 = SURFACE_CURVE('',#10185,(#10189,#10195),.PCURVE_S1.);
#10185 = LINE('',#10186,#10187);
#10186 = CARTESIAN_POINT('',(49.25,-3.,25.));
#10187 = VECTOR('',#10188,1.);
#10188 = DIRECTION('',(1.,0.,-0.));
#10189 = PCURVE('',#9955,#10190);
#10190 = DEFINITIONAL_REPRESENTATION('',(#10191),#10194);
#10191 = B_SPLINE_CURVE_WITH_KNOTS('',1,(#10192,#10193),.UNSPECIFIED.,
  .F.,.F.,(2,2),(49.25,849.25),.PIECEWISE_BEZIER_KNOTS.);
#10192 = CARTESIAN_POINT('',(25.,98.5));
#10193 = CARTESIAN_POINT('',(25.,898.5));
#10194 = ( GEOMETRIC_REPRESENTATION_CONTEXT(2) 
PARAMETRIC_REPRESENTATION_CONTEXT() REPRESENTATION_CONTEXT('2D SPACE',''
  ) );
#10195 = PCURVE('',#10196,#10201);
#10196 = PLANE('',#10197);
#10197 = AXIS2_PLACEMENT_3D('',#10198,#10199,#10200);
#10198 = CARTESIAN_POINT('',(98.5,-4.,25.));
#10199 = DIRECTION('',(0.,0.,1.));
#10200 = DIRECTION('',(1.,0.,-0.));
#10201 = DEFINITIONAL_REPRESENTATION('',(#10202),#10205);
#10202 = B_SPLINE_CURVE_WITH_KNOTS('',1,(#10203,#10204),.UNSPECIFIED.,
  .F.,.F.,(2,2),(49.25,849.25),.PIECEWISE_BEZIER_KNOTS.);
#10203 = CARTESIAN_POINT('',(0.,1.));
#10204 = CARTESIAN_POINT('',(800.,1.));
#10205 = ( GEOMETRIC_REPRESENTATION_CONTEXT(2) 
PARAMETRIC_REPRESENTATION_CONTEXT() REPRESENTATION_CONTEXT('2D SPACE',''
  ) );
#10206 = ORIENTED_EDGE('',*,*,#10207,.F.);
#10207 = EDGE_CURVE('',#10130,#10182,#10208,.T.);
#10208 = SURFACE_CURVE('',#10209,(#10213,#10219),.PCURVE_S1.);
#10209 = LINE('',#10210,#10211);
#10210 = CARTESIAN_POINT('',(898.5,-3.,12.5));
#10211 = VECTOR('',#10212,1.);
#10212 = DIRECTION('',(-0.,0.,-1.));
#10213 = PCURVE('',#9955,#10214);
#10214 = DEFINITIONAL_REPRESENTATION('',(#10215),#10218);
#10215 = B_SPLINE_CURVE_WITH_KNOTS('',1,(#10216,#10217),.UNSPECIFIED.,
  .F.,.F.,(2,2),(-2.0625E+03,-12.5),.PIECEWISE_BEZIER_KNOTS.);
#10216 = CARTESIAN_POINT('',(2.075E+03,898.5));
#10217 = CARTESIAN_POINT('',(25.,898.5));
#10218 = ( GEOMETRIC_REPRESENTATION_CONTEXT(2) 
PARAMETRIC_REPRESENTATION_CONTEXT() REPRESENTATION_CONTEXT('2D SPACE',''
  ) );
#10219 = PCURVE('',#10220,#10225);
#10220 = PLANE('',#10221);
#10221 = AXIS2_PLACEMENT_3D('',#10222,#10223,#10224);
#10222 = CARTESIAN_POINT('',(898.5,-4.,25.));
#10223 = DIRECTION('',(1.,0.,-0.));
#10224 = DIRECTION('',(0.,0.,1.));
#10225 = DEFINITIONAL_REPRESENTATION('',(#10226),#10229);
#10226 = B_SPLINE_CURVE_WITH_KNOTS('',1,(#10227,#10228),.UNSPECIFIED.,
  .F.,.F.,(2,2),(-2.0625E+03,-12.5),.PIECEWISE_BEZIER_KNOTS.);
#10227 = CARTESIAN_POINT('',(2.05E+03,-1.));
#10228 = CARTESIAN_POINT('',(0.,-1.));
#10229 = ( GEOMETRIC_REPRESENTATION_CONTEXT(2) 
PARAMETRIC_REPRESENTATION_CONTEXT() REPRESENTATION_CONTEXT('2D SPACE',''
  ) );
#10230 = ADVANCED_FACE('',(#10231),#10037,.T.);
#10231 = FACE_BOUND('',#10232,.T.);
#10232 = EDGE_LOOP('',(#10233,#10234,#10235,#10258));
#10233 = ORIENTED_EDGE('',*,*,#10023,.F.);
#10234 = ORIENTED_EDGE('',*,*,#10076,.T.);
#10235 = ORIENTED_EDGE('',*,*,#10236,.T.);
#10236 = EDGE_CURVE('',#10077,#10237,#10239,.T.);
#10237 = VERTEX_POINT('',#10238);
#10238 = CARTESIAN_POINT('',(997.,0.,2.4E+03));
#10239 = SURFACE_CURVE('',#10240,(#10244,#10251),.PCURVE_S1.);
#10240 = LINE('',#10241,#10242);
#10241 = CARTESIAN_POINT('',(997.,-3.,2.4E+03));
#10242 = VECTOR('',#10243,1.);
#10243 = DIRECTION('',(-0.,1.,0.));
#10244 = PCURVE('',#10037,#10245);
#10245 = DEFINITIONAL_REPRESENTATION('',(#10246),#10250);
#10246 = LINE('',#10247,#10248);
#10247 = CARTESIAN_POINT('',(997.,0.));
#10248 = VECTOR('',#10249,1.);
#10249 = DIRECTION('',(0.,1.));
#10250 = ( GEOMETRIC_REPRESENTATION_CONTEXT(2) 
PARAMETRIC_REPRESENTATION_CONTEXT() REPRESENTATION_CONTEXT('2D SPACE',''
  ) );
#10251 = PCURVE('',#10113,#10252);
#10252 = DEFINITIONAL_REPRESENTATION('',(#10253),#10257);
#10253 = LINE('',#10254,#10255);
#10254 = CARTESIAN_POINT('',(2.4E+03,0.));
#10255 = VECTOR('',#10256,1.);
#10256 = DIRECTION('',(0.,-1.));
#10257 = ( GEOMETRIC_REPRESENTATION_CONTEXT(2) 
PARAMETRIC_REPRESENTATION_CONTEXT() REPRESENTATION_CONTEXT('2D SPACE',''
  ) );
#10258 = ORIENTED_EDGE('',*,*,#10259,.F.);
#10259 = EDGE_CURVE('',#9996,#10237,#10260,.T.);
#10260 = SURFACE_CURVE('',#10261,(#10265,#10272),.PCURVE_S1.);
#10261 = LINE('',#10262,#10263);
#10262 = CARTESIAN_POINT('',(0.,0.,2.4E+03));
#10263 = VECTOR('',#10264,1.);
#10264 = DIRECTION('',(1.,0.,-0.));
#10265 = PCURVE('',#10037,#10266);
#10266 = DEFINITIONAL_REPRESENTATION('',(#10267),#10271);
#10267 = LINE('',#10268,#10269);
#10268 = CARTESIAN_POINT('',(0.,3.));
#10269 = VECTOR('',#10270,1.);
#10270 = DIRECTION('',(1.,0.));
#10271 = ( GEOMETRIC_REPRESENTATION_CONTEXT(2) 
PARAMETRIC_REPRESENTATION_CONTEXT() REPRESENTATION_CONTEXT('2D SPACE',''
  ) );
#10272 = PCURVE('',#10011,#10273);
#10273 = DEFINITIONAL_REPRESENTATION('',(#10274),#10278);
#10274 = LINE('',#10275,#10276);
#10275 = CARTESIAN_POINT('',(2.4E+03,0.));
#10276 = VECTOR('',#10277,1.);
#10277 = DIRECTION('',(0.,1.));
#10278 = ( GEOMETRIC_REPRESENTATION_CONTEXT(2) 
PARAMETRIC_REPRESENTATION_CONTEXT() REPRESENTATION_CONTEXT('2D SPACE',''
  ) );
#10279 = ADVANCED_FACE('',(#10280,#10328),#10011,.T.);
#10280 = FACE_BOUND('',#10281,.T.);
#10281 = EDGE_LOOP('',(#10282,#10305,#10306,#10307));
#10282 = ORIENTED_EDGE('',*,*,#10283,.F.);
#10283 = EDGE_CURVE('',#9968,#10284,#10286,.T.);
#10284 = VERTEX_POINT('',#10285);
#10285 = CARTESIAN_POINT('',(997.,0.,0.));
#10286 = SURFACE_CURVE('',#10287,(#10291,#10298),.PCURVE_S1.);
#10287 = LINE('',#10288,#10289);
#10288 = CARTESIAN_POINT('',(0.,0.,0.));
#10289 = VECTOR('',#10290,1.);
#10290 = DIRECTION('',(1.,0.,-0.));
#10291 = PCURVE('',#10011,#10292);
#10292 = DEFINITIONAL_REPRESENTATION('',(#10293),#10297);
#10293 = LINE('',#10294,#10295);
#10294 = CARTESIAN_POINT('',(0.,0.));
#10295 = VECTOR('',#10296,1.);
#10296 = DIRECTION('',(0.,1.));
#10297 = ( GEOMETRIC_REPRESENTATION_CONTEXT(2) 
PARAMETRIC_REPRESENTATION_CONTEXT() REPRESENTATION_CONTEXT('2D SPACE',''
  ) );
#10298 = PCURVE('',#9983,#10299);
#10299 = DEFINITIONAL_REPRESENTATION('',(#10300),#10304);
#10300 = LINE('',#10301,#10302);
#10301 = CARTESIAN_POINT('',(0.,3.));
#10302 = VECTOR('',#10303,1.);
#10303 = DIRECTION('',(1.,0.));
#10304 = ( GEOMETRIC_REPRESENTATION_CONTEXT(2) 
PARAMETRIC_REPRESENTATION_CONTEXT() REPRESENTATION_CONTEXT('2D SPACE',''
  ) );
#10305 = ORIENTED_EDGE('',*,*,#9995,.T.);
#10306 = ORIENTED_EDGE('',*,*,#10259,.T.);
#10307 = ORIENTED_EDGE('',*,*,#10308,.F.);
#10308 = EDGE_CURVE('',#10284,#10237,#10309,.T.);
#10309 = SURFACE_CURVE('',#10310,(#10314,#10321),.PCURVE_S1.);
#10310 = LINE('',#10311,#10312);
#10311 = CARTESIAN_POINT('',(997.,0.,0.));
#10312 = VECTOR('',#10313,1.);
#10313 = DIRECTION('',(0.,0.,1.));
#10314 = PCURVE('',#10011,#10315);
#10315 = DEFINITIONAL_REPRESENTATION('',(#10316),#10320);
#10316 = LINE('',#10317,#10318);
#10317 = CARTESIAN_POINT('',(0.,997.));
#10318 = VECTOR('',#10319,1.);
#10319 = DIRECTION('',(1.,0.));
#10320 = ( GEOMETRIC_REPRESENTATION_CONTEXT(2) 
PARAMETRIC_REPRESENTATION_CONTEXT() REPRESENTATION_CONTEXT('2D SPACE',''
  ) );
#10321 = PCURVE('',#10113,#10322);
#10322 = DEFINITIONAL_REPRESENTATION('',(#10323),#10327);
#10323 = LINE('',#10324,#10325);
#10324 = CARTESIAN_POINT('',(0.,-3.));
#10325 = VECTOR('',#10326,1.);
#10326 = DIRECTION('',(1.,0.));
#10327 = ( GEOMETRIC_REPRESENTATION_CONTEXT(2) 
PARAMETRIC_REPRESENTATION_CONTEXT() REPRESENTATION_CONTEXT('2D SPACE',''
  ) );
#10328 = FACE_BOUND('',#10329,.T.);
#10329 = EDGE_LOOP('',(#10330,#10353,#10374,#10395));
#10330 = ORIENTED_EDGE('',*,*,#10331,.F.);
#10331 = EDGE_CURVE('',#10332,#10334,#10336,.T.);
#10332 = VERTEX_POINT('',#10333);
#10333 = CARTESIAN_POINT('',(98.5,0.,2.075E+03));
#10334 = VERTEX_POINT('',#10335);
#10335 = CARTESIAN_POINT('',(898.5,0.,2.075E+03));
#10336 = SURFACE_CURVE('',#10337,(#10341,#10347),.PCURVE_S1.);
#10337 = LINE('',#10338,#10339);
#10338 = CARTESIAN_POINT('',(49.25,0.,2.075E+03));
#10339 = VECTOR('',#10340,1.);
#10340 = DIRECTION('',(1.,0.,-0.));
#10341 = PCURVE('',#10011,#10342);
#10342 = DEFINITIONAL_REPRESENTATION('',(#10343),#10346);
#10343 = B_SPLINE_CURVE_WITH_KNOTS('',1,(#10344,#10345),.UNSPECIFIED.,
  .F.,.F.,(2,2),(49.25,849.25),.PIECEWISE_BEZIER_KNOTS.);
#10344 = CARTESIAN_POINT('',(2.075E+03,98.5));
#10345 = CARTESIAN_POINT('',(2.075E+03,898.5));
#10346 = ( GEOMETRIC_REPRESENTATION_CONTEXT(2) 
PARAMETRIC_REPRESENTATION_CONTEXT() REPRESENTATION_CONTEXT('2D SPACE',''
  ) );
#10347 = PCURVE('',#10144,#10348);
#10348 = DEFINITIONAL_REPRESENTATION('',(#10349),#10352);
#10349 = B_SPLINE_CURVE_WITH_KNOTS('',1,(#10350,#10351),.UNSPECIFIED.,
  .F.,.F.,(2,2),(49.25,849.25),.PIECEWISE_BEZIER_KNOTS.);
#10350 = CARTESIAN_POINT('',(0.,4.));
#10351 = CARTESIAN_POINT('',(800.,4.));
#10352 = ( GEOMETRIC_REPRESENTATION_CONTEXT(2) 
PARAMETRIC_REPRESENTATION_CONTEXT() REPRESENTATION_CONTEXT('2D SPACE',''
  ) );
#10353 = ORIENTED_EDGE('',*,*,#10354,.T.);
#10354 = EDGE_CURVE('',#10332,#10355,#10357,.T.);
#10355 = VERTEX_POINT('',#10356);
#10356 = CARTESIAN_POINT('',(98.5,0.,25.));
#10357 = SURFACE_CURVE('',#10358,(#10362,#10368),.PCURVE_S1.);
#10358 = LINE('',#10359,#10360);
#10359 = CARTESIAN_POINT('',(98.5,0.,12.5));
#10360 = VECTOR('',#10361,1.);
#10361 = DIRECTION('',(-0.,0.,-1.));
#10362 = PCURVE('',#10011,#10363);
#10363 = DEFINITIONAL_REPRESENTATION('',(#10364),#10367);
#10364 = B_SPLINE_CURVE_WITH_KNOTS('',1,(#10365,#10366),.UNSPECIFIED.,
  .F.,.F.,(2,2),(-2.0625E+03,-12.5),.PIECEWISE_BEZIER_KNOTS.);
#10365 = CARTESIAN_POINT('',(2.075E+03,98.5));
#10366 = CARTESIAN_POINT('',(25.,98.5));
#10367 = ( GEOMETRIC_REPRESENTATION_CONTEXT(2) 
PARAMETRIC_REPRESENTATION_CONTEXT() REPRESENTATION_CONTEXT('2D SPACE',''
  ) );
#10368 = PCURVE('',#10170,#10369);
#10369 = DEFINITIONAL_REPRESENTATION('',(#10370),#10373);
#10370 = B_SPLINE_CURVE_WITH_KNOTS('',1,(#10371,#10372),.UNSPECIFIED.,
  .F.,.F.,(2,2),(-2.0625E+03,-12.5),.PIECEWISE_BEZIER_KNOTS.);
#10371 = CARTESIAN_POINT('',(2.05E+03,-4.));
#10372 = CARTESIAN_POINT('',(0.,-4.));
#10373 = ( GEOMETRIC_REPRESENTATION_CONTEXT(2) 
PARAMETRIC_REPRESENTATION_CONTEXT() REPRESENTATION_CONTEXT('2D SPACE',''
  ) );
#10374 = ORIENTED_EDGE('',*,*,#10375,.T.);
#10375 = EDGE_CURVE('',#10355,#10376,#10378,.T.);
#10376 = VERTEX_POINT('',#10377);
#10377 = CARTESIAN_POINT('',(898.5,0.,25.));
#10378 = SURFACE_CURVE('',#10379,(#10383,#10389),.PCURVE_S1.);
#10379 = LINE('',#10380,#10381);
#10380 = CARTESIAN_POINT('',(49.25,0.,25.));
#10381 = VECTOR('',#10382,1.);
#10382 = DIRECTION('',(1.,0.,-0.));
#10383 = PCURVE('',#10011,#10384);
#10384 = DEFINITIONAL_REPRESENTATION('',(#10385),#10388);
#10385 = B_SPLINE_CURVE_WITH_KNOTS('',1,(#10386,#10387),.UNSPECIFIED.,
  .F.,.F.,(2,2),(49.25,849.25),.PIECEWISE_BEZIER_KNOTS.);
#10386 = CARTESIAN_POINT('',(25.,98.5));
#10387 = CARTESIAN_POINT('',(25.,898.5));
#10388 = ( GEOMETRIC_REPRESENTATION_CONTEXT(2) 
PARAMETRIC_REPRESENTATION_CONTEXT() REPRESENTATION_CONTEXT('2D SPACE',''
  ) );
#10389 = PCURVE('',#10196,#10390);
#10390 = DEFINITIONAL_REPRESENTATION('',(#10391),#10394);
#10391 = B_SPLINE_CURVE_WITH_KNOTS('',1,(#10392,#10393),.UNSPECIFIED.,
  .F.,.F.,(2,2),(49.25,849.25),.PIECEWISE_BEZIER_KNOTS.);
#10392 = CARTESIAN_POINT('',(0.,4.));
#10393 = CARTESIAN_POINT('',(800.,4.));
#10394 = ( GEOMETRIC_REPRESENTATION_CONTEXT(2) 
PARAMETRIC_REPRESENTATION_CONTEXT() REPRESENTATION_CONTEXT('2D SPACE',''
  ) );
#10395 = ORIENTED_EDGE('',*,*,#10396,.F.);
#10396 = EDGE_CURVE('',#10334,#10376,#10397,.T.);
#10397 = SURFACE_CURVE('',#10398,(#10402,#10408),.PCURVE_S1.);
#10398 = LINE('',#10399,#10400);
#10399 = CARTESIAN_POINT('',(898.5,0.,12.5));
#10400 = VECTOR('',#10401,1.);
#10401 = DIRECTION('',(-0.,0.,-1.));
#10402 = PCURVE('',#10011,#10403);
#10403 = DEFINITIONAL_REPRESENTATION('',(#10404),#10407);
#10404 = B_SPLINE_CURVE_WITH_KNOTS('',1,(#10405,#10406),.UNSPECIFIED.,
  .F.,.F.,(2,2),(-2.0625E+03,-12.5),.PIECEWISE_BEZIER_KNOTS.);
#10405 = CARTESIAN_POINT('',(2.075E+03,898.5));
#10406 = CARTESIAN_POINT('',(25.,898.5));
#10407 = ( GEOMETRIC_REPRESENTATION_CONTEXT(2) 
PARAMETRIC_REPRESENTATION_CONTEXT() REPRESENTATION_CONTEXT('2D SPACE',''
  ) );
#10408 = PCURVE('',#10220,#10409);
#10409 = DEFINITIONAL_REPRESENTATION('',(#10410),#10413);
#10410 = B_SPLINE_CURVE_WITH_KNOTS('',1,(#10411,#10412),.UNSPECIFIED.,
  .F.,.F.,(2,2),(-2.0625E+03,-12.5),.PIECEWISE_BEZIER_KNOTS.);
#10411 = CARTESIAN_POINT('',(2.05E+03,-4.));
#10412 = CARTESIAN_POINT('',(0.,-4.));
#10413 = ( GEOMETRIC_REPRESENTATION_CONTEXT(2) 
PARAMETRIC_REPRESENTATION_CONTEXT() REPRESENTATION_CONTEXT('2D SPACE',''
  ) );
#10414 = ADVANCED_FACE('',(#10415),#9983,.F.);
#10415 = FACE_BOUND('',#10416,.F.);
#10416 = EDGE_LOOP('',(#10417,#10418,#10419,#10440));
#10417 = ORIENTED_EDGE('',*,*,#9967,.F.);
#10418 = ORIENTED_EDGE('',*,*,#10052,.T.);
#10419 = ORIENTED_EDGE('',*,*,#10420,.T.);
#10420 = EDGE_CURVE('',#10053,#10284,#10421,.T.);
#10421 = SURFACE_CURVE('',#10422,(#10426,#10433),.PCURVE_S1.);
#10422 = LINE('',#10423,#10424);
#10423 = CARTESIAN_POINT('',(997.,-3.,0.));
#10424 = VECTOR('',#10425,1.);
#10425 = DIRECTION('',(-0.,1.,0.));
#10426 = PCURVE('',#9983,#10427);
#10427 = DEFINITIONAL_REPRESENTATION('',(#10428),#10432);
#10428 = LINE('',#10429,#10430);
#10429 = CARTESIAN_POINT('',(997.,0.));
#10430 = VECTOR('',#10431,1.);
#10431 = DIRECTION('',(0.,1.));
#10432 = ( GEOMETRIC_REPRESENTATION_CONTEXT(2) 
PARAMETRIC_REPRESENTATION_CONTEXT() REPRESENTATION_CONTEXT('2D SPACE',''
  ) );
#10433 = PCURVE('',#10113,#10434);
#10434 = DEFINITIONAL_REPRESENTATION('',(#10435),#10439);
#10435 = LINE('',#10436,#10437);
#10436 = CARTESIAN_POINT('',(0.,0.));
#10437 = VECTOR('',#10438,1.);
#10438 = DIRECTION('',(0.,-1.));
#10439 = ( GEOMETRIC_REPRESENTATION_CONTEXT(2) 
PARAMETRIC_REPRESENTATION_CONTEXT() REPRESENTATION_CONTEXT('2D SPACE',''
  ) );
#10440 = ORIENTED_EDGE('',*,*,#10283,.F.);
#10441 = ADVANCED_FACE('',(#10442),#10113,.T.);
#10442 = FACE_BOUND('',#10443,.T.);
#10443 = EDGE_LOOP('',(#10444,#10445,#10446,#10447));
#10444 = ORIENTED_EDGE('',*,*,#10099,.F.);
#10445 = ORIENTED_EDGE('',*,*,#10420,.T.);
#10446 = ORIENTED_EDGE('',*,*,#10308,.T.);
#10447 = ORIENTED_EDGE('',*,*,#10236,.F.);
#10448 = ADVANCED_FACE('',(#10449),#10144,.F.);
#10449 = FACE_BOUND('',#10450,.F.);
#10450 = EDGE_LOOP('',(#10451,#10472,#10473,#10494));
#10451 = ORIENTED_EDGE('',*,*,#10452,.F.);
#10452 = EDGE_CURVE('',#10128,#10332,#10453,.T.);
#10453 = SURFACE_CURVE('',#10454,(#10458,#10465),.PCURVE_S1.);
#10454 = LINE('',#10455,#10456);
#10455 = CARTESIAN_POINT('',(98.5,-4.,2.075E+03));
#10456 = VECTOR('',#10457,1.);
#10457 = DIRECTION('',(-0.,1.,0.));
#10458 = PCURVE('',#10144,#10459);
#10459 = DEFINITIONAL_REPRESENTATION('',(#10460),#10464);
#10460 = LINE('',#10461,#10462);
#10461 = CARTESIAN_POINT('',(0.,0.));
#10462 = VECTOR('',#10463,1.);
#10463 = DIRECTION('',(0.,1.));
#10464 = ( GEOMETRIC_REPRESENTATION_CONTEXT(2) 
PARAMETRIC_REPRESENTATION_CONTEXT() REPRESENTATION_CONTEXT('2D SPACE',''
  ) );
#10465 = PCURVE('',#10170,#10466);
#10466 = DEFINITIONAL_REPRESENTATION('',(#10467),#10471);
#10467 = LINE('',#10468,#10469);
#10468 = CARTESIAN_POINT('',(2.05E+03,0.));
#10469 = VECTOR('',#10470,1.);
#10470 = DIRECTION('',(0.,-1.));
#10471 = ( GEOMETRIC_REPRESENTATION_CONTEXT(2) 
PARAMETRIC_REPRESENTATION_CONTEXT() REPRESENTATION_CONTEXT('2D SPACE',''
  ) );
#10472 = ORIENTED_EDGE('',*,*,#10127,.T.);
#10473 = ORIENTED_EDGE('',*,*,#10474,.T.);
#10474 = EDGE_CURVE('',#10130,#10334,#10475,.T.);
#10475 = SURFACE_CURVE('',#10476,(#10480,#10487),.PCURVE_S1.);
#10476 = LINE('',#10477,#10478);
#10477 = CARTESIAN_POINT('',(898.5,-4.,2.075E+03));
#10478 = VECTOR('',#10479,1.);
#10479 = DIRECTION('',(-0.,1.,0.));
#10480 = PCURVE('',#10144,#10481);
#10481 = DEFINITIONAL_REPRESENTATION('',(#10482),#10486);
#10482 = LINE('',#10483,#10484);
#10483 = CARTESIAN_POINT('',(800.,0.));
#10484 = VECTOR('',#10485,1.);
#10485 = DIRECTION('',(0.,1.));
#10486 = ( GEOMETRIC_REPRESENTATION_CONTEXT(2) 
PARAMETRIC_REPRESENTATION_CONTEXT() REPRESENTATION_CONTEXT('2D SPACE',''
  ) );
#10487 = PCURVE('',#10220,#10488);
#10488 = DEFINITIONAL_REPRESENTATION('',(#10489),#10493);
#10489 = LINE('',#10490,#10491);
#10490 = CARTESIAN_POINT('',(2.05E+03,0.));
#10491 = VECTOR('',#10492,1.);
#10492 = DIRECTION('',(0.,-1.));
#10493 = ( GEOMETRIC_REPRESENTATION_CONTEXT(2) 
PARAMETRIC_REPRESENTATION_CONTEXT() REPRESENTATION_CONTEXT('2D SPACE',''
  ) );
#10494 = ORIENTED_EDGE('',*,*,#10331,.F.);
#10495 = ADVANCED_FACE('',(#10496),#10220,.F.);
#10496 = FACE_BOUND('',#10497,.F.);
#10497 = EDGE_LOOP('',(#10498,#10499,#10500,#10521));
#10498 = ORIENTED_EDGE('',*,*,#10474,.F.);
#10499 = ORIENTED_EDGE('',*,*,#10207,.T.);
#10500 = ORIENTED_EDGE('',*,*,#10501,.T.);
#10501 = EDGE_CURVE('',#10182,#10376,#10502,.T.);
#10502 = SURFACE_CURVE('',#10503,(#10507,#10514),.PCURVE_S1.);
#10503 = LINE('',#10504,#10505);
#10504 = CARTESIAN_POINT('',(898.5,-4.,25.));
#10505 = VECTOR('',#10506,1.);
#10506 = DIRECTION('',(-0.,1.,0.));
#10507 = PCURVE('',#10220,#10508);
#10508 = DEFINITIONAL_REPRESENTATION('',(#10509),#10513);
#10509 = LINE('',#10510,#10511);
#10510 = CARTESIAN_POINT('',(0.,0.));
#10511 = VECTOR('',#10512,1.);
#10512 = DIRECTION('',(0.,-1.));
#10513 = ( GEOMETRIC_REPRESENTATION_CONTEXT(2) 
PARAMETRIC_REPRESENTATION_CONTEXT() REPRESENTATION_CONTEXT('2D SPACE',''
  ) );
#10514 = PCURVE('',#10196,#10515);
#10515 = DEFINITIONAL_REPRESENTATION('',(#10516),#10520);
#10516 = LINE('',#10517,#10518);
#10517 = CARTESIAN_POINT('',(800.,0.));
#10518 = VECTOR('',#10519,1.);
#10519 = DIRECTION('',(0.,1.));
#10520 = ( GEOMETRIC_REPRESENTATION_CONTEXT(2) 
PARAMETRIC_REPRESENTATION_CONTEXT() REPRESENTATION_CONTEXT('2D SPACE',''
  ) );
#10521 = ORIENTED_EDGE('',*,*,#10396,.F.);
#10522 = ADVANCED_FACE('',(#10523),#10196,.T.);
#10523 = FACE_BOUND('',#10524,.T.);
#10524 = EDGE_LOOP('',(#10525,#10546,#10547,#10548));
#10525 = ORIENTED_EDGE('',*,*,#10526,.F.);
#10526 = EDGE_CURVE('',#10156,#10355,#10527,.T.);
#10527 = SURFACE_CURVE('',#10528,(#10532,#10539),.PCURVE_S1.);
#10528 = LINE('',#10529,#10530);
#10529 = CARTESIAN_POINT('',(98.5,-4.,25.));
#10530 = VECTOR('',#10531,1.);
#10531 = DIRECTION('',(-0.,1.,0.));
#10532 = PCURVE('',#10196,#10533);
#10533 = DEFINITIONAL_REPRESENTATION('',(#10534),#10538);
#10534 = LINE('',#10535,#10536);
#10535 = CARTESIAN_POINT('',(0.,0.));
#10536 = VECTOR('',#10537,1.);
#10537 = DIRECTION('',(0.,1.));
#10538 = ( GEOMETRIC_REPRESENTATION_CONTEXT(2) 
PARAMETRIC_REPRESENTATION_CONTEXT() REPRESENTATION_CONTEXT('2D SPACE',''
  ) );
#10539 = PCURVE('',#10170,#10540);
#10540 = DEFINITIONAL_REPRESENTATION('',(#10541),#10545);
#10541 = LINE('',#10542,#10543);
#10542 = CARTESIAN_POINT('',(0.,0.));
#10543 = VECTOR('',#10544,1.);
#10544 = DIRECTION('',(0.,-1.));
#10545 = ( GEOMETRIC_REPRESENTATION_CONTEXT(2) 
PARAMETRIC_REPRESENTATION_CONTEXT() REPRESENTATION_CONTEXT('2D SPACE',''
  ) );
#10546 = ORIENTED_EDGE('',*,*,#10181,.T.);
#10547 = ORIENTED_EDGE('',*,*,#10501,.T.);
#10548 = ORIENTED_EDGE('',*,*,#10375,.F.);
#10549 = ADVANCED_FACE('',(#10550),#10170,.T.);
#10550 = FACE_BOUND('',#10551,.T.);
#10551 = EDGE_LOOP('',(#10552,#10553,#10554,#10555));
#10552 = ORIENTED_EDGE('',*,*,#10452,.F.);
#10553 = ORIENTED_EDGE('',*,*,#10155,.T.);
#10554 = ORIENTED_EDGE('',*,*,#10526,.T.);
#10555 = ORIENTED_EDGE('',*,*,#10354,.F.);
#10556 = ( GEOMETRIC_REPRESENTATION_CONTEXT(3) 
GLOBAL_UNCERTAINTY_ASSIGNED_CONTEXT((#10560)) 
GLOBAL_UNIT_ASSIGNED_CONTEXT((#10557,#10558,#10559)) 
REPRESENTATION_CONTEXT('Context #1',
  '3D Context with UNIT and UNCERTAINTY') );
#10557 = ( LENGTH_UNIT() NAMED_UNIT(*) SI_UNIT(.MILLI.,.METRE.) );
#10558 = ( NAMED_UNIT(*) PLANE_ANGLE_UNIT() SI_UNIT($,.RADIAN.) );
#10559 = ( NAMED_UNIT(*) SI_UNIT($,.STERADIAN.) SOLID_ANGLE_UNIT() );
#10560 = UNCERTAINTY_MEASURE_WITH_UNIT(LENGTH_MEASURE(1.E-07),#10557,
  'distance_accuracy_value','confusion accuracy');
#10561 = CONTEXT_DEPENDENT_SHAPE_REPRESENTATION(#10562,#10564);
#10562 = ( REPRESENTATION_RELATIONSHIP('','',#9925,#10) 
REPRESENTATION_RELATIONSHIP_WITH_TRANSFORMATION(#10563) 
SHAPE_REPRESENTATION_RELATIONSHIP() );
#10563 = ITEM_DEFINED_TRANSFORMATION('','',#11,#99);
#10564 = PRODUCT_DEFINITION_SHAPE('Placement','Placement of an item',
  #10565);
#10565 = NEXT_ASSEMBLY_USAGE_OCCURRENCE('889',
'\X2\043E0431044804380432043A0430\X0\_\X2\04440430043D043504400430\X0\_3\X2\043C043C\X0\_
997\X2\0445\X0\2400','',#5,#9920,$);
#10566 = PRODUCT_RELATED_PRODUCT_CATEGORY('part',$,(#9922));
#10567 = SHAPE_DEFINITION_REPRESENTATION(#10568,#10574);
#10568 = PRODUCT_DEFINITION_SHAPE('','',#10569);
#10569 = PRODUCT_DEFINITION('design','',#10570,#10573);
#10570 = PRODUCT_DEFINITION_FORMATION('','',#10571);
#10571 = PRODUCT(
  '\X2\04410442043E0439043A0430\X0\_\X2\0449043804420430\X0\_25\X2\0445\X0\50\X2\0445\X0\2400',
  '\X2\04410442043E0439043A0430\X0\_\X2\0449043804420430\X0\_25\X2\0445\X0\50\X2\0445\X0\2400','',(
    #10572));
#10572 = PRODUCT_CONTEXT('',#2,'mechanical');
#10573 = PRODUCT_DEFINITION_CONTEXT('part definition',#2,'design');
#10574 = ADVANCED_BREP_SHAPE_REPRESENTATION('',(#11,#10575),#11829);
#10575 = MANIFOLD_SOLID_BREP('',#10576);
#10576 = CLOSED_SHELL('',(#10577,#11038,#11114,#11163,#11212,#11239,
    #11289,#11339,#11389,#11439,#11489,#11539,#11589,#11639,#11689,
    #11739,#11789));
#10577 = ADVANCED_FACE('',(#10578,#10697,#10728,#10759,#10790,#10821,
    #10852,#10883,#10914,#10945,#10976,#11007),#10592,.F.);
#10578 = FACE_BOUND('',#10579,.F.);
#10579 = EDGE_LOOP('',(#10580,#10615,#10643,#10671));
#10580 = ORIENTED_EDGE('',*,*,#10581,.F.);
#10581 = EDGE_CURVE('',#10582,#10584,#10586,.T.);
#10582 = VERTEX_POINT('',#10583);
#10583 = CARTESIAN_POINT('',(0.,0.,0.));
#10584 = VERTEX_POINT('',#10585);
#10585 = CARTESIAN_POINT('',(0.,0.,2.4E+03));
#10586 = SURFACE_CURVE('',#10587,(#10591,#10603),.PCURVE_S1.);
#10587 = LINE('',#10588,#10589);
#10588 = CARTESIAN_POINT('',(0.,0.,0.));
#10589 = VECTOR('',#10590,1.);
#10590 = DIRECTION('',(0.,0.,1.));
#10591 = PCURVE('',#10592,#10597);
#10592 = PLANE('',#10593);
#10593 = AXIS2_PLACEMENT_3D('',#10594,#10595,#10596);
#10594 = CARTESIAN_POINT('',(0.,0.,0.));
#10595 = DIRECTION('',(1.,0.,-0.));
#10596 = DIRECTION('',(0.,0.,1.));
#10597 = DEFINITIONAL_REPRESENTATION('',(#10598),#10602);
#10598 = LINE('',#10599,#10600);
#10599 = CARTESIAN_POINT('',(0.,0.));
#10600 = VECTOR('',#10601,1.);
#10601 = DIRECTION('',(1.,0.));
#10602 = ( GEOMETRIC_REPRESENTATION_CONTEXT(2) 
PARAMETRIC_REPRESENTATION_CONTEXT() REPRESENTATION_CONTEXT('2D SPACE',''
  ) );
#10603 = PCURVE('',#10604,#10609);
#10604 = PLANE('',#10605);
#10605 = AXIS2_PLACEMENT_3D('',#10606,#10607,#10608);
#10606 = CARTESIAN_POINT('',(0.,0.,0.));
#10607 = DIRECTION('',(-0.,1.,0.));
#10608 = DIRECTION('',(0.,0.,1.));
#10609 = DEFINITIONAL_REPRESENTATION('',(#10610),#10614);
#10610 = LINE('',#10611,#10612);
#10611 = CARTESIAN_POINT('',(0.,0.));
#10612 = VECTOR('',#10613,1.);
#10613 = DIRECTION('',(1.,0.));
#10614 = ( GEOMETRIC_REPRESENTATION_CONTEXT(2) 
PARAMETRIC_REPRESENTATION_CONTEXT() REPRESENTATION_CONTEXT('2D SPACE',''
  ) );
#10615 = ORIENTED_EDGE('',*,*,#10616,.T.);
#10616 = EDGE_CURVE('',#10582,#10617,#10619,.T.);
#10617 = VERTEX_POINT('',#10618);
#10618 = CARTESIAN_POINT('',(0.,50.,0.));
#10619 = SURFACE_CURVE('',#10620,(#10624,#10631),.PCURVE_S1.);
#10620 = LINE('',#10621,#10622);
#10621 = CARTESIAN_POINT('',(0.,0.,0.));
#10622 = VECTOR('',#10623,1.);
#10623 = DIRECTION('',(-0.,1.,0.));
#10624 = PCURVE('',#10592,#10625);
#10625 = DEFINITIONAL_REPRESENTATION('',(#10626),#10630);
#10626 = LINE('',#10627,#10628);
#10627 = CARTESIAN_POINT('',(0.,0.));
#10628 = VECTOR('',#10629,1.);
#10629 = DIRECTION('',(0.,-1.));
#10630 = ( GEOMETRIC_REPRESENTATION_CONTEXT(2) 
PARAMETRIC_REPRESENTATION_CONTEXT() REPRESENTATION_CONTEXT('2D SPACE',''
  ) );
#10631 = PCURVE('',#10632,#10637);
#10632 = PLANE('',#10633);
#10633 = AXIS2_PLACEMENT_3D('',#10634,#10635,#10636);
#10634 = CARTESIAN_POINT('',(0.,0.,0.));
#10635 = DIRECTION('',(0.,0.,1.));
#10636 = DIRECTION('',(1.,0.,-0.));
#10637 = DEFINITIONAL_REPRESENTATION('',(#10638),#10642);
#10638 = LINE('',#10639,#10640);
#10639 = CARTESIAN_POINT('',(0.,0.));
#10640 = VECTOR('',#10641,1.);
#10641 = DIRECTION('',(0.,1.));
#10642 = ( GEOMETRIC_REPRESENTATION_CONTEXT(2) 
PARAMETRIC_REPRESENTATION_CONTEXT() REPRESENTATION_CONTEXT('2D SPACE',''
  ) );
#10643 = ORIENTED_EDGE('',*,*,#10644,.T.);
#10644 = EDGE_CURVE('',#10617,#10645,#10647,.T.);
#10645 = VERTEX_POINT('',#10646);
#10646 = CARTESIAN_POINT('',(0.,50.,2.4E+03));
#10647 = SURFACE_CURVE('',#10648,(#10652,#10659),.PCURVE_S1.);
#10648 = LINE('',#10649,#10650);
#10649 = CARTESIAN_POINT('',(0.,50.,0.));
#10650 = VECTOR('',#10651,1.);
#10651 = DIRECTION('',(0.,0.,1.));
#10652 = PCURVE('',#10592,#10653);
#10653 = DEFINITIONAL_REPRESENTATION('',(#10654),#10658);
#10654 = LINE('',#10655,#10656);
#10655 = CARTESIAN_POINT('',(0.,-50.));
#10656 = VECTOR('',#10657,1.);
#10657 = DIRECTION('',(1.,0.));
#10658 = ( GEOMETRIC_REPRESENTATION_CONTEXT(2) 
PARAMETRIC_REPRESENTATION_CONTEXT() REPRESENTATION_CONTEXT('2D SPACE',''
  ) );
#10659 = PCURVE('',#10660,#10665);
#10660 = PLANE('',#10661);
#10661 = AXIS2_PLACEMENT_3D('',#10662,#10663,#10664);
#10662 = CARTESIAN_POINT('',(0.,50.,0.));
#10663 = DIRECTION('',(-0.,1.,0.));
#10664 = DIRECTION('',(0.,0.,1.));
#10665 = DEFINITIONAL_REPRESENTATION('',(#10666),#10670);
#10666 = LINE('',#10667,#10668);
#10667 = CARTESIAN_POINT('',(0.,0.));
#10668 = VECTOR('',#10669,1.);
#10669 = DIRECTION('',(1.,0.));
#10670 = ( GEOMETRIC_REPRESENTATION_CONTEXT(2) 
PARAMETRIC_REPRESENTATION_CONTEXT() REPRESENTATION_CONTEXT('2D SPACE',''
  ) );
#10671 = ORIENTED_EDGE('',*,*,#10672,.F.);
#10672 = EDGE_CURVE('',#10584,#10645,#10673,.T.);
#10673 = SURFACE_CURVE('',#10674,(#10678,#10685),.PCURVE_S1.);
#10674 = LINE('',#10675,#10676);
#10675 = CARTESIAN_POINT('',(0.,0.,2.4E+03));
#10676 = VECTOR('',#10677,1.);
#10677 = DIRECTION('',(-0.,1.,0.));
#10678 = PCURVE('',#10592,#10679);
#10679 = DEFINITIONAL_REPRESENTATION('',(#10680),#10684);
#10680 = LINE('',#10681,#10682);
#10681 = CARTESIAN_POINT('',(2.4E+03,0.));
#10682 = VECTOR('',#10683,1.);
#10683 = DIRECTION('',(0.,-1.));
#10684 = ( GEOMETRIC_REPRESENTATION_CONTEXT(2) 
PARAMETRIC_REPRESENTATION_CONTEXT() REPRESENTATION_CONTEXT('2D SPACE',''
  ) );
#10685 = PCURVE('',#10686,#10691);
#10686 = PLANE('',#10687);
#10687 = AXIS2_PLACEMENT_3D('',#10688,#10689,#10690);
#10688 = CARTESIAN_POINT('',(0.,0.,2.4E+03));
#10689 = DIRECTION('',(0.,0.,1.));
#10690 = DIRECTION('',(1.,0.,-0.));
#10691 = DEFINITIONAL_REPRESENTATION('',(#10692),#10696);
#10692 = LINE('',#10693,#10694);
#10693 = CARTESIAN_POINT('',(0.,0.));
#10694 = VECTOR('',#10695,1.);
#10695 = DIRECTION('',(0.,1.));
#10696 = ( GEOMETRIC_REPRESENTATION_CONTEXT(2) 
PARAMETRIC_REPRESENTATION_CONTEXT() REPRESENTATION_CONTEXT('2D SPACE',''
  ) );
#10697 = FACE_BOUND('',#10698,.F.);
#10698 = EDGE_LOOP('',(#10699));
#10699 = ORIENTED_EDGE('',*,*,#10700,.F.);
#10700 = EDGE_CURVE('',#10701,#10701,#10703,.T.);
#10701 = VERTEX_POINT('',#10702);
#10702 = CARTESIAN_POINT('',(0.,25.,294.5));
#10703 = SURFACE_CURVE('',#10704,(#10709,#10716),.PCURVE_S1.);
#10704 = CIRCLE('',#10705,5.5);
#10705 = AXIS2_PLACEMENT_3D('',#10706,#10707,#10708);
#10706 = CARTESIAN_POINT('',(0.,25.,300.));
#10707 = DIRECTION('',(1.,0.,1.110223024625E-16));
#10708 = DIRECTION('',(1.110223024625E-16,0.,-1.));
#10709 = PCURVE('',#10592,#10710);
#10710 = DEFINITIONAL_REPRESENTATION('',(#10711),#10715);
#10711 = CIRCLE('',#10712,5.5);
#10712 = AXIS2_PLACEMENT_2D('',#10713,#10714);
#10713 = CARTESIAN_POINT('',(300.,-25.));
#10714 = DIRECTION('',(-1.,0.));
#10715 = ( GEOMETRIC_REPRESENTATION_CONTEXT(2) 
PARAMETRIC_REPRESENTATION_CONTEXT() REPRESENTATION_CONTEXT('2D SPACE',''
  ) );
#10716 = PCURVE('',#10717,#10722);
#10717 = CYLINDRICAL_SURFACE('',#10718,5.5);
#10718 = AXIS2_PLACEMENT_3D('',#10719,#10720,#10721);
#10719 = CARTESIAN_POINT('',(-1.,25.,300.));
#10720 = DIRECTION('',(1.,0.,1.110223024625E-16));
#10721 = DIRECTION('',(1.110223024625E-16,0.,-1.));
#10722 = DEFINITIONAL_REPRESENTATION('',(#10723),#10727);
#10723 = LINE('',#10724,#10725);
#10724 = CARTESIAN_POINT('',(0.,1.));
#10725 = VECTOR('',#10726,1.);
#10726 = DIRECTION('',(1.,0.));
#10727 = ( GEOMETRIC_REPRESENTATION_CONTEXT(2) 
PARAMETRIC_REPRESENTATION_CONTEXT() REPRESENTATION_CONTEXT('2D SPACE',''
  ) );
#10728 = FACE_BOUND('',#10729,.F.);
#10729 = EDGE_LOOP('',(#10730));
#10730 = ORIENTED_EDGE('',*,*,#10731,.F.);
#10731 = EDGE_CURVE('',#10732,#10732,#10734,.T.);
#10732 = VERTEX_POINT('',#10733);
#10733 = CARTESIAN_POINT('',(0.,25.,394.5));
#10734 = SURFACE_CURVE('',#10735,(#10740,#10747),.PCURVE_S1.);
#10735 = CIRCLE('',#10736,5.5);
#10736 = AXIS2_PLACEMENT_3D('',#10737,#10738,#10739);
#10737 = CARTESIAN_POINT('',(0.,25.,400.));
#10738 = DIRECTION('',(1.,0.,1.110223024625E-16));
#10739 = DIRECTION('',(1.110223024625E-16,0.,-1.));
#10740 = PCURVE('',#10592,#10741);
#10741 = DEFINITIONAL_REPRESENTATION('',(#10742),#10746);
#10742 = CIRCLE('',#10743,5.5);
#10743 = AXIS2_PLACEMENT_2D('',#10744,#10745);
#10744 = CARTESIAN_POINT('',(400.,-25.));
#10745 = DIRECTION('',(-1.,0.));
#10746 = ( GEOMETRIC_REPRESENTATION_CONTEXT(2) 
PARAMETRIC_REPRESENTATION_CONTEXT() REPRESENTATION_CONTEXT('2D SPACE',''
  ) );
#10747 = PCURVE('',#10748,#10753);
#10748 = CYLINDRICAL_SURFACE('',#10749,5.5);
#10749 = AXIS2_PLACEMENT_3D('',#10750,#10751,#10752);
#10750 = CARTESIAN_POINT('',(-1.,25.,400.));
#10751 = DIRECTION('',(1.,0.,1.110223024625E-16));
#10752 = DIRECTION('',(1.110223024625E-16,0.,-1.));
#10753 = DEFINITIONAL_REPRESENTATION('',(#10754),#10758);
#10754 = LINE('',#10755,#10756);
#10755 = CARTESIAN_POINT('',(0.,1.));
#10756 = VECTOR('',#10757,1.);
#10757 = DIRECTION('',(1.,0.));
#10758 = ( GEOMETRIC_REPRESENTATION_CONTEXT(2) 
PARAMETRIC_REPRESENTATION_CONTEXT() REPRESENTATION_CONTEXT('2D SPACE',''
  ) );
#10759 = FACE_BOUND('',#10760,.F.);
#10760 = EDGE_LOOP('',(#10761));
#10761 = ORIENTED_EDGE('',*,*,#10762,.F.);
#10762 = EDGE_CURVE('',#10763,#10763,#10765,.T.);
#10763 = VERTEX_POINT('',#10764);
#10764 = CARTESIAN_POINT('',(0.,25.,494.5));
#10765 = SURFACE_CURVE('',#10766,(#10771,#10778),.PCURVE_S1.);
#10766 = CIRCLE('',#10767,5.5);
#10767 = AXIS2_PLACEMENT_3D('',#10768,#10769,#10770);
#10768 = CARTESIAN_POINT('',(0.,25.,500.));
#10769 = DIRECTION('',(1.,0.,1.110223024625E-16));
#10770 = DIRECTION('',(1.110223024625E-16,0.,-1.));
#10771 = PCURVE('',#10592,#10772);
#10772 = DEFINITIONAL_REPRESENTATION('',(#10773),#10777);
#10773 = CIRCLE('',#10774,5.5);
#10774 = AXIS2_PLACEMENT_2D('',#10775,#10776);
#10775 = CARTESIAN_POINT('',(500.,-25.));
#10776 = DIRECTION('',(-1.,0.));
#10777 = ( GEOMETRIC_REPRESENTATION_CONTEXT(2) 
PARAMETRIC_REPRESENTATION_CONTEXT() REPRESENTATION_CONTEXT('2D SPACE',''
  ) );
#10778 = PCURVE('',#10779,#10784);
#10779 = CYLINDRICAL_SURFACE('',#10780,5.5);
#10780 = AXIS2_PLACEMENT_3D('',#10781,#10782,#10783);
#10781 = CARTESIAN_POINT('',(-1.,25.,500.));
#10782 = DIRECTION('',(1.,0.,1.110223024625E-16));
#10783 = DIRECTION('',(1.110223024625E-16,0.,-1.));
#10784 = DEFINITIONAL_REPRESENTATION('',(#10785),#10789);
#10785 = LINE('',#10786,#10787);
#10786 = CARTESIAN_POINT('',(0.,1.));
#10787 = VECTOR('',#10788,1.);
#10788 = DIRECTION('',(1.,0.));
#10789 = ( GEOMETRIC_REPRESENTATION_CONTEXT(2) 
PARAMETRIC_REPRESENTATION_CONTEXT() REPRESENTATION_CONTEXT('2D SPACE',''
  ) );
#10790 = FACE_BOUND('',#10791,.F.);
#10791 = EDGE_LOOP('',(#10792));
#10792 = ORIENTED_EDGE('',*,*,#10793,.F.);
#10793 = EDGE_CURVE('',#10794,#10794,#10796,.T.);
#10794 = VERTEX_POINT('',#10795);
#10795 = CARTESIAN_POINT('',(0.,25.,594.5));
#10796 = SURFACE_CURVE('',#10797,(#10802,#10809),.PCURVE_S1.);
#10797 = CIRCLE('',#10798,5.5);
#10798 = AXIS2_PLACEMENT_3D('',#10799,#10800,#10801);
#10799 = CARTESIAN_POINT('',(0.,25.,600.));
#10800 = DIRECTION('',(1.,0.,1.110223024625E-16));
#10801 = DIRECTION('',(1.110223024625E-16,0.,-1.));
#10802 = PCURVE('',#10592,#10803);
#10803 = DEFINITIONAL_REPRESENTATION('',(#10804),#10808);
#10804 = CIRCLE('',#10805,5.5);
#10805 = AXIS2_PLACEMENT_2D('',#10806,#10807);
#10806 = CARTESIAN_POINT('',(600.,-25.));
#10807 = DIRECTION('',(-1.,0.));
#10808 = ( GEOMETRIC_REPRESENTATION_CONTEXT(2) 
PARAMETRIC_REPRESENTATION_CONTEXT() REPRESENTATION_CONTEXT('2D SPACE',''
  ) );
#10809 = PCURVE('',#10810,#10815);
#10810 = CYLINDRICAL_SURFACE('',#10811,5.5);
#10811 = AXIS2_PLACEMENT_3D('',#10812,#10813,#10814);
#10812 = CARTESIAN_POINT('',(-1.,25.,600.));
#10813 = DIRECTION('',(1.,0.,1.110223024625E-16));
#10814 = DIRECTION('',(1.110223024625E-16,0.,-1.));
#10815 = DEFINITIONAL_REPRESENTATION('',(#10816),#10820);
#10816 = LINE('',#10817,#10818);
#10817 = CARTESIAN_POINT('',(0.,1.));
#10818 = VECTOR('',#10819,1.);
#10819 = DIRECTION('',(1.,0.));
#10820 = ( GEOMETRIC_REPRESENTATION_CONTEXT(2) 
PARAMETRIC_REPRESENTATION_CONTEXT() REPRESENTATION_CONTEXT('2D SPACE',''
  ) );
#10821 = FACE_BOUND('',#10822,.F.);
#10822 = EDGE_LOOP('',(#10823));
#10823 = ORIENTED_EDGE('',*,*,#10824,.F.);
#10824 = EDGE_CURVE('',#10825,#10825,#10827,.T.);
#10825 = VERTEX_POINT('',#10826);
#10826 = CARTESIAN_POINT('',(0.,25.,694.5));
#10827 = SURFACE_CURVE('',#10828,(#10833,#10840),.PCURVE_S1.);
#10828 = CIRCLE('',#10829,5.5);
#10829 = AXIS2_PLACEMENT_3D('',#10830,#10831,#10832);
#10830 = CARTESIAN_POINT('',(0.,25.,700.));
#10831 = DIRECTION('',(1.,0.,1.110223024625E-16));
#10832 = DIRECTION('',(1.110223024625E-16,0.,-1.));
#10833 = PCURVE('',#10592,#10834);
#10834 = DEFINITIONAL_REPRESENTATION('',(#10835),#10839);
#10835 = CIRCLE('',#10836,5.5);
#10836 = AXIS2_PLACEMENT_2D('',#10837,#10838);
#10837 = CARTESIAN_POINT('',(700.,-25.));
#10838 = DIRECTION('',(-1.,0.));
#10839 = ( GEOMETRIC_REPRESENTATION_CONTEXT(2) 
PARAMETRIC_REPRESENTATION_CONTEXT() REPRESENTATION_CONTEXT('2D SPACE',''
  ) );
#10840 = PCURVE('',#10841,#10846);
#10841 = CYLINDRICAL_SURFACE('',#10842,5.5);
#10842 = AXIS2_PLACEMENT_3D('',#10843,#10844,#10845);
#10843 = CARTESIAN_POINT('',(-1.,25.,700.));
#10844 = DIRECTION('',(1.,0.,1.110223024625E-16));
#10845 = DIRECTION('',(1.110223024625E-16,0.,-1.));
#10846 = DEFINITIONAL_REPRESENTATION('',(#10847),#10851);
#10847 = LINE('',#10848,#10849);
#10848 = CARTESIAN_POINT('',(0.,1.));
#10849 = VECTOR('',#10850,1.);
#10850 = DIRECTION('',(1.,0.));
#10851 = ( GEOMETRIC_REPRESENTATION_CONTEXT(2) 
PARAMETRIC_REPRESENTATION_CONTEXT() REPRESENTATION_CONTEXT('2D SPACE',''
  ) );
#10852 = FACE_BOUND('',#10853,.F.);
#10853 = EDGE_LOOP('',(#10854));
#10854 = ORIENTED_EDGE('',*,*,#10855,.F.);
#10855 = EDGE_CURVE('',#10856,#10856,#10858,.T.);
#10856 = VERTEX_POINT('',#10857);
#10857 = CARTESIAN_POINT('',(0.,25.,994.5));
#10858 = SURFACE_CURVE('',#10859,(#10864,#10871),.PCURVE_S1.);
#10859 = CIRCLE('',#10860,5.5);
#10860 = AXIS2_PLACEMENT_3D('',#10861,#10862,#10863);
#10861 = CARTESIAN_POINT('',(0.,25.,1.E+03));
#10862 = DIRECTION('',(1.,0.,1.110223024625E-16));
#10863 = DIRECTION('',(1.110223024625E-16,0.,-1.));
#10864 = PCURVE('',#10592,#10865);
#10865 = DEFINITIONAL_REPRESENTATION('',(#10866),#10870);
#10866 = CIRCLE('',#10867,5.5);
#10867 = AXIS2_PLACEMENT_2D('',#10868,#10869);
#10868 = CARTESIAN_POINT('',(1.E+03,-25.));
#10869 = DIRECTION('',(-1.,0.));
#10870 = ( GEOMETRIC_REPRESENTATION_CONTEXT(2) 
PARAMETRIC_REPRESENTATION_CONTEXT() REPRESENTATION_CONTEXT('2D SPACE',''
  ) );
#10871 = PCURVE('',#10872,#10877);
#10872 = CYLINDRICAL_SURFACE('',#10873,5.5);
#10873 = AXIS2_PLACEMENT_3D('',#10874,#10875,#10876);
#10874 = CARTESIAN_POINT('',(-1.,25.,1.E+03));
#10875 = DIRECTION('',(1.,0.,1.110223024625E-16));
#10876 = DIRECTION('',(1.110223024625E-16,0.,-1.));
#10877 = DEFINITIONAL_REPRESENTATION('',(#10878),#10882);
#10878 = LINE('',#10879,#10880);
#10879 = CARTESIAN_POINT('',(0.,1.));
#10880 = VECTOR('',#10881,1.);
#10881 = DIRECTION('',(1.,0.));
#10882 = ( GEOMETRIC_REPRESENTATION_CONTEXT(2) 
PARAMETRIC_REPRESENTATION_CONTEXT() REPRESENTATION_CONTEXT('2D SPACE',''
  ) );
#10883 = FACE_BOUND('',#10884,.F.);
#10884 = EDGE_LOOP('',(#10885));
#10885 = ORIENTED_EDGE('',*,*,#10886,.F.);
#10886 = EDGE_CURVE('',#10887,#10887,#10889,.T.);
#10887 = VERTEX_POINT('',#10888);
#10888 = CARTESIAN_POINT('',(0.,25.,1.1945E+03));
#10889 = SURFACE_CURVE('',#10890,(#10895,#10902),.PCURVE_S1.);
#10890 = CIRCLE('',#10891,5.5);
#10891 = AXIS2_PLACEMENT_3D('',#10892,#10893,#10894);
#10892 = CARTESIAN_POINT('',(0.,25.,1.2E+03));
#10893 = DIRECTION('',(1.,0.,1.110223024625E-16));
#10894 = DIRECTION('',(1.110223024625E-16,0.,-1.));
#10895 = PCURVE('',#10592,#10896);
#10896 = DEFINITIONAL_REPRESENTATION('',(#10897),#10901);
#10897 = CIRCLE('',#10898,5.5);
#10898 = AXIS2_PLACEMENT_2D('',#10899,#10900);
#10899 = CARTESIAN_POINT('',(1.2E+03,-25.));
#10900 = DIRECTION('',(-1.,0.));
#10901 = ( GEOMETRIC_REPRESENTATION_CONTEXT(2) 
PARAMETRIC_REPRESENTATION_CONTEXT() REPRESENTATION_CONTEXT('2D SPACE',''
  ) );
#10902 = PCURVE('',#10903,#10908);
#10903 = CYLINDRICAL_SURFACE('',#10904,5.5);
#10904 = AXIS2_PLACEMENT_3D('',#10905,#10906,#10907);
#10905 = CARTESIAN_POINT('',(-1.,25.,1.2E+03));
#10906 = DIRECTION('',(1.,0.,1.110223024625E-16));
#10907 = DIRECTION('',(1.110223024625E-16,0.,-1.));
#10908 = DEFINITIONAL_REPRESENTATION('',(#10909),#10913);
#10909 = LINE('',#10910,#10911);
#10910 = CARTESIAN_POINT('',(0.,1.));
#10911 = VECTOR('',#10912,1.);
#10912 = DIRECTION('',(1.,0.));
#10913 = ( GEOMETRIC_REPRESENTATION_CONTEXT(2) 
PARAMETRIC_REPRESENTATION_CONTEXT() REPRESENTATION_CONTEXT('2D SPACE',''
  ) );
#10914 = FACE_BOUND('',#10915,.F.);
#10915 = EDGE_LOOP('',(#10916));
#10916 = ORIENTED_EDGE('',*,*,#10917,.F.);
#10917 = EDGE_CURVE('',#10918,#10918,#10920,.T.);
#10918 = VERTEX_POINT('',#10919);
#10919 = CARTESIAN_POINT('',(0.,25.,1.2945E+03));
#10920 = SURFACE_CURVE('',#10921,(#10926,#10933),.PCURVE_S1.);
#10921 = CIRCLE('',#10922,5.5);
#10922 = AXIS2_PLACEMENT_3D('',#10923,#10924,#10925);
#10923 = CARTESIAN_POINT('',(0.,25.,1.3E+03));
#10924 = DIRECTION('',(1.,0.,1.110223024625E-16));
#10925 = DIRECTION('',(1.110223024625E-16,0.,-1.));
#10926 = PCURVE('',#10592,#10927);
#10927 = DEFINITIONAL_REPRESENTATION('',(#10928),#10932);
#10928 = CIRCLE('',#10929,5.5);
#10929 = AXIS2_PLACEMENT_2D('',#10930,#10931);
#10930 = CARTESIAN_POINT('',(1.3E+03,-25.));
#10931 = DIRECTION('',(-1.,0.));
#10932 = ( GEOMETRIC_REPRESENTATION_CONTEXT(2) 
PARAMETRIC_REPRESENTATION_CONTEXT() REPRESENTATION_CONTEXT('2D SPACE',''
  ) );
#10933 = PCURVE('',#10934,#10939);
#10934 = CYLINDRICAL_SURFACE('',#10935,5.5);
#10935 = AXIS2_PLACEMENT_3D('',#10936,#10937,#10938);
#10936 = CARTESIAN_POINT('',(-1.,25.,1.3E+03));
#10937 = DIRECTION('',(1.,0.,1.110223024625E-16));
#10938 = DIRECTION('',(1.110223024625E-16,0.,-1.));
#10939 = DEFINITIONAL_REPRESENTATION('',(#10940),#10944);
#10940 = LINE('',#10941,#10942);
#10941 = CARTESIAN_POINT('',(0.,1.));
#10942 = VECTOR('',#10943,1.);
#10943 = DIRECTION('',(1.,0.));
#10944 = ( GEOMETRIC_REPRESENTATION_CONTEXT(2) 
PARAMETRIC_REPRESENTATION_CONTEXT() REPRESENTATION_CONTEXT('2D SPACE',''
  ) );
#10945 = FACE_BOUND('',#10946,.F.);
#10946 = EDGE_LOOP('',(#10947));
#10947 = ORIENTED_EDGE('',*,*,#10948,.F.);
#10948 = EDGE_CURVE('',#10949,#10949,#10951,.T.);
#10949 = VERTEX_POINT('',#10950);
#10950 = CARTESIAN_POINT('',(0.,25.,1.6945E+03));
#10951 = SURFACE_CURVE('',#10952,(#10957,#10964),.PCURVE_S1.);
#10952 = CIRCLE('',#10953,5.5);
#10953 = AXIS2_PLACEMENT_3D('',#10954,#10955,#10956);
#10954 = CARTESIAN_POINT('',(0.,25.,1.7E+03));
#10955 = DIRECTION('',(1.,0.,1.110223024625E-16));
#10956 = DIRECTION('',(1.110223024625E-16,0.,-1.));
#10957 = PCURVE('',#10592,#10958);
#10958 = DEFINITIONAL_REPRESENTATION('',(#10959),#10963);
#10959 = CIRCLE('',#10960,5.5);
#10960 = AXIS2_PLACEMENT_2D('',#10961,#10962);
#10961 = CARTESIAN_POINT('',(1.7E+03,-25.));
#10962 = DIRECTION('',(-1.,0.));
#10963 = ( GEOMETRIC_REPRESENTATION_CONTEXT(2) 
PARAMETRIC_REPRESENTATION_CONTEXT() REPRESENTATION_CONTEXT('2D SPACE',''
  ) );
#10964 = PCURVE('',#10965,#10970);
#10965 = CYLINDRICAL_SURFACE('',#10966,5.5);
#10966 = AXIS2_PLACEMENT_3D('',#10967,#10968,#10969);
#10967 = CARTESIAN_POINT('',(-1.,25.,1.7E+03));
#10968 = DIRECTION('',(1.,0.,1.110223024625E-16));
#10969 = DIRECTION('',(1.110223024625E-16,0.,-1.));
#10970 = DEFINITIONAL_REPRESENTATION('',(#10971),#10975);
#10971 = LINE('',#10972,#10973);
#10972 = CARTESIAN_POINT('',(0.,1.));
#10973 = VECTOR('',#10974,1.);
#10974 = DIRECTION('',(1.,0.));
#10975 = ( GEOMETRIC_REPRESENTATION_CONTEXT(2) 
PARAMETRIC_REPRESENTATION_CONTEXT() REPRESENTATION_CONTEXT('2D SPACE',''
  ) );
#10976 = FACE_BOUND('',#10977,.F.);
#10977 = EDGE_LOOP('',(#10978));
#10978 = ORIENTED_EDGE('',*,*,#10979,.F.);
#10979 = EDGE_CURVE('',#10980,#10980,#10982,.T.);
#10980 = VERTEX_POINT('',#10981);
#10981 = CARTESIAN_POINT('',(0.,25.,1.7945E+03));
#10982 = SURFACE_CURVE('',#10983,(#10988,#10995),.PCURVE_S1.);
#10983 = CIRCLE('',#10984,5.5);
#10984 = AXIS2_PLACEMENT_3D('',#10985,#10986,#10987);
#10985 = CARTESIAN_POINT('',(0.,25.,1.8E+03));
#10986 = DIRECTION('',(1.,0.,1.110223024625E-16));
#10987 = DIRECTION('',(1.110223024625E-16,0.,-1.));
#10988 = PCURVE('',#10592,#10989);
#10989 = DEFINITIONAL_REPRESENTATION('',(#10990),#10994);
#10990 = CIRCLE('',#10991,5.5);
#10991 = AXIS2_PLACEMENT_2D('',#10992,#10993);
#10992 = CARTESIAN_POINT('',(1.8E+03,-25.));
#10993 = DIRECTION('',(-1.,0.));
#10994 = ( GEOMETRIC_REPRESENTATION_CONTEXT(2) 
PARAMETRIC_REPRESENTATION_CONTEXT() REPRESENTATION_CONTEXT('2D SPACE',''
  ) );
#10995 = PCURVE('',#10996,#11001);
#10996 = CYLINDRICAL_SURFACE('',#10997,5.5);
#10997 = AXIS2_PLACEMENT_3D('',#10998,#10999,#11000);
#10998 = CARTESIAN_POINT('',(-1.,25.,1.8E+03));
#10999 = DIRECTION('',(1.,0.,1.110223024625E-16));
#11000 = DIRECTION('',(1.110223024625E-16,0.,-1.));
#11001 = DEFINITIONAL_REPRESENTATION('',(#11002),#11006);
#11002 = LINE('',#11003,#11004);
#11003 = CARTESIAN_POINT('',(0.,1.));
#11004 = VECTOR('',#11005,1.);
#11005 = DIRECTION('',(1.,0.));
#11006 = ( GEOMETRIC_REPRESENTATION_CONTEXT(2) 
PARAMETRIC_REPRESENTATION_CONTEXT() REPRESENTATION_CONTEXT('2D SPACE',''
  ) );
#11007 = FACE_BOUND('',#11008,.F.);
#11008 = EDGE_LOOP('',(#11009));
#11009 = ORIENTED_EDGE('',*,*,#11010,.F.);
#11010 = EDGE_CURVE('',#11011,#11011,#11013,.T.);
#11011 = VERTEX_POINT('',#11012);
#11012 = CARTESIAN_POINT('',(0.,25.,1.8945E+03));
#11013 = SURFACE_CURVE('',#11014,(#11019,#11026),.PCURVE_S1.);
#11014 = CIRCLE('',#11015,5.5);
#11015 = AXIS2_PLACEMENT_3D('',#11016,#11017,#11018);
#11016 = CARTESIAN_POINT('',(0.,25.,1.9E+03));
#11017 = DIRECTION('',(1.,0.,1.110223024625E-16));
#11018 = DIRECTION('',(1.110223024625E-16,0.,-1.));
#11019 = PCURVE('',#10592,#11020);
#11020 = DEFINITIONAL_REPRESENTATION('',(#11021),#11025);
#11021 = CIRCLE('',#11022,5.5);
#11022 = AXIS2_PLACEMENT_2D('',#11023,#11024);
#11023 = CARTESIAN_POINT('',(1.9E+03,-25.));
#11024 = DIRECTION('',(-1.,0.));
#11025 = ( GEOMETRIC_REPRESENTATION_CONTEXT(2) 
PARAMETRIC_REPRESENTATION_CONTEXT() REPRESENTATION_CONTEXT('2D SPACE',''
  ) );
#11026 = PCURVE('',#11027,#11032);
#11027 = CYLINDRICAL_SURFACE('',#11028,5.5);
#11028 = AXIS2_PLACEMENT_3D('',#11029,#11030,#11031);
#11029 = CARTESIAN_POINT('',(-1.,25.,1.9E+03));
#11030 = DIRECTION('',(1.,0.,1.110223024625E-16));
#11031 = DIRECTION('',(1.110223024625E-16,0.,-1.));
#11032 = DEFINITIONAL_REPRESENTATION('',(#11033),#11037);
#11033 = LINE('',#11034,#11035);
#11034 = CARTESIAN_POINT('',(0.,1.));
#11035 = VECTOR('',#11036,1.);
#11036 = DIRECTION('',(1.,0.));
#11037 = ( GEOMETRIC_REPRESENTATION_CONTEXT(2) 
PARAMETRIC_REPRESENTATION_CONTEXT() REPRESENTATION_CONTEXT('2D SPACE',''
  ) );
#11038 = ADVANCED_FACE('',(#11039),#10604,.F.);
#11039 = FACE_BOUND('',#11040,.F.);
#11040 = EDGE_LOOP('',(#11041,#11064,#11065,#11088));
#11041 = ORIENTED_EDGE('',*,*,#11042,.F.);
#11042 = EDGE_CURVE('',#10582,#11043,#11045,.T.);
#11043 = VERTEX_POINT('',#11044);
#11044 = CARTESIAN_POINT('',(25.,0.,0.));
#11045 = SURFACE_CURVE('',#11046,(#11050,#11057),.PCURVE_S1.);
#11046 = LINE('',#11047,#11048);
#11047 = CARTESIAN_POINT('',(0.,0.,0.));
#11048 = VECTOR('',#11049,1.);
#11049 = DIRECTION('',(1.,0.,-0.));
#11050 = PCURVE('',#10604,#11051);
#11051 = DEFINITIONAL_REPRESENTATION('',(#11052),#11056);
#11052 = LINE('',#11053,#11054);
#11053 = CARTESIAN_POINT('',(0.,0.));
#11054 = VECTOR('',#11055,1.);
#11055 = DIRECTION('',(0.,1.));
#11056 = ( GEOMETRIC_REPRESENTATION_CONTEXT(2) 
PARAMETRIC_REPRESENTATION_CONTEXT() REPRESENTATION_CONTEXT('2D SPACE',''
  ) );
#11057 = PCURVE('',#10632,#11058);
#11058 = DEFINITIONAL_REPRESENTATION('',(#11059),#11063);
#11059 = LINE('',#11060,#11061);
#11060 = CARTESIAN_POINT('',(0.,0.));
#11061 = VECTOR('',#11062,1.);
#11062 = DIRECTION('',(1.,0.));
#11063 = ( GEOMETRIC_REPRESENTATION_CONTEXT(2) 
PARAMETRIC_REPRESENTATION_CONTEXT() REPRESENTATION_CONTEXT('2D SPACE',''
  ) );
#11064 = ORIENTED_EDGE('',*,*,#10581,.T.);
#11065 = ORIENTED_EDGE('',*,*,#11066,.T.);
#11066 = EDGE_CURVE('',#10584,#11067,#11069,.T.);
#11067 = VERTEX_POINT('',#11068);
#11068 = CARTESIAN_POINT('',(25.,0.,2.4E+03));
#11069 = SURFACE_CURVE('',#11070,(#11074,#11081),.PCURVE_S1.);
#11070 = LINE('',#11071,#11072);
#11071 = CARTESIAN_POINT('',(0.,0.,2.4E+03));
#11072 = VECTOR('',#11073,1.);
#11073 = DIRECTION('',(1.,0.,-0.));
#11074 = PCURVE('',#10604,#11075);
#11075 = DEFINITIONAL_REPRESENTATION('',(#11076),#11080);
#11076 = LINE('',#11077,#11078);
#11077 = CARTESIAN_POINT('',(2.4E+03,0.));
#11078 = VECTOR('',#11079,1.);
#11079 = DIRECTION('',(0.,1.));
#11080 = ( GEOMETRIC_REPRESENTATION_CONTEXT(2) 
PARAMETRIC_REPRESENTATION_CONTEXT() REPRESENTATION_CONTEXT('2D SPACE',''
  ) );
#11081 = PCURVE('',#10686,#11082);
#11082 = DEFINITIONAL_REPRESENTATION('',(#11083),#11087);
#11083 = LINE('',#11084,#11085);
#11084 = CARTESIAN_POINT('',(0.,0.));
#11085 = VECTOR('',#11086,1.);
#11086 = DIRECTION('',(1.,0.));
#11087 = ( GEOMETRIC_REPRESENTATION_CONTEXT(2) 
PARAMETRIC_REPRESENTATION_CONTEXT() REPRESENTATION_CONTEXT('2D SPACE',''
  ) );
#11088 = ORIENTED_EDGE('',*,*,#11089,.F.);
#11089 = EDGE_CURVE('',#11043,#11067,#11090,.T.);
#11090 = SURFACE_CURVE('',#11091,(#11095,#11102),.PCURVE_S1.);
#11091 = LINE('',#11092,#11093);
#11092 = CARTESIAN_POINT('',(25.,0.,0.));
#11093 = VECTOR('',#11094,1.);
#11094 = DIRECTION('',(0.,0.,1.));
#11095 = PCURVE('',#10604,#11096);
#11096 = DEFINITIONAL_REPRESENTATION('',(#11097),#11101);
#11097 = LINE('',#11098,#11099);
#11098 = CARTESIAN_POINT('',(0.,25.));
#11099 = VECTOR('',#11100,1.);
#11100 = DIRECTION('',(1.,0.));
#11101 = ( GEOMETRIC_REPRESENTATION_CONTEXT(2) 
PARAMETRIC_REPRESENTATION_CONTEXT() REPRESENTATION_CONTEXT('2D SPACE',''
  ) );
#11102 = PCURVE('',#11103,#11108);
#11103 = PLANE('',#11104);
#11104 = AXIS2_PLACEMENT_3D('',#11105,#11106,#11107);
#11105 = CARTESIAN_POINT('',(25.,0.,0.));
#11106 = DIRECTION('',(1.,0.,-0.));
#11107 = DIRECTION('',(0.,0.,1.));
#11108 = DEFINITIONAL_REPRESENTATION('',(#11109),#11113);
#11109 = LINE('',#11110,#11111);
#11110 = CARTESIAN_POINT('',(0.,0.));
#11111 = VECTOR('',#11112,1.);
#11112 = DIRECTION('',(1.,0.));
#11113 = ( GEOMETRIC_REPRESENTATION_CONTEXT(2) 
PARAMETRIC_REPRESENTATION_CONTEXT() REPRESENTATION_CONTEXT('2D SPACE',''
  ) );
#11114 = ADVANCED_FACE('',(#11115),#10686,.T.);
#11115 = FACE_BOUND('',#11116,.T.);
#11116 = EDGE_LOOP('',(#11117,#11118,#11119,#11142));
#11117 = ORIENTED_EDGE('',*,*,#10672,.F.);
#11118 = ORIENTED_EDGE('',*,*,#11066,.T.);
#11119 = ORIENTED_EDGE('',*,*,#11120,.T.);
#11120 = EDGE_CURVE('',#11067,#11121,#11123,.T.);
#11121 = VERTEX_POINT('',#11122);
#11122 = CARTESIAN_POINT('',(25.,50.,2.4E+03));
#11123 = SURFACE_CURVE('',#11124,(#11128,#11135),.PCURVE_S1.);
#11124 = LINE('',#11125,#11126);
#11125 = CARTESIAN_POINT('',(25.,0.,2.4E+03));
#11126 = VECTOR('',#11127,1.);
#11127 = DIRECTION('',(-0.,1.,0.));
#11128 = PCURVE('',#10686,#11129);
#11129 = DEFINITIONAL_REPRESENTATION('',(#11130),#11134);
#11130 = LINE('',#11131,#11132);
#11131 = CARTESIAN_POINT('',(25.,0.));
#11132 = VECTOR('',#11133,1.);
#11133 = DIRECTION('',(0.,1.));
#11134 = ( GEOMETRIC_REPRESENTATION_CONTEXT(2) 
PARAMETRIC_REPRESENTATION_CONTEXT() REPRESENTATION_CONTEXT('2D SPACE',''
  ) );
#11135 = PCURVE('',#11103,#11136);
#11136 = DEFINITIONAL_REPRESENTATION('',(#11137),#11141);
#11137 = LINE('',#11138,#11139);
#11138 = CARTESIAN_POINT('',(2.4E+03,0.));
#11139 = VECTOR('',#11140,1.);
#11140 = DIRECTION('',(0.,-1.));
#11141 = ( GEOMETRIC_REPRESENTATION_CONTEXT(2) 
PARAMETRIC_REPRESENTATION_CONTEXT() REPRESENTATION_CONTEXT('2D SPACE',''
  ) );
#11142 = ORIENTED_EDGE('',*,*,#11143,.F.);
#11143 = EDGE_CURVE('',#10645,#11121,#11144,.T.);
#11144 = SURFACE_CURVE('',#11145,(#11149,#11156),.PCURVE_S1.);
#11145 = LINE('',#11146,#11147);
#11146 = CARTESIAN_POINT('',(0.,50.,2.4E+03));
#11147 = VECTOR('',#11148,1.);
#11148 = DIRECTION('',(1.,0.,-0.));
#11149 = PCURVE('',#10686,#11150);
#11150 = DEFINITIONAL_REPRESENTATION('',(#11151),#11155);
#11151 = LINE('',#11152,#11153);
#11152 = CARTESIAN_POINT('',(0.,50.));
#11153 = VECTOR('',#11154,1.);
#11154 = DIRECTION('',(1.,0.));
#11155 = ( GEOMETRIC_REPRESENTATION_CONTEXT(2) 
PARAMETRIC_REPRESENTATION_CONTEXT() REPRESENTATION_CONTEXT('2D SPACE',''
  ) );
#11156 = PCURVE('',#10660,#11157);
#11157 = DEFINITIONAL_REPRESENTATION('',(#11158),#11162);
#11158 = LINE('',#11159,#11160);
#11159 = CARTESIAN_POINT('',(2.4E+03,0.));
#11160 = VECTOR('',#11161,1.);
#11161 = DIRECTION('',(0.,1.));
#11162 = ( GEOMETRIC_REPRESENTATION_CONTEXT(2) 
PARAMETRIC_REPRESENTATION_CONTEXT() REPRESENTATION_CONTEXT('2D SPACE',''
  ) );
#11163 = ADVANCED_FACE('',(#11164),#10632,.F.);
#11164 = FACE_BOUND('',#11165,.F.);
#11165 = EDGE_LOOP('',(#11166,#11167,#11168,#11191));
#11166 = ORIENTED_EDGE('',*,*,#10616,.F.);
#11167 = ORIENTED_EDGE('',*,*,#11042,.T.);
#11168 = ORIENTED_EDGE('',*,*,#11169,.T.);
#11169 = EDGE_CURVE('',#11043,#11170,#11172,.T.);
#11170 = VERTEX_POINT('',#11171);
#11171 = CARTESIAN_POINT('',(25.,50.,0.));
#11172 = SURFACE_CURVE('',#11173,(#11177,#11184),.PCURVE_S1.);
#11173 = LINE('',#11174,#11175);
#11174 = CARTESIAN_POINT('',(25.,0.,0.));
#11175 = VECTOR('',#11176,1.);
#11176 = DIRECTION('',(-0.,1.,0.));
#11177 = PCURVE('',#10632,#11178);
#11178 = DEFINITIONAL_REPRESENTATION('',(#11179),#11183);
#11179 = LINE('',#11180,#11181);
#11180 = CARTESIAN_POINT('',(25.,0.));
#11181 = VECTOR('',#11182,1.);
#11182 = DIRECTION('',(0.,1.));
#11183 = ( GEOMETRIC_REPRESENTATION_CONTEXT(2) 
PARAMETRIC_REPRESENTATION_CONTEXT() REPRESENTATION_CONTEXT('2D SPACE',''
  ) );
#11184 = PCURVE('',#11103,#11185);
#11185 = DEFINITIONAL_REPRESENTATION('',(#11186),#11190);
#11186 = LINE('',#11187,#11188);
#11187 = CARTESIAN_POINT('',(0.,0.));
#11188 = VECTOR('',#11189,1.);
#11189 = DIRECTION('',(0.,-1.));
#11190 = ( GEOMETRIC_REPRESENTATION_CONTEXT(2) 
PARAMETRIC_REPRESENTATION_CONTEXT() REPRESENTATION_CONTEXT('2D SPACE',''
  ) );
#11191 = ORIENTED_EDGE('',*,*,#11192,.F.);
#11192 = EDGE_CURVE('',#10617,#11170,#11193,.T.);
#11193 = SURFACE_CURVE('',#11194,(#11198,#11205),.PCURVE_S1.);
#11194 = LINE('',#11195,#11196);
#11195 = CARTESIAN_POINT('',(0.,50.,0.));
#11196 = VECTOR('',#11197,1.);
#11197 = DIRECTION('',(1.,0.,-0.));
#11198 = PCURVE('',#10632,#11199);
#11199 = DEFINITIONAL_REPRESENTATION('',(#11200),#11204);
#11200 = LINE('',#11201,#11202);
#11201 = CARTESIAN_POINT('',(0.,50.));
#11202 = VECTOR('',#11203,1.);
#11203 = DIRECTION('',(1.,0.));
#11204 = ( GEOMETRIC_REPRESENTATION_CONTEXT(2) 
PARAMETRIC_REPRESENTATION_CONTEXT() REPRESENTATION_CONTEXT('2D SPACE',''
  ) );
#11205 = PCURVE('',#10660,#11206);
#11206 = DEFINITIONAL_REPRESENTATION('',(#11207),#11211);
#11207 = LINE('',#11208,#11209);
#11208 = CARTESIAN_POINT('',(0.,0.));
#11209 = VECTOR('',#11210,1.);
#11210 = DIRECTION('',(0.,1.));
#11211 = ( GEOMETRIC_REPRESENTATION_CONTEXT(2) 
PARAMETRIC_REPRESENTATION_CONTEXT() REPRESENTATION_CONTEXT('2D SPACE',''
  ) );
#11212 = ADVANCED_FACE('',(#11213),#10660,.T.);
#11213 = FACE_BOUND('',#11214,.T.);
#11214 = EDGE_LOOP('',(#11215,#11216,#11217,#11218));
#11215 = ORIENTED_EDGE('',*,*,#11192,.F.);
#11216 = ORIENTED_EDGE('',*,*,#10644,.T.);
#11217 = ORIENTED_EDGE('',*,*,#11143,.T.);
#11218 = ORIENTED_EDGE('',*,*,#11219,.F.);
#11219 = EDGE_CURVE('',#11170,#11121,#11220,.T.);
#11220 = SURFACE_CURVE('',#11221,(#11225,#11232),.PCURVE_S1.);
#11221 = LINE('',#11222,#11223);
#11222 = CARTESIAN_POINT('',(25.,50.,0.));
#11223 = VECTOR('',#11224,1.);
#11224 = DIRECTION('',(0.,0.,1.));
#11225 = PCURVE('',#10660,#11226);
#11226 = DEFINITIONAL_REPRESENTATION('',(#11227),#11231);
#11227 = LINE('',#11228,#11229);
#11228 = CARTESIAN_POINT('',(0.,25.));
#11229 = VECTOR('',#11230,1.);
#11230 = DIRECTION('',(1.,0.));
#11231 = ( GEOMETRIC_REPRESENTATION_CONTEXT(2) 
PARAMETRIC_REPRESENTATION_CONTEXT() REPRESENTATION_CONTEXT('2D SPACE',''
  ) );
#11232 = PCURVE('',#11103,#11233);
#11233 = DEFINITIONAL_REPRESENTATION('',(#11234),#11238);
#11234 = LINE('',#11235,#11236);
#11235 = CARTESIAN_POINT('',(0.,-50.));
#11236 = VECTOR('',#11237,1.);
#11237 = DIRECTION('',(1.,0.));
#11238 = ( GEOMETRIC_REPRESENTATION_CONTEXT(2) 
PARAMETRIC_REPRESENTATION_CONTEXT() REPRESENTATION_CONTEXT('2D SPACE',''
  ) );
#11239 = ADVANCED_FACE('',(#11240),#10717,.F.);
#11240 = FACE_BOUND('',#11241,.F.);
#11241 = EDGE_LOOP('',(#11242,#11266,#11287,#11288));
#11242 = ORIENTED_EDGE('',*,*,#11243,.F.);
#11243 = EDGE_CURVE('',#11244,#11244,#11246,.T.);
#11244 = VERTEX_POINT('',#11245);
#11245 = CARTESIAN_POINT('',(25.,25.,294.5));
#11246 = SURFACE_CURVE('',#11247,(#11252,#11259),.PCURVE_S1.);
#11247 = CIRCLE('',#11248,5.5);
#11248 = AXIS2_PLACEMENT_3D('',#11249,#11250,#11251);
#11249 = CARTESIAN_POINT('',(25.,25.,300.));
#11250 = DIRECTION('',(1.,0.,1.110223024625E-16));
#11251 = DIRECTION('',(1.110223024625E-16,0.,-1.));
#11252 = PCURVE('',#10717,#11253);
#11253 = DEFINITIONAL_REPRESENTATION('',(#11254),#11258);
#11254 = LINE('',#11255,#11256);
#11255 = CARTESIAN_POINT('',(0.,26.));
#11256 = VECTOR('',#11257,1.);
#11257 = DIRECTION('',(1.,0.));
#11258 = ( GEOMETRIC_REPRESENTATION_CONTEXT(2) 
PARAMETRIC_REPRESENTATION_CONTEXT() REPRESENTATION_CONTEXT('2D SPACE',''
  ) );
#11259 = PCURVE('',#11103,#11260);
#11260 = DEFINITIONAL_REPRESENTATION('',(#11261),#11265);
#11261 = CIRCLE('',#11262,5.5);
#11262 = AXIS2_PLACEMENT_2D('',#11263,#11264);
#11263 = CARTESIAN_POINT('',(300.,-25.));
#11264 = DIRECTION('',(-1.,0.));
#11265 = ( GEOMETRIC_REPRESENTATION_CONTEXT(2) 
PARAMETRIC_REPRESENTATION_CONTEXT() REPRESENTATION_CONTEXT('2D SPACE',''
  ) );
#11266 = ORIENTED_EDGE('',*,*,#11267,.F.);
#11267 = EDGE_CURVE('',#10701,#11244,#11268,.T.);
#11268 = SEAM_CURVE('',#11269,(#11273,#11280),.PCURVE_S1.);
#11269 = LINE('',#11270,#11271);
#11270 = CARTESIAN_POINT('',(-1.,25.,294.5));
#11271 = VECTOR('',#11272,1.);
#11272 = DIRECTION('',(1.,0.,1.110223024625E-16));
#11273 = PCURVE('',#10717,#11274);
#11274 = DEFINITIONAL_REPRESENTATION('',(#11275),#11279);
#11275 = LINE('',#11276,#11277);
#11276 = CARTESIAN_POINT('',(6.28318530718,-0.));
#11277 = VECTOR('',#11278,1.);
#11278 = DIRECTION('',(0.,1.));
#11279 = ( GEOMETRIC_REPRESENTATION_CONTEXT(2) 
PARAMETRIC_REPRESENTATION_CONTEXT() REPRESENTATION_CONTEXT('2D SPACE',''
  ) );
#11280 = PCURVE('',#10717,#11281);
#11281 = DEFINITIONAL_REPRESENTATION('',(#11282),#11286);
#11282 = LINE('',#11283,#11284);
#11283 = CARTESIAN_POINT('',(0.,-0.));
#11284 = VECTOR('',#11285,1.);
#11285 = DIRECTION('',(0.,1.));
#11286 = ( GEOMETRIC_REPRESENTATION_CONTEXT(2) 
PARAMETRIC_REPRESENTATION_CONTEXT() REPRESENTATION_CONTEXT('2D SPACE',''
  ) );
#11287 = ORIENTED_EDGE('',*,*,#10700,.T.);
#11288 = ORIENTED_EDGE('',*,*,#11267,.T.);
#11289 = ADVANCED_FACE('',(#11290),#10748,.F.);
#11290 = FACE_BOUND('',#11291,.F.);
#11291 = EDGE_LOOP('',(#11292,#11316,#11337,#11338));
#11292 = ORIENTED_EDGE('',*,*,#11293,.F.);
#11293 = EDGE_CURVE('',#11294,#11294,#11296,.T.);
#11294 = VERTEX_POINT('',#11295);
#11295 = CARTESIAN_POINT('',(25.,25.,394.5));
#11296 = SURFACE_CURVE('',#11297,(#11302,#11309),.PCURVE_S1.);
#11297 = CIRCLE('',#11298,5.5);
#11298 = AXIS2_PLACEMENT_3D('',#11299,#11300,#11301);
#11299 = CARTESIAN_POINT('',(25.,25.,400.));
#11300 = DIRECTION('',(1.,0.,1.110223024625E-16));
#11301 = DIRECTION('',(1.110223024625E-16,0.,-1.));
#11302 = PCURVE('',#10748,#11303);
#11303 = DEFINITIONAL_REPRESENTATION('',(#11304),#11308);
#11304 = LINE('',#11305,#11306);
#11305 = CARTESIAN_POINT('',(0.,26.));
#11306 = VECTOR('',#11307,1.);
#11307 = DIRECTION('',(1.,0.));
#11308 = ( GEOMETRIC_REPRESENTATION_CONTEXT(2) 
PARAMETRIC_REPRESENTATION_CONTEXT() REPRESENTATION_CONTEXT('2D SPACE',''
  ) );
#11309 = PCURVE('',#11103,#11310);
#11310 = DEFINITIONAL_REPRESENTATION('',(#11311),#11315);
#11311 = CIRCLE('',#11312,5.5);
#11312 = AXIS2_PLACEMENT_2D('',#11313,#11314);
#11313 = CARTESIAN_POINT('',(400.,-25.));
#11314 = DIRECTION('',(-1.,0.));
#11315 = ( GEOMETRIC_REPRESENTATION_CONTEXT(2) 
PARAMETRIC_REPRESENTATION_CONTEXT() REPRESENTATION_CONTEXT('2D SPACE',''
  ) );
#11316 = ORIENTED_EDGE('',*,*,#11317,.F.);
#11317 = EDGE_CURVE('',#10732,#11294,#11318,.T.);
#11318 = SEAM_CURVE('',#11319,(#11323,#11330),.PCURVE_S1.);
#11319 = LINE('',#11320,#11321);
#11320 = CARTESIAN_POINT('',(-1.,25.,394.5));
#11321 = VECTOR('',#11322,1.);
#11322 = DIRECTION('',(1.,0.,1.110223024625E-16));
#11323 = PCURVE('',#10748,#11324);
#11324 = DEFINITIONAL_REPRESENTATION('',(#11325),#11329);
#11325 = LINE('',#11326,#11327);
#11326 = CARTESIAN_POINT('',(6.28318530718,-0.));
#11327 = VECTOR('',#11328,1.);
#11328 = DIRECTION('',(0.,1.));
#11329 = ( GEOMETRIC_REPRESENTATION_CONTEXT(2) 
PARAMETRIC_REPRESENTATION_CONTEXT() REPRESENTATION_CONTEXT('2D SPACE',''
  ) );
#11330 = PCURVE('',#10748,#11331);
#11331 = DEFINITIONAL_REPRESENTATION('',(#11332),#11336);
#11332 = LINE('',#11333,#11334);
#11333 = CARTESIAN_POINT('',(0.,-0.));
#11334 = VECTOR('',#11335,1.);
#11335 = DIRECTION('',(0.,1.));
#11336 = ( GEOMETRIC_REPRESENTATION_CONTEXT(2) 
PARAMETRIC_REPRESENTATION_CONTEXT() REPRESENTATION_CONTEXT('2D SPACE',''
  ) );
#11337 = ORIENTED_EDGE('',*,*,#10731,.T.);
#11338 = ORIENTED_EDGE('',*,*,#11317,.T.);
#11339 = ADVANCED_FACE('',(#11340),#10779,.F.);
#11340 = FACE_BOUND('',#11341,.F.);
#11341 = EDGE_LOOP('',(#11342,#11366,#11387,#11388));
#11342 = ORIENTED_EDGE('',*,*,#11343,.F.);
#11343 = EDGE_CURVE('',#11344,#11344,#11346,.T.);
#11344 = VERTEX_POINT('',#11345);
#11345 = CARTESIAN_POINT('',(25.,25.,494.5));
#11346 = SURFACE_CURVE('',#11347,(#11352,#11359),.PCURVE_S1.);
#11347 = CIRCLE('',#11348,5.5);
#11348 = AXIS2_PLACEMENT_3D('',#11349,#11350,#11351);
#11349 = CARTESIAN_POINT('',(25.,25.,500.));
#11350 = DIRECTION('',(1.,0.,1.110223024625E-16));
#11351 = DIRECTION('',(1.110223024625E-16,0.,-1.));
#11352 = PCURVE('',#10779,#11353);
#11353 = DEFINITIONAL_REPRESENTATION('',(#11354),#11358);
#11354 = LINE('',#11355,#11356);
#11355 = CARTESIAN_POINT('',(0.,26.));
#11356 = VECTOR('',#11357,1.);
#11357 = DIRECTION('',(1.,0.));
#11358 = ( GEOMETRIC_REPRESENTATION_CONTEXT(2) 
PARAMETRIC_REPRESENTATION_CONTEXT() REPRESENTATION_CONTEXT('2D SPACE',''
  ) );
#11359 = PCURVE('',#11103,#11360);
#11360 = DEFINITIONAL_REPRESENTATION('',(#11361),#11365);
#11361 = CIRCLE('',#11362,5.5);
#11362 = AXIS2_PLACEMENT_2D('',#11363,#11364);
#11363 = CARTESIAN_POINT('',(500.,-25.));
#11364 = DIRECTION('',(-1.,0.));
#11365 = ( GEOMETRIC_REPRESENTATION_CONTEXT(2) 
PARAMETRIC_REPRESENTATION_CONTEXT() REPRESENTATION_CONTEXT('2D SPACE',''
  ) );
#11366 = ORIENTED_EDGE('',*,*,#11367,.F.);
#11367 = EDGE_CURVE('',#10763,#11344,#11368,.T.);
#11368 = SEAM_CURVE('',#11369,(#11373,#11380),.PCURVE_S1.);
#11369 = LINE('',#11370,#11371);
#11370 = CARTESIAN_POINT('',(-1.,25.,494.5));
#11371 = VECTOR('',#11372,1.);
#11372 = DIRECTION('',(1.,0.,1.110223024625E-16));
#11373 = PCURVE('',#10779,#11374);
#11374 = DEFINITIONAL_REPRESENTATION('',(#11375),#11379);
#11375 = LINE('',#11376,#11377);
#11376 = CARTESIAN_POINT('',(6.28318530718,-0.));
#11377 = VECTOR('',#11378,1.);
#11378 = DIRECTION('',(0.,1.));
#11379 = ( GEOMETRIC_REPRESENTATION_CONTEXT(2) 
PARAMETRIC_REPRESENTATION_CONTEXT() REPRESENTATION_CONTEXT('2D SPACE',''
  ) );
#11380 = PCURVE('',#10779,#11381);
#11381 = DEFINITIONAL_REPRESENTATION('',(#11382),#11386);
#11382 = LINE('',#11383,#11384);
#11383 = CARTESIAN_POINT('',(0.,-0.));
#11384 = VECTOR('',#11385,1.);
#11385 = DIRECTION('',(0.,1.));
#11386 = ( GEOMETRIC_REPRESENTATION_CONTEXT(2) 
PARAMETRIC_REPRESENTATION_CONTEXT() REPRESENTATION_CONTEXT('2D SPACE',''
  ) );
#11387 = ORIENTED_EDGE('',*,*,#10762,.T.);
#11388 = ORIENTED_EDGE('',*,*,#11367,.T.);
#11389 = ADVANCED_FACE('',(#11390),#10810,.F.);
#11390 = FACE_BOUND('',#11391,.F.);
#11391 = EDGE_LOOP('',(#11392,#11416,#11437,#11438));
#11392 = ORIENTED_EDGE('',*,*,#11393,.F.);
#11393 = EDGE_CURVE('',#11394,#11394,#11396,.T.);
#11394 = VERTEX_POINT('',#11395);
#11395 = CARTESIAN_POINT('',(25.,25.,594.5));
#11396 = SURFACE_CURVE('',#11397,(#11402,#11409),.PCURVE_S1.);
#11397 = CIRCLE('',#11398,5.5);
#11398 = AXIS2_PLACEMENT_3D('',#11399,#11400,#11401);
#11399 = CARTESIAN_POINT('',(25.,25.,600.));
#11400 = DIRECTION('',(1.,0.,1.110223024625E-16));
#11401 = DIRECTION('',(1.110223024625E-16,0.,-1.));
#11402 = PCURVE('',#10810,#11403);
#11403 = DEFINITIONAL_REPRESENTATION('',(#11404),#11408);
#11404 = LINE('',#11405,#11406);
#11405 = CARTESIAN_POINT('',(0.,26.));
#11406 = VECTOR('',#11407,1.);
#11407 = DIRECTION('',(1.,0.));
#11408 = ( GEOMETRIC_REPRESENTATION_CONTEXT(2) 
PARAMETRIC_REPRESENTATION_CONTEXT() REPRESENTATION_CONTEXT('2D SPACE',''
  ) );
#11409 = PCURVE('',#11103,#11410);
#11410 = DEFINITIONAL_REPRESENTATION('',(#11411),#11415);
#11411 = CIRCLE('',#11412,5.5);
#11412 = AXIS2_PLACEMENT_2D('',#11413,#11414);
#11413 = CARTESIAN_POINT('',(600.,-25.));
#11414 = DIRECTION('',(-1.,0.));
#11415 = ( GEOMETRIC_REPRESENTATION_CONTEXT(2) 
PARAMETRIC_REPRESENTATION_CONTEXT() REPRESENTATION_CONTEXT('2D SPACE',''
  ) );
#11416 = ORIENTED_EDGE('',*,*,#11417,.F.);
#11417 = EDGE_CURVE('',#10794,#11394,#11418,.T.);
#11418 = SEAM_CURVE('',#11419,(#11423,#11430),.PCURVE_S1.);
#11419 = LINE('',#11420,#11421);
#11420 = CARTESIAN_POINT('',(-1.,25.,594.5));
#11421 = VECTOR('',#11422,1.);
#11422 = DIRECTION('',(1.,0.,1.110223024625E-16));
#11423 = PCURVE('',#10810,#11424);
#11424 = DEFINITIONAL_REPRESENTATION('',(#11425),#11429);
#11425 = LINE('',#11426,#11427);
#11426 = CARTESIAN_POINT('',(6.28318530718,-0.));
#11427 = VECTOR('',#11428,1.);
#11428 = DIRECTION('',(0.,1.));
#11429 = ( GEOMETRIC_REPRESENTATION_CONTEXT(2) 
PARAMETRIC_REPRESENTATION_CONTEXT() REPRESENTATION_CONTEXT('2D SPACE',''
  ) );
#11430 = PCURVE('',#10810,#11431);
#11431 = DEFINITIONAL_REPRESENTATION('',(#11432),#11436);
#11432 = LINE('',#11433,#11434);
#11433 = CARTESIAN_POINT('',(0.,-0.));
#11434 = VECTOR('',#11435,1.);
#11435 = DIRECTION('',(0.,1.));
#11436 = ( GEOMETRIC_REPRESENTATION_CONTEXT(2) 
PARAMETRIC_REPRESENTATION_CONTEXT() REPRESENTATION_CONTEXT('2D SPACE',''
  ) );
#11437 = ORIENTED_EDGE('',*,*,#10793,.T.);
#11438 = ORIENTED_EDGE('',*,*,#11417,.T.);
#11439 = ADVANCED_FACE('',(#11440),#10841,.F.);
#11440 = FACE_BOUND('',#11441,.F.);
#11441 = EDGE_LOOP('',(#11442,#11466,#11487,#11488));
#11442 = ORIENTED_EDGE('',*,*,#11443,.F.);
#11443 = EDGE_CURVE('',#11444,#11444,#11446,.T.);
#11444 = VERTEX_POINT('',#11445);
#11445 = CARTESIAN_POINT('',(25.,25.,694.5));
#11446 = SURFACE_CURVE('',#11447,(#11452,#11459),.PCURVE_S1.);
#11447 = CIRCLE('',#11448,5.5);
#11448 = AXIS2_PLACEMENT_3D('',#11449,#11450,#11451);
#11449 = CARTESIAN_POINT('',(25.,25.,700.));
#11450 = DIRECTION('',(1.,0.,1.110223024625E-16));
#11451 = DIRECTION('',(1.110223024625E-16,0.,-1.));
#11452 = PCURVE('',#10841,#11453);
#11453 = DEFINITIONAL_REPRESENTATION('',(#11454),#11458);
#11454 = LINE('',#11455,#11456);
#11455 = CARTESIAN_POINT('',(0.,26.));
#11456 = VECTOR('',#11457,1.);
#11457 = DIRECTION('',(1.,0.));
#11458 = ( GEOMETRIC_REPRESENTATION_CONTEXT(2) 
PARAMETRIC_REPRESENTATION_CONTEXT() REPRESENTATION_CONTEXT('2D SPACE',''
  ) );
#11459 = PCURVE('',#11103,#11460);
#11460 = DEFINITIONAL_REPRESENTATION('',(#11461),#11465);
#11461 = CIRCLE('',#11462,5.5);
#11462 = AXIS2_PLACEMENT_2D('',#11463,#11464);
#11463 = CARTESIAN_POINT('',(700.,-25.));
#11464 = DIRECTION('',(-1.,0.));
#11465 = ( GEOMETRIC_REPRESENTATION_CONTEXT(2) 
PARAMETRIC_REPRESENTATION_CONTEXT() REPRESENTATION_CONTEXT('2D SPACE',''
  ) );
#11466 = ORIENTED_EDGE('',*,*,#11467,.F.);
#11467 = EDGE_CURVE('',#10825,#11444,#11468,.T.);
#11468 = SEAM_CURVE('',#11469,(#11473,#11480),.PCURVE_S1.);
#11469 = LINE('',#11470,#11471);
#11470 = CARTESIAN_POINT('',(-1.,25.,694.5));
#11471 = VECTOR('',#11472,1.);
#11472 = DIRECTION('',(1.,0.,1.110223024625E-16));
#11473 = PCURVE('',#10841,#11474);
#11474 = DEFINITIONAL_REPRESENTATION('',(#11475),#11479);
#11475 = LINE('',#11476,#11477);
#11476 = CARTESIAN_POINT('',(6.28318530718,-0.));
#11477 = VECTOR('',#11478,1.);
#11478 = DIRECTION('',(0.,1.));
#11479 = ( GEOMETRIC_REPRESENTATION_CONTEXT(2) 
PARAMETRIC_REPRESENTATION_CONTEXT() REPRESENTATION_CONTEXT('2D SPACE',''
  ) );
#11480 = PCURVE('',#10841,#11481);
#11481 = DEFINITIONAL_REPRESENTATION('',(#11482),#11486);
#11482 = LINE('',#11483,#11484);
#11483 = CARTESIAN_POINT('',(0.,-0.));
#11484 = VECTOR('',#11485,1.);
#11485 = DIRECTION('',(0.,1.));
#11486 = ( GEOMETRIC_REPRESENTATION_CONTEXT(2) 
PARAMETRIC_REPRESENTATION_CONTEXT() REPRESENTATION_CONTEXT('2D SPACE',''
  ) );
#11487 = ORIENTED_EDGE('',*,*,#10824,.T.);
#11488 = ORIENTED_EDGE('',*,*,#11467,.T.);
#11489 = ADVANCED_FACE('',(#11490),#10872,.F.);
#11490 = FACE_BOUND('',#11491,.F.);
#11491 = EDGE_LOOP('',(#11492,#11516,#11537,#11538));
#11492 = ORIENTED_EDGE('',*,*,#11493,.F.);
#11493 = EDGE_CURVE('',#11494,#11494,#11496,.T.);
#11494 = VERTEX_POINT('',#11495);
#11495 = CARTESIAN_POINT('',(25.,25.,994.5));
#11496 = SURFACE_CURVE('',#11497,(#11502,#11509),.PCURVE_S1.);
#11497 = CIRCLE('',#11498,5.5);
#11498 = AXIS2_PLACEMENT_3D('',#11499,#11500,#11501);
#11499 = CARTESIAN_POINT('',(25.,25.,1.E+03));
#11500 = DIRECTION('',(1.,0.,1.110223024625E-16));
#11501 = DIRECTION('',(1.110223024625E-16,0.,-1.));
#11502 = PCURVE('',#10872,#11503);
#11503 = DEFINITIONAL_REPRESENTATION('',(#11504),#11508);
#11504 = LINE('',#11505,#11506);
#11505 = CARTESIAN_POINT('',(0.,26.));
#11506 = VECTOR('',#11507,1.);
#11507 = DIRECTION('',(1.,0.));
#11508 = ( GEOMETRIC_REPRESENTATION_CONTEXT(2) 
PARAMETRIC_REPRESENTATION_CONTEXT() REPRESENTATION_CONTEXT('2D SPACE',''
  ) );
#11509 = PCURVE('',#11103,#11510);
#11510 = DEFINITIONAL_REPRESENTATION('',(#11511),#11515);
#11511 = CIRCLE('',#11512,5.5);
#11512 = AXIS2_PLACEMENT_2D('',#11513,#11514);
#11513 = CARTESIAN_POINT('',(1.E+03,-25.));
#11514 = DIRECTION('',(-1.,0.));
#11515 = ( GEOMETRIC_REPRESENTATION_CONTEXT(2) 
PARAMETRIC_REPRESENTATION_CONTEXT() REPRESENTATION_CONTEXT('2D SPACE',''
  ) );
#11516 = ORIENTED_EDGE('',*,*,#11517,.F.);
#11517 = EDGE_CURVE('',#10856,#11494,#11518,.T.);
#11518 = SEAM_CURVE('',#11519,(#11523,#11530),.PCURVE_S1.);
#11519 = LINE('',#11520,#11521);
#11520 = CARTESIAN_POINT('',(-1.,25.,994.5));
#11521 = VECTOR('',#11522,1.);
#11522 = DIRECTION('',(1.,0.,1.110223024625E-16));
#11523 = PCURVE('',#10872,#11524);
#11524 = DEFINITIONAL_REPRESENTATION('',(#11525),#11529);
#11525 = LINE('',#11526,#11527);
#11526 = CARTESIAN_POINT('',(6.28318530718,-0.));
#11527 = VECTOR('',#11528,1.);
#11528 = DIRECTION('',(0.,1.));
#11529 = ( GEOMETRIC_REPRESENTATION_CONTEXT(2) 
PARAMETRIC_REPRESENTATION_CONTEXT() REPRESENTATION_CONTEXT('2D SPACE',''
  ) );
#11530 = PCURVE('',#10872,#11531);
#11531 = DEFINITIONAL_REPRESENTATION('',(#11532),#11536);
#11532 = LINE('',#11533,#11534);
#11533 = CARTESIAN_POINT('',(0.,-0.));
#11534 = VECTOR('',#11535,1.);
#11535 = DIRECTION('',(0.,1.));
#11536 = ( GEOMETRIC_REPRESENTATION_CONTEXT(2) 
PARAMETRIC_REPRESENTATION_CONTEXT() REPRESENTATION_CONTEXT('2D SPACE',''
  ) );
#11537 = ORIENTED_EDGE('',*,*,#10855,.T.);
#11538 = ORIENTED_EDGE('',*,*,#11517,.T.);
#11539 = ADVANCED_FACE('',(#11540),#10903,.F.);
#11540 = FACE_BOUND('',#11541,.F.);
#11541 = EDGE_LOOP('',(#11542,#11566,#11587,#11588));
#11542 = ORIENTED_EDGE('',*,*,#11543,.F.);
#11543 = EDGE_CURVE('',#11544,#11544,#11546,.T.);
#11544 = VERTEX_POINT('',#11545);
#11545 = CARTESIAN_POINT('',(25.,25.,1.1945E+03));
#11546 = SURFACE_CURVE('',#11547,(#11552,#11559),.PCURVE_S1.);
#11547 = CIRCLE('',#11548,5.5);
#11548 = AXIS2_PLACEMENT_3D('',#11549,#11550,#11551);
#11549 = CARTESIAN_POINT('',(25.,25.,1.2E+03));
#11550 = DIRECTION('',(1.,0.,1.110223024625E-16));
#11551 = DIRECTION('',(1.110223024625E-16,0.,-1.));
#11552 = PCURVE('',#10903,#11553);
#11553 = DEFINITIONAL_REPRESENTATION('',(#11554),#11558);
#11554 = LINE('',#11555,#11556);
#11555 = CARTESIAN_POINT('',(0.,26.));
#11556 = VECTOR('',#11557,1.);
#11557 = DIRECTION('',(1.,0.));
#11558 = ( GEOMETRIC_REPRESENTATION_CONTEXT(2) 
PARAMETRIC_REPRESENTATION_CONTEXT() REPRESENTATION_CONTEXT('2D SPACE',''
  ) );
#11559 = PCURVE('',#11103,#11560);
#11560 = DEFINITIONAL_REPRESENTATION('',(#11561),#11565);
#11561 = CIRCLE('',#11562,5.5);
#11562 = AXIS2_PLACEMENT_2D('',#11563,#11564);
#11563 = CARTESIAN_POINT('',(1.2E+03,-25.));
#11564 = DIRECTION('',(-1.,0.));
#11565 = ( GEOMETRIC_REPRESENTATION_CONTEXT(2) 
PARAMETRIC_REPRESENTATION_CONTEXT() REPRESENTATION_CONTEXT('2D SPACE',''
  ) );
#11566 = ORIENTED_EDGE('',*,*,#11567,.F.);
#11567 = EDGE_CURVE('',#10887,#11544,#11568,.T.);
#11568 = SEAM_CURVE('',#11569,(#11573,#11580),.PCURVE_S1.);
#11569 = LINE('',#11570,#11571);
#11570 = CARTESIAN_POINT('',(-1.,25.,1.1945E+03));
#11571 = VECTOR('',#11572,1.);
#11572 = DIRECTION('',(1.,0.,1.110223024625E-16));
#11573 = PCURVE('',#10903,#11574);
#11574 = DEFINITIONAL_REPRESENTATION('',(#11575),#11579);
#11575 = LINE('',#11576,#11577);
#11576 = CARTESIAN_POINT('',(6.28318530718,-0.));
#11577 = VECTOR('',#11578,1.);
#11578 = DIRECTION('',(0.,1.));
#11579 = ( GEOMETRIC_REPRESENTATION_CONTEXT(2) 
PARAMETRIC_REPRESENTATION_CONTEXT() REPRESENTATION_CONTEXT('2D SPACE',''
  ) );
#11580 = PCURVE('',#10903,#11581);
#11581 = DEFINITIONAL_REPRESENTATION('',(#11582),#11586);
#11582 = LINE('',#11583,#11584);
#11583 = CARTESIAN_POINT('',(0.,-0.));
#11584 = VECTOR('',#11585,1.);
#11585 = DIRECTION('',(0.,1.));
#11586 = ( GEOMETRIC_REPRESENTATION_CONTEXT(2) 
PARAMETRIC_REPRESENTATION_CONTEXT() REPRESENTATION_CONTEXT('2D SPACE',''
  ) );
#11587 = ORIENTED_EDGE('',*,*,#10886,.T.);
#11588 = ORIENTED_EDGE('',*,*,#11567,.T.);
#11589 = ADVANCED_FACE('',(#11590),#10934,.F.);
#11590 = FACE_BOUND('',#11591,.F.);
#11591 = EDGE_LOOP('',(#11592,#11616,#11637,#11638));
#11592 = ORIENTED_EDGE('',*,*,#11593,.F.);
#11593 = EDGE_CURVE('',#11594,#11594,#11596,.T.);
#11594 = VERTEX_POINT('',#11595);
#11595 = CARTESIAN_POINT('',(25.,25.,1.2945E+03));
#11596 = SURFACE_CURVE('',#11597,(#11602,#11609),.PCURVE_S1.);
#11597 = CIRCLE('',#11598,5.5);
#11598 = AXIS2_PLACEMENT_3D('',#11599,#11600,#11601);
#11599 = CARTESIAN_POINT('',(25.,25.,1.3E+03));
#11600 = DIRECTION('',(1.,0.,1.110223024625E-16));
#11601 = DIRECTION('',(1.110223024625E-16,0.,-1.));
#11602 = PCURVE('',#10934,#11603);
#11603 = DEFINITIONAL_REPRESENTATION('',(#11604),#11608);
#11604 = LINE('',#11605,#11606);
#11605 = CARTESIAN_POINT('',(0.,26.));
#11606 = VECTOR('',#11607,1.);
#11607 = DIRECTION('',(1.,0.));
#11608 = ( GEOMETRIC_REPRESENTATION_CONTEXT(2) 
PARAMETRIC_REPRESENTATION_CONTEXT() REPRESENTATION_CONTEXT('2D SPACE',''
  ) );
#11609 = PCURVE('',#11103,#11610);
#11610 = DEFINITIONAL_REPRESENTATION('',(#11611),#11615);
#11611 = CIRCLE('',#11612,5.5);
#11612 = AXIS2_PLACEMENT_2D('',#11613,#11614);
#11613 = CARTESIAN_POINT('',(1.3E+03,-25.));
#11614 = DIRECTION('',(-1.,0.));
#11615 = ( GEOMETRIC_REPRESENTATION_CONTEXT(2) 
PARAMETRIC_REPRESENTATION_CONTEXT() REPRESENTATION_CONTEXT('2D SPACE',''
  ) );
#11616 = ORIENTED_EDGE('',*,*,#11617,.F.);
#11617 = EDGE_CURVE('',#10918,#11594,#11618,.T.);
#11618 = SEAM_CURVE('',#11619,(#11623,#11630),.PCURVE_S1.);
#11619 = LINE('',#11620,#11621);
#11620 = CARTESIAN_POINT('',(-1.,25.,1.2945E+03));
#11621 = VECTOR('',#11622,1.);
#11622 = DIRECTION('',(1.,0.,1.110223024625E-16));
#11623 = PCURVE('',#10934,#11624);
#11624 = DEFINITIONAL_REPRESENTATION('',(#11625),#11629);
#11625 = LINE('',#11626,#11627);
#11626 = CARTESIAN_POINT('',(6.28318530718,-0.));
#11627 = VECTOR('',#11628,1.);
#11628 = DIRECTION('',(0.,1.));
#11629 = ( GEOMETRIC_REPRESENTATION_CONTEXT(2) 
PARAMETRIC_REPRESENTATION_CONTEXT() REPRESENTATION_CONTEXT('2D SPACE',''
  ) );
#11630 = PCURVE('',#10934,#11631);
#11631 = DEFINITIONAL_REPRESENTATION('',(#11632),#11636);
#11632 = LINE('',#11633,#11634);
#11633 = CARTESIAN_POINT('',(0.,-0.));
#11634 = VECTOR('',#11635,1.);
#11635 = DIRECTION('',(0.,1.));
#11636 = ( GEOMETRIC_REPRESENTATION_CONTEXT(2) 
PARAMETRIC_REPRESENTATION_CONTEXT() REPRESENTATION_CONTEXT('2D SPACE',''
  ) );
#11637 = ORIENTED_EDGE('',*,*,#10917,.T.);
#11638 = ORIENTED_EDGE('',*,*,#11617,.T.);
#11639 = ADVANCED_FACE('',(#11640),#10965,.F.);
#11640 = FACE_BOUND('',#11641,.F.);
#11641 = EDGE_LOOP('',(#11642,#11666,#11687,#11688));
#11642 = ORIENTED_EDGE('',*,*,#11643,.F.);
#11643 = EDGE_CURVE('',#11644,#11644,#11646,.T.);
#11644 = VERTEX_POINT('',#11645);
#11645 = CARTESIAN_POINT('',(25.,25.,1.6945E+03));
#11646 = SURFACE_CURVE('',#11647,(#11652,#11659),.PCURVE_S1.);
#11647 = CIRCLE('',#11648,5.5);
#11648 = AXIS2_PLACEMENT_3D('',#11649,#11650,#11651);
#11649 = CARTESIAN_POINT('',(25.,25.,1.7E+03));
#11650 = DIRECTION('',(1.,0.,1.110223024625E-16));
#11651 = DIRECTION('',(1.110223024625E-16,0.,-1.));
#11652 = PCURVE('',#10965,#11653);
#11653 = DEFINITIONAL_REPRESENTATION('',(#11654),#11658);
#11654 = LINE('',#11655,#11656);
#11655 = CARTESIAN_POINT('',(0.,26.));
#11656 = VECTOR('',#11657,1.);
#11657 = DIRECTION('',(1.,0.));
#11658 = ( GEOMETRIC_REPRESENTATION_CONTEXT(2) 
PARAMETRIC_REPRESENTATION_CONTEXT() REPRESENTATION_CONTEXT('2D SPACE',''
  ) );
#11659 = PCURVE('',#11103,#11660);
#11660 = DEFINITIONAL_REPRESENTATION('',(#11661),#11665);
#11661 = CIRCLE('',#11662,5.5);
#11662 = AXIS2_PLACEMENT_2D('',#11663,#11664);
#11663 = CARTESIAN_POINT('',(1.7E+03,-25.));
#11664 = DIRECTION('',(-1.,0.));
#11665 = ( GEOMETRIC_REPRESENTATION_CONTEXT(2) 
PARAMETRIC_REPRESENTATION_CONTEXT() REPRESENTATION_CONTEXT('2D SPACE',''
  ) );
#11666 = ORIENTED_EDGE('',*,*,#11667,.F.);
#11667 = EDGE_CURVE('',#10949,#11644,#11668,.T.);
#11668 = SEAM_CURVE('',#11669,(#11673,#11680),.PCURVE_S1.);
#11669 = LINE('',#11670,#11671);
#11670 = CARTESIAN_POINT('',(-1.,25.,1.6945E+03));
#11671 = VECTOR('',#11672,1.);
#11672 = DIRECTION('',(1.,0.,1.110223024625E-16));
#11673 = PCURVE('',#10965,#11674);
#11674 = DEFINITIONAL_REPRESENTATION('',(#11675),#11679);
#11675 = LINE('',#11676,#11677);
#11676 = CARTESIAN_POINT('',(6.28318530718,-0.));
#11677 = VECTOR('',#11678,1.);
#11678 = DIRECTION('',(0.,1.));
#11679 = ( GEOMETRIC_REPRESENTATION_CONTEXT(2) 
PARAMETRIC_REPRESENTATION_CONTEXT() REPRESENTATION_CONTEXT('2D SPACE',''
  ) );
#11680 = PCURVE('',#10965,#11681);
#11681 = DEFINITIONAL_REPRESENTATION('',(#11682),#11686);
#11682 = LINE('',#11683,#11684);
#11683 = CARTESIAN_POINT('',(0.,-0.));
#11684 = VECTOR('',#11685,1.);
#11685 = DIRECTION('',(0.,1.));
#11686 = ( GEOMETRIC_REPRESENTATION_CONTEXT(2) 
PARAMETRIC_REPRESENTATION_CONTEXT() REPRESENTATION_CONTEXT('2D SPACE',''
  ) );
#11687 = ORIENTED_EDGE('',*,*,#10948,.T.);
#11688 = ORIENTED_EDGE('',*,*,#11667,.T.);
#11689 = ADVANCED_FACE('',(#11690),#10996,.F.);
#11690 = FACE_BOUND('',#11691,.F.);
#11691 = EDGE_LOOP('',(#11692,#11716,#11737,#11738));
#11692 = ORIENTED_EDGE('',*,*,#11693,.F.);
#11693 = EDGE_CURVE('',#11694,#11694,#11696,.T.);
#11694 = VERTEX_POINT('',#11695);
#11695 = CARTESIAN_POINT('',(25.,25.,1.7945E+03));
#11696 = SURFACE_CURVE('',#11697,(#11702,#11709),.PCURVE_S1.);
#11697 = CIRCLE('',#11698,5.5);
#11698 = AXIS2_PLACEMENT_3D('',#11699,#11700,#11701);
#11699 = CARTESIAN_POINT('',(25.,25.,1.8E+03));
#11700 = DIRECTION('',(1.,0.,1.110223024625E-16));
#11701 = DIRECTION('',(1.110223024625E-16,0.,-1.));
#11702 = PCURVE('',#10996,#11703);
#11703 = DEFINITIONAL_REPRESENTATION('',(#11704),#11708);
#11704 = LINE('',#11705,#11706);
#11705 = CARTESIAN_POINT('',(0.,26.));
#11706 = VECTOR('',#11707,1.);
#11707 = DIRECTION('',(1.,0.));
#11708 = ( GEOMETRIC_REPRESENTATION_CONTEXT(2) 
PARAMETRIC_REPRESENTATION_CONTEXT() REPRESENTATION_CONTEXT('2D SPACE',''
  ) );
#11709 = PCURVE('',#11103,#11710);
#11710 = DEFINITIONAL_REPRESENTATION('',(#11711),#11715);
#11711 = CIRCLE('',#11712,5.5);
#11712 = AXIS2_PLACEMENT_2D('',#11713,#11714);
#11713 = CARTESIAN_POINT('',(1.8E+03,-25.));
#11714 = DIRECTION('',(-1.,0.));
#11715 = ( GEOMETRIC_REPRESENTATION_CONTEXT(2) 
PARAMETRIC_REPRESENTATION_CONTEXT() REPRESENTATION_CONTEXT('2D SPACE',''
  ) );
#11716 = ORIENTED_EDGE('',*,*,#11717,.F.);
#11717 = EDGE_CURVE('',#10980,#11694,#11718,.T.);
#11718 = SEAM_CURVE('',#11719,(#11723,#11730),.PCURVE_S1.);
#11719 = LINE('',#11720,#11721);
#11720 = CARTESIAN_POINT('',(-1.,25.,1.7945E+03));
#11721 = VECTOR('',#11722,1.);
#11722 = DIRECTION('',(1.,0.,1.110223024625E-16));
#11723 = PCURVE('',#10996,#11724);
#11724 = DEFINITIONAL_REPRESENTATION('',(#11725),#11729);
#11725 = LINE('',#11726,#11727);
#11726 = CARTESIAN_POINT('',(6.28318530718,-0.));
#11727 = VECTOR('',#11728,1.);
#11728 = DIRECTION('',(0.,1.));
#11729 = ( GEOMETRIC_REPRESENTATION_CONTEXT(2) 
PARAMETRIC_REPRESENTATION_CONTEXT() REPRESENTATION_CONTEXT('2D SPACE',''
  ) );
#11730 = PCURVE('',#10996,#11731);
#11731 = DEFINITIONAL_REPRESENTATION('',(#11732),#11736);
#11732 = LINE('',#11733,#11734);
#11733 = CARTESIAN_POINT('',(0.,-0.));
#11734 = VECTOR('',#11735,1.);
#11735 = DIRECTION('',(0.,1.));
#11736 = ( GEOMETRIC_REPRESENTATION_CONTEXT(2) 
PARAMETRIC_REPRESENTATION_CONTEXT() REPRESENTATION_CONTEXT('2D SPACE',''
  ) );
#11737 = ORIENTED_EDGE('',*,*,#10979,.T.);
#11738 = ORIENTED_EDGE('',*,*,#11717,.T.);
#11739 = ADVANCED_FACE('',(#11740),#11027,.F.);
#11740 = FACE_BOUND('',#11741,.F.);
#11741 = EDGE_LOOP('',(#11742,#11766,#11787,#11788));
#11742 = ORIENTED_EDGE('',*,*,#11743,.F.);
#11743 = EDGE_CURVE('',#11744,#11744,#11746,.T.);
#11744 = VERTEX_POINT('',#11745);
#11745 = CARTESIAN_POINT('',(25.,25.,1.8945E+03));
#11746 = SURFACE_CURVE('',#11747,(#11752,#11759),.PCURVE_S1.);
#11747 = CIRCLE('',#11748,5.5);
#11748 = AXIS2_PLACEMENT_3D('',#11749,#11750,#11751);
#11749 = CARTESIAN_POINT('',(25.,25.,1.9E+03));
#11750 = DIRECTION('',(1.,0.,1.110223024625E-16));
#11751 = DIRECTION('',(1.110223024625E-16,0.,-1.));
#11752 = PCURVE('',#11027,#11753);
#11753 = DEFINITIONAL_REPRESENTATION('',(#11754),#11758);
#11754 = LINE('',#11755,#11756);
#11755 = CARTESIAN_POINT('',(0.,26.));
#11756 = VECTOR('',#11757,1.);
#11757 = DIRECTION('',(1.,0.));
#11758 = ( GEOMETRIC_REPRESENTATION_CONTEXT(2) 
PARAMETRIC_REPRESENTATION_CONTEXT() REPRESENTATION_CONTEXT('2D SPACE',''
  ) );
#11759 = PCURVE('',#11103,#11760);
#11760 = DEFINITIONAL_REPRESENTATION('',(#11761),#11765);
#11761 = CIRCLE('',#11762,5.5);
#11762 = AXIS2_PLACEMENT_2D('',#11763,#11764);
#11763 = CARTESIAN_POINT('',(1.9E+03,-25.));
#11764 = DIRECTION('',(-1.,0.));
#11765 = ( GEOMETRIC_REPRESENTATION_CONTEXT(2) 
PARAMETRIC_REPRESENTATION_CONTEXT() REPRESENTATION_CONTEXT('2D SPACE',''
  ) );
#11766 = ORIENTED_EDGE('',*,*,#11767,.F.);
#11767 = EDGE_CURVE('',#11011,#11744,#11768,.T.);
#11768 = SEAM_CURVE('',#11769,(#11773,#11780),.PCURVE_S1.);
#11769 = LINE('',#11770,#11771);
#11770 = CARTESIAN_POINT('',(-1.,25.,1.8945E+03));
#11771 = VECTOR('',#11772,1.);
#11772 = DIRECTION('',(1.,0.,1.110223024625E-16));
#11773 = PCURVE('',#11027,#11774);
#11774 = DEFINITIONAL_REPRESENTATION('',(#11775),#11779);
#11775 = LINE('',#11776,#11777);
#11776 = CARTESIAN_POINT('',(6.28318530718,-0.));
#11777 = VECTOR('',#11778,1.);
#11778 = DIRECTION('',(0.,1.));
#11779 = ( GEOMETRIC_REPRESENTATION_CONTEXT(2) 
PARAMETRIC_REPRESENTATION_CONTEXT() REPRESENTATION_CONTEXT('2D SPACE',''
  ) );
#11780 = PCURVE('',#11027,#11781);
#11781 = DEFINITIONAL_REPRESENTATION('',(#11782),#11786);
#11782 = LINE('',#11783,#11784);
#11783 = CARTESIAN_POINT('',(0.,-0.));
#11784 = VECTOR('',#11785,1.);
#11785 = DIRECTION('',(0.,1.));
#11786 = ( GEOMETRIC_REPRESENTATION_CONTEXT(2) 
PARAMETRIC_REPRESENTATION_CONTEXT() REPRESENTATION_CONTEXT('2D SPACE',''
  ) );
#11787 = ORIENTED_EDGE('',*,*,#11010,.T.);
#11788 = ORIENTED_EDGE('',*,*,#11767,.T.);
#11789 = ADVANCED_FACE('',(#11790,#11796,#11799,#11802,#11805,#11808,
    #11811,#11814,#11817,#11820,#11823,#11826),#11103,.T.);
#11790 = FACE_BOUND('',#11791,.T.);
#11791 = EDGE_LOOP('',(#11792,#11793,#11794,#11795));
#11792 = ORIENTED_EDGE('',*,*,#11089,.F.);
#11793 = ORIENTED_EDGE('',*,*,#11169,.T.);
#11794 = ORIENTED_EDGE('',*,*,#11219,.T.);
#11795 = ORIENTED_EDGE('',*,*,#11120,.F.);
#11796 = FACE_BOUND('',#11797,.T.);
#11797 = EDGE_LOOP('',(#11798));
#11798 = ORIENTED_EDGE('',*,*,#11243,.F.);
#11799 = FACE_BOUND('',#11800,.T.);
#11800 = EDGE_LOOP('',(#11801));
#11801 = ORIENTED_EDGE('',*,*,#11293,.F.);
#11802 = FACE_BOUND('',#11803,.T.);
#11803 = EDGE_LOOP('',(#11804));
#11804 = ORIENTED_EDGE('',*,*,#11343,.F.);
#11805 = FACE_BOUND('',#11806,.T.);
#11806 = EDGE_LOOP('',(#11807));
#11807 = ORIENTED_EDGE('',*,*,#11393,.F.);
#11808 = FACE_BOUND('',#11809,.T.);
#11809 = EDGE_LOOP('',(#11810));
#11810 = ORIENTED_EDGE('',*,*,#11443,.F.);
#11811 = FACE_BOUND('',#11812,.T.);
#11812 = EDGE_LOOP('',(#11813));
#11813 = ORIENTED_EDGE('',*,*,#11493,.F.);
#11814 = FACE_BOUND('',#11815,.T.);
#11815 = EDGE_LOOP('',(#11816));
#11816 = ORIENTED_EDGE('',*,*,#11543,.F.);
#11817 = FACE_BOUND('',#11818,.T.);
#11818 = EDGE_LOOP('',(#11819));
#11819 = ORIENTED_EDGE('',*,*,#11593,.F.);
#11820 = FACE_BOUND('',#11821,.T.);
#11821 = EDGE_LOOP('',(#11822));
#11822 = ORIENTED_EDGE('',*,*,#11643,.F.);
#11823 = FACE_BOUND('',#11824,.T.);
#11824 = EDGE_LOOP('',(#11825));
#11825 = ORIENTED_EDGE('',*,*,#11693,.F.);
#11826 = FACE_BOUND('',#11827,.T.);
#11827 = EDGE_LOOP('',(#11828));
#11828 = ORIENTED_EDGE('',*,*,#11743,.F.);
#11829 = ( GEOMETRIC_REPRESENTATION_CONTEXT(3) 
GLOBAL_UNCERTAINTY_ASSIGNED_CONTEXT((#11833)) 
GLOBAL_UNIT_ASSIGNED_CONTEXT((#11830,#11831,#11832)) 
REPRESENTATION_CONTEXT('Context #1',
  '3D Context with UNIT and UNCERTAINTY') );
#11830 = ( LENGTH_UNIT() NAMED_UNIT(*) SI_UNIT(.MILLI.,.METRE.) );
#11831 = ( NAMED_UNIT(*) PLANE_ANGLE_UNIT() SI_UNIT($,.RADIAN.) );
#11832 = ( NAMED_UNIT(*) SI_UNIT($,.STERADIAN.) SOLID_ANGLE_UNIT() );
#11833 = UNCERTAINTY_MEASURE_WITH_UNIT(LENGTH_MEASURE(1.E-07),#11830,
  'distance_accuracy_value','confusion accuracy');
#11834 = CONTEXT_DEPENDENT_SHAPE_REPRESENTATION(#11835,#11837);
#11835 = ( REPRESENTATION_RELATIONSHIP('','',#10574,#10) 
REPRESENTATION_RELATIONSHIP_WITH_TRANSFORMATION(#11836) 
SHAPE_REPRESENTATION_RELATIONSHIP() );
#11836 = ITEM_DEFINED_TRANSFORMATION('','',#11,#103);
#11837 = PRODUCT_DEFINITION_SHAPE('Placement','Placement of an item',
  #11838);
#11838 = NEXT_ASSEMBLY_USAGE_OCCURRENCE('890',
  '\X2\04410442043E0439043A0430\X0\_\X2\0449043804420430\X0\_25\X2\0445\X0\50\X2\0445\X0\2400','',#5,
  #10569,$);
#11839 = PRODUCT_RELATED_PRODUCT_CATEGORY('part',$,(#10571));
#11840 = SHAPE_DEFINITION_REPRESENTATION(#11841,#11847);
#11841 = PRODUCT_DEFINITION_SHAPE('','',#11842);
#11842 = PRODUCT_DEFINITION('design','',#11843,#11846);
#11843 = PRODUCT_DEFINITION_FORMATION('','',#11844);
#11844 = PRODUCT(
  '\X2\04410442043E0439043A0430\X0\_\X2\0449043804420430\X0\_25\X2\0445\X0\50\X2\0445\X0\2400',
  '\X2\04410442043E0439043A0430\X0\_\X2\0449043804420430\X0\_25\X2\0445\X0\50\X2\0445\X0\2400','',(
    #11845));
#11845 = PRODUCT_CONTEXT('',#2,'mechanical');
#11846 = PRODUCT_DEFINITION_CONTEXT('part definition',#2,'design');
#11847 = ADVANCED_BREP_SHAPE_REPRESENTATION('',(#11,#11848),#13102);
#11848 = MANIFOLD_SOLID_BREP('',#11849);
#11849 = CLOSED_SHELL('',(#11850,#12311,#12387,#12436,#12485,#12512,
    #12562,#12612,#12662,#12712,#12762,#12812,#12862,#12912,#12962,
    #13012,#13062));
#11850 = ADVANCED_FACE('',(#11851,#11970,#12001,#12032,#12063,#12094,
    #12125,#12156,#12187,#12218,#12249,#12280),#11865,.F.);
#11851 = FACE_BOUND('',#11852,.F.);
#11852 = EDGE_LOOP('',(#11853,#11888,#11916,#11944));
#11853 = ORIENTED_EDGE('',*,*,#11854,.F.);
#11854 = EDGE_CURVE('',#11855,#11857,#11859,.T.);
#11855 = VERTEX_POINT('',#11856);
#11856 = CARTESIAN_POINT('',(972.,0.,0.));
#11857 = VERTEX_POINT('',#11858);
#11858 = CARTESIAN_POINT('',(972.,0.,2.4E+03));
#11859 = SURFACE_CURVE('',#11860,(#11864,#11876),.PCURVE_S1.);
#11860 = LINE('',#11861,#11862);
#11861 = CARTESIAN_POINT('',(972.,0.,0.));
#11862 = VECTOR('',#11863,1.);
#11863 = DIRECTION('',(0.,0.,1.));
#11864 = PCURVE('',#11865,#11870);
#11865 = PLANE('',#11866);
#11866 = AXIS2_PLACEMENT_3D('',#11867,#11868,#11869);
#11867 = CARTESIAN_POINT('',(972.,0.,0.));
#11868 = DIRECTION('',(1.,0.,-0.));
#11869 = DIRECTION('',(0.,0.,1.));
#11870 = DEFINITIONAL_REPRESENTATION('',(#11871),#11875);
#11871 = LINE('',#11872,#11873);
#11872 = CARTESIAN_POINT('',(0.,0.));
#11873 = VECTOR('',#11874,1.);
#11874 = DIRECTION('',(1.,0.));
#11875 = ( GEOMETRIC_REPRESENTATION_CONTEXT(2) 
PARAMETRIC_REPRESENTATION_CONTEXT() REPRESENTATION_CONTEXT('2D SPACE',''
  ) );
#11876 = PCURVE('',#11877,#11882);
#11877 = PLANE('',#11878);
#11878 = AXIS2_PLACEMENT_3D('',#11879,#11880,#11881);
#11879 = CARTESIAN_POINT('',(972.,0.,0.));
#11880 = DIRECTION('',(-0.,1.,0.));
#11881 = DIRECTION('',(0.,0.,1.));
#11882 = DEFINITIONAL_REPRESENTATION('',(#11883),#11887);
#11883 = LINE('',#11884,#11885);
#11884 = CARTESIAN_POINT('',(0.,0.));
#11885 = VECTOR('',#11886,1.);
#11886 = DIRECTION('',(1.,0.));
#11887 = ( GEOMETRIC_REPRESENTATION_CONTEXT(2) 
PARAMETRIC_REPRESENTATION_CONTEXT() REPRESENTATION_CONTEXT('2D SPACE',''
  ) );
#11888 = ORIENTED_EDGE('',*,*,#11889,.T.);
#11889 = EDGE_CURVE('',#11855,#11890,#11892,.T.);
#11890 = VERTEX_POINT('',#11891);
#11891 = CARTESIAN_POINT('',(972.,50.,0.));
#11892 = SURFACE_CURVE('',#11893,(#11897,#11904),.PCURVE_S1.);
#11893 = LINE('',#11894,#11895);
#11894 = CARTESIAN_POINT('',(972.,0.,0.));
#11895 = VECTOR('',#11896,1.);
#11896 = DIRECTION('',(-0.,1.,0.));
#11897 = PCURVE('',#11865,#11898);
#11898 = DEFINITIONAL_REPRESENTATION('',(#11899),#11903);
#11899 = LINE('',#11900,#11901);
#11900 = CARTESIAN_POINT('',(0.,0.));
#11901 = VECTOR('',#11902,1.);
#11902 = DIRECTION('',(0.,-1.));
#11903 = ( GEOMETRIC_REPRESENTATION_CONTEXT(2) 
PARAMETRIC_REPRESENTATION_CONTEXT() REPRESENTATION_CONTEXT('2D SPACE',''
  ) );
#11904 = PCURVE('',#11905,#11910);
#11905 = PLANE('',#11906);
#11906 = AXIS2_PLACEMENT_3D('',#11907,#11908,#11909);
#11907 = CARTESIAN_POINT('',(972.,0.,0.));
#11908 = DIRECTION('',(0.,0.,1.));
#11909 = DIRECTION('',(1.,0.,-0.));
#11910 = DEFINITIONAL_REPRESENTATION('',(#11911),#11915);
#11911 = LINE('',#11912,#11913);
#11912 = CARTESIAN_POINT('',(0.,0.));
#11913 = VECTOR('',#11914,1.);
#11914 = DIRECTION('',(0.,1.));
#11915 = ( GEOMETRIC_REPRESENTATION_CONTEXT(2) 
PARAMETRIC_REPRESENTATION_CONTEXT() REPRESENTATION_CONTEXT('2D SPACE',''
  ) );
#11916 = ORIENTED_EDGE('',*,*,#11917,.T.);
#11917 = EDGE_CURVE('',#11890,#11918,#11920,.T.);
#11918 = VERTEX_POINT('',#11919);
#11919 = CARTESIAN_POINT('',(972.,50.,2.4E+03));
#11920 = SURFACE_CURVE('',#11921,(#11925,#11932),.PCURVE_S1.);
#11921 = LINE('',#11922,#11923);
#11922 = CARTESIAN_POINT('',(972.,50.,0.));
#11923 = VECTOR('',#11924,1.);
#11924 = DIRECTION('',(0.,0.,1.));
#11925 = PCURVE('',#11865,#11926);
#11926 = DEFINITIONAL_REPRESENTATION('',(#11927),#11931);
#11927 = LINE('',#11928,#11929);
#11928 = CARTESIAN_POINT('',(0.,-50.));
#11929 = VECTOR('',#11930,1.);
#11930 = DIRECTION('',(1.,0.));
#11931 = ( GEOMETRIC_REPRESENTATION_CONTEXT(2) 
PARAMETRIC_REPRESENTATION_CONTEXT() REPRESENTATION_CONTEXT('2D SPACE',''
  ) );
#11932 = PCURVE('',#11933,#11938);
#11933 = PLANE('',#11934);
#11934 = AXIS2_PLACEMENT_3D('',#11935,#11936,#11937);
#11935 = CARTESIAN_POINT('',(972.,50.,0.));
#11936 = DIRECTION('',(-0.,1.,0.));
#11937 = DIRECTION('',(0.,0.,1.));
#11938 = DEFINITIONAL_REPRESENTATION('',(#11939),#11943);
#11939 = LINE('',#11940,#11941);
#11940 = CARTESIAN_POINT('',(0.,0.));
#11941 = VECTOR('',#11942,1.);
#11942 = DIRECTION('',(1.,0.));
#11943 = ( GEOMETRIC_REPRESENTATION_CONTEXT(2) 
PARAMETRIC_REPRESENTATION_CONTEXT() REPRESENTATION_CONTEXT('2D SPACE',''
  ) );
#11944 = ORIENTED_EDGE('',*,*,#11945,.F.);
#11945 = EDGE_CURVE('',#11857,#11918,#11946,.T.);
#11946 = SURFACE_CURVE('',#11947,(#11951,#11958),.PCURVE_S1.);
#11947 = LINE('',#11948,#11949);
#11948 = CARTESIAN_POINT('',(972.,0.,2.4E+03));
#11949 = VECTOR('',#11950,1.);
#11950 = DIRECTION('',(-0.,1.,0.));
#11951 = PCURVE('',#11865,#11952);
#11952 = DEFINITIONAL_REPRESENTATION('',(#11953),#11957);
#11953 = LINE('',#11954,#11955);
#11954 = CARTESIAN_POINT('',(2.4E+03,0.));
#11955 = VECTOR('',#11956,1.);
#11956 = DIRECTION('',(0.,-1.));
#11957 = ( GEOMETRIC_REPRESENTATION_CONTEXT(2) 
PARAMETRIC_REPRESENTATION_CONTEXT() REPRESENTATION_CONTEXT('2D SPACE',''
  ) );
#11958 = PCURVE('',#11959,#11964);
#11959 = PLANE('',#11960);
#11960 = AXIS2_PLACEMENT_3D('',#11961,#11962,#11963);
#11961 = CARTESIAN_POINT('',(972.,0.,2.4E+03));
#11962 = DIRECTION('',(0.,0.,1.));
#11963 = DIRECTION('',(1.,0.,-0.));
#11964 = DEFINITIONAL_REPRESENTATION('',(#11965),#11969);
#11965 = LINE('',#11966,#11967);
#11966 = CARTESIAN_POINT('',(0.,0.));
#11967 = VECTOR('',#11968,1.);
#11968 = DIRECTION('',(0.,1.));
#11969 = ( GEOMETRIC_REPRESENTATION_CONTEXT(2) 
PARAMETRIC_REPRESENTATION_CONTEXT() REPRESENTATION_CONTEXT('2D SPACE',''
  ) );
#11970 = FACE_BOUND('',#11971,.F.);
#11971 = EDGE_LOOP('',(#11972));
#11972 = ORIENTED_EDGE('',*,*,#11973,.F.);
#11973 = EDGE_CURVE('',#11974,#11974,#11976,.T.);
#11974 = VERTEX_POINT('',#11975);
#11975 = CARTESIAN_POINT('',(972.,25.,294.5));
#11976 = SURFACE_CURVE('',#11977,(#11982,#11989),.PCURVE_S1.);
#11977 = CIRCLE('',#11978,5.5);
#11978 = AXIS2_PLACEMENT_3D('',#11979,#11980,#11981);
#11979 = CARTESIAN_POINT('',(972.,25.,300.));
#11980 = DIRECTION('',(1.,0.,1.110223024625E-16));
#11981 = DIRECTION('',(1.110223024625E-16,0.,-1.));
#11982 = PCURVE('',#11865,#11983);
#11983 = DEFINITIONAL_REPRESENTATION('',(#11984),#11988);
#11984 = CIRCLE('',#11985,5.5);
#11985 = AXIS2_PLACEMENT_2D('',#11986,#11987);
#11986 = CARTESIAN_POINT('',(300.,-25.));
#11987 = DIRECTION('',(-1.,0.));
#11988 = ( GEOMETRIC_REPRESENTATION_CONTEXT(2) 
PARAMETRIC_REPRESENTATION_CONTEXT() REPRESENTATION_CONTEXT('2D SPACE',''
  ) );
#11989 = PCURVE('',#11990,#11995);
#11990 = CYLINDRICAL_SURFACE('',#11991,5.5);
#11991 = AXIS2_PLACEMENT_3D('',#11992,#11993,#11994);
#11992 = CARTESIAN_POINT('',(971.,25.,300.));
#11993 = DIRECTION('',(1.,0.,1.110223024625E-16));
#11994 = DIRECTION('',(1.110223024625E-16,0.,-1.));
#11995 = DEFINITIONAL_REPRESENTATION('',(#11996),#12000);
#11996 = LINE('',#11997,#11998);
#11997 = CARTESIAN_POINT('',(0.,1.));
#11998 = VECTOR('',#11999,1.);
#11999 = DIRECTION('',(1.,0.));
#12000 = ( GEOMETRIC_REPRESENTATION_CONTEXT(2) 
PARAMETRIC_REPRESENTATION_CONTEXT() REPRESENTATION_CONTEXT('2D SPACE',''
  ) );
#12001 = FACE_BOUND('',#12002,.F.);
#12002 = EDGE_LOOP('',(#12003));
#12003 = ORIENTED_EDGE('',*,*,#12004,.F.);
#12004 = EDGE_CURVE('',#12005,#12005,#12007,.T.);
#12005 = VERTEX_POINT('',#12006);
#12006 = CARTESIAN_POINT('',(972.,25.,394.5));
#12007 = SURFACE_CURVE('',#12008,(#12013,#12020),.PCURVE_S1.);
#12008 = CIRCLE('',#12009,5.5);
#12009 = AXIS2_PLACEMENT_3D('',#12010,#12011,#12012);
#12010 = CARTESIAN_POINT('',(972.,25.,400.));
#12011 = DIRECTION('',(1.,0.,1.110223024625E-16));
#12012 = DIRECTION('',(1.110223024625E-16,0.,-1.));
#12013 = PCURVE('',#11865,#12014);
#12014 = DEFINITIONAL_REPRESENTATION('',(#12015),#12019);
#12015 = CIRCLE('',#12016,5.5);
#12016 = AXIS2_PLACEMENT_2D('',#12017,#12018);
#12017 = CARTESIAN_POINT('',(400.,-25.));
#12018 = DIRECTION('',(-1.,0.));
#12019 = ( GEOMETRIC_REPRESENTATION_CONTEXT(2) 
PARAMETRIC_REPRESENTATION_CONTEXT() REPRESENTATION_CONTEXT('2D SPACE',''
  ) );
#12020 = PCURVE('',#12021,#12026);
#12021 = CYLINDRICAL_SURFACE('',#12022,5.5);
#12022 = AXIS2_PLACEMENT_3D('',#12023,#12024,#12025);
#12023 = CARTESIAN_POINT('',(971.,25.,400.));
#12024 = DIRECTION('',(1.,0.,1.110223024625E-16));
#12025 = DIRECTION('',(1.110223024625E-16,0.,-1.));
#12026 = DEFINITIONAL_REPRESENTATION('',(#12027),#12031);
#12027 = LINE('',#12028,#12029);
#12028 = CARTESIAN_POINT('',(0.,1.));
#12029 = VECTOR('',#12030,1.);
#12030 = DIRECTION('',(1.,0.));
#12031 = ( GEOMETRIC_REPRESENTATION_CONTEXT(2) 
PARAMETRIC_REPRESENTATION_CONTEXT() REPRESENTATION_CONTEXT('2D SPACE',''
  ) );
#12032 = FACE_BOUND('',#12033,.F.);
#12033 = EDGE_LOOP('',(#12034));
#12034 = ORIENTED_EDGE('',*,*,#12035,.F.);
#12035 = EDGE_CURVE('',#12036,#12036,#12038,.T.);
#12036 = VERTEX_POINT('',#12037);
#12037 = CARTESIAN_POINT('',(972.,25.,494.5));
#12038 = SURFACE_CURVE('',#12039,(#12044,#12051),.PCURVE_S1.);
#12039 = CIRCLE('',#12040,5.5);
#12040 = AXIS2_PLACEMENT_3D('',#12041,#12042,#12043);
#12041 = CARTESIAN_POINT('',(972.,25.,500.));
#12042 = DIRECTION('',(1.,0.,1.110223024625E-16));
#12043 = DIRECTION('',(1.110223024625E-16,0.,-1.));
#12044 = PCURVE('',#11865,#12045);
#12045 = DEFINITIONAL_REPRESENTATION('',(#12046),#12050);
#12046 = CIRCLE('',#12047,5.5);
#12047 = AXIS2_PLACEMENT_2D('',#12048,#12049);
#12048 = CARTESIAN_POINT('',(500.,-25.));
#12049 = DIRECTION('',(-1.,0.));
#12050 = ( GEOMETRIC_REPRESENTATION_CONTEXT(2) 
PARAMETRIC_REPRESENTATION_CONTEXT() REPRESENTATION_CONTEXT('2D SPACE',''
  ) );
#12051 = PCURVE('',#12052,#12057);
#12052 = CYLINDRICAL_SURFACE('',#12053,5.5);
#12053 = AXIS2_PLACEMENT_3D('',#12054,#12055,#12056);
#12054 = CARTESIAN_POINT('',(971.,25.,500.));
#12055 = DIRECTION('',(1.,0.,1.110223024625E-16));
#12056 = DIRECTION('',(1.110223024625E-16,0.,-1.));
#12057 = DEFINITIONAL_REPRESENTATION('',(#12058),#12062);
#12058 = LINE('',#12059,#12060);
#12059 = CARTESIAN_POINT('',(0.,1.));
#12060 = VECTOR('',#12061,1.);
#12061 = DIRECTION('',(1.,0.));
#12062 = ( GEOMETRIC_REPRESENTATION_CONTEXT(2) 
PARAMETRIC_REPRESENTATION_CONTEXT() REPRESENTATION_CONTEXT('2D SPACE',''
  ) );
#12063 = FACE_BOUND('',#12064,.F.);
#12064 = EDGE_LOOP('',(#12065));
#12065 = ORIENTED_EDGE('',*,*,#12066,.F.);
#12066 = EDGE_CURVE('',#12067,#12067,#12069,.T.);
#12067 = VERTEX_POINT('',#12068);
#12068 = CARTESIAN_POINT('',(972.,25.,594.5));
#12069 = SURFACE_CURVE('',#12070,(#12075,#12082),.PCURVE_S1.);
#12070 = CIRCLE('',#12071,5.5);
#12071 = AXIS2_PLACEMENT_3D('',#12072,#12073,#12074);
#12072 = CARTESIAN_POINT('',(972.,25.,600.));
#12073 = DIRECTION('',(1.,0.,1.110223024625E-16));
#12074 = DIRECTION('',(1.110223024625E-16,0.,-1.));
#12075 = PCURVE('',#11865,#12076);
#12076 = DEFINITIONAL_REPRESENTATION('',(#12077),#12081);
#12077 = CIRCLE('',#12078,5.5);
#12078 = AXIS2_PLACEMENT_2D('',#12079,#12080);
#12079 = CARTESIAN_POINT('',(600.,-25.));
#12080 = DIRECTION('',(-1.,0.));
#12081 = ( GEOMETRIC_REPRESENTATION_CONTEXT(2) 
PARAMETRIC_REPRESENTATION_CONTEXT() REPRESENTATION_CONTEXT('2D SPACE',''
  ) );
#12082 = PCURVE('',#12083,#12088);
#12083 = CYLINDRICAL_SURFACE('',#12084,5.5);
#12084 = AXIS2_PLACEMENT_3D('',#12085,#12086,#12087);
#12085 = CARTESIAN_POINT('',(971.,25.,600.));
#12086 = DIRECTION('',(1.,0.,1.110223024625E-16));
#12087 = DIRECTION('',(1.110223024625E-16,0.,-1.));
#12088 = DEFINITIONAL_REPRESENTATION('',(#12089),#12093);
#12089 = LINE('',#12090,#12091);
#12090 = CARTESIAN_POINT('',(0.,1.));
#12091 = VECTOR('',#12092,1.);
#12092 = DIRECTION('',(1.,0.));
#12093 = ( GEOMETRIC_REPRESENTATION_CONTEXT(2) 
PARAMETRIC_REPRESENTATION_CONTEXT() REPRESENTATION_CONTEXT('2D SPACE',''
  ) );
#12094 = FACE_BOUND('',#12095,.F.);
#12095 = EDGE_LOOP('',(#12096));
#12096 = ORIENTED_EDGE('',*,*,#12097,.F.);
#12097 = EDGE_CURVE('',#12098,#12098,#12100,.T.);
#12098 = VERTEX_POINT('',#12099);
#12099 = CARTESIAN_POINT('',(972.,25.,694.5));
#12100 = SURFACE_CURVE('',#12101,(#12106,#12113),.PCURVE_S1.);
#12101 = CIRCLE('',#12102,5.5);
#12102 = AXIS2_PLACEMENT_3D('',#12103,#12104,#12105);
#12103 = CARTESIAN_POINT('',(972.,25.,700.));
#12104 = DIRECTION('',(1.,0.,1.110223024625E-16));
#12105 = DIRECTION('',(1.110223024625E-16,0.,-1.));
#12106 = PCURVE('',#11865,#12107);
#12107 = DEFINITIONAL_REPRESENTATION('',(#12108),#12112);
#12108 = CIRCLE('',#12109,5.5);
#12109 = AXIS2_PLACEMENT_2D('',#12110,#12111);
#12110 = CARTESIAN_POINT('',(700.,-25.));
#12111 = DIRECTION('',(-1.,0.));
#12112 = ( GEOMETRIC_REPRESENTATION_CONTEXT(2) 
PARAMETRIC_REPRESENTATION_CONTEXT() REPRESENTATION_CONTEXT('2D SPACE',''
  ) );
#12113 = PCURVE('',#12114,#12119);
#12114 = CYLINDRICAL_SURFACE('',#12115,5.5);
#12115 = AXIS2_PLACEMENT_3D('',#12116,#12117,#12118);
#12116 = CARTESIAN_POINT('',(971.,25.,700.));
#12117 = DIRECTION('',(1.,0.,1.110223024625E-16));
#12118 = DIRECTION('',(1.110223024625E-16,0.,-1.));
#12119 = DEFINITIONAL_REPRESENTATION('',(#12120),#12124);
#12120 = LINE('',#12121,#12122);
#12121 = CARTESIAN_POINT('',(0.,1.));
#12122 = VECTOR('',#12123,1.);
#12123 = DIRECTION('',(1.,0.));
#12124 = ( GEOMETRIC_REPRESENTATION_CONTEXT(2) 
PARAMETRIC_REPRESENTATION_CONTEXT() REPRESENTATION_CONTEXT('2D SPACE',''
  ) );
#12125 = FACE_BOUND('',#12126,.F.);
#12126 = EDGE_LOOP('',(#12127));
#12127 = ORIENTED_EDGE('',*,*,#12128,.F.);
#12128 = EDGE_CURVE('',#12129,#12129,#12131,.T.);
#12129 = VERTEX_POINT('',#12130);
#12130 = CARTESIAN_POINT('',(972.,25.,994.5));
#12131 = SURFACE_CURVE('',#12132,(#12137,#12144),.PCURVE_S1.);
#12132 = CIRCLE('',#12133,5.5);
#12133 = AXIS2_PLACEMENT_3D('',#12134,#12135,#12136);
#12134 = CARTESIAN_POINT('',(972.,25.,1.E+03));
#12135 = DIRECTION('',(1.,0.,1.110223024625E-16));
#12136 = DIRECTION('',(1.110223024625E-16,0.,-1.));
#12137 = PCURVE('',#11865,#12138);
#12138 = DEFINITIONAL_REPRESENTATION('',(#12139),#12143);
#12139 = CIRCLE('',#12140,5.5);
#12140 = AXIS2_PLACEMENT_2D('',#12141,#12142);
#12141 = CARTESIAN_POINT('',(1.E+03,-25.));
#12142 = DIRECTION('',(-1.,0.));
#12143 = ( GEOMETRIC_REPRESENTATION_CONTEXT(2) 
PARAMETRIC_REPRESENTATION_CONTEXT() REPRESENTATION_CONTEXT('2D SPACE',''
  ) );
#12144 = PCURVE('',#12145,#12150);
#12145 = CYLINDRICAL_SURFACE('',#12146,5.5);
#12146 = AXIS2_PLACEMENT_3D('',#12147,#12148,#12149);
#12147 = CARTESIAN_POINT('',(971.,25.,1.E+03));
#12148 = DIRECTION('',(1.,0.,1.110223024625E-16));
#12149 = DIRECTION('',(1.110223024625E-16,0.,-1.));
#12150 = DEFINITIONAL_REPRESENTATION('',(#12151),#12155);
#12151 = LINE('',#12152,#12153);
#12152 = CARTESIAN_POINT('',(0.,1.));
#12153 = VECTOR('',#12154,1.);
#12154 = DIRECTION('',(1.,0.));
#12155 = ( GEOMETRIC_REPRESENTATION_CONTEXT(2) 
PARAMETRIC_REPRESENTATION_CONTEXT() REPRESENTATION_CONTEXT('2D SPACE',''
  ) );
#12156 = FACE_BOUND('',#12157,.F.);
#12157 = EDGE_LOOP('',(#12158));
#12158 = ORIENTED_EDGE('',*,*,#12159,.F.);
#12159 = EDGE_CURVE('',#12160,#12160,#12162,.T.);
#12160 = VERTEX_POINT('',#12161);
#12161 = CARTESIAN_POINT('',(972.,25.,1.1945E+03));
#12162 = SURFACE_CURVE('',#12163,(#12168,#12175),.PCURVE_S1.);
#12163 = CIRCLE('',#12164,5.5);
#12164 = AXIS2_PLACEMENT_3D('',#12165,#12166,#12167);
#12165 = CARTESIAN_POINT('',(972.,25.,1.2E+03));
#12166 = DIRECTION('',(1.,0.,1.110223024625E-16));
#12167 = DIRECTION('',(1.110223024625E-16,0.,-1.));
#12168 = PCURVE('',#11865,#12169);
#12169 = DEFINITIONAL_REPRESENTATION('',(#12170),#12174);
#12170 = CIRCLE('',#12171,5.5);
#12171 = AXIS2_PLACEMENT_2D('',#12172,#12173);
#12172 = CARTESIAN_POINT('',(1.2E+03,-25.));
#12173 = DIRECTION('',(-1.,0.));
#12174 = ( GEOMETRIC_REPRESENTATION_CONTEXT(2) 
PARAMETRIC_REPRESENTATION_CONTEXT() REPRESENTATION_CONTEXT('2D SPACE',''
  ) );
#12175 = PCURVE('',#12176,#12181);
#12176 = CYLINDRICAL_SURFACE('',#12177,5.5);
#12177 = AXIS2_PLACEMENT_3D('',#12178,#12179,#12180);
#12178 = CARTESIAN_POINT('',(971.,25.,1.2E+03));
#12179 = DIRECTION('',(1.,0.,1.110223024625E-16));
#12180 = DIRECTION('',(1.110223024625E-16,0.,-1.));
#12181 = DEFINITIONAL_REPRESENTATION('',(#12182),#12186);
#12182 = LINE('',#12183,#12184);
#12183 = CARTESIAN_POINT('',(0.,1.));
#12184 = VECTOR('',#12185,1.);
#12185 = DIRECTION('',(1.,0.));
#12186 = ( GEOMETRIC_REPRESENTATION_CONTEXT(2) 
PARAMETRIC_REPRESENTATION_CONTEXT() REPRESENTATION_CONTEXT('2D SPACE',''
  ) );
#12187 = FACE_BOUND('',#12188,.F.);
#12188 = EDGE_LOOP('',(#12189));
#12189 = ORIENTED_EDGE('',*,*,#12190,.F.);
#12190 = EDGE_CURVE('',#12191,#12191,#12193,.T.);
#12191 = VERTEX_POINT('',#12192);
#12192 = CARTESIAN_POINT('',(972.,25.,1.2945E+03));
#12193 = SURFACE_CURVE('',#12194,(#12199,#12206),.PCURVE_S1.);
#12194 = CIRCLE('',#12195,5.5);
#12195 = AXIS2_PLACEMENT_3D('',#12196,#12197,#12198);
#12196 = CARTESIAN_POINT('',(972.,25.,1.3E+03));
#12197 = DIRECTION('',(1.,0.,1.110223024625E-16));
#12198 = DIRECTION('',(1.110223024625E-16,0.,-1.));
#12199 = PCURVE('',#11865,#12200);
#12200 = DEFINITIONAL_REPRESENTATION('',(#12201),#12205);
#12201 = CIRCLE('',#12202,5.5);
#12202 = AXIS2_PLACEMENT_2D('',#12203,#12204);
#12203 = CARTESIAN_POINT('',(1.3E+03,-25.));
#12204 = DIRECTION('',(-1.,0.));
#12205 = ( GEOMETRIC_REPRESENTATION_CONTEXT(2) 
PARAMETRIC_REPRESENTATION_CONTEXT() REPRESENTATION_CONTEXT('2D SPACE',''
  ) );
#12206 = PCURVE('',#12207,#12212);
#12207 = CYLINDRICAL_SURFACE('',#12208,5.5);
#12208 = AXIS2_PLACEMENT_3D('',#12209,#12210,#12211);
#12209 = CARTESIAN_POINT('',(971.,25.,1.3E+03));
#12210 = DIRECTION('',(1.,0.,1.110223024625E-16));
#12211 = DIRECTION('',(1.110223024625E-16,0.,-1.));
#12212 = DEFINITIONAL_REPRESENTATION('',(#12213),#12217);
#12213 = LINE('',#12214,#12215);
#12214 = CARTESIAN_POINT('',(0.,1.));
#12215 = VECTOR('',#12216,1.);
#12216 = DIRECTION('',(1.,0.));
#12217 = ( GEOMETRIC_REPRESENTATION_CONTEXT(2) 
PARAMETRIC_REPRESENTATION_CONTEXT() REPRESENTATION_CONTEXT('2D SPACE',''
  ) );
#12218 = FACE_BOUND('',#12219,.F.);
#12219 = EDGE_LOOP('',(#12220));
#12220 = ORIENTED_EDGE('',*,*,#12221,.F.);
#12221 = EDGE_CURVE('',#12222,#12222,#12224,.T.);
#12222 = VERTEX_POINT('',#12223);
#12223 = CARTESIAN_POINT('',(972.,25.,1.6945E+03));
#12224 = SURFACE_CURVE('',#12225,(#12230,#12237),.PCURVE_S1.);
#12225 = CIRCLE('',#12226,5.5);
#12226 = AXIS2_PLACEMENT_3D('',#12227,#12228,#12229);
#12227 = CARTESIAN_POINT('',(972.,25.,1.7E+03));
#12228 = DIRECTION('',(1.,0.,1.110223024625E-16));
#12229 = DIRECTION('',(1.110223024625E-16,0.,-1.));
#12230 = PCURVE('',#11865,#12231);
#12231 = DEFINITIONAL_REPRESENTATION('',(#12232),#12236);
#12232 = CIRCLE('',#12233,5.5);
#12233 = AXIS2_PLACEMENT_2D('',#12234,#12235);
#12234 = CARTESIAN_POINT('',(1.7E+03,-25.));
#12235 = DIRECTION('',(-1.,0.));
#12236 = ( GEOMETRIC_REPRESENTATION_CONTEXT(2) 
PARAMETRIC_REPRESENTATION_CONTEXT() REPRESENTATION_CONTEXT('2D SPACE',''
  ) );
#12237 = PCURVE('',#12238,#12243);
#12238 = CYLINDRICAL_SURFACE('',#12239,5.5);
#12239 = AXIS2_PLACEMENT_3D('',#12240,#12241,#12242);
#12240 = CARTESIAN_POINT('',(971.,25.,1.7E+03));
#12241 = DIRECTION('',(1.,0.,1.110223024625E-16));
#12242 = DIRECTION('',(1.110223024625E-16,0.,-1.));
#12243 = DEFINITIONAL_REPRESENTATION('',(#12244),#12248);
#12244 = LINE('',#12245,#12246);
#12245 = CARTESIAN_POINT('',(0.,1.));
#12246 = VECTOR('',#12247,1.);
#12247 = DIRECTION('',(1.,0.));
#12248 = ( GEOMETRIC_REPRESENTATION_CONTEXT(2) 
PARAMETRIC_REPRESENTATION_CONTEXT() REPRESENTATION_CONTEXT('2D SPACE',''
  ) );
#12249 = FACE_BOUND('',#12250,.F.);
#12250 = EDGE_LOOP('',(#12251));
#12251 = ORIENTED_EDGE('',*,*,#12252,.F.);
#12252 = EDGE_CURVE('',#12253,#12253,#12255,.T.);
#12253 = VERTEX_POINT('',#12254);
#12254 = CARTESIAN_POINT('',(972.,25.,1.7945E+03));
#12255 = SURFACE_CURVE('',#12256,(#12261,#12268),.PCURVE_S1.);
#12256 = CIRCLE('',#12257,5.5);
#12257 = AXIS2_PLACEMENT_3D('',#12258,#12259,#12260);
#12258 = CARTESIAN_POINT('',(972.,25.,1.8E+03));
#12259 = DIRECTION('',(1.,0.,1.110223024625E-16));
#12260 = DIRECTION('',(1.110223024625E-16,0.,-1.));
#12261 = PCURVE('',#11865,#12262);
#12262 = DEFINITIONAL_REPRESENTATION('',(#12263),#12267);
#12263 = CIRCLE('',#12264,5.5);
#12264 = AXIS2_PLACEMENT_2D('',#12265,#12266);
#12265 = CARTESIAN_POINT('',(1.8E+03,-25.));
#12266 = DIRECTION('',(-1.,0.));
#12267 = ( GEOMETRIC_REPRESENTATION_CONTEXT(2) 
PARAMETRIC_REPRESENTATION_CONTEXT() REPRESENTATION_CONTEXT('2D SPACE',''
  ) );
#12268 = PCURVE('',#12269,#12274);
#12269 = CYLINDRICAL_SURFACE('',#12270,5.5);
#12270 = AXIS2_PLACEMENT_3D('',#12271,#12272,#12273);
#12271 = CARTESIAN_POINT('',(971.,25.,1.8E+03));
#12272 = DIRECTION('',(1.,0.,1.110223024625E-16));
#12273 = DIRECTION('',(1.110223024625E-16,0.,-1.));
#12274 = DEFINITIONAL_REPRESENTATION('',(#12275),#12279);
#12275 = LINE('',#12276,#12277);
#12276 = CARTESIAN_POINT('',(0.,1.));
#12277 = VECTOR('',#12278,1.);
#12278 = DIRECTION('',(1.,0.));
#12279 = ( GEOMETRIC_REPRESENTATION_CONTEXT(2) 
PARAMETRIC_REPRESENTATION_CONTEXT() REPRESENTATION_CONTEXT('2D SPACE',''
  ) );
#12280 = FACE_BOUND('',#12281,.F.);
#12281 = EDGE_LOOP('',(#12282));
#12282 = ORIENTED_EDGE('',*,*,#12283,.F.);
#12283 = EDGE_CURVE('',#12284,#12284,#12286,.T.);
#12284 = VERTEX_POINT('',#12285);
#12285 = CARTESIAN_POINT('',(972.,25.,1.8945E+03));
#12286 = SURFACE_CURVE('',#12287,(#12292,#12299),.PCURVE_S1.);
#12287 = CIRCLE('',#12288,5.5);
#12288 = AXIS2_PLACEMENT_3D('',#12289,#12290,#12291);
#12289 = CARTESIAN_POINT('',(972.,25.,1.9E+03));
#12290 = DIRECTION('',(1.,0.,1.110223024625E-16));
#12291 = DIRECTION('',(1.110223024625E-16,0.,-1.));
#12292 = PCURVE('',#11865,#12293);
#12293 = DEFINITIONAL_REPRESENTATION('',(#12294),#12298);
#12294 = CIRCLE('',#12295,5.5);
#12295 = AXIS2_PLACEMENT_2D('',#12296,#12297);
#12296 = CARTESIAN_POINT('',(1.9E+03,-25.));
#12297 = DIRECTION('',(-1.,0.));
#12298 = ( GEOMETRIC_REPRESENTATION_CONTEXT(2) 
PARAMETRIC_REPRESENTATION_CONTEXT() REPRESENTATION_CONTEXT('2D SPACE',''
  ) );
#12299 = PCURVE('',#12300,#12305);
#12300 = CYLINDRICAL_SURFACE('',#12301,5.5);
#12301 = AXIS2_PLACEMENT_3D('',#12302,#12303,#12304);
#12302 = CARTESIAN_POINT('',(971.,25.,1.9E+03));
#12303 = DIRECTION('',(1.,0.,1.110223024625E-16));
#12304 = DIRECTION('',(1.110223024625E-16,0.,-1.));
#12305 = DEFINITIONAL_REPRESENTATION('',(#12306),#12310);
#12306 = LINE('',#12307,#12308);
#12307 = CARTESIAN_POINT('',(0.,1.));
#12308 = VECTOR('',#12309,1.);
#12309 = DIRECTION('',(1.,0.));
#12310 = ( GEOMETRIC_REPRESENTATION_CONTEXT(2) 
PARAMETRIC_REPRESENTATION_CONTEXT() REPRESENTATION_CONTEXT('2D SPACE',''
  ) );
#12311 = ADVANCED_FACE('',(#12312),#11877,.F.);
#12312 = FACE_BOUND('',#12313,.F.);
#12313 = EDGE_LOOP('',(#12314,#12337,#12338,#12361));
#12314 = ORIENTED_EDGE('',*,*,#12315,.F.);
#12315 = EDGE_CURVE('',#11855,#12316,#12318,.T.);
#12316 = VERTEX_POINT('',#12317);
#12317 = CARTESIAN_POINT('',(997.,0.,0.));
#12318 = SURFACE_CURVE('',#12319,(#12323,#12330),.PCURVE_S1.);
#12319 = LINE('',#12320,#12321);
#12320 = CARTESIAN_POINT('',(972.,0.,0.));
#12321 = VECTOR('',#12322,1.);
#12322 = DIRECTION('',(1.,0.,-0.));
#12323 = PCURVE('',#11877,#12324);
#12324 = DEFINITIONAL_REPRESENTATION('',(#12325),#12329);
#12325 = LINE('',#12326,#12327);
#12326 = CARTESIAN_POINT('',(0.,0.));
#12327 = VECTOR('',#12328,1.);
#12328 = DIRECTION('',(0.,1.));
#12329 = ( GEOMETRIC_REPRESENTATION_CONTEXT(2) 
PARAMETRIC_REPRESENTATION_CONTEXT() REPRESENTATION_CONTEXT('2D SPACE',''
  ) );
#12330 = PCURVE('',#11905,#12331);
#12331 = DEFINITIONAL_REPRESENTATION('',(#12332),#12336);
#12332 = LINE('',#12333,#12334);
#12333 = CARTESIAN_POINT('',(0.,0.));
#12334 = VECTOR('',#12335,1.);
#12335 = DIRECTION('',(1.,0.));
#12336 = ( GEOMETRIC_REPRESENTATION_CONTEXT(2) 
PARAMETRIC_REPRESENTATION_CONTEXT() REPRESENTATION_CONTEXT('2D SPACE',''
  ) );
#12337 = ORIENTED_EDGE('',*,*,#11854,.T.);
#12338 = ORIENTED_EDGE('',*,*,#12339,.T.);
#12339 = EDGE_CURVE('',#11857,#12340,#12342,.T.);
#12340 = VERTEX_POINT('',#12341);
#12341 = CARTESIAN_POINT('',(997.,0.,2.4E+03));
#12342 = SURFACE_CURVE('',#12343,(#12347,#12354),.PCURVE_S1.);
#12343 = LINE('',#12344,#12345);
#12344 = CARTESIAN_POINT('',(972.,0.,2.4E+03));
#12345 = VECTOR('',#12346,1.);
#12346 = DIRECTION('',(1.,0.,-0.));
#12347 = PCURVE('',#11877,#12348);
#12348 = DEFINITIONAL_REPRESENTATION('',(#12349),#12353);
#12349 = LINE('',#12350,#12351);
#12350 = CARTESIAN_POINT('',(2.4E+03,0.));
#12351 = VECTOR('',#12352,1.);
#12352 = DIRECTION('',(0.,1.));
#12353 = ( GEOMETRIC_REPRESENTATION_CONTEXT(2) 
PARAMETRIC_REPRESENTATION_CONTEXT() REPRESENTATION_CONTEXT('2D SPACE',''
  ) );
#12354 = PCURVE('',#11959,#12355);
#12355 = DEFINITIONAL_REPRESENTATION('',(#12356),#12360);
#12356 = LINE('',#12357,#12358);
#12357 = CARTESIAN_POINT('',(0.,0.));
#12358 = VECTOR('',#12359,1.);
#12359 = DIRECTION('',(1.,0.));
#12360 = ( GEOMETRIC_REPRESENTATION_CONTEXT(2) 
PARAMETRIC_REPRESENTATION_CONTEXT() REPRESENTATION_CONTEXT('2D SPACE',''
  ) );
#12361 = ORIENTED_EDGE('',*,*,#12362,.F.);
#12362 = EDGE_CURVE('',#12316,#12340,#12363,.T.);
#12363 = SURFACE_CURVE('',#12364,(#12368,#12375),.PCURVE_S1.);
#12364 = LINE('',#12365,#12366);
#12365 = CARTESIAN_POINT('',(997.,0.,0.));
#12366 = VECTOR('',#12367,1.);
#12367 = DIRECTION('',(0.,0.,1.));
#12368 = PCURVE('',#11877,#12369);
#12369 = DEFINITIONAL_REPRESENTATION('',(#12370),#12374);
#12370 = LINE('',#12371,#12372);
#12371 = CARTESIAN_POINT('',(0.,25.));
#12372 = VECTOR('',#12373,1.);
#12373 = DIRECTION('',(1.,0.));
#12374 = ( GEOMETRIC_REPRESENTATION_CONTEXT(2) 
PARAMETRIC_REPRESENTATION_CONTEXT() REPRESENTATION_CONTEXT('2D SPACE',''
  ) );
#12375 = PCURVE('',#12376,#12381);
#12376 = PLANE('',#12377);
#12377 = AXIS2_PLACEMENT_3D('',#12378,#12379,#12380);
#12378 = CARTESIAN_POINT('',(997.,0.,0.));
#12379 = DIRECTION('',(1.,0.,-0.));
#12380 = DIRECTION('',(0.,0.,1.));
#12381 = DEFINITIONAL_REPRESENTATION('',(#12382),#12386);
#12382 = LINE('',#12383,#12384);
#12383 = CARTESIAN_POINT('',(0.,0.));
#12384 = VECTOR('',#12385,1.);
#12385 = DIRECTION('',(1.,0.));
#12386 = ( GEOMETRIC_REPRESENTATION_CONTEXT(2) 
PARAMETRIC_REPRESENTATION_CONTEXT() REPRESENTATION_CONTEXT('2D SPACE',''
  ) );
#12387 = ADVANCED_FACE('',(#12388),#11959,.T.);
#12388 = FACE_BOUND('',#12389,.T.);
#12389 = EDGE_LOOP('',(#12390,#12391,#12392,#12415));
#12390 = ORIENTED_EDGE('',*,*,#11945,.F.);
#12391 = ORIENTED_EDGE('',*,*,#12339,.T.);
#12392 = ORIENTED_EDGE('',*,*,#12393,.T.);
#12393 = EDGE_CURVE('',#12340,#12394,#12396,.T.);
#12394 = VERTEX_POINT('',#12395);
#12395 = CARTESIAN_POINT('',(997.,50.,2.4E+03));
#12396 = SURFACE_CURVE('',#12397,(#12401,#12408),.PCURVE_S1.);
#12397 = LINE('',#12398,#12399);
#12398 = CARTESIAN_POINT('',(997.,0.,2.4E+03));
#12399 = VECTOR('',#12400,1.);
#12400 = DIRECTION('',(-0.,1.,0.));
#12401 = PCURVE('',#11959,#12402);
#12402 = DEFINITIONAL_REPRESENTATION('',(#12403),#12407);
#12403 = LINE('',#12404,#12405);
#12404 = CARTESIAN_POINT('',(25.,0.));
#12405 = VECTOR('',#12406,1.);
#12406 = DIRECTION('',(0.,1.));
#12407 = ( GEOMETRIC_REPRESENTATION_CONTEXT(2) 
PARAMETRIC_REPRESENTATION_CONTEXT() REPRESENTATION_CONTEXT('2D SPACE',''
  ) );
#12408 = PCURVE('',#12376,#12409);
#12409 = DEFINITIONAL_REPRESENTATION('',(#12410),#12414);
#12410 = LINE('',#12411,#12412);
#12411 = CARTESIAN_POINT('',(2.4E+03,0.));
#12412 = VECTOR('',#12413,1.);
#12413 = DIRECTION('',(0.,-1.));
#12414 = ( GEOMETRIC_REPRESENTATION_CONTEXT(2) 
PARAMETRIC_REPRESENTATION_CONTEXT() REPRESENTATION_CONTEXT('2D SPACE',''
  ) );
#12415 = ORIENTED_EDGE('',*,*,#12416,.F.);
#12416 = EDGE_CURVE('',#11918,#12394,#12417,.T.);
#12417 = SURFACE_CURVE('',#12418,(#12422,#12429),.PCURVE_S1.);
#12418 = LINE('',#12419,#12420);
#12419 = CARTESIAN_POINT('',(972.,50.,2.4E+03));
#12420 = VECTOR('',#12421,1.);
#12421 = DIRECTION('',(1.,0.,-0.));
#12422 = PCURVE('',#11959,#12423);
#12423 = DEFINITIONAL_REPRESENTATION('',(#12424),#12428);
#12424 = LINE('',#12425,#12426);
#12425 = CARTESIAN_POINT('',(0.,50.));
#12426 = VECTOR('',#12427,1.);
#12427 = DIRECTION('',(1.,0.));
#12428 = ( GEOMETRIC_REPRESENTATION_CONTEXT(2) 
PARAMETRIC_REPRESENTATION_CONTEXT() REPRESENTATION_CONTEXT('2D SPACE',''
  ) );
#12429 = PCURVE('',#11933,#12430);
#12430 = DEFINITIONAL_REPRESENTATION('',(#12431),#12435);
#12431 = LINE('',#12432,#12433);
#12432 = CARTESIAN_POINT('',(2.4E+03,0.));
#12433 = VECTOR('',#12434,1.);
#12434 = DIRECTION('',(0.,1.));
#12435 = ( GEOMETRIC_REPRESENTATION_CONTEXT(2) 
PARAMETRIC_REPRESENTATION_CONTEXT() REPRESENTATION_CONTEXT('2D SPACE',''
  ) );
#12436 = ADVANCED_FACE('',(#12437),#11905,.F.);
#12437 = FACE_BOUND('',#12438,.F.);
#12438 = EDGE_LOOP('',(#12439,#12440,#12441,#12464));
#12439 = ORIENTED_EDGE('',*,*,#11889,.F.);
#12440 = ORIENTED_EDGE('',*,*,#12315,.T.);
#12441 = ORIENTED_EDGE('',*,*,#12442,.T.);
#12442 = EDGE_CURVE('',#12316,#12443,#12445,.T.);
#12443 = VERTEX_POINT('',#12444);
#12444 = CARTESIAN_POINT('',(997.,50.,0.));
#12445 = SURFACE_CURVE('',#12446,(#12450,#12457),.PCURVE_S1.);
#12446 = LINE('',#12447,#12448);
#12447 = CARTESIAN_POINT('',(997.,0.,0.));
#12448 = VECTOR('',#12449,1.);
#12449 = DIRECTION('',(-0.,1.,0.));
#12450 = PCURVE('',#11905,#12451);
#12451 = DEFINITIONAL_REPRESENTATION('',(#12452),#12456);
#12452 = LINE('',#12453,#12454);
#12453 = CARTESIAN_POINT('',(25.,0.));
#12454 = VECTOR('',#12455,1.);
#12455 = DIRECTION('',(0.,1.));
#12456 = ( GEOMETRIC_REPRESENTATION_CONTEXT(2) 
PARAMETRIC_REPRESENTATION_CONTEXT() REPRESENTATION_CONTEXT('2D SPACE',''
  ) );
#12457 = PCURVE('',#12376,#12458);
#12458 = DEFINITIONAL_REPRESENTATION('',(#12459),#12463);
#12459 = LINE('',#12460,#12461);
#12460 = CARTESIAN_POINT('',(0.,0.));
#12461 = VECTOR('',#12462,1.);
#12462 = DIRECTION('',(0.,-1.));
#12463 = ( GEOMETRIC_REPRESENTATION_CONTEXT(2) 
PARAMETRIC_REPRESENTATION_CONTEXT() REPRESENTATION_CONTEXT('2D SPACE',''
  ) );
#12464 = ORIENTED_EDGE('',*,*,#12465,.F.);
#12465 = EDGE_CURVE('',#11890,#12443,#12466,.T.);
#12466 = SURFACE_CURVE('',#12467,(#12471,#12478),.PCURVE_S1.);
#12467 = LINE('',#12468,#12469);
#12468 = CARTESIAN_POINT('',(972.,50.,0.));
#12469 = VECTOR('',#12470,1.);
#12470 = DIRECTION('',(1.,0.,-0.));
#12471 = PCURVE('',#11905,#12472);
#12472 = DEFINITIONAL_REPRESENTATION('',(#12473),#12477);
#12473 = LINE('',#12474,#12475);
#12474 = CARTESIAN_POINT('',(0.,50.));
#12475 = VECTOR('',#12476,1.);
#12476 = DIRECTION('',(1.,0.));
#12477 = ( GEOMETRIC_REPRESENTATION_CONTEXT(2) 
PARAMETRIC_REPRESENTATION_CONTEXT() REPRESENTATION_CONTEXT('2D SPACE',''
  ) );
#12478 = PCURVE('',#11933,#12479);
#12479 = DEFINITIONAL_REPRESENTATION('',(#12480),#12484);
#12480 = LINE('',#12481,#12482);
#12481 = CARTESIAN_POINT('',(0.,0.));
#12482 = VECTOR('',#12483,1.);
#12483 = DIRECTION('',(0.,1.));
#12484 = ( GEOMETRIC_REPRESENTATION_CONTEXT(2) 
PARAMETRIC_REPRESENTATION_CONTEXT() REPRESENTATION_CONTEXT('2D SPACE',''
  ) );
#12485 = ADVANCED_FACE('',(#12486),#11933,.T.);
#12486 = FACE_BOUND('',#12487,.T.);
#12487 = EDGE_LOOP('',(#12488,#12489,#12490,#12491));
#12488 = ORIENTED_EDGE('',*,*,#12465,.F.);
#12489 = ORIENTED_EDGE('',*,*,#11917,.T.);
#12490 = ORIENTED_EDGE('',*,*,#12416,.T.);
#12491 = ORIENTED_EDGE('',*,*,#12492,.F.);
#12492 = EDGE_CURVE('',#12443,#12394,#12493,.T.);
#12493 = SURFACE_CURVE('',#12494,(#12498,#12505),.PCURVE_S1.);
#12494 = LINE('',#12495,#12496);
#12495 = CARTESIAN_POINT('',(997.,50.,0.));
#12496 = VECTOR('',#12497,1.);
#12497 = DIRECTION('',(0.,0.,1.));
#12498 = PCURVE('',#11933,#12499);
#12499 = DEFINITIONAL_REPRESENTATION('',(#12500),#12504);
#12500 = LINE('',#12501,#12502);
#12501 = CARTESIAN_POINT('',(0.,25.));
#12502 = VECTOR('',#12503,1.);
#12503 = DIRECTION('',(1.,0.));
#12504 = ( GEOMETRIC_REPRESENTATION_CONTEXT(2) 
PARAMETRIC_REPRESENTATION_CONTEXT() REPRESENTATION_CONTEXT('2D SPACE',''
  ) );
#12505 = PCURVE('',#12376,#12506);
#12506 = DEFINITIONAL_REPRESENTATION('',(#12507),#12511);
#12507 = LINE('',#12508,#12509);
#12508 = CARTESIAN_POINT('',(0.,-50.));
#12509 = VECTOR('',#12510,1.);
#12510 = DIRECTION('',(1.,0.));
#12511 = ( GEOMETRIC_REPRESENTATION_CONTEXT(2) 
PARAMETRIC_REPRESENTATION_CONTEXT() REPRESENTATION_CONTEXT('2D SPACE',''
  ) );
#12512 = ADVANCED_FACE('',(#12513),#11990,.F.);
#12513 = FACE_BOUND('',#12514,.F.);
#12514 = EDGE_LOOP('',(#12515,#12539,#12560,#12561));
#12515 = ORIENTED_EDGE('',*,*,#12516,.F.);
#12516 = EDGE_CURVE('',#12517,#12517,#12519,.T.);
#12517 = VERTEX_POINT('',#12518);
#12518 = CARTESIAN_POINT('',(997.,25.,294.5));
#12519 = SURFACE_CURVE('',#12520,(#12525,#12532),.PCURVE_S1.);
#12520 = CIRCLE('',#12521,5.5);
#12521 = AXIS2_PLACEMENT_3D('',#12522,#12523,#12524);
#12522 = CARTESIAN_POINT('',(997.,25.,300.));
#12523 = DIRECTION('',(1.,0.,1.110223024625E-16));
#12524 = DIRECTION('',(1.110223024625E-16,0.,-1.));
#12525 = PCURVE('',#11990,#12526);
#12526 = DEFINITIONAL_REPRESENTATION('',(#12527),#12531);
#12527 = LINE('',#12528,#12529);
#12528 = CARTESIAN_POINT('',(0.,26.));
#12529 = VECTOR('',#12530,1.);
#12530 = DIRECTION('',(1.,0.));
#12531 = ( GEOMETRIC_REPRESENTATION_CONTEXT(2) 
PARAMETRIC_REPRESENTATION_CONTEXT() REPRESENTATION_CONTEXT('2D SPACE',''
  ) );
#12532 = PCURVE('',#12376,#12533);
#12533 = DEFINITIONAL_REPRESENTATION('',(#12534),#12538);
#12534 = CIRCLE('',#12535,5.5);
#12535 = AXIS2_PLACEMENT_2D('',#12536,#12537);
#12536 = CARTESIAN_POINT('',(300.,-25.));
#12537 = DIRECTION('',(-1.,0.));
#12538 = ( GEOMETRIC_REPRESENTATION_CONTEXT(2) 
PARAMETRIC_REPRESENTATION_CONTEXT() REPRESENTATION_CONTEXT('2D SPACE',''
  ) );
#12539 = ORIENTED_EDGE('',*,*,#12540,.F.);
#12540 = EDGE_CURVE('',#11974,#12517,#12541,.T.);
#12541 = SEAM_CURVE('',#12542,(#12546,#12553),.PCURVE_S1.);
#12542 = LINE('',#12543,#12544);
#12543 = CARTESIAN_POINT('',(971.,25.,294.5));
#12544 = VECTOR('',#12545,1.);
#12545 = DIRECTION('',(1.,0.,1.110223024625E-16));
#12546 = PCURVE('',#11990,#12547);
#12547 = DEFINITIONAL_REPRESENTATION('',(#12548),#12552);
#12548 = LINE('',#12549,#12550);
#12549 = CARTESIAN_POINT('',(6.28318530718,-0.));
#12550 = VECTOR('',#12551,1.);
#12551 = DIRECTION('',(0.,1.));
#12552 = ( GEOMETRIC_REPRESENTATION_CONTEXT(2) 
PARAMETRIC_REPRESENTATION_CONTEXT() REPRESENTATION_CONTEXT('2D SPACE',''
  ) );
#12553 = PCURVE('',#11990,#12554);
#12554 = DEFINITIONAL_REPRESENTATION('',(#12555),#12559);
#12555 = LINE('',#12556,#12557);
#12556 = CARTESIAN_POINT('',(0.,-0.));
#12557 = VECTOR('',#12558,1.);
#12558 = DIRECTION('',(0.,1.));
#12559 = ( GEOMETRIC_REPRESENTATION_CONTEXT(2) 
PARAMETRIC_REPRESENTATION_CONTEXT() REPRESENTATION_CONTEXT('2D SPACE',''
  ) );
#12560 = ORIENTED_EDGE('',*,*,#11973,.T.);
#12561 = ORIENTED_EDGE('',*,*,#12540,.T.);
#12562 = ADVANCED_FACE('',(#12563),#12021,.F.);
#12563 = FACE_BOUND('',#12564,.F.);
#12564 = EDGE_LOOP('',(#12565,#12589,#12610,#12611));
#12565 = ORIENTED_EDGE('',*,*,#12566,.F.);
#12566 = EDGE_CURVE('',#12567,#12567,#12569,.T.);
#12567 = VERTEX_POINT('',#12568);
#12568 = CARTESIAN_POINT('',(997.,25.,394.5));
#12569 = SURFACE_CURVE('',#12570,(#12575,#12582),.PCURVE_S1.);
#12570 = CIRCLE('',#12571,5.5);
#12571 = AXIS2_PLACEMENT_3D('',#12572,#12573,#12574);
#12572 = CARTESIAN_POINT('',(997.,25.,400.));
#12573 = DIRECTION('',(1.,0.,1.110223024625E-16));
#12574 = DIRECTION('',(1.110223024625E-16,0.,-1.));
#12575 = PCURVE('',#12021,#12576);
#12576 = DEFINITIONAL_REPRESENTATION('',(#12577),#12581);
#12577 = LINE('',#12578,#12579);
#12578 = CARTESIAN_POINT('',(0.,26.));
#12579 = VECTOR('',#12580,1.);
#12580 = DIRECTION('',(1.,0.));
#12581 = ( GEOMETRIC_REPRESENTATION_CONTEXT(2) 
PARAMETRIC_REPRESENTATION_CONTEXT() REPRESENTATION_CONTEXT('2D SPACE',''
  ) );
#12582 = PCURVE('',#12376,#12583);
#12583 = DEFINITIONAL_REPRESENTATION('',(#12584),#12588);
#12584 = CIRCLE('',#12585,5.5);
#12585 = AXIS2_PLACEMENT_2D('',#12586,#12587);
#12586 = CARTESIAN_POINT('',(400.,-25.));
#12587 = DIRECTION('',(-1.,0.));
#12588 = ( GEOMETRIC_REPRESENTATION_CONTEXT(2) 
PARAMETRIC_REPRESENTATION_CONTEXT() REPRESENTATION_CONTEXT('2D SPACE',''
  ) );
#12589 = ORIENTED_EDGE('',*,*,#12590,.F.);
#12590 = EDGE_CURVE('',#12005,#12567,#12591,.T.);
#12591 = SEAM_CURVE('',#12592,(#12596,#12603),.PCURVE_S1.);
#12592 = LINE('',#12593,#12594);
#12593 = CARTESIAN_POINT('',(971.,25.,394.5));
#12594 = VECTOR('',#12595,1.);
#12595 = DIRECTION('',(1.,0.,1.110223024625E-16));
#12596 = PCURVE('',#12021,#12597);
#12597 = DEFINITIONAL_REPRESENTATION('',(#12598),#12602);
#12598 = LINE('',#12599,#12600);
#12599 = CARTESIAN_POINT('',(6.28318530718,-0.));
#12600 = VECTOR('',#12601,1.);
#12601 = DIRECTION('',(0.,1.));
#12602 = ( GEOMETRIC_REPRESENTATION_CONTEXT(2) 
PARAMETRIC_REPRESENTATION_CONTEXT() REPRESENTATION_CONTEXT('2D SPACE',''
  ) );
#12603 = PCURVE('',#12021,#12604);
#12604 = DEFINITIONAL_REPRESENTATION('',(#12605),#12609);
#12605 = LINE('',#12606,#12607);
#12606 = CARTESIAN_POINT('',(0.,-0.));
#12607 = VECTOR('',#12608,1.);
#12608 = DIRECTION('',(0.,1.));
#12609 = ( GEOMETRIC_REPRESENTATION_CONTEXT(2) 
PARAMETRIC_REPRESENTATION_CONTEXT() REPRESENTATION_CONTEXT('2D SPACE',''
  ) );
#12610 = ORIENTED_EDGE('',*,*,#12004,.T.);
#12611 = ORIENTED_EDGE('',*,*,#12590,.T.);
#12612 = ADVANCED_FACE('',(#12613),#12052,.F.);
#12613 = FACE_BOUND('',#12614,.F.);
#12614 = EDGE_LOOP('',(#12615,#12639,#12660,#12661));
#12615 = ORIENTED_EDGE('',*,*,#12616,.F.);
#12616 = EDGE_CURVE('',#12617,#12617,#12619,.T.);
#12617 = VERTEX_POINT('',#12618);
#12618 = CARTESIAN_POINT('',(997.,25.,494.5));
#12619 = SURFACE_CURVE('',#12620,(#12625,#12632),.PCURVE_S1.);
#12620 = CIRCLE('',#12621,5.5);
#12621 = AXIS2_PLACEMENT_3D('',#12622,#12623,#12624);
#12622 = CARTESIAN_POINT('',(997.,25.,500.));
#12623 = DIRECTION('',(1.,0.,1.110223024625E-16));
#12624 = DIRECTION('',(1.110223024625E-16,0.,-1.));
#12625 = PCURVE('',#12052,#12626);
#12626 = DEFINITIONAL_REPRESENTATION('',(#12627),#12631);
#12627 = LINE('',#12628,#12629);
#12628 = CARTESIAN_POINT('',(0.,26.));
#12629 = VECTOR('',#12630,1.);
#12630 = DIRECTION('',(1.,0.));
#12631 = ( GEOMETRIC_REPRESENTATION_CONTEXT(2) 
PARAMETRIC_REPRESENTATION_CONTEXT() REPRESENTATION_CONTEXT('2D SPACE',''
  ) );
#12632 = PCURVE('',#12376,#12633);
#12633 = DEFINITIONAL_REPRESENTATION('',(#12634),#12638);
#12634 = CIRCLE('',#12635,5.5);
#12635 = AXIS2_PLACEMENT_2D('',#12636,#12637);
#12636 = CARTESIAN_POINT('',(500.,-25.));
#12637 = DIRECTION('',(-1.,0.));
#12638 = ( GEOMETRIC_REPRESENTATION_CONTEXT(2) 
PARAMETRIC_REPRESENTATION_CONTEXT() REPRESENTATION_CONTEXT('2D SPACE',''
  ) );
#12639 = ORIENTED_EDGE('',*,*,#12640,.F.);
#12640 = EDGE_CURVE('',#12036,#12617,#12641,.T.);
#12641 = SEAM_CURVE('',#12642,(#12646,#12653),.PCURVE_S1.);
#12642 = LINE('',#12643,#12644);
#12643 = CARTESIAN_POINT('',(971.,25.,494.5));
#12644 = VECTOR('',#12645,1.);
#12645 = DIRECTION('',(1.,0.,1.110223024625E-16));
#12646 = PCURVE('',#12052,#12647);
#12647 = DEFINITIONAL_REPRESENTATION('',(#12648),#12652);
#12648 = LINE('',#12649,#12650);
#12649 = CARTESIAN_POINT('',(6.28318530718,-0.));
#12650 = VECTOR('',#12651,1.);
#12651 = DIRECTION('',(0.,1.));
#12652 = ( GEOMETRIC_REPRESENTATION_CONTEXT(2) 
PARAMETRIC_REPRESENTATION_CONTEXT() REPRESENTATION_CONTEXT('2D SPACE',''
  ) );
#12653 = PCURVE('',#12052,#12654);
#12654 = DEFINITIONAL_REPRESENTATION('',(#12655),#12659);
#12655 = LINE('',#12656,#12657);
#12656 = CARTESIAN_POINT('',(0.,-0.));
#12657 = VECTOR('',#12658,1.);
#12658 = DIRECTION('',(0.,1.));
#12659 = ( GEOMETRIC_REPRESENTATION_CONTEXT(2) 
PARAMETRIC_REPRESENTATION_CONTEXT() REPRESENTATION_CONTEXT('2D SPACE',''
  ) );
#12660 = ORIENTED_EDGE('',*,*,#12035,.T.);
#12661 = ORIENTED_EDGE('',*,*,#12640,.T.);
#12662 = ADVANCED_FACE('',(#12663),#12083,.F.);
#12663 = FACE_BOUND('',#12664,.F.);
#12664 = EDGE_LOOP('',(#12665,#12689,#12710,#12711));
#12665 = ORIENTED_EDGE('',*,*,#12666,.F.);
#12666 = EDGE_CURVE('',#12667,#12667,#12669,.T.);
#12667 = VERTEX_POINT('',#12668);
#12668 = CARTESIAN_POINT('',(997.,25.,594.5));
#12669 = SURFACE_CURVE('',#12670,(#12675,#12682),.PCURVE_S1.);
#12670 = CIRCLE('',#12671,5.5);
#12671 = AXIS2_PLACEMENT_3D('',#12672,#12673,#12674);
#12672 = CARTESIAN_POINT('',(997.,25.,600.));
#12673 = DIRECTION('',(1.,0.,1.110223024625E-16));
#12674 = DIRECTION('',(1.110223024625E-16,0.,-1.));
#12675 = PCURVE('',#12083,#12676);
#12676 = DEFINITIONAL_REPRESENTATION('',(#12677),#12681);
#12677 = LINE('',#12678,#12679);
#12678 = CARTESIAN_POINT('',(0.,26.));
#12679 = VECTOR('',#12680,1.);
#12680 = DIRECTION('',(1.,0.));
#12681 = ( GEOMETRIC_REPRESENTATION_CONTEXT(2) 
PARAMETRIC_REPRESENTATION_CONTEXT() REPRESENTATION_CONTEXT('2D SPACE',''
  ) );
#12682 = PCURVE('',#12376,#12683);
#12683 = DEFINITIONAL_REPRESENTATION('',(#12684),#12688);
#12684 = CIRCLE('',#12685,5.5);
#12685 = AXIS2_PLACEMENT_2D('',#12686,#12687);
#12686 = CARTESIAN_POINT('',(600.,-25.));
#12687 = DIRECTION('',(-1.,0.));
#12688 = ( GEOMETRIC_REPRESENTATION_CONTEXT(2) 
PARAMETRIC_REPRESENTATION_CONTEXT() REPRESENTATION_CONTEXT('2D SPACE',''
  ) );
#12689 = ORIENTED_EDGE('',*,*,#12690,.F.);
#12690 = EDGE_CURVE('',#12067,#12667,#12691,.T.);
#12691 = SEAM_CURVE('',#12692,(#12696,#12703),.PCURVE_S1.);
#12692 = LINE('',#12693,#12694);
#12693 = CARTESIAN_POINT('',(971.,25.,594.5));
#12694 = VECTOR('',#12695,1.);
#12695 = DIRECTION('',(1.,0.,1.110223024625E-16));
#12696 = PCURVE('',#12083,#12697);
#12697 = DEFINITIONAL_REPRESENTATION('',(#12698),#12702);
#12698 = LINE('',#12699,#12700);
#12699 = CARTESIAN_POINT('',(6.28318530718,-0.));
#12700 = VECTOR('',#12701,1.);
#12701 = DIRECTION('',(0.,1.));
#12702 = ( GEOMETRIC_REPRESENTATION_CONTEXT(2) 
PARAMETRIC_REPRESENTATION_CONTEXT() REPRESENTATION_CONTEXT('2D SPACE',''
  ) );
#12703 = PCURVE('',#12083,#12704);
#12704 = DEFINITIONAL_REPRESENTATION('',(#12705),#12709);
#12705 = LINE('',#12706,#12707);
#12706 = CARTESIAN_POINT('',(0.,-0.));
#12707 = VECTOR('',#12708,1.);
#12708 = DIRECTION('',(0.,1.));
#12709 = ( GEOMETRIC_REPRESENTATION_CONTEXT(2) 
PARAMETRIC_REPRESENTATION_CONTEXT() REPRESENTATION_CONTEXT('2D SPACE',''
  ) );
#12710 = ORIENTED_EDGE('',*,*,#12066,.T.);
#12711 = ORIENTED_EDGE('',*,*,#12690,.T.);
#12712 = ADVANCED_FACE('',(#12713),#12114,.F.);
#12713 = FACE_BOUND('',#12714,.F.);
#12714 = EDGE_LOOP('',(#12715,#12739,#12760,#12761));
#12715 = ORIENTED_EDGE('',*,*,#12716,.F.);
#12716 = EDGE_CURVE('',#12717,#12717,#12719,.T.);
#12717 = VERTEX_POINT('',#12718);
#12718 = CARTESIAN_POINT('',(997.,25.,694.5));
#12719 = SURFACE_CURVE('',#12720,(#12725,#12732),.PCURVE_S1.);
#12720 = CIRCLE('',#12721,5.5);
#12721 = AXIS2_PLACEMENT_3D('',#12722,#12723,#12724);
#12722 = CARTESIAN_POINT('',(997.,25.,700.));
#12723 = DIRECTION('',(1.,0.,1.110223024625E-16));
#12724 = DIRECTION('',(1.110223024625E-16,0.,-1.));
#12725 = PCURVE('',#12114,#12726);
#12726 = DEFINITIONAL_REPRESENTATION('',(#12727),#12731);
#12727 = LINE('',#12728,#12729);
#12728 = CARTESIAN_POINT('',(0.,26.));
#12729 = VECTOR('',#12730,1.);
#12730 = DIRECTION('',(1.,0.));
#12731 = ( GEOMETRIC_REPRESENTATION_CONTEXT(2) 
PARAMETRIC_REPRESENTATION_CONTEXT() REPRESENTATION_CONTEXT('2D SPACE',''
  ) );
#12732 = PCURVE('',#12376,#12733);
#12733 = DEFINITIONAL_REPRESENTATION('',(#12734),#12738);
#12734 = CIRCLE('',#12735,5.5);
#12735 = AXIS2_PLACEMENT_2D('',#12736,#12737);
#12736 = CARTESIAN_POINT('',(700.,-25.));
#12737 = DIRECTION('',(-1.,0.));
#12738 = ( GEOMETRIC_REPRESENTATION_CONTEXT(2) 
PARAMETRIC_REPRESENTATION_CONTEXT() REPRESENTATION_CONTEXT('2D SPACE',''
  ) );
#12739 = ORIENTED_EDGE('',*,*,#12740,.F.);
#12740 = EDGE_CURVE('',#12098,#12717,#12741,.T.);
#12741 = SEAM_CURVE('',#12742,(#12746,#12753),.PCURVE_S1.);
#12742 = LINE('',#12743,#12744);
#12743 = CARTESIAN_POINT('',(971.,25.,694.5));
#12744 = VECTOR('',#12745,1.);
#12745 = DIRECTION('',(1.,0.,1.110223024625E-16));
#12746 = PCURVE('',#12114,#12747);
#12747 = DEFINITIONAL_REPRESENTATION('',(#12748),#12752);
#12748 = LINE('',#12749,#12750);
#12749 = CARTESIAN_POINT('',(6.28318530718,-0.));
#12750 = VECTOR('',#12751,1.);
#12751 = DIRECTION('',(0.,1.));
#12752 = ( GEOMETRIC_REPRESENTATION_CONTEXT(2) 
PARAMETRIC_REPRESENTATION_CONTEXT() REPRESENTATION_CONTEXT('2D SPACE',''
  ) );
#12753 = PCURVE('',#12114,#12754);
#12754 = DEFINITIONAL_REPRESENTATION('',(#12755),#12759);
#12755 = LINE('',#12756,#12757);
#12756 = CARTESIAN_POINT('',(0.,-0.));
#12757 = VECTOR('',#12758,1.);
#12758 = DIRECTION('',(0.,1.));
#12759 = ( GEOMETRIC_REPRESENTATION_CONTEXT(2) 
PARAMETRIC_REPRESENTATION_CONTEXT() REPRESENTATION_CONTEXT('2D SPACE',''
  ) );
#12760 = ORIENTED_EDGE('',*,*,#12097,.T.);
#12761 = ORIENTED_EDGE('',*,*,#12740,.T.);
#12762 = ADVANCED_FACE('',(#12763),#12145,.F.);
#12763 = FACE_BOUND('',#12764,.F.);
#12764 = EDGE_LOOP('',(#12765,#12789,#12810,#12811));
#12765 = ORIENTED_EDGE('',*,*,#12766,.F.);
#12766 = EDGE_CURVE('',#12767,#12767,#12769,.T.);
#12767 = VERTEX_POINT('',#12768);
#12768 = CARTESIAN_POINT('',(997.,25.,994.5));
#12769 = SURFACE_CURVE('',#12770,(#12775,#12782),.PCURVE_S1.);
#12770 = CIRCLE('',#12771,5.5);
#12771 = AXIS2_PLACEMENT_3D('',#12772,#12773,#12774);
#12772 = CARTESIAN_POINT('',(997.,25.,1.E+03));
#12773 = DIRECTION('',(1.,0.,1.110223024625E-16));
#12774 = DIRECTION('',(1.110223024625E-16,0.,-1.));
#12775 = PCURVE('',#12145,#12776);
#12776 = DEFINITIONAL_REPRESENTATION('',(#12777),#12781);
#12777 = LINE('',#12778,#12779);
#12778 = CARTESIAN_POINT('',(0.,26.));
#12779 = VECTOR('',#12780,1.);
#12780 = DIRECTION('',(1.,0.));
#12781 = ( GEOMETRIC_REPRESENTATION_CONTEXT(2) 
PARAMETRIC_REPRESENTATION_CONTEXT() REPRESENTATION_CONTEXT('2D SPACE',''
  ) );
#12782 = PCURVE('',#12376,#12783);
#12783 = DEFINITIONAL_REPRESENTATION('',(#12784),#12788);
#12784 = CIRCLE('',#12785,5.5);
#12785 = AXIS2_PLACEMENT_2D('',#12786,#12787);
#12786 = CARTESIAN_POINT('',(1.E+03,-25.));
#12787 = DIRECTION('',(-1.,0.));
#12788 = ( GEOMETRIC_REPRESENTATION_CONTEXT(2) 
PARAMETRIC_REPRESENTATION_CONTEXT() REPRESENTATION_CONTEXT('2D SPACE',''
  ) );
#12789 = ORIENTED_EDGE('',*,*,#12790,.F.);
#12790 = EDGE_CURVE('',#12129,#12767,#12791,.T.);
#12791 = SEAM_CURVE('',#12792,(#12796,#12803),.PCURVE_S1.);
#12792 = LINE('',#12793,#12794);
#12793 = CARTESIAN_POINT('',(971.,25.,994.5));
#12794 = VECTOR('',#12795,1.);
#12795 = DIRECTION('',(1.,0.,1.110223024625E-16));
#12796 = PCURVE('',#12145,#12797);
#12797 = DEFINITIONAL_REPRESENTATION('',(#12798),#12802);
#12798 = LINE('',#12799,#12800);
#12799 = CARTESIAN_POINT('',(6.28318530718,-0.));
#12800 = VECTOR('',#12801,1.);
#12801 = DIRECTION('',(0.,1.));
#12802 = ( GEOMETRIC_REPRESENTATION_CONTEXT(2) 
PARAMETRIC_REPRESENTATION_CONTEXT() REPRESENTATION_CONTEXT('2D SPACE',''
  ) );
#12803 = PCURVE('',#12145,#12804);
#12804 = DEFINITIONAL_REPRESENTATION('',(#12805),#12809);
#12805 = LINE('',#12806,#12807);
#12806 = CARTESIAN_POINT('',(0.,-0.));
#12807 = VECTOR('',#12808,1.);
#12808 = DIRECTION('',(0.,1.));
#12809 = ( GEOMETRIC_REPRESENTATION_CONTEXT(2) 
PARAMETRIC_REPRESENTATION_CONTEXT() REPRESENTATION_CONTEXT('2D SPACE',''
  ) );
#12810 = ORIENTED_EDGE('',*,*,#12128,.T.);
#12811 = ORIENTED_EDGE('',*,*,#12790,.T.);
#12812 = ADVANCED_FACE('',(#12813),#12176,.F.);
#12813 = FACE_BOUND('',#12814,.F.);
#12814 = EDGE_LOOP('',(#12815,#12839,#12860,#12861));
#12815 = ORIENTED_EDGE('',*,*,#12816,.F.);
#12816 = EDGE_CURVE('',#12817,#12817,#12819,.T.);
#12817 = VERTEX_POINT('',#12818);
#12818 = CARTESIAN_POINT('',(997.,25.,1.1945E+03));
#12819 = SURFACE_CURVE('',#12820,(#12825,#12832),.PCURVE_S1.);
#12820 = CIRCLE('',#12821,5.5);
#12821 = AXIS2_PLACEMENT_3D('',#12822,#12823,#12824);
#12822 = CARTESIAN_POINT('',(997.,25.,1.2E+03));
#12823 = DIRECTION('',(1.,0.,1.110223024625E-16));
#12824 = DIRECTION('',(1.110223024625E-16,0.,-1.));
#12825 = PCURVE('',#12176,#12826);
#12826 = DEFINITIONAL_REPRESENTATION('',(#12827),#12831);
#12827 = LINE('',#12828,#12829);
#12828 = CARTESIAN_POINT('',(0.,26.));
#12829 = VECTOR('',#12830,1.);
#12830 = DIRECTION('',(1.,0.));
#12831 = ( GEOMETRIC_REPRESENTATION_CONTEXT(2) 
PARAMETRIC_REPRESENTATION_CONTEXT() REPRESENTATION_CONTEXT('2D SPACE',''
  ) );
#12832 = PCURVE('',#12376,#12833);
#12833 = DEFINITIONAL_REPRESENTATION('',(#12834),#12838);
#12834 = CIRCLE('',#12835,5.5);
#12835 = AXIS2_PLACEMENT_2D('',#12836,#12837);
#12836 = CARTESIAN_POINT('',(1.2E+03,-25.));
#12837 = DIRECTION('',(-1.,0.));
#12838 = ( GEOMETRIC_REPRESENTATION_CONTEXT(2) 
PARAMETRIC_REPRESENTATION_CONTEXT() REPRESENTATION_CONTEXT('2D SPACE',''
  ) );
#12839 = ORIENTED_EDGE('',*,*,#12840,.F.);
#12840 = EDGE_CURVE('',#12160,#12817,#12841,.T.);
#12841 = SEAM_CURVE('',#12842,(#12846,#12853),.PCURVE_S1.);
#12842 = LINE('',#12843,#12844);
#12843 = CARTESIAN_POINT('',(971.,25.,1.1945E+03));
#12844 = VECTOR('',#12845,1.);
#12845 = DIRECTION('',(1.,0.,1.110223024625E-16));
#12846 = PCURVE('',#12176,#12847);
#12847 = DEFINITIONAL_REPRESENTATION('',(#12848),#12852);
#12848 = LINE('',#12849,#12850);
#12849 = CARTESIAN_POINT('',(6.28318530718,-0.));
#12850 = VECTOR('',#12851,1.);
#12851 = DIRECTION('',(0.,1.));
#12852 = ( GEOMETRIC_REPRESENTATION_CONTEXT(2) 
PARAMETRIC_REPRESENTATION_CONTEXT() REPRESENTATION_CONTEXT('2D SPACE',''
  ) );
#12853 = PCURVE('',#12176,#12854);
#12854 = DEFINITIONAL_REPRESENTATION('',(#12855),#12859);
#12855 = LINE('',#12856,#12857);
#12856 = CARTESIAN_POINT('',(0.,-0.));
#12857 = VECTOR('',#12858,1.);
#12858 = DIRECTION('',(0.,1.));
#12859 = ( GEOMETRIC_REPRESENTATION_CONTEXT(2) 
PARAMETRIC_REPRESENTATION_CONTEXT() REPRESENTATION_CONTEXT('2D SPACE',''
  ) );
#12860 = ORIENTED_EDGE('',*,*,#12159,.T.);
#12861 = ORIENTED_EDGE('',*,*,#12840,.T.);
#12862 = ADVANCED_FACE('',(#12863),#12207,.F.);
#12863 = FACE_BOUND('',#12864,.F.);
#12864 = EDGE_LOOP('',(#12865,#12889,#12910,#12911));
#12865 = ORIENTED_EDGE('',*,*,#12866,.F.);
#12866 = EDGE_CURVE('',#12867,#12867,#12869,.T.);
#12867 = VERTEX_POINT('',#12868);
#12868 = CARTESIAN_POINT('',(997.,25.,1.2945E+03));
#12869 = SURFACE_CURVE('',#12870,(#12875,#12882),.PCURVE_S1.);
#12870 = CIRCLE('',#12871,5.5);
#12871 = AXIS2_PLACEMENT_3D('',#12872,#12873,#12874);
#12872 = CARTESIAN_POINT('',(997.,25.,1.3E+03));
#12873 = DIRECTION('',(1.,0.,1.110223024625E-16));
#12874 = DIRECTION('',(1.110223024625E-16,0.,-1.));
#12875 = PCURVE('',#12207,#12876);
#12876 = DEFINITIONAL_REPRESENTATION('',(#12877),#12881);
#12877 = LINE('',#12878,#12879);
#12878 = CARTESIAN_POINT('',(0.,26.));
#12879 = VECTOR('',#12880,1.);
#12880 = DIRECTION('',(1.,0.));
#12881 = ( GEOMETRIC_REPRESENTATION_CONTEXT(2) 
PARAMETRIC_REPRESENTATION_CONTEXT() REPRESENTATION_CONTEXT('2D SPACE',''
  ) );
#12882 = PCURVE('',#12376,#12883);
#12883 = DEFINITIONAL_REPRESENTATION('',(#12884),#12888);
#12884 = CIRCLE('',#12885,5.5);
#12885 = AXIS2_PLACEMENT_2D('',#12886,#12887);
#12886 = CARTESIAN_POINT('',(1.3E+03,-25.));
#12887 = DIRECTION('',(-1.,0.));
#12888 = ( GEOMETRIC_REPRESENTATION_CONTEXT(2) 
PARAMETRIC_REPRESENTATION_CONTEXT() REPRESENTATION_CONTEXT('2D SPACE',''
  ) );
#12889 = ORIENTED_EDGE('',*,*,#12890,.F.);
#12890 = EDGE_CURVE('',#12191,#12867,#12891,.T.);
#12891 = SEAM_CURVE('',#12892,(#12896,#12903),.PCURVE_S1.);
#12892 = LINE('',#12893,#12894);
#12893 = CARTESIAN_POINT('',(971.,25.,1.2945E+03));
#12894 = VECTOR('',#12895,1.);
#12895 = DIRECTION('',(1.,0.,1.110223024625E-16));
#12896 = PCURVE('',#12207,#12897);
#12897 = DEFINITIONAL_REPRESENTATION('',(#12898),#12902);
#12898 = LINE('',#12899,#12900);
#12899 = CARTESIAN_POINT('',(6.28318530718,-0.));
#12900 = VECTOR('',#12901,1.);
#12901 = DIRECTION('',(0.,1.));
#12902 = ( GEOMETRIC_REPRESENTATION_CONTEXT(2) 
PARAMETRIC_REPRESENTATION_CONTEXT() REPRESENTATION_CONTEXT('2D SPACE',''
  ) );
#12903 = PCURVE('',#12207,#12904);
#12904 = DEFINITIONAL_REPRESENTATION('',(#12905),#12909);
#12905 = LINE('',#12906,#12907);
#12906 = CARTESIAN_POINT('',(0.,-0.));
#12907 = VECTOR('',#12908,1.);
#12908 = DIRECTION('',(0.,1.));
#12909 = ( GEOMETRIC_REPRESENTATION_CONTEXT(2) 
PARAMETRIC_REPRESENTATION_CONTEXT() REPRESENTATION_CONTEXT('2D SPACE',''
  ) );
#12910 = ORIENTED_EDGE('',*,*,#12190,.T.);
#12911 = ORIENTED_EDGE('',*,*,#12890,.T.);
#12912 = ADVANCED_FACE('',(#12913),#12238,.F.);
#12913 = FACE_BOUND('',#12914,.F.);
#12914 = EDGE_LOOP('',(#12915,#12939,#12960,#12961));
#12915 = ORIENTED_EDGE('',*,*,#12916,.F.);
#12916 = EDGE_CURVE('',#12917,#12917,#12919,.T.);
#12917 = VERTEX_POINT('',#12918);
#12918 = CARTESIAN_POINT('',(997.,25.,1.6945E+03));
#12919 = SURFACE_CURVE('',#12920,(#12925,#12932),.PCURVE_S1.);
#12920 = CIRCLE('',#12921,5.5);
#12921 = AXIS2_PLACEMENT_3D('',#12922,#12923,#12924);
#12922 = CARTESIAN_POINT('',(997.,25.,1.7E+03));
#12923 = DIRECTION('',(1.,0.,1.110223024625E-16));
#12924 = DIRECTION('',(1.110223024625E-16,0.,-1.));
#12925 = PCURVE('',#12238,#12926);
#12926 = DEFINITIONAL_REPRESENTATION('',(#12927),#12931);
#12927 = LINE('',#12928,#12929);
#12928 = CARTESIAN_POINT('',(0.,26.));
#12929 = VECTOR('',#12930,1.);
#12930 = DIRECTION('',(1.,0.));
#12931 = ( GEOMETRIC_REPRESENTATION_CONTEXT(2) 
PARAMETRIC_REPRESENTATION_CONTEXT() REPRESENTATION_CONTEXT('2D SPACE',''
  ) );
#12932 = PCURVE('',#12376,#12933);
#12933 = DEFINITIONAL_REPRESENTATION('',(#12934),#12938);
#12934 = CIRCLE('',#12935,5.5);
#12935 = AXIS2_PLACEMENT_2D('',#12936,#12937);
#12936 = CARTESIAN_POINT('',(1.7E+03,-25.));
#12937 = DIRECTION('',(-1.,0.));
#12938 = ( GEOMETRIC_REPRESENTATION_CONTEXT(2) 
PARAMETRIC_REPRESENTATION_CONTEXT() REPRESENTATION_CONTEXT('2D SPACE',''
  ) );
#12939 = ORIENTED_EDGE('',*,*,#12940,.F.);
#12940 = EDGE_CURVE('',#12222,#12917,#12941,.T.);
#12941 = SEAM_CURVE('',#12942,(#12946,#12953),.PCURVE_S1.);
#12942 = LINE('',#12943,#12944);
#12943 = CARTESIAN_POINT('',(971.,25.,1.6945E+03));
#12944 = VECTOR('',#12945,1.);
#12945 = DIRECTION('',(1.,0.,1.110223024625E-16));
#12946 = PCURVE('',#12238,#12947);
#12947 = DEFINITIONAL_REPRESENTATION('',(#12948),#12952);
#12948 = LINE('',#12949,#12950);
#12949 = CARTESIAN_POINT('',(6.28318530718,-0.));
#12950 = VECTOR('',#12951,1.);
#12951 = DIRECTION('',(0.,1.));
#12952 = ( GEOMETRIC_REPRESENTATION_CONTEXT(2) 
PARAMETRIC_REPRESENTATION_CONTEXT() REPRESENTATION_CONTEXT('2D SPACE',''
  ) );
#12953 = PCURVE('',#12238,#12954);
#12954 = DEFINITIONAL_REPRESENTATION('',(#12955),#12959);
#12955 = LINE('',#12956,#12957);
#12956 = CARTESIAN_POINT('',(0.,-0.));
#12957 = VECTOR('',#12958,1.);
#12958 = DIRECTION('',(0.,1.));
#12959 = ( GEOMETRIC_REPRESENTATION_CONTEXT(2) 
PARAMETRIC_REPRESENTATION_CONTEXT() REPRESENTATION_CONTEXT('2D SPACE',''
  ) );
#12960 = ORIENTED_EDGE('',*,*,#12221,.T.);
#12961 = ORIENTED_EDGE('',*,*,#12940,.T.);
#12962 = ADVANCED_FACE('',(#12963),#12269,.F.);
#12963 = FACE_BOUND('',#12964,.F.);
#12964 = EDGE_LOOP('',(#12965,#12989,#13010,#13011));
#12965 = ORIENTED_EDGE('',*,*,#12966,.F.);
#12966 = EDGE_CURVE('',#12967,#12967,#12969,.T.);
#12967 = VERTEX_POINT('',#12968);
#12968 = CARTESIAN_POINT('',(997.,25.,1.7945E+03));
#12969 = SURFACE_CURVE('',#12970,(#12975,#12982),.PCURVE_S1.);
#12970 = CIRCLE('',#12971,5.5);
#12971 = AXIS2_PLACEMENT_3D('',#12972,#12973,#12974);
#12972 = CARTESIAN_POINT('',(997.,25.,1.8E+03));
#12973 = DIRECTION('',(1.,0.,1.110223024625E-16));
#12974 = DIRECTION('',(1.110223024625E-16,0.,-1.));
#12975 = PCURVE('',#12269,#12976);
#12976 = DEFINITIONAL_REPRESENTATION('',(#12977),#12981);
#12977 = LINE('',#12978,#12979);
#12978 = CARTESIAN_POINT('',(0.,26.));
#12979 = VECTOR('',#12980,1.);
#12980 = DIRECTION('',(1.,0.));
#12981 = ( GEOMETRIC_REPRESENTATION_CONTEXT(2) 
PARAMETRIC_REPRESENTATION_CONTEXT() REPRESENTATION_CONTEXT('2D SPACE',''
  ) );
#12982 = PCURVE('',#12376,#12983);
#12983 = DEFINITIONAL_REPRESENTATION('',(#12984),#12988);
#12984 = CIRCLE('',#12985,5.5);
#12985 = AXIS2_PLACEMENT_2D('',#12986,#12987);
#12986 = CARTESIAN_POINT('',(1.8E+03,-25.));
#12987 = DIRECTION('',(-1.,0.));
#12988 = ( GEOMETRIC_REPRESENTATION_CONTEXT(2) 
PARAMETRIC_REPRESENTATION_CONTEXT() REPRESENTATION_CONTEXT('2D SPACE',''
  ) );
#12989 = ORIENTED_EDGE('',*,*,#12990,.F.);
#12990 = EDGE_CURVE('',#12253,#12967,#12991,.T.);
#12991 = SEAM_CURVE('',#12992,(#12996,#13003),.PCURVE_S1.);
#12992 = LINE('',#12993,#12994);
#12993 = CARTESIAN_POINT('',(971.,25.,1.7945E+03));
#12994 = VECTOR('',#12995,1.);
#12995 = DIRECTION('',(1.,0.,1.110223024625E-16));
#12996 = PCURVE('',#12269,#12997);
#12997 = DEFINITIONAL_REPRESENTATION('',(#12998),#13002);
#12998 = LINE('',#12999,#13000);
#12999 = CARTESIAN_POINT('',(6.28318530718,-0.));
#13000 = VECTOR('',#13001,1.);
#13001 = DIRECTION('',(0.,1.));
#13002 = ( GEOMETRIC_REPRESENTATION_CONTEXT(2) 
PARAMETRIC_REPRESENTATION_CONTEXT() REPRESENTATION_CONTEXT('2D SPACE',''
  ) );
#13003 = PCURVE('',#12269,#13004);
#13004 = DEFINITIONAL_REPRESENTATION('',(#13005),#13009);
#13005 = LINE('',#13006,#13007);
#13006 = CARTESIAN_POINT('',(0.,-0.));
#13007 = VECTOR('',#13008,1.);
#13008 = DIRECTION('',(0.,1.));
#13009 = ( GEOMETRIC_REPRESENTATION_CONTEXT(2) 
PARAMETRIC_REPRESENTATION_CONTEXT() REPRESENTATION_CONTEXT('2D SPACE',''
  ) );
#13010 = ORIENTED_EDGE('',*,*,#12252,.T.);
#13011 = ORIENTED_EDGE('',*,*,#12990,.T.);
#13012 = ADVANCED_FACE('',(#13013),#12300,.F.);
#13013 = FACE_BOUND('',#13014,.F.);
#13014 = EDGE_LOOP('',(#13015,#13039,#13060,#13061));
#13015 = ORIENTED_EDGE('',*,*,#13016,.F.);
#13016 = EDGE_CURVE('',#13017,#13017,#13019,.T.);
#13017 = VERTEX_POINT('',#13018);
#13018 = CARTESIAN_POINT('',(997.,25.,1.8945E+03));
#13019 = SURFACE_CURVE('',#13020,(#13025,#13032),.PCURVE_S1.);
#13020 = CIRCLE('',#13021,5.5);
#13021 = AXIS2_PLACEMENT_3D('',#13022,#13023,#13024);
#13022 = CARTESIAN_POINT('',(997.,25.,1.9E+03));
#13023 = DIRECTION('',(1.,0.,1.110223024625E-16));
#13024 = DIRECTION('',(1.110223024625E-16,0.,-1.));
#13025 = PCURVE('',#12300,#13026);
#13026 = DEFINITIONAL_REPRESENTATION('',(#13027),#13031);
#13027 = LINE('',#13028,#13029);
#13028 = CARTESIAN_POINT('',(0.,26.));
#13029 = VECTOR('',#13030,1.);
#13030 = DIRECTION('',(1.,0.));
#13031 = ( GEOMETRIC_REPRESENTATION_CONTEXT(2) 
PARAMETRIC_REPRESENTATION_CONTEXT() REPRESENTATION_CONTEXT('2D SPACE',''
  ) );
#13032 = PCURVE('',#12376,#13033);
#13033 = DEFINITIONAL_REPRESENTATION('',(#13034),#13038);
#13034 = CIRCLE('',#13035,5.5);
#13035 = AXIS2_PLACEMENT_2D('',#13036,#13037);
#13036 = CARTESIAN_POINT('',(1.9E+03,-25.));
#13037 = DIRECTION('',(-1.,0.));
#13038 = ( GEOMETRIC_REPRESENTATION_CONTEXT(2) 
PARAMETRIC_REPRESENTATION_CONTEXT() REPRESENTATION_CONTEXT('2D SPACE',''
  ) );
#13039 = ORIENTED_EDGE('',*,*,#13040,.F.);
#13040 = EDGE_CURVE('',#12284,#13017,#13041,.T.);
#13041 = SEAM_CURVE('',#13042,(#13046,#13053),.PCURVE_S1.);
#13042 = LINE('',#13043,#13044);
#13043 = CARTESIAN_POINT('',(971.,25.,1.8945E+03));
#13044 = VECTOR('',#13045,1.);
#13045 = DIRECTION('',(1.,0.,1.110223024625E-16));
#13046 = PCURVE('',#12300,#13047);
#13047 = DEFINITIONAL_REPRESENTATION('',(#13048),#13052);
#13048 = LINE('',#13049,#13050);
#13049 = CARTESIAN_POINT('',(6.28318530718,-0.));
#13050 = VECTOR('',#13051,1.);
#13051 = DIRECTION('',(0.,1.));
#13052 = ( GEOMETRIC_REPRESENTATION_CONTEXT(2) 
PARAMETRIC_REPRESENTATION_CONTEXT() REPRESENTATION_CONTEXT('2D SPACE',''
  ) );
#13053 = PCURVE('',#12300,#13054);
#13054 = DEFINITIONAL_REPRESENTATION('',(#13055),#13059);
#13055 = LINE('',#13056,#13057);
#13056 = CARTESIAN_POINT('',(0.,-0.));
#13057 = VECTOR('',#13058,1.);
#13058 = DIRECTION('',(0.,1.));
#13059 = ( GEOMETRIC_REPRESENTATION_CONTEXT(2) 
PARAMETRIC_REPRESENTATION_CONTEXT() REPRESENTATION_CONTEXT('2D SPACE',''
  ) );
#13060 = ORIENTED_EDGE('',*,*,#12283,.T.);
#13061 = ORIENTED_EDGE('',*,*,#13040,.T.);
#13062 = ADVANCED_FACE('',(#13063,#13069,#13072,#13075,#13078,#13081,
    #13084,#13087,#13090,#13093,#13096,#13099),#12376,.T.);
#13063 = FACE_BOUND('',#13064,.T.);
#13064 = EDGE_LOOP('',(#13065,#13066,#13067,#13068));
#13065 = ORIENTED_EDGE('',*,*,#12362,.F.);
#13066 = ORIENTED_EDGE('',*,*,#12442,.T.);
#13067 = ORIENTED_EDGE('',*,*,#12492,.T.);
#13068 = ORIENTED_EDGE('',*,*,#12393,.F.);
#13069 = FACE_BOUND('',#13070,.T.);
#13070 = EDGE_LOOP('',(#13071));
#13071 = ORIENTED_EDGE('',*,*,#12516,.F.);
#13072 = FACE_BOUND('',#13073,.T.);
#13073 = EDGE_LOOP('',(#13074));
#13074 = ORIENTED_EDGE('',*,*,#12566,.F.);
#13075 = FACE_BOUND('',#13076,.T.);
#13076 = EDGE_LOOP('',(#13077));
#13077 = ORIENTED_EDGE('',*,*,#12616,.F.);
#13078 = FACE_BOUND('',#13079,.T.);
#13079 = EDGE_LOOP('',(#13080));
#13080 = ORIENTED_EDGE('',*,*,#12666,.F.);
#13081 = FACE_BOUND('',#13082,.T.);
#13082 = EDGE_LOOP('',(#13083));
#13083 = ORIENTED_EDGE('',*,*,#12716,.F.);
#13084 = FACE_BOUND('',#13085,.T.);
#13085 = EDGE_LOOP('',(#13086));
#13086 = ORIENTED_EDGE('',*,*,#12766,.F.);
#13087 = FACE_BOUND('',#13088,.T.);
#13088 = EDGE_LOOP('',(#13089));
#13089 = ORIENTED_EDGE('',*,*,#12816,.F.);
#13090 = FACE_BOUND('',#13091,.T.);
#13091 = EDGE_LOOP('',(#13092));
#13092 = ORIENTED_EDGE('',*,*,#12866,.F.);
#13093 = FACE_BOUND('',#13094,.T.);
#13094 = EDGE_LOOP('',(#13095));
#13095 = ORIENTED_EDGE('',*,*,#12916,.F.);
#13096 = FACE_BOUND('',#13097,.T.);
#13097 = EDGE_LOOP('',(#13098));
#13098 = ORIENTED_EDGE('',*,*,#12966,.F.);
#13099 = FACE_BOUND('',#13100,.T.);
#13100 = EDGE_LOOP('',(#13101));
#13101 = ORIENTED_EDGE('',*,*,#13016,.F.);
#13102 = ( GEOMETRIC_REPRESENTATION_CONTEXT(3) 
GLOBAL_UNCERTAINTY_ASSIGNED_CONTEXT((#13106)) 
GLOBAL_UNIT_ASSIGNED_CONTEXT((#13103,#13104,#13105)) 
REPRESENTATION_CONTEXT('Context #1',
  '3D Context with UNIT and UNCERTAINTY') );
#13103 = ( LENGTH_UNIT() NAMED_UNIT(*) SI_UNIT(.MILLI.,.METRE.) );
#13104 = ( NAMED_UNIT(*) PLANE_ANGLE_UNIT() SI_UNIT($,.RADIAN.) );
#13105 = ( NAMED_UNIT(*) SI_UNIT($,.STERADIAN.) SOLID_ANGLE_UNIT() );
#13106 = UNCERTAINTY_MEASURE_WITH_UNIT(LENGTH_MEASURE(1.E-07),#13103,
  'distance_accuracy_value','confusion accuracy');
#13107 = CONTEXT_DEPENDENT_SHAPE_REPRESENTATION(#13108,#13110);
#13108 = ( REPRESENTATION_RELATIONSHIP('','',#11847,#10) 
REPRESENTATION_RELATIONSHIP_WITH_TRANSFORMATION(#13109) 
SHAPE_REPRESENTATION_RELATIONSHIP() );
#13109 = ITEM_DEFINED_TRANSFORMATION('','',#11,#107);
#13110 = PRODUCT_DEFINITION_SHAPE('Placement','Placement of an item',
  #13111);
#13111 = NEXT_ASSEMBLY_USAGE_OCCURRENCE('891',
  '\X2\04410442043E0439043A0430\X0\_\X2\0449043804420430\X0\_25\X2\0445\X0\50\X2\0445\X0\2400','',#5,
  #11842,$);
#13112 = PRODUCT_RELATED_PRODUCT_CATEGORY('part',$,(#11844));
#13113 = SHAPE_DEFINITION_REPRESENTATION(#13114,#13120);
#13114 = PRODUCT_DEFINITION_SHAPE('','',#13115);
#13115 = PRODUCT_DEFINITION('design','',#13116,#13119);
#13116 = PRODUCT_DEFINITION_FORMATION('','',#13117);
#13117 = PRODUCT('\X2\043F043504400435043C044B0447043A0430\X0\_25\X2\0445\X0\50\X2\0445\X0\947',
  '\X2\043F043504400435043C044B0447043A0430\X0\_25\X2\0445\X0\50\X2\0445\X0\947','',(#13118));
#13118 = PRODUCT_CONTEXT('',#2,'mechanical');
#13119 = PRODUCT_DEFINITION_CONTEXT('part definition',#2,'design');
#13120 = ADVANCED_BREP_SHAPE_REPRESENTATION('',(#11,#13121),#13451);
#13121 = MANIFOLD_SOLID_BREP('',#13122);
#13122 = CLOSED_SHELL('',(#13123,#13243,#13343,#13390,#13437,#13444));
#13123 = ADVANCED_FACE('',(#13124),#13138,.F.);
#13124 = FACE_BOUND('',#13125,.F.);
#13125 = EDGE_LOOP('',(#13126,#13161,#13189,#13217));
#13126 = ORIENTED_EDGE('',*,*,#13127,.F.);
#13127 = EDGE_CURVE('',#13128,#13130,#13132,.T.);
#13128 = VERTEX_POINT('',#13129);
#13129 = CARTESIAN_POINT('',(0.,0.,0.));
#13130 = VERTEX_POINT('',#13131);
#13131 = CARTESIAN_POINT('',(0.,0.,25.));
#13132 = SURFACE_CURVE('',#13133,(#13137,#13149),.PCURVE_S1.);
#13133 = LINE('',#13134,#13135);
#13134 = CARTESIAN_POINT('',(0.,0.,0.));
#13135 = VECTOR('',#13136,1.);
#13136 = DIRECTION('',(0.,0.,1.));
#13137 = PCURVE('',#13138,#13143);
#13138 = PLANE('',#13139);
#13139 = AXIS2_PLACEMENT_3D('',#13140,#13141,#13142);
#13140 = CARTESIAN_POINT('',(0.,0.,0.));
#13141 = DIRECTION('',(1.,0.,-0.));
#13142 = DIRECTION('',(0.,0.,1.));
#13143 = DEFINITIONAL_REPRESENTATION('',(#13144),#13148);
#13144 = LINE('',#13145,#13146);
#13145 = CARTESIAN_POINT('',(0.,0.));
#13146 = VECTOR('',#13147,1.);
#13147 = DIRECTION('',(1.,0.));
#13148 = ( GEOMETRIC_REPRESENTATION_CONTEXT(2) 
PARAMETRIC_REPRESENTATION_CONTEXT() REPRESENTATION_CONTEXT('2D SPACE',''
  ) );
#13149 = PCURVE('',#13150,#13155);
#13150 = PLANE('',#13151);
#13151 = AXIS2_PLACEMENT_3D('',#13152,#13153,#13154);
#13152 = CARTESIAN_POINT('',(0.,0.,0.));
#13153 = DIRECTION('',(-0.,1.,0.));
#13154 = DIRECTION('',(0.,0.,1.));
#13155 = DEFINITIONAL_REPRESENTATION('',(#13156),#13160);
#13156 = LINE('',#13157,#13158);
#13157 = CARTESIAN_POINT('',(0.,0.));
#13158 = VECTOR('',#13159,1.);
#13159 = DIRECTION('',(1.,0.));
#13160 = ( GEOMETRIC_REPRESENTATION_CONTEXT(2) 
PARAMETRIC_REPRESENTATION_CONTEXT() REPRESENTATION_CONTEXT('2D SPACE',''
  ) );
#13161 = ORIENTED_EDGE('',*,*,#13162,.T.);
#13162 = EDGE_CURVE('',#13128,#13163,#13165,.T.);
#13163 = VERTEX_POINT('',#13164);
#13164 = CARTESIAN_POINT('',(0.,50.,0.));
#13165 = SURFACE_CURVE('',#13166,(#13170,#13177),.PCURVE_S1.);
#13166 = LINE('',#13167,#13168);
#13167 = CARTESIAN_POINT('',(0.,0.,0.));
#13168 = VECTOR('',#13169,1.);
#13169 = DIRECTION('',(-0.,1.,0.));
#13170 = PCURVE('',#13138,#13171);
#13171 = DEFINITIONAL_REPRESENTATION('',(#13172),#13176);
#13172 = LINE('',#13173,#13174);
#13173 = CARTESIAN_POINT('',(0.,0.));
#13174 = VECTOR('',#13175,1.);
#13175 = DIRECTION('',(0.,-1.));
#13176 = ( GEOMETRIC_REPRESENTATION_CONTEXT(2) 
PARAMETRIC_REPRESENTATION_CONTEXT() REPRESENTATION_CONTEXT('2D SPACE',''
  ) );
#13177 = PCURVE('',#13178,#13183);
#13178 = PLANE('',#13179);
#13179 = AXIS2_PLACEMENT_3D('',#13180,#13181,#13182);
#13180 = CARTESIAN_POINT('',(0.,0.,0.));
#13181 = DIRECTION('',(0.,0.,1.));
#13182 = DIRECTION('',(1.,0.,-0.));
#13183 = DEFINITIONAL_REPRESENTATION('',(#13184),#13188);
#13184 = LINE('',#13185,#13186);
#13185 = CARTESIAN_POINT('',(0.,0.));
#13186 = VECTOR('',#13187,1.);
#13187 = DIRECTION('',(0.,1.));
#13188 = ( GEOMETRIC_REPRESENTATION_CONTEXT(2) 
PARAMETRIC_REPRESENTATION_CONTEXT() REPRESENTATION_CONTEXT('2D SPACE',''
  ) );
#13189 = ORIENTED_EDGE('',*,*,#13190,.T.);
#13190 = EDGE_CURVE('',#13163,#13191,#13193,.T.);
#13191 = VERTEX_POINT('',#13192);
#13192 = CARTESIAN_POINT('',(0.,50.,25.));
#13193 = SURFACE_CURVE('',#13194,(#13198,#13205),.PCURVE_S1.);
#13194 = LINE('',#13195,#13196);
#13195 = CARTESIAN_POINT('',(0.,50.,0.));
#13196 = VECTOR('',#13197,1.);
#13197 = DIRECTION('',(0.,0.,1.));
#13198 = PCURVE('',#13138,#13199);
#13199 = DEFINITIONAL_REPRESENTATION('',(#13200),#13204);
#13200 = LINE('',#13201,#13202);
#13201 = CARTESIAN_POINT('',(0.,-50.));
#13202 = VECTOR('',#13203,1.);
#13203 = DIRECTION('',(1.,0.));
#13204 = ( GEOMETRIC_REPRESENTATION_CONTEXT(2) 
PARAMETRIC_REPRESENTATION_CONTEXT() REPRESENTATION_CONTEXT('2D SPACE',''
  ) );
#13205 = PCURVE('',#13206,#13211);
#13206 = PLANE('',#13207);
#13207 = AXIS2_PLACEMENT_3D('',#13208,#13209,#13210);
#13208 = CARTESIAN_POINT('',(0.,50.,0.));
#13209 = DIRECTION('',(-0.,1.,0.));
#13210 = DIRECTION('',(0.,0.,1.));
#13211 = DEFINITIONAL_REPRESENTATION('',(#13212),#13216);
#13212 = LINE('',#13213,#13214);
#13213 = CARTESIAN_POINT('',(0.,0.));
#13214 = VECTOR('',#13215,1.);
#13215 = DIRECTION('',(1.,0.));
#13216 = ( GEOMETRIC_REPRESENTATION_CONTEXT(2) 
PARAMETRIC_REPRESENTATION_CONTEXT() REPRESENTATION_CONTEXT('2D SPACE',''
  ) );
#13217 = ORIENTED_EDGE('',*,*,#13218,.F.);
#13218 = EDGE_CURVE('',#13130,#13191,#13219,.T.);
#13219 = SURFACE_CURVE('',#13220,(#13224,#13231),.PCURVE_S1.);
#13220 = LINE('',#13221,#13222);
#13221 = CARTESIAN_POINT('',(0.,0.,25.));
#13222 = VECTOR('',#13223,1.);
#13223 = DIRECTION('',(-0.,1.,0.));
#13224 = PCURVE('',#13138,#13225);
#13225 = DEFINITIONAL_REPRESENTATION('',(#13226),#13230);
#13226 = LINE('',#13227,#13228);
#13227 = CARTESIAN_POINT('',(25.,0.));
#13228 = VECTOR('',#13229,1.);
#13229 = DIRECTION('',(0.,-1.));
#13230 = ( GEOMETRIC_REPRESENTATION_CONTEXT(2) 
PARAMETRIC_REPRESENTATION_CONTEXT() REPRESENTATION_CONTEXT('2D SPACE',''
  ) );
#13231 = PCURVE('',#13232,#13237);
#13232 = PLANE('',#13233);
#13233 = AXIS2_PLACEMENT_3D('',#13234,#13235,#13236);
#13234 = CARTESIAN_POINT('',(0.,0.,25.));
#13235 = DIRECTION('',(0.,0.,1.));
#13236 = DIRECTION('',(1.,0.,-0.));
#13237 = DEFINITIONAL_REPRESENTATION('',(#13238),#13242);
#13238 = LINE('',#13239,#13240);
#13239 = CARTESIAN_POINT('',(0.,0.));
#13240 = VECTOR('',#13241,1.);
#13241 = DIRECTION('',(0.,1.));
#13242 = ( GEOMETRIC_REPRESENTATION_CONTEXT(2) 
PARAMETRIC_REPRESENTATION_CONTEXT() REPRESENTATION_CONTEXT('2D SPACE',''
  ) );
#13243 = ADVANCED_FACE('',(#13244),#13258,.T.);
#13244 = FACE_BOUND('',#13245,.T.);
#13245 = EDGE_LOOP('',(#13246,#13276,#13299,#13322));
#13246 = ORIENTED_EDGE('',*,*,#13247,.F.);
#13247 = EDGE_CURVE('',#13248,#13250,#13252,.T.);
#13248 = VERTEX_POINT('',#13249);
#13249 = CARTESIAN_POINT('',(947.,0.,0.));
#13250 = VERTEX_POINT('',#13251);
#13251 = CARTESIAN_POINT('',(947.,0.,25.));
#13252 = SURFACE_CURVE('',#13253,(#13257,#13269),.PCURVE_S1.);
#13253 = LINE('',#13254,#13255);
#13254 = CARTESIAN_POINT('',(947.,0.,0.));
#13255 = VECTOR('',#13256,1.);
#13256 = DIRECTION('',(0.,0.,1.));
#13257 = PCURVE('',#13258,#13263);
#13258 = PLANE('',#13259);
#13259 = AXIS2_PLACEMENT_3D('',#13260,#13261,#13262);
#13260 = CARTESIAN_POINT('',(947.,0.,0.));
#13261 = DIRECTION('',(1.,0.,-0.));
#13262 = DIRECTION('',(0.,0.,1.));
#13263 = DEFINITIONAL_REPRESENTATION('',(#13264),#13268);
#13264 = LINE('',#13265,#13266);
#13265 = CARTESIAN_POINT('',(0.,0.));
#13266 = VECTOR('',#13267,1.);
#13267 = DIRECTION('',(1.,0.));
#13268 = ( GEOMETRIC_REPRESENTATION_CONTEXT(2) 
PARAMETRIC_REPRESENTATION_CONTEXT() REPRESENTATION_CONTEXT('2D SPACE',''
  ) );
#13269 = PCURVE('',#13150,#13270);
#13270 = DEFINITIONAL_REPRESENTATION('',(#13271),#13275);
#13271 = LINE('',#13272,#13273);
#13272 = CARTESIAN_POINT('',(0.,947.));
#13273 = VECTOR('',#13274,1.);
#13274 = DIRECTION('',(1.,0.));
#13275 = ( GEOMETRIC_REPRESENTATION_CONTEXT(2) 
PARAMETRIC_REPRESENTATION_CONTEXT() REPRESENTATION_CONTEXT('2D SPACE',''
  ) );
#13276 = ORIENTED_EDGE('',*,*,#13277,.T.);
#13277 = EDGE_CURVE('',#13248,#13278,#13280,.T.);
#13278 = VERTEX_POINT('',#13279);
#13279 = CARTESIAN_POINT('',(947.,50.,0.));
#13280 = SURFACE_CURVE('',#13281,(#13285,#13292),.PCURVE_S1.);
#13281 = LINE('',#13282,#13283);
#13282 = CARTESIAN_POINT('',(947.,0.,0.));
#13283 = VECTOR('',#13284,1.);
#13284 = DIRECTION('',(-0.,1.,0.));
#13285 = PCURVE('',#13258,#13286);
#13286 = DEFINITIONAL_REPRESENTATION('',(#13287),#13291);
#13287 = LINE('',#13288,#13289);
#13288 = CARTESIAN_POINT('',(0.,0.));
#13289 = VECTOR('',#13290,1.);
#13290 = DIRECTION('',(0.,-1.));
#13291 = ( GEOMETRIC_REPRESENTATION_CONTEXT(2) 
PARAMETRIC_REPRESENTATION_CONTEXT() REPRESENTATION_CONTEXT('2D SPACE',''
  ) );
#13292 = PCURVE('',#13178,#13293);
#13293 = DEFINITIONAL_REPRESENTATION('',(#13294),#13298);
#13294 = LINE('',#13295,#13296);
#13295 = CARTESIAN_POINT('',(947.,0.));
#13296 = VECTOR('',#13297,1.);
#13297 = DIRECTION('',(0.,1.));
#13298 = ( GEOMETRIC_REPRESENTATION_CONTEXT(2) 
PARAMETRIC_REPRESENTATION_CONTEXT() REPRESENTATION_CONTEXT('2D SPACE',''
  ) );
#13299 = ORIENTED_EDGE('',*,*,#13300,.T.);
#13300 = EDGE_CURVE('',#13278,#13301,#13303,.T.);
#13301 = VERTEX_POINT('',#13302);
#13302 = CARTESIAN_POINT('',(947.,50.,25.));
#13303 = SURFACE_CURVE('',#13304,(#13308,#13315),.PCURVE_S1.);
#13304 = LINE('',#13305,#13306);
#13305 = CARTESIAN_POINT('',(947.,50.,0.));
#13306 = VECTOR('',#13307,1.);
#13307 = DIRECTION('',(0.,0.,1.));
#13308 = PCURVE('',#13258,#13309);
#13309 = DEFINITIONAL_REPRESENTATION('',(#13310),#13314);
#13310 = LINE('',#13311,#13312);
#13311 = CARTESIAN_POINT('',(0.,-50.));
#13312 = VECTOR('',#13313,1.);
#13313 = DIRECTION('',(1.,0.));
#13314 = ( GEOMETRIC_REPRESENTATION_CONTEXT(2) 
PARAMETRIC_REPRESENTATION_CONTEXT() REPRESENTATION_CONTEXT('2D SPACE',''
  ) );
#13315 = PCURVE('',#13206,#13316);
#13316 = DEFINITIONAL_REPRESENTATION('',(#13317),#13321);
#13317 = LINE('',#13318,#13319);
#13318 = CARTESIAN_POINT('',(0.,947.));
#13319 = VECTOR('',#13320,1.);
#13320 = DIRECTION('',(1.,0.));
#13321 = ( GEOMETRIC_REPRESENTATION_CONTEXT(2) 
PARAMETRIC_REPRESENTATION_CONTEXT() REPRESENTATION_CONTEXT('2D SPACE',''
  ) );
#13322 = ORIENTED_EDGE('',*,*,#13323,.F.);
#13323 = EDGE_CURVE('',#13250,#13301,#13324,.T.);
#13324 = SURFACE_CURVE('',#13325,(#13329,#13336),.PCURVE_S1.);
#13325 = LINE('',#13326,#13327);
#13326 = CARTESIAN_POINT('',(947.,0.,25.));
#13327 = VECTOR('',#13328,1.);
#13328 = DIRECTION('',(-0.,1.,0.));
#13329 = PCURVE('',#13258,#13330);
#13330 = DEFINITIONAL_REPRESENTATION('',(#13331),#13335);
#13331 = LINE('',#13332,#13333);
#13332 = CARTESIAN_POINT('',(25.,0.));
#13333 = VECTOR('',#13334,1.);
#13334 = DIRECTION('',(0.,-1.));
#13335 = ( GEOMETRIC_REPRESENTATION_CONTEXT(2) 
PARAMETRIC_REPRESENTATION_CONTEXT() REPRESENTATION_CONTEXT('2D SPACE',''
  ) );
#13336 = PCURVE('',#13232,#13337);
#13337 = DEFINITIONAL_REPRESENTATION('',(#13338),#13342);
#13338 = LINE('',#13339,#13340);
#13339 = CARTESIAN_POINT('',(947.,0.));
#13340 = VECTOR('',#13341,1.);
#13341 = DIRECTION('',(0.,1.));
#13342 = ( GEOMETRIC_REPRESENTATION_CONTEXT(2) 
PARAMETRIC_REPRESENTATION_CONTEXT() REPRESENTATION_CONTEXT('2D SPACE',''
  ) );
#13343 = ADVANCED_FACE('',(#13344),#13150,.F.);
#13344 = FACE_BOUND('',#13345,.F.);
#13345 = EDGE_LOOP('',(#13346,#13367,#13368,#13389));
#13346 = ORIENTED_EDGE('',*,*,#13347,.F.);
#13347 = EDGE_CURVE('',#13128,#13248,#13348,.T.);
#13348 = SURFACE_CURVE('',#13349,(#13353,#13360),.PCURVE_S1.);
#13349 = LINE('',#13350,#13351);
#13350 = CARTESIAN_POINT('',(0.,0.,0.));
#13351 = VECTOR('',#13352,1.);
#13352 = DIRECTION('',(1.,0.,-0.));
#13353 = PCURVE('',#13150,#13354);
#13354 = DEFINITIONAL_REPRESENTATION('',(#13355),#13359);
#13355 = LINE('',#13356,#13357);
#13356 = CARTESIAN_POINT('',(0.,0.));
#13357 = VECTOR('',#13358,1.);
#13358 = DIRECTION('',(0.,1.));
#13359 = ( GEOMETRIC_REPRESENTATION_CONTEXT(2) 
PARAMETRIC_REPRESENTATION_CONTEXT() REPRESENTATION_CONTEXT('2D SPACE',''
  ) );
#13360 = PCURVE('',#13178,#13361);
#13361 = DEFINITIONAL_REPRESENTATION('',(#13362),#13366);
#13362 = LINE('',#13363,#13364);
#13363 = CARTESIAN_POINT('',(0.,0.));
#13364 = VECTOR('',#13365,1.);
#13365 = DIRECTION('',(1.,0.));
#13366 = ( GEOMETRIC_REPRESENTATION_CONTEXT(2) 
PARAMETRIC_REPRESENTATION_CONTEXT() REPRESENTATION_CONTEXT('2D SPACE',''
  ) );
#13367 = ORIENTED_EDGE('',*,*,#13127,.T.);
#13368 = ORIENTED_EDGE('',*,*,#13369,.T.);
#13369 = EDGE_CURVE('',#13130,#13250,#13370,.T.);
#13370 = SURFACE_CURVE('',#13371,(#13375,#13382),.PCURVE_S1.);
#13371 = LINE('',#13372,#13373);
#13372 = CARTESIAN_POINT('',(0.,0.,25.));
#13373 = VECTOR('',#13374,1.);
#13374 = DIRECTION('',(1.,0.,-0.));
#13375 = PCURVE('',#13150,#13376);
#13376 = DEFINITIONAL_REPRESENTATION('',(#13377),#13381);
#13377 = LINE('',#13378,#13379);
#13378 = CARTESIAN_POINT('',(25.,0.));
#13379 = VECTOR('',#13380,1.);
#13380 = DIRECTION('',(0.,1.));
#13381 = ( GEOMETRIC_REPRESENTATION_CONTEXT(2) 
PARAMETRIC_REPRESENTATION_CONTEXT() REPRESENTATION_CONTEXT('2D SPACE',''
  ) );
#13382 = PCURVE('',#13232,#13383);
#13383 = DEFINITIONAL_REPRESENTATION('',(#13384),#13388);
#13384 = LINE('',#13385,#13386);
#13385 = CARTESIAN_POINT('',(0.,0.));
#13386 = VECTOR('',#13387,1.);
#13387 = DIRECTION('',(1.,0.));
#13388 = ( GEOMETRIC_REPRESENTATION_CONTEXT(2) 
PARAMETRIC_REPRESENTATION_CONTEXT() REPRESENTATION_CONTEXT('2D SPACE',''
  ) );
#13389 = ORIENTED_EDGE('',*,*,#13247,.F.);
#13390 = ADVANCED_FACE('',(#13391),#13206,.T.);
#13391 = FACE_BOUND('',#13392,.T.);
#13392 = EDGE_LOOP('',(#13393,#13414,#13415,#13436));
#13393 = ORIENTED_EDGE('',*,*,#13394,.F.);
#13394 = EDGE_CURVE('',#13163,#13278,#13395,.T.);
#13395 = SURFACE_CURVE('',#13396,(#13400,#13407),.PCURVE_S1.);
#13396 = LINE('',#13397,#13398);
#13397 = CARTESIAN_POINT('',(0.,50.,0.));
#13398 = VECTOR('',#13399,1.);
#13399 = DIRECTION('',(1.,0.,-0.));
#13400 = PCURVE('',#13206,#13401);
#13401 = DEFINITIONAL_REPRESENTATION('',(#13402),#13406);
#13402 = LINE('',#13403,#13404);
#13403 = CARTESIAN_POINT('',(0.,0.));
#13404 = VECTOR('',#13405,1.);
#13405 = DIRECTION('',(0.,1.));
#13406 = ( GEOMETRIC_REPRESENTATION_CONTEXT(2) 
PARAMETRIC_REPRESENTATION_CONTEXT() REPRESENTATION_CONTEXT('2D SPACE',''
  ) );
#13407 = PCURVE('',#13178,#13408);
#13408 = DEFINITIONAL_REPRESENTATION('',(#13409),#13413);
#13409 = LINE('',#13410,#13411);
#13410 = CARTESIAN_POINT('',(0.,50.));
#13411 = VECTOR('',#13412,1.);
#13412 = DIRECTION('',(1.,0.));
#13413 = ( GEOMETRIC_REPRESENTATION_CONTEXT(2) 
PARAMETRIC_REPRESENTATION_CONTEXT() REPRESENTATION_CONTEXT('2D SPACE',''
  ) );
#13414 = ORIENTED_EDGE('',*,*,#13190,.T.);
#13415 = ORIENTED_EDGE('',*,*,#13416,.T.);
#13416 = EDGE_CURVE('',#13191,#13301,#13417,.T.);
#13417 = SURFACE_CURVE('',#13418,(#13422,#13429),.PCURVE_S1.);
#13418 = LINE('',#13419,#13420);
#13419 = CARTESIAN_POINT('',(0.,50.,25.));
#13420 = VECTOR('',#13421,1.);
#13421 = DIRECTION('',(1.,0.,-0.));
#13422 = PCURVE('',#13206,#13423);
#13423 = DEFINITIONAL_REPRESENTATION('',(#13424),#13428);
#13424 = LINE('',#13425,#13426);
#13425 = CARTESIAN_POINT('',(25.,0.));
#13426 = VECTOR('',#13427,1.);
#13427 = DIRECTION('',(0.,1.));
#13428 = ( GEOMETRIC_REPRESENTATION_CONTEXT(2) 
PARAMETRIC_REPRESENTATION_CONTEXT() REPRESENTATION_CONTEXT('2D SPACE',''
  ) );
#13429 = PCURVE('',#13232,#13430);
#13430 = DEFINITIONAL_REPRESENTATION('',(#13431),#13435);
#13431 = LINE('',#13432,#13433);
#13432 = CARTESIAN_POINT('',(0.,50.));
#13433 = VECTOR('',#13434,1.);
#13434 = DIRECTION('',(1.,0.));
#13435 = ( GEOMETRIC_REPRESENTATION_CONTEXT(2) 
PARAMETRIC_REPRESENTATION_CONTEXT() REPRESENTATION_CONTEXT('2D SPACE',''
  ) );
#13436 = ORIENTED_EDGE('',*,*,#13300,.F.);
#13437 = ADVANCED_FACE('',(#13438),#13178,.F.);
#13438 = FACE_BOUND('',#13439,.F.);
#13439 = EDGE_LOOP('',(#13440,#13441,#13442,#13443));
#13440 = ORIENTED_EDGE('',*,*,#13162,.F.);
#13441 = ORIENTED_EDGE('',*,*,#13347,.T.);
#13442 = ORIENTED_EDGE('',*,*,#13277,.T.);
#13443 = ORIENTED_EDGE('',*,*,#13394,.F.);
#13444 = ADVANCED_FACE('',(#13445),#13232,.T.);
#13445 = FACE_BOUND('',#13446,.T.);
#13446 = EDGE_LOOP('',(#13447,#13448,#13449,#13450));
#13447 = ORIENTED_EDGE('',*,*,#13218,.F.);
#13448 = ORIENTED_EDGE('',*,*,#13369,.T.);
#13449 = ORIENTED_EDGE('',*,*,#13323,.T.);
#13450 = ORIENTED_EDGE('',*,*,#13416,.F.);
#13451 = ( GEOMETRIC_REPRESENTATION_CONTEXT(3) 
GLOBAL_UNCERTAINTY_ASSIGNED_CONTEXT((#13455)) 
GLOBAL_UNIT_ASSIGNED_CONTEXT((#13452,#13453,#13454)) 
REPRESENTATION_CONTEXT('Context #1',
  '3D Context with UNIT and UNCERTAINTY') );
#13452 = ( LENGTH_UNIT() NAMED_UNIT(*) SI_UNIT(.MILLI.,.METRE.) );
#13453 = ( NAMED_UNIT(*) PLANE_ANGLE_UNIT() SI_UNIT($,.RADIAN.) );
#13454 = ( NAMED_UNIT(*) SI_UNIT($,.STERADIAN.) SOLID_ANGLE_UNIT() );
#13455 = UNCERTAINTY_MEASURE_WITH_UNIT(LENGTH_MEASURE(1.E-07),#13452,
  'distance_accuracy_value','confusion accuracy');
#13456 = CONTEXT_DEPENDENT_SHAPE_REPRESENTATION(#13457,#13459);
#13457 = ( REPRESENTATION_RELATIONSHIP('','',#13120,#10) 
REPRESENTATION_RELATIONSHIP_WITH_TRANSFORMATION(#13458) 
SHAPE_REPRESENTATION_RELATIONSHIP() );
#13458 = ITEM_DEFINED_TRANSFORMATION('','',#11,#111);
#13459 = PRODUCT_DEFINITION_SHAPE('Placement','Placement of an item',
  #13460);
#13460 = NEXT_ASSEMBLY_USAGE_OCCURRENCE('892',
  '\X2\043F043504400435043C044B0447043A0430\X0\_25\X2\0445\X0\50\X2\0445\X0\947','',#5,#13115,$
  );
#13461 = PRODUCT_RELATED_PRODUCT_CATEGORY('part',$,(#13117));
#13462 = SHAPE_DEFINITION_REPRESENTATION(#13463,#13469);
#13463 = PRODUCT_DEFINITION_SHAPE('','',#13464);
#13464 = PRODUCT_DEFINITION('design','',#13465,#13468);
#13465 = PRODUCT_DEFINITION_FORMATION('','',#13466);
#13466 = PRODUCT('\X2\043F043504400435043C044B0447043A0430\X0\_25\X2\0445\X0\50\X2\0445\X0\947',
  '\X2\043F043504400435043C044B0447043A0430\X0\_25\X2\0445\X0\50\X2\0445\X0\947','',(#13467));
#13467 = PRODUCT_CONTEXT('',#2,'mechanical');
#13468 = PRODUCT_DEFINITION_CONTEXT('part definition',#2,'design');
#13469 = ADVANCED_BREP_SHAPE_REPRESENTATION('',(#11,#13470),#13884);
#13470 = MANIFOLD_SOLID_BREP('',#13471);
#13471 = CLOSED_SHELL('',(#13472,#13592,#13668,#13748,#13797,#13850,
    #13857));
#13472 = ADVANCED_FACE('',(#13473),#13487,.F.);
#13473 = FACE_BOUND('',#13474,.F.);
#13474 = EDGE_LOOP('',(#13475,#13510,#13538,#13566));
#13475 = ORIENTED_EDGE('',*,*,#13476,.F.);
#13476 = EDGE_CURVE('',#13477,#13479,#13481,.T.);
#13477 = VERTEX_POINT('',#13478);
#13478 = CARTESIAN_POINT('',(25.,0.,2.375E+03));
#13479 = VERTEX_POINT('',#13480);
#13480 = CARTESIAN_POINT('',(25.,0.,2.4E+03));
#13481 = SURFACE_CURVE('',#13482,(#13486,#13498),.PCURVE_S1.);
#13482 = LINE('',#13483,#13484);
#13483 = CARTESIAN_POINT('',(25.,0.,2.375E+03));
#13484 = VECTOR('',#13485,1.);
#13485 = DIRECTION('',(0.,0.,1.));
#13486 = PCURVE('',#13487,#13492);
#13487 = PLANE('',#13488);
#13488 = AXIS2_PLACEMENT_3D('',#13489,#13490,#13491);
#13489 = CARTESIAN_POINT('',(25.,0.,2.375E+03));
#13490 = DIRECTION('',(1.,0.,-0.));
#13491 = DIRECTION('',(0.,0.,1.));
#13492 = DEFINITIONAL_REPRESENTATION('',(#13493),#13497);
#13493 = LINE('',#13494,#13495);
#13494 = CARTESIAN_POINT('',(0.,0.));
#13495 = VECTOR('',#13496,1.);
#13496 = DIRECTION('',(1.,0.));
#13497 = ( GEOMETRIC_REPRESENTATION_CONTEXT(2) 
PARAMETRIC_REPRESENTATION_CONTEXT() REPRESENTATION_CONTEXT('2D SPACE',''
  ) );
#13498 = PCURVE('',#13499,#13504);
#13499 = PLANE('',#13500);
#13500 = AXIS2_PLACEMENT_3D('',#13501,#13502,#13503);
#13501 = CARTESIAN_POINT('',(25.,0.,2.375E+03));
#13502 = DIRECTION('',(-0.,1.,0.));
#13503 = DIRECTION('',(0.,0.,1.));
#13504 = DEFINITIONAL_REPRESENTATION('',(#13505),#13509);
#13505 = LINE('',#13506,#13507);
#13506 = CARTESIAN_POINT('',(0.,0.));
#13507 = VECTOR('',#13508,1.);
#13508 = DIRECTION('',(1.,0.));
#13509 = ( GEOMETRIC_REPRESENTATION_CONTEXT(2) 
PARAMETRIC_REPRESENTATION_CONTEXT() REPRESENTATION_CONTEXT('2D SPACE',''
  ) );
#13510 = ORIENTED_EDGE('',*,*,#13511,.T.);
#13511 = EDGE_CURVE('',#13477,#13512,#13514,.T.);
#13512 = VERTEX_POINT('',#13513);
#13513 = CARTESIAN_POINT('',(25.,50.,2.375E+03));
#13514 = SURFACE_CURVE('',#13515,(#13519,#13526),.PCURVE_S1.);
#13515 = LINE('',#13516,#13517);
#13516 = CARTESIAN_POINT('',(25.,0.,2.375E+03));
#13517 = VECTOR('',#13518,1.);
#13518 = DIRECTION('',(-0.,1.,0.));
#13519 = PCURVE('',#13487,#13520);
#13520 = DEFINITIONAL_REPRESENTATION('',(#13521),#13525);
#13521 = LINE('',#13522,#13523);
#13522 = CARTESIAN_POINT('',(0.,0.));
#13523 = VECTOR('',#13524,1.);
#13524 = DIRECTION('',(0.,-1.));
#13525 = ( GEOMETRIC_REPRESENTATION_CONTEXT(2) 
PARAMETRIC_REPRESENTATION_CONTEXT() REPRESENTATION_CONTEXT('2D SPACE',''
  ) );
#13526 = PCURVE('',#13527,#13532);
#13527 = PLANE('',#13528);
#13528 = AXIS2_PLACEMENT_3D('',#13529,#13530,#13531);
#13529 = CARTESIAN_POINT('',(25.,0.,2.375E+03));
#13530 = DIRECTION('',(0.,0.,1.));
#13531 = DIRECTION('',(1.,0.,-0.));
#13532 = DEFINITIONAL_REPRESENTATION('',(#13533),#13537);
#13533 = LINE('',#13534,#13535);
#13534 = CARTESIAN_POINT('',(0.,0.));
#13535 = VECTOR('',#13536,1.);
#13536 = DIRECTION('',(0.,1.));
#13537 = ( GEOMETRIC_REPRESENTATION_CONTEXT(2) 
PARAMETRIC_REPRESENTATION_CONTEXT() REPRESENTATION_CONTEXT('2D SPACE',''
  ) );
#13538 = ORIENTED_EDGE('',*,*,#13539,.T.);
#13539 = EDGE_CURVE('',#13512,#13540,#13542,.T.);
#13540 = VERTEX_POINT('',#13541);
#13541 = CARTESIAN_POINT('',(25.,50.,2.4E+03));
#13542 = SURFACE_CURVE('',#13543,(#13547,#13554),.PCURVE_S1.);
#13543 = LINE('',#13544,#13545);
#13544 = CARTESIAN_POINT('',(25.,50.,2.375E+03));
#13545 = VECTOR('',#13546,1.);
#13546 = DIRECTION('',(0.,0.,1.));
#13547 = PCURVE('',#13487,#13548);
#13548 = DEFINITIONAL_REPRESENTATION('',(#13549),#13553);
#13549 = LINE('',#13550,#13551);
#13550 = CARTESIAN_POINT('',(0.,-50.));
#13551 = VECTOR('',#13552,1.);
#13552 = DIRECTION('',(1.,0.));
#13553 = ( GEOMETRIC_REPRESENTATION_CONTEXT(2) 
PARAMETRIC_REPRESENTATION_CONTEXT() REPRESENTATION_CONTEXT('2D SPACE',''
  ) );
#13554 = PCURVE('',#13555,#13560);
#13555 = PLANE('',#13556);
#13556 = AXIS2_PLACEMENT_3D('',#13557,#13558,#13559);
#13557 = CARTESIAN_POINT('',(25.,50.,2.375E+03));
#13558 = DIRECTION('',(-0.,1.,0.));
#13559 = DIRECTION('',(0.,0.,1.));
#13560 = DEFINITIONAL_REPRESENTATION('',(#13561),#13565);
#13561 = LINE('',#13562,#13563);
#13562 = CARTESIAN_POINT('',(0.,0.));
#13563 = VECTOR('',#13564,1.);
#13564 = DIRECTION('',(1.,0.));
#13565 = ( GEOMETRIC_REPRESENTATION_CONTEXT(2) 
PARAMETRIC_REPRESENTATION_CONTEXT() REPRESENTATION_CONTEXT('2D SPACE',''
  ) );
#13566 = ORIENTED_EDGE('',*,*,#13567,.F.);
#13567 = EDGE_CURVE('',#13479,#13540,#13568,.T.);
#13568 = SURFACE_CURVE('',#13569,(#13573,#13580),.PCURVE_S1.);
#13569 = LINE('',#13570,#13571);
#13570 = CARTESIAN_POINT('',(25.,0.,2.4E+03));
#13571 = VECTOR('',#13572,1.);
#13572 = DIRECTION('',(-0.,1.,0.));
#13573 = PCURVE('',#13487,#13574);
#13574 = DEFINITIONAL_REPRESENTATION('',(#13575),#13579);
#13575 = LINE('',#13576,#13577);
#13576 = CARTESIAN_POINT('',(25.,0.));
#13577 = VECTOR('',#13578,1.);
#13578 = DIRECTION('',(0.,-1.));
#13579 = ( GEOMETRIC_REPRESENTATION_CONTEXT(2) 
PARAMETRIC_REPRESENTATION_CONTEXT() REPRESENTATION_CONTEXT('2D SPACE',''
  ) );
#13580 = PCURVE('',#13581,#13586);
#13581 = PLANE('',#13582);
#13582 = AXIS2_PLACEMENT_3D('',#13583,#13584,#13585);
#13583 = CARTESIAN_POINT('',(25.,0.,2.4E+03));
#13584 = DIRECTION('',(0.,0.,1.));
#13585 = DIRECTION('',(1.,0.,-0.));
#13586 = DEFINITIONAL_REPRESENTATION('',(#13587),#13591);
#13587 = LINE('',#13588,#13589);
#13588 = CARTESIAN_POINT('',(0.,0.));
#13589 = VECTOR('',#13590,1.);
#13590 = DIRECTION('',(0.,1.));
#13591 = ( GEOMETRIC_REPRESENTATION_CONTEXT(2) 
PARAMETRIC_REPRESENTATION_CONTEXT() REPRESENTATION_CONTEXT('2D SPACE',''
  ) );
#13592 = ADVANCED_FACE('',(#13593),#13499,.F.);
#13593 = FACE_BOUND('',#13594,.F.);
#13594 = EDGE_LOOP('',(#13595,#13618,#13619,#13642));
#13595 = ORIENTED_EDGE('',*,*,#13596,.F.);
#13596 = EDGE_CURVE('',#13477,#13597,#13599,.T.);
#13597 = VERTEX_POINT('',#13598);
#13598 = CARTESIAN_POINT('',(972.,0.,2.375E+03));
#13599 = SURFACE_CURVE('',#13600,(#13604,#13611),.PCURVE_S1.);
#13600 = LINE('',#13601,#13602);
#13601 = CARTESIAN_POINT('',(25.,0.,2.375E+03));
#13602 = VECTOR('',#13603,1.);
#13603 = DIRECTION('',(1.,0.,-0.));
#13604 = PCURVE('',#13499,#13605);
#13605 = DEFINITIONAL_REPRESENTATION('',(#13606),#13610);
#13606 = LINE('',#13607,#13608);
#13607 = CARTESIAN_POINT('',(0.,0.));
#13608 = VECTOR('',#13609,1.);
#13609 = DIRECTION('',(0.,1.));
#13610 = ( GEOMETRIC_REPRESENTATION_CONTEXT(2) 
PARAMETRIC_REPRESENTATION_CONTEXT() REPRESENTATION_CONTEXT('2D SPACE',''
  ) );
#13611 = PCURVE('',#13527,#13612);
#13612 = DEFINITIONAL_REPRESENTATION('',(#13613),#13617);
#13613 = LINE('',#13614,#13615);
#13614 = CARTESIAN_POINT('',(0.,0.));
#13615 = VECTOR('',#13616,1.);
#13616 = DIRECTION('',(1.,0.));
#13617 = ( GEOMETRIC_REPRESENTATION_CONTEXT(2) 
PARAMETRIC_REPRESENTATION_CONTEXT() REPRESENTATION_CONTEXT('2D SPACE',''
  ) );
#13618 = ORIENTED_EDGE('',*,*,#13476,.T.);
#13619 = ORIENTED_EDGE('',*,*,#13620,.T.);
#13620 = EDGE_CURVE('',#13479,#13621,#13623,.T.);
#13621 = VERTEX_POINT('',#13622);
#13622 = CARTESIAN_POINT('',(972.,0.,2.4E+03));
#13623 = SURFACE_CURVE('',#13624,(#13628,#13635),.PCURVE_S1.);
#13624 = LINE('',#13625,#13626);
#13625 = CARTESIAN_POINT('',(25.,0.,2.4E+03));
#13626 = VECTOR('',#13627,1.);
#13627 = DIRECTION('',(1.,0.,-0.));
#13628 = PCURVE('',#13499,#13629);
#13629 = DEFINITIONAL_REPRESENTATION('',(#13630),#13634);
#13630 = LINE('',#13631,#13632);
#13631 = CARTESIAN_POINT('',(25.,0.));
#13632 = VECTOR('',#13633,1.);
#13633 = DIRECTION('',(0.,1.));
#13634 = ( GEOMETRIC_REPRESENTATION_CONTEXT(2) 
PARAMETRIC_REPRESENTATION_CONTEXT() REPRESENTATION_CONTEXT('2D SPACE',''
  ) );
#13635 = PCURVE('',#13581,#13636);
#13636 = DEFINITIONAL_REPRESENTATION('',(#13637),#13641);
#13637 = LINE('',#13638,#13639);
#13638 = CARTESIAN_POINT('',(0.,0.));
#13639 = VECTOR('',#13640,1.);
#13640 = DIRECTION('',(1.,0.));
#13641 = ( GEOMETRIC_REPRESENTATION_CONTEXT(2) 
PARAMETRIC_REPRESENTATION_CONTEXT() REPRESENTATION_CONTEXT('2D SPACE',''
  ) );
#13642 = ORIENTED_EDGE('',*,*,#13643,.F.);
#13643 = EDGE_CURVE('',#13597,#13621,#13644,.T.);
#13644 = SURFACE_CURVE('',#13645,(#13649,#13656),.PCURVE_S1.);
#13645 = LINE('',#13646,#13647);
#13646 = CARTESIAN_POINT('',(972.,0.,2.375E+03));
#13647 = VECTOR('',#13648,1.);
#13648 = DIRECTION('',(0.,0.,1.));
#13649 = PCURVE('',#13499,#13650);
#13650 = DEFINITIONAL_REPRESENTATION('',(#13651),#13655);
#13651 = LINE('',#13652,#13653);
#13652 = CARTESIAN_POINT('',(0.,947.));
#13653 = VECTOR('',#13654,1.);
#13654 = DIRECTION('',(1.,0.));
#13655 = ( GEOMETRIC_REPRESENTATION_CONTEXT(2) 
PARAMETRIC_REPRESENTATION_CONTEXT() REPRESENTATION_CONTEXT('2D SPACE',''
  ) );
#13656 = PCURVE('',#13657,#13662);
#13657 = PLANE('',#13658);
#13658 = AXIS2_PLACEMENT_3D('',#13659,#13660,#13661);
#13659 = CARTESIAN_POINT('',(972.,0.,2.375E+03));
#13660 = DIRECTION('',(1.,0.,-0.));
#13661 = DIRECTION('',(0.,0.,1.));
#13662 = DEFINITIONAL_REPRESENTATION('',(#13663),#13667);
#13663 = LINE('',#13664,#13665);
#13664 = CARTESIAN_POINT('',(0.,0.));
#13665 = VECTOR('',#13666,1.);
#13666 = DIRECTION('',(1.,0.));
#13667 = ( GEOMETRIC_REPRESENTATION_CONTEXT(2) 
PARAMETRIC_REPRESENTATION_CONTEXT() REPRESENTATION_CONTEXT('2D SPACE',''
  ) );
#13668 = ADVANCED_FACE('',(#13669,#13717),#13581,.T.);
#13669 = FACE_BOUND('',#13670,.T.);
#13670 = EDGE_LOOP('',(#13671,#13672,#13673,#13696));
#13671 = ORIENTED_EDGE('',*,*,#13567,.F.);
#13672 = ORIENTED_EDGE('',*,*,#13620,.T.);
#13673 = ORIENTED_EDGE('',*,*,#13674,.T.);
#13674 = EDGE_CURVE('',#13621,#13675,#13677,.T.);
#13675 = VERTEX_POINT('',#13676);
#13676 = CARTESIAN_POINT('',(972.,50.,2.4E+03));
#13677 = SURFACE_CURVE('',#13678,(#13682,#13689),.PCURVE_S1.);
#13678 = LINE('',#13679,#13680);
#13679 = CARTESIAN_POINT('',(972.,0.,2.4E+03));
#13680 = VECTOR('',#13681,1.);
#13681 = DIRECTION('',(-0.,1.,0.));
#13682 = PCURVE('',#13581,#13683);
#13683 = DEFINITIONAL_REPRESENTATION('',(#13684),#13688);
#13684 = LINE('',#13685,#13686);
#13685 = CARTESIAN_POINT('',(947.,0.));
#13686 = VECTOR('',#13687,1.);
#13687 = DIRECTION('',(0.,1.));
#13688 = ( GEOMETRIC_REPRESENTATION_CONTEXT(2) 
PARAMETRIC_REPRESENTATION_CONTEXT() REPRESENTATION_CONTEXT('2D SPACE',''
  ) );
#13689 = PCURVE('',#13657,#13690);
#13690 = DEFINITIONAL_REPRESENTATION('',(#13691),#13695);
#13691 = LINE('',#13692,#13693);
#13692 = CARTESIAN_POINT('',(25.,0.));
#13693 = VECTOR('',#13694,1.);
#13694 = DIRECTION('',(0.,-1.));
#13695 = ( GEOMETRIC_REPRESENTATION_CONTEXT(2) 
PARAMETRIC_REPRESENTATION_CONTEXT() REPRESENTATION_CONTEXT('2D SPACE',''
  ) );
#13696 = ORIENTED_EDGE('',*,*,#13697,.F.);
#13697 = EDGE_CURVE('',#13540,#13675,#13698,.T.);
#13698 = SURFACE_CURVE('',#13699,(#13703,#13710),.PCURVE_S1.);
#13699 = LINE('',#13700,#13701);
#13700 = CARTESIAN_POINT('',(25.,50.,2.4E+03));
#13701 = VECTOR('',#13702,1.);
#13702 = DIRECTION('',(1.,0.,-0.));
#13703 = PCURVE('',#13581,#13704);
#13704 = DEFINITIONAL_REPRESENTATION('',(#13705),#13709);
#13705 = LINE('',#13706,#13707);
#13706 = CARTESIAN_POINT('',(0.,50.));
#13707 = VECTOR('',#13708,1.);
#13708 = DIRECTION('',(1.,0.));
#13709 = ( GEOMETRIC_REPRESENTATION_CONTEXT(2) 
PARAMETRIC_REPRESENTATION_CONTEXT() REPRESENTATION_CONTEXT('2D SPACE',''
  ) );
#13710 = PCURVE('',#13555,#13711);
#13711 = DEFINITIONAL_REPRESENTATION('',(#13712),#13716);
#13712 = LINE('',#13713,#13714);
#13713 = CARTESIAN_POINT('',(25.,0.));
#13714 = VECTOR('',#13715,1.);
#13715 = DIRECTION('',(0.,1.));
#13716 = ( GEOMETRIC_REPRESENTATION_CONTEXT(2) 
PARAMETRIC_REPRESENTATION_CONTEXT() REPRESENTATION_CONTEXT('2D SPACE',''
  ) );
#13717 = FACE_BOUND('',#13718,.T.);
#13718 = EDGE_LOOP('',(#13719));
#13719 = ORIENTED_EDGE('',*,*,#13720,.F.);
#13720 = EDGE_CURVE('',#13721,#13721,#13723,.T.);
#13721 = VERTEX_POINT('',#13722);
#13722 = CARTESIAN_POINT('',(504.,25.,2.4E+03));
#13723 = SURFACE_CURVE('',#13724,(#13729,#13736),.PCURVE_S1.);
#13724 = CIRCLE('',#13725,5.5);
#13725 = AXIS2_PLACEMENT_3D('',#13726,#13727,#13728);
#13726 = CARTESIAN_POINT('',(498.5,25.,2.4E+03));
#13727 = DIRECTION('',(0.,0.,1.));
#13728 = DIRECTION('',(1.,0.,-0.));
#13729 = PCURVE('',#13581,#13730);
#13730 = DEFINITIONAL_REPRESENTATION('',(#13731),#13735);
#13731 = CIRCLE('',#13732,5.5);
#13732 = AXIS2_PLACEMENT_2D('',#13733,#13734);
#13733 = CARTESIAN_POINT('',(473.5,25.));
#13734 = DIRECTION('',(1.,0.));
#13735 = ( GEOMETRIC_REPRESENTATION_CONTEXT(2) 
PARAMETRIC_REPRESENTATION_CONTEXT() REPRESENTATION_CONTEXT('2D SPACE',''
  ) );
#13736 = PCURVE('',#13737,#13742);
#13737 = CYLINDRICAL_SURFACE('',#13738,5.5);
#13738 = AXIS2_PLACEMENT_3D('',#13739,#13740,#13741);
#13739 = CARTESIAN_POINT('',(498.5,25.,2.374E+03));
#13740 = DIRECTION('',(0.,0.,1.));
#13741 = DIRECTION('',(1.,0.,-0.));
#13742 = DEFINITIONAL_REPRESENTATION('',(#13743),#13747);
#13743 = LINE('',#13744,#13745);
#13744 = CARTESIAN_POINT('',(0.,26.));
#13745 = VECTOR('',#13746,1.);
#13746 = DIRECTION('',(1.,0.));
#13747 = ( GEOMETRIC_REPRESENTATION_CONTEXT(2) 
PARAMETRIC_REPRESENTATION_CONTEXT() REPRESENTATION_CONTEXT('2D SPACE',''
  ) );
#13748 = ADVANCED_FACE('',(#13749),#13555,.T.);
#13749 = FACE_BOUND('',#13750,.T.);
#13750 = EDGE_LOOP('',(#13751,#13774,#13775,#13776));
#13751 = ORIENTED_EDGE('',*,*,#13752,.F.);
#13752 = EDGE_CURVE('',#13512,#13753,#13755,.T.);
#13753 = VERTEX_POINT('',#13754);
#13754 = CARTESIAN_POINT('',(972.,50.,2.375E+03));
#13755 = SURFACE_CURVE('',#13756,(#13760,#13767),.PCURVE_S1.);
#13756 = LINE('',#13757,#13758);
#13757 = CARTESIAN_POINT('',(25.,50.,2.375E+03));
#13758 = VECTOR('',#13759,1.);
#13759 = DIRECTION('',(1.,0.,-0.));
#13760 = PCURVE('',#13555,#13761);
#13761 = DEFINITIONAL_REPRESENTATION('',(#13762),#13766);
#13762 = LINE('',#13763,#13764);
#13763 = CARTESIAN_POINT('',(0.,0.));
#13764 = VECTOR('',#13765,1.);
#13765 = DIRECTION('',(0.,1.));
#13766 = ( GEOMETRIC_REPRESENTATION_CONTEXT(2) 
PARAMETRIC_REPRESENTATION_CONTEXT() REPRESENTATION_CONTEXT('2D SPACE',''
  ) );
#13767 = PCURVE('',#13527,#13768);
#13768 = DEFINITIONAL_REPRESENTATION('',(#13769),#13773);
#13769 = LINE('',#13770,#13771);
#13770 = CARTESIAN_POINT('',(0.,50.));
#13771 = VECTOR('',#13772,1.);
#13772 = DIRECTION('',(1.,0.));
#13773 = ( GEOMETRIC_REPRESENTATION_CONTEXT(2) 
PARAMETRIC_REPRESENTATION_CONTEXT() REPRESENTATION_CONTEXT('2D SPACE',''
  ) );
#13774 = ORIENTED_EDGE('',*,*,#13539,.T.);
#13775 = ORIENTED_EDGE('',*,*,#13697,.T.);
#13776 = ORIENTED_EDGE('',*,*,#13777,.F.);
#13777 = EDGE_CURVE('',#13753,#13675,#13778,.T.);
#13778 = SURFACE_CURVE('',#13779,(#13783,#13790),.PCURVE_S1.);
#13779 = LINE('',#13780,#13781);
#13780 = CARTESIAN_POINT('',(972.,50.,2.375E+03));
#13781 = VECTOR('',#13782,1.);
#13782 = DIRECTION('',(0.,0.,1.));
#13783 = PCURVE('',#13555,#13784);
#13784 = DEFINITIONAL_REPRESENTATION('',(#13785),#13789);
#13785 = LINE('',#13786,#13787);
#13786 = CARTESIAN_POINT('',(0.,947.));
#13787 = VECTOR('',#13788,1.);
#13788 = DIRECTION('',(1.,0.));
#13789 = ( GEOMETRIC_REPRESENTATION_CONTEXT(2) 
PARAMETRIC_REPRESENTATION_CONTEXT() REPRESENTATION_CONTEXT('2D SPACE',''
  ) );
#13790 = PCURVE('',#13657,#13791);
#13791 = DEFINITIONAL_REPRESENTATION('',(#13792),#13796);
#13792 = LINE('',#13793,#13794);
#13793 = CARTESIAN_POINT('',(0.,-50.));
#13794 = VECTOR('',#13795,1.);
#13795 = DIRECTION('',(1.,0.));
#13796 = ( GEOMETRIC_REPRESENTATION_CONTEXT(2) 
PARAMETRIC_REPRESENTATION_CONTEXT() REPRESENTATION_CONTEXT('2D SPACE',''
  ) );
#13797 = ADVANCED_FACE('',(#13798,#13824),#13527,.F.);
#13798 = FACE_BOUND('',#13799,.F.);
#13799 = EDGE_LOOP('',(#13800,#13801,#13802,#13823));
#13800 = ORIENTED_EDGE('',*,*,#13511,.F.);
#13801 = ORIENTED_EDGE('',*,*,#13596,.T.);
#13802 = ORIENTED_EDGE('',*,*,#13803,.T.);
#13803 = EDGE_CURVE('',#13597,#13753,#13804,.T.);
#13804 = SURFACE_CURVE('',#13805,(#13809,#13816),.PCURVE_S1.);
#13805 = LINE('',#13806,#13807);
#13806 = CARTESIAN_POINT('',(972.,0.,2.375E+03));
#13807 = VECTOR('',#13808,1.);
#13808 = DIRECTION('',(-0.,1.,0.));
#13809 = PCURVE('',#13527,#13810);
#13810 = DEFINITIONAL_REPRESENTATION('',(#13811),#13815);
#13811 = LINE('',#13812,#13813);
#13812 = CARTESIAN_POINT('',(947.,0.));
#13813 = VECTOR('',#13814,1.);
#13814 = DIRECTION('',(0.,1.));
#13815 = ( GEOMETRIC_REPRESENTATION_CONTEXT(2) 
PARAMETRIC_REPRESENTATION_CONTEXT() REPRESENTATION_CONTEXT('2D SPACE',''
  ) );
#13816 = PCURVE('',#13657,#13817);
#13817 = DEFINITIONAL_REPRESENTATION('',(#13818),#13822);
#13818 = LINE('',#13819,#13820);
#13819 = CARTESIAN_POINT('',(0.,0.));
#13820 = VECTOR('',#13821,1.);
#13821 = DIRECTION('',(0.,-1.));
#13822 = ( GEOMETRIC_REPRESENTATION_CONTEXT(2) 
PARAMETRIC_REPRESENTATION_CONTEXT() REPRESENTATION_CONTEXT('2D SPACE',''
  ) );
#13823 = ORIENTED_EDGE('',*,*,#13752,.F.);
#13824 = FACE_BOUND('',#13825,.F.);
#13825 = EDGE_LOOP('',(#13826));
#13826 = ORIENTED_EDGE('',*,*,#13827,.F.);
#13827 = EDGE_CURVE('',#13828,#13828,#13830,.T.);
#13828 = VERTEX_POINT('',#13829);
#13829 = CARTESIAN_POINT('',(504.,25.,2.375E+03));
#13830 = SURFACE_CURVE('',#13831,(#13836,#13843),.PCURVE_S1.);
#13831 = CIRCLE('',#13832,5.5);
#13832 = AXIS2_PLACEMENT_3D('',#13833,#13834,#13835);
#13833 = CARTESIAN_POINT('',(498.5,25.,2.375E+03));
#13834 = DIRECTION('',(0.,0.,1.));
#13835 = DIRECTION('',(1.,0.,-0.));
#13836 = PCURVE('',#13527,#13837);
#13837 = DEFINITIONAL_REPRESENTATION('',(#13838),#13842);
#13838 = CIRCLE('',#13839,5.5);
#13839 = AXIS2_PLACEMENT_2D('',#13840,#13841);
#13840 = CARTESIAN_POINT('',(473.5,25.));
#13841 = DIRECTION('',(1.,0.));
#13842 = ( GEOMETRIC_REPRESENTATION_CONTEXT(2) 
PARAMETRIC_REPRESENTATION_CONTEXT() REPRESENTATION_CONTEXT('2D SPACE',''
  ) );
#13843 = PCURVE('',#13737,#13844);
#13844 = DEFINITIONAL_REPRESENTATION('',(#13845),#13849);
#13845 = LINE('',#13846,#13847);
#13846 = CARTESIAN_POINT('',(0.,1.));
#13847 = VECTOR('',#13848,1.);
#13848 = DIRECTION('',(1.,0.));
#13849 = ( GEOMETRIC_REPRESENTATION_CONTEXT(2) 
PARAMETRIC_REPRESENTATION_CONTEXT() REPRESENTATION_CONTEXT('2D SPACE',''
  ) );
#13850 = ADVANCED_FACE('',(#13851),#13657,.T.);
#13851 = FACE_BOUND('',#13852,.T.);
#13852 = EDGE_LOOP('',(#13853,#13854,#13855,#13856));
#13853 = ORIENTED_EDGE('',*,*,#13643,.F.);
#13854 = ORIENTED_EDGE('',*,*,#13803,.T.);
#13855 = ORIENTED_EDGE('',*,*,#13777,.T.);
#13856 = ORIENTED_EDGE('',*,*,#13674,.F.);
#13857 = ADVANCED_FACE('',(#13858),#13737,.F.);
#13858 = FACE_BOUND('',#13859,.F.);
#13859 = EDGE_LOOP('',(#13860,#13861,#13882,#13883));
#13860 = ORIENTED_EDGE('',*,*,#13720,.F.);
#13861 = ORIENTED_EDGE('',*,*,#13862,.F.);
#13862 = EDGE_CURVE('',#13828,#13721,#13863,.T.);
#13863 = SEAM_CURVE('',#13864,(#13868,#13875),.PCURVE_S1.);
#13864 = LINE('',#13865,#13866);
#13865 = CARTESIAN_POINT('',(504.,25.,2.374E+03));
#13866 = VECTOR('',#13867,1.);
#13867 = DIRECTION('',(0.,0.,1.));
#13868 = PCURVE('',#13737,#13869);
#13869 = DEFINITIONAL_REPRESENTATION('',(#13870),#13874);
#13870 = LINE('',#13871,#13872);
#13871 = CARTESIAN_POINT('',(6.28318530718,-0.));
#13872 = VECTOR('',#13873,1.);
#13873 = DIRECTION('',(0.,1.));
#13874 = ( GEOMETRIC_REPRESENTATION_CONTEXT(2) 
PARAMETRIC_REPRESENTATION_CONTEXT() REPRESENTATION_CONTEXT('2D SPACE',''
  ) );
#13875 = PCURVE('',#13737,#13876);
#13876 = DEFINITIONAL_REPRESENTATION('',(#13877),#13881);
#13877 = LINE('',#13878,#13879);
#13878 = CARTESIAN_POINT('',(0.,-0.));
#13879 = VECTOR('',#13880,1.);
#13880 = DIRECTION('',(0.,1.));
#13881 = ( GEOMETRIC_REPRESENTATION_CONTEXT(2) 
PARAMETRIC_REPRESENTATION_CONTEXT() REPRESENTATION_CONTEXT('2D SPACE',''
  ) );
#13882 = ORIENTED_EDGE('',*,*,#13827,.T.);
#13883 = ORIENTED_EDGE('',*,*,#13862,.T.);
#13884 = ( GEOMETRIC_REPRESENTATION_CONTEXT(3) 
GLOBAL_UNCERTAINTY_ASSIGNED_CONTEXT((#13888)) 
GLOBAL_UNIT_ASSIGNED_CONTEXT((#13885,#13886,#13887)) 
REPRESENTATION_CONTEXT('Context #1',
  '3D Context with UNIT and UNCERTAINTY') );
#13885 = ( LENGTH_UNIT() NAMED_UNIT(*) SI_UNIT(.MILLI.,.METRE.) );
#13886 = ( NAMED_UNIT(*) PLANE_ANGLE_UNIT() SI_UNIT($,.RADIAN.) );
#13887 = ( NAMED_UNIT(*) SI_UNIT($,.STERADIAN.) SOLID_ANGLE_UNIT() );
#13888 = UNCERTAINTY_MEASURE_WITH_UNIT(LENGTH_MEASURE(1.E-07),#13885,
  'distance_accuracy_value','confusion accuracy');
#13889 = CONTEXT_DEPENDENT_SHAPE_REPRESENTATION(#13890,#13892);
#13890 = ( REPRESENTATION_RELATIONSHIP('','',#13469,#10) 
REPRESENTATION_RELATIONSHIP_WITH_TRANSFORMATION(#13891) 
SHAPE_REPRESENTATION_RELATIONSHIP() );
#13891 = ITEM_DEFINED_TRANSFORMATION('','',#11,#115);
#13892 = PRODUCT_DEFINITION_SHAPE('Placement','Placement of an item',
  #13893);
#13893 = NEXT_ASSEMBLY_USAGE_OCCURRENCE('893',
  '\X2\043F043504400435043C044B0447043A0430\X0\_25\X2\0445\X0\50\X2\0445\X0\947','',#5,#13464,$
  );
#13894 = PRODUCT_RELATED_PRODUCT_CATEGORY('part',$,(#13466));
#13895 = SHAPE_DEFINITION_REPRESENTATION(#13896,#13902);
#13896 = PRODUCT_DEFINITION_SHAPE('','',#13897);
#13897 = PRODUCT_DEFINITION('design','',#13898,#13901);
#13898 = PRODUCT_DEFINITION_FORMATION('','',#13899);
#13899 = PRODUCT(
'\X2\043E0431044804380432043A0430\X0\_\X2\04440430043D043504400430\X0\_3\X2\043C043C\X0\_
997\X2\0445\X0\2400',
'\X2\043E0431044804380432043A0430\X0\_\X2\04440430043D043504400430\X0\_3\X2\043C043C\X0\_
997\X2\0445\X0\2400','',(#13900));
#13900 = PRODUCT_CONTEXT('',#2,'mechanical');
#13901 = PRODUCT_DEFINITION_CONTEXT('part definition',#2,'design');
#13902 = ADVANCED_BREP_SHAPE_REPRESENTATION('',(#11,#13903),#14233);
#13903 = MANIFOLD_SOLID_BREP('',#13904);
#13904 = CLOSED_SHELL('',(#13905,#14025,#14125,#14172,#14219,#14226));
#13905 = ADVANCED_FACE('',(#13906),#13920,.F.);
#13906 = FACE_BOUND('',#13907,.F.);
#13907 = EDGE_LOOP('',(#13908,#13943,#13971,#13999));
#13908 = ORIENTED_EDGE('',*,*,#13909,.F.);
#13909 = EDGE_CURVE('',#13910,#13912,#13914,.T.);
#13910 = VERTEX_POINT('',#13911);
#13911 = CARTESIAN_POINT('',(0.,0.,0.));
#13912 = VERTEX_POINT('',#13913);
#13913 = CARTESIAN_POINT('',(0.,0.,2.4E+03));
#13914 = SURFACE_CURVE('',#13915,(#13919,#13931),.PCURVE_S1.);
#13915 = LINE('',#13916,#13917);
#13916 = CARTESIAN_POINT('',(0.,0.,0.));
#13917 = VECTOR('',#13918,1.);
#13918 = DIRECTION('',(0.,0.,1.));
#13919 = PCURVE('',#13920,#13925);
#13920 = PLANE('',#13921);
#13921 = AXIS2_PLACEMENT_3D('',#13922,#13923,#13924);
#13922 = CARTESIAN_POINT('',(0.,0.,0.));
#13923 = DIRECTION('',(1.,0.,-0.));
#13924 = DIRECTION('',(0.,0.,1.));
#13925 = DEFINITIONAL_REPRESENTATION('',(#13926),#13930);
#13926 = LINE('',#13927,#13928);
#13927 = CARTESIAN_POINT('',(0.,0.));
#13928 = VECTOR('',#13929,1.);
#13929 = DIRECTION('',(1.,0.));
#13930 = ( GEOMETRIC_REPRESENTATION_CONTEXT(2) 
PARAMETRIC_REPRESENTATION_CONTEXT() REPRESENTATION_CONTEXT('2D SPACE',''
  ) );
#13931 = PCURVE('',#13932,#13937);
#13932 = PLANE('',#13933);
#13933 = AXIS2_PLACEMENT_3D('',#13934,#13935,#13936);
#13934 = CARTESIAN_POINT('',(0.,0.,0.));
#13935 = DIRECTION('',(-0.,1.,0.));
#13936 = DIRECTION('',(0.,0.,1.));
#13937 = DEFINITIONAL_REPRESENTATION('',(#13938),#13942);
#13938 = LINE('',#13939,#13940);
#13939 = CARTESIAN_POINT('',(0.,0.));
#13940 = VECTOR('',#13941,1.);
#13941 = DIRECTION('',(1.,0.));
#13942 = ( GEOMETRIC_REPRESENTATION_CONTEXT(2) 
PARAMETRIC_REPRESENTATION_CONTEXT() REPRESENTATION_CONTEXT('2D SPACE',''
  ) );
#13943 = ORIENTED_EDGE('',*,*,#13944,.T.);
#13944 = EDGE_CURVE('',#13910,#13945,#13947,.T.);
#13945 = VERTEX_POINT('',#13946);
#13946 = CARTESIAN_POINT('',(0.,3.,0.));
#13947 = SURFACE_CURVE('',#13948,(#13952,#13959),.PCURVE_S1.);
#13948 = LINE('',#13949,#13950);
#13949 = CARTESIAN_POINT('',(0.,0.,0.));
#13950 = VECTOR('',#13951,1.);
#13951 = DIRECTION('',(-0.,1.,0.));
#13952 = PCURVE('',#13920,#13953);
#13953 = DEFINITIONAL_REPRESENTATION('',(#13954),#13958);
#13954 = LINE('',#13955,#13956);
#13955 = CARTESIAN_POINT('',(0.,0.));
#13956 = VECTOR('',#13957,1.);
#13957 = DIRECTION('',(0.,-1.));
#13958 = ( GEOMETRIC_REPRESENTATION_CONTEXT(2) 
PARAMETRIC_REPRESENTATION_CONTEXT() REPRESENTATION_CONTEXT('2D SPACE',''
  ) );
#13959 = PCURVE('',#13960,#13965);
#13960 = PLANE('',#13961);
#13961 = AXIS2_PLACEMENT_3D('',#13962,#13963,#13964);
#13962 = CARTESIAN_POINT('',(0.,0.,0.));
#13963 = DIRECTION('',(0.,0.,1.));
#13964 = DIRECTION('',(1.,0.,-0.));
#13965 = DEFINITIONAL_REPRESENTATION('',(#13966),#13970);
#13966 = LINE('',#13967,#13968);
#13967 = CARTESIAN_POINT('',(0.,0.));
#13968 = VECTOR('',#13969,1.);
#13969 = DIRECTION('',(0.,1.));
#13970 = ( GEOMETRIC_REPRESENTATION_CONTEXT(2) 
PARAMETRIC_REPRESENTATION_CONTEXT() REPRESENTATION_CONTEXT('2D SPACE',''
  ) );
#13971 = ORIENTED_EDGE('',*,*,#13972,.T.);
#13972 = EDGE_CURVE('',#13945,#13973,#13975,.T.);
#13973 = VERTEX_POINT('',#13974);
#13974 = CARTESIAN_POINT('',(0.,3.,2.4E+03));
#13975 = SURFACE_CURVE('',#13976,(#13980,#13987),.PCURVE_S1.);
#13976 = LINE('',#13977,#13978);
#13977 = CARTESIAN_POINT('',(0.,3.,0.));
#13978 = VECTOR('',#13979,1.);
#13979 = DIRECTION('',(0.,0.,1.));
#13980 = PCURVE('',#13920,#13981);
#13981 = DEFINITIONAL_REPRESENTATION('',(#13982),#13986);
#13982 = LINE('',#13983,#13984);
#13983 = CARTESIAN_POINT('',(0.,-3.));
#13984 = VECTOR('',#13985,1.);
#13985 = DIRECTION('',(1.,0.));
#13986 = ( GEOMETRIC_REPRESENTATION_CONTEXT(2) 
PARAMETRIC_REPRESENTATION_CONTEXT() REPRESENTATION_CONTEXT('2D SPACE',''
  ) );
#13987 = PCURVE('',#13988,#13993);
#13988 = PLANE('',#13989);
#13989 = AXIS2_PLACEMENT_3D('',#13990,#13991,#13992);
#13990 = CARTESIAN_POINT('',(0.,3.,0.));
#13991 = DIRECTION('',(-0.,1.,0.));
#13992 = DIRECTION('',(0.,0.,1.));
#13993 = DEFINITIONAL_REPRESENTATION('',(#13994),#13998);
#13994 = LINE('',#13995,#13996);
#13995 = CARTESIAN_POINT('',(0.,0.));
#13996 = VECTOR('',#13997,1.);
#13997 = DIRECTION('',(1.,0.));
#13998 = ( GEOMETRIC_REPRESENTATION_CONTEXT(2) 
PARAMETRIC_REPRESENTATION_CONTEXT() REPRESENTATION_CONTEXT('2D SPACE',''
  ) );
#13999 = ORIENTED_EDGE('',*,*,#14000,.F.);
#14000 = EDGE_CURVE('',#13912,#13973,#14001,.T.);
#14001 = SURFACE_CURVE('',#14002,(#14006,#14013),.PCURVE_S1.);
#14002 = LINE('',#14003,#14004);
#14003 = CARTESIAN_POINT('',(0.,0.,2.4E+03));
#14004 = VECTOR('',#14005,1.);
#14005 = DIRECTION('',(-0.,1.,0.));
#14006 = PCURVE('',#13920,#14007);
#14007 = DEFINITIONAL_REPRESENTATION('',(#14008),#14012);
#14008 = LINE('',#14009,#14010);
#14009 = CARTESIAN_POINT('',(2.4E+03,0.));
#14010 = VECTOR('',#14011,1.);
#14011 = DIRECTION('',(0.,-1.));
#14012 = ( GEOMETRIC_REPRESENTATION_CONTEXT(2) 
PARAMETRIC_REPRESENTATION_CONTEXT() REPRESENTATION_CONTEXT('2D SPACE',''
  ) );
#14013 = PCURVE('',#14014,#14019);
#14014 = PLANE('',#14015);
#14015 = AXIS2_PLACEMENT_3D('',#14016,#14017,#14018);
#14016 = CARTESIAN_POINT('',(0.,0.,2.4E+03));
#14017 = DIRECTION('',(0.,0.,1.));
#14018 = DIRECTION('',(1.,0.,-0.));
#14019 = DEFINITIONAL_REPRESENTATION('',(#14020),#14024);
#14020 = LINE('',#14021,#14022);
#14021 = CARTESIAN_POINT('',(0.,0.));
#14022 = VECTOR('',#14023,1.);
#14023 = DIRECTION('',(0.,1.));
#14024 = ( GEOMETRIC_REPRESENTATION_CONTEXT(2) 
PARAMETRIC_REPRESENTATION_CONTEXT() REPRESENTATION_CONTEXT('2D SPACE',''
  ) );
#14025 = ADVANCED_FACE('',(#14026),#14040,.T.);
#14026 = FACE_BOUND('',#14027,.T.);
#14027 = EDGE_LOOP('',(#14028,#14058,#14081,#14104));
#14028 = ORIENTED_EDGE('',*,*,#14029,.F.);
#14029 = EDGE_CURVE('',#14030,#14032,#14034,.T.);
#14030 = VERTEX_POINT('',#14031);
#14031 = CARTESIAN_POINT('',(997.,0.,0.));
#14032 = VERTEX_POINT('',#14033);
#14033 = CARTESIAN_POINT('',(997.,0.,2.4E+03));
#14034 = SURFACE_CURVE('',#14035,(#14039,#14051),.PCURVE_S1.);
#14035 = LINE('',#14036,#14037);
#14036 = CARTESIAN_POINT('',(997.,0.,0.));
#14037 = VECTOR('',#14038,1.);
#14038 = DIRECTION('',(0.,0.,1.));
#14039 = PCURVE('',#14040,#14045);
#14040 = PLANE('',#14041);
#14041 = AXIS2_PLACEMENT_3D('',#14042,#14043,#14044);
#14042 = CARTESIAN_POINT('',(997.,0.,0.));
#14043 = DIRECTION('',(1.,0.,-0.));
#14044 = DIRECTION('',(0.,0.,1.));
#14045 = DEFINITIONAL_REPRESENTATION('',(#14046),#14050);
#14046 = LINE('',#14047,#14048);
#14047 = CARTESIAN_POINT('',(0.,0.));
#14048 = VECTOR('',#14049,1.);
#14049 = DIRECTION('',(1.,0.));
#14050 = ( GEOMETRIC_REPRESENTATION_CONTEXT(2) 
PARAMETRIC_REPRESENTATION_CONTEXT() REPRESENTATION_CONTEXT('2D SPACE',''
  ) );
#14051 = PCURVE('',#13932,#14052);
#14052 = DEFINITIONAL_REPRESENTATION('',(#14053),#14057);
#14053 = LINE('',#14054,#14055);
#14054 = CARTESIAN_POINT('',(0.,997.));
#14055 = VECTOR('',#14056,1.);
#14056 = DIRECTION('',(1.,0.));
#14057 = ( GEOMETRIC_REPRESENTATION_CONTEXT(2) 
PARAMETRIC_REPRESENTATION_CONTEXT() REPRESENTATION_CONTEXT('2D SPACE',''
  ) );
#14058 = ORIENTED_EDGE('',*,*,#14059,.T.);
#14059 = EDGE_CURVE('',#14030,#14060,#14062,.T.);
#14060 = VERTEX_POINT('',#14061);
#14061 = CARTESIAN_POINT('',(997.,3.,0.));
#14062 = SURFACE_CURVE('',#14063,(#14067,#14074),.PCURVE_S1.);
#14063 = LINE('',#14064,#14065);
#14064 = CARTESIAN_POINT('',(997.,0.,0.));
#14065 = VECTOR('',#14066,1.);
#14066 = DIRECTION('',(-0.,1.,0.));
#14067 = PCURVE('',#14040,#14068);
#14068 = DEFINITIONAL_REPRESENTATION('',(#14069),#14073);
#14069 = LINE('',#14070,#14071);
#14070 = CARTESIAN_POINT('',(0.,0.));
#14071 = VECTOR('',#14072,1.);
#14072 = DIRECTION('',(0.,-1.));
#14073 = ( GEOMETRIC_REPRESENTATION_CONTEXT(2) 
PARAMETRIC_REPRESENTATION_CONTEXT() REPRESENTATION_CONTEXT('2D SPACE',''
  ) );
#14074 = PCURVE('',#13960,#14075);
#14075 = DEFINITIONAL_REPRESENTATION('',(#14076),#14080);
#14076 = LINE('',#14077,#14078);
#14077 = CARTESIAN_POINT('',(997.,0.));
#14078 = VECTOR('',#14079,1.);
#14079 = DIRECTION('',(0.,1.));
#14080 = ( GEOMETRIC_REPRESENTATION_CONTEXT(2) 
PARAMETRIC_REPRESENTATION_CONTEXT() REPRESENTATION_CONTEXT('2D SPACE',''
  ) );
#14081 = ORIENTED_EDGE('',*,*,#14082,.T.);
#14082 = EDGE_CURVE('',#14060,#14083,#14085,.T.);
#14083 = VERTEX_POINT('',#14084);
#14084 = CARTESIAN_POINT('',(997.,3.,2.4E+03));
#14085 = SURFACE_CURVE('',#14086,(#14090,#14097),.PCURVE_S1.);
#14086 = LINE('',#14087,#14088);
#14087 = CARTESIAN_POINT('',(997.,3.,0.));
#14088 = VECTOR('',#14089,1.);
#14089 = DIRECTION('',(0.,0.,1.));
#14090 = PCURVE('',#14040,#14091);
#14091 = DEFINITIONAL_REPRESENTATION('',(#14092),#14096);
#14092 = LINE('',#14093,#14094);
#14093 = CARTESIAN_POINT('',(0.,-3.));
#14094 = VECTOR('',#14095,1.);
#14095 = DIRECTION('',(1.,0.));
#14096 = ( GEOMETRIC_REPRESENTATION_CONTEXT(2) 
PARAMETRIC_REPRESENTATION_CONTEXT() REPRESENTATION_CONTEXT('2D SPACE',''
  ) );
#14097 = PCURVE('',#13988,#14098);
#14098 = DEFINITIONAL_REPRESENTATION('',(#14099),#14103);
#14099 = LINE('',#14100,#14101);
#14100 = CARTESIAN_POINT('',(0.,997.));
#14101 = VECTOR('',#14102,1.);
#14102 = DIRECTION('',(1.,0.));
#14103 = ( GEOMETRIC_REPRESENTATION_CONTEXT(2) 
PARAMETRIC_REPRESENTATION_CONTEXT() REPRESENTATION_CONTEXT('2D SPACE',''
  ) );
#14104 = ORIENTED_EDGE('',*,*,#14105,.F.);
#14105 = EDGE_CURVE('',#14032,#14083,#14106,.T.);
#14106 = SURFACE_CURVE('',#14107,(#14111,#14118),.PCURVE_S1.);
#14107 = LINE('',#14108,#14109);
#14108 = CARTESIAN_POINT('',(997.,0.,2.4E+03));
#14109 = VECTOR('',#14110,1.);
#14110 = DIRECTION('',(-0.,1.,0.));
#14111 = PCURVE('',#14040,#14112);
#14112 = DEFINITIONAL_REPRESENTATION('',(#14113),#14117);
#14113 = LINE('',#14114,#14115);
#14114 = CARTESIAN_POINT('',(2.4E+03,0.));
#14115 = VECTOR('',#14116,1.);
#14116 = DIRECTION('',(0.,-1.));
#14117 = ( GEOMETRIC_REPRESENTATION_CONTEXT(2) 
PARAMETRIC_REPRESENTATION_CONTEXT() REPRESENTATION_CONTEXT('2D SPACE',''
  ) );
#14118 = PCURVE('',#14014,#14119);
#14119 = DEFINITIONAL_REPRESENTATION('',(#14120),#14124);
#14120 = LINE('',#14121,#14122);
#14121 = CARTESIAN_POINT('',(997.,0.));
#14122 = VECTOR('',#14123,1.);
#14123 = DIRECTION('',(0.,1.));
#14124 = ( GEOMETRIC_REPRESENTATION_CONTEXT(2) 
PARAMETRIC_REPRESENTATION_CONTEXT() REPRESENTATION_CONTEXT('2D SPACE',''
  ) );
#14125 = ADVANCED_FACE('',(#14126),#13932,.F.);
#14126 = FACE_BOUND('',#14127,.F.);
#14127 = EDGE_LOOP('',(#14128,#14149,#14150,#14171));
#14128 = ORIENTED_EDGE('',*,*,#14129,.F.);
#14129 = EDGE_CURVE('',#13910,#14030,#14130,.T.);
#14130 = SURFACE_CURVE('',#14131,(#14135,#14142),.PCURVE_S1.);
#14131 = LINE('',#14132,#14133);
#14132 = CARTESIAN_POINT('',(0.,0.,0.));
#14133 = VECTOR('',#14134,1.);
#14134 = DIRECTION('',(1.,0.,-0.));
#14135 = PCURVE('',#13932,#14136);
#14136 = DEFINITIONAL_REPRESENTATION('',(#14137),#14141);
#14137 = LINE('',#14138,#14139);
#14138 = CARTESIAN_POINT('',(0.,0.));
#14139 = VECTOR('',#14140,1.);
#14140 = DIRECTION('',(0.,1.));
#14141 = ( GEOMETRIC_REPRESENTATION_CONTEXT(2) 
PARAMETRIC_REPRESENTATION_CONTEXT() REPRESENTATION_CONTEXT('2D SPACE',''
  ) );
#14142 = PCURVE('',#13960,#14143);
#14143 = DEFINITIONAL_REPRESENTATION('',(#14144),#14148);
#14144 = LINE('',#14145,#14146);
#14145 = CARTESIAN_POINT('',(0.,0.));
#14146 = VECTOR('',#14147,1.);
#14147 = DIRECTION('',(1.,0.));
#14148 = ( GEOMETRIC_REPRESENTATION_CONTEXT(2) 
PARAMETRIC_REPRESENTATION_CONTEXT() REPRESENTATION_CONTEXT('2D SPACE',''
  ) );
#14149 = ORIENTED_EDGE('',*,*,#13909,.T.);
#14150 = ORIENTED_EDGE('',*,*,#14151,.T.);
#14151 = EDGE_CURVE('',#13912,#14032,#14152,.T.);
#14152 = SURFACE_CURVE('',#14153,(#14157,#14164),.PCURVE_S1.);
#14153 = LINE('',#14154,#14155);
#14154 = CARTESIAN_POINT('',(0.,0.,2.4E+03));
#14155 = VECTOR('',#14156,1.);
#14156 = DIRECTION('',(1.,0.,-0.));
#14157 = PCURVE('',#13932,#14158);
#14158 = DEFINITIONAL_REPRESENTATION('',(#14159),#14163);
#14159 = LINE('',#14160,#14161);
#14160 = CARTESIAN_POINT('',(2.4E+03,0.));
#14161 = VECTOR('',#14162,1.);
#14162 = DIRECTION('',(0.,1.));
#14163 = ( GEOMETRIC_REPRESENTATION_CONTEXT(2) 
PARAMETRIC_REPRESENTATION_CONTEXT() REPRESENTATION_CONTEXT('2D SPACE',''
  ) );
#14164 = PCURVE('',#14014,#14165);
#14165 = DEFINITIONAL_REPRESENTATION('',(#14166),#14170);
#14166 = LINE('',#14167,#14168);
#14167 = CARTESIAN_POINT('',(0.,0.));
#14168 = VECTOR('',#14169,1.);
#14169 = DIRECTION('',(1.,0.));
#14170 = ( GEOMETRIC_REPRESENTATION_CONTEXT(2) 
PARAMETRIC_REPRESENTATION_CONTEXT() REPRESENTATION_CONTEXT('2D SPACE',''
  ) );
#14171 = ORIENTED_EDGE('',*,*,#14029,.F.);
#14172 = ADVANCED_FACE('',(#14173),#13988,.T.);
#14173 = FACE_BOUND('',#14174,.T.);
#14174 = EDGE_LOOP('',(#14175,#14196,#14197,#14218));
#14175 = ORIENTED_EDGE('',*,*,#14176,.F.);
#14176 = EDGE_CURVE('',#13945,#14060,#14177,.T.);
#14177 = SURFACE_CURVE('',#14178,(#14182,#14189),.PCURVE_S1.);
#14178 = LINE('',#14179,#14180);
#14179 = CARTESIAN_POINT('',(0.,3.,0.));
#14180 = VECTOR('',#14181,1.);
#14181 = DIRECTION('',(1.,0.,-0.));
#14182 = PCURVE('',#13988,#14183);
#14183 = DEFINITIONAL_REPRESENTATION('',(#14184),#14188);
#14184 = LINE('',#14185,#14186);
#14185 = CARTESIAN_POINT('',(0.,0.));
#14186 = VECTOR('',#14187,1.);
#14187 = DIRECTION('',(0.,1.));
#14188 = ( GEOMETRIC_REPRESENTATION_CONTEXT(2) 
PARAMETRIC_REPRESENTATION_CONTEXT() REPRESENTATION_CONTEXT('2D SPACE',''
  ) );
#14189 = PCURVE('',#13960,#14190);
#14190 = DEFINITIONAL_REPRESENTATION('',(#14191),#14195);
#14191 = LINE('',#14192,#14193);
#14192 = CARTESIAN_POINT('',(0.,3.));
#14193 = VECTOR('',#14194,1.);
#14194 = DIRECTION('',(1.,0.));
#14195 = ( GEOMETRIC_REPRESENTATION_CONTEXT(2) 
PARAMETRIC_REPRESENTATION_CONTEXT() REPRESENTATION_CONTEXT('2D SPACE',''
  ) );
#14196 = ORIENTED_EDGE('',*,*,#13972,.T.);
#14197 = ORIENTED_EDGE('',*,*,#14198,.T.);
#14198 = EDGE_CURVE('',#13973,#14083,#14199,.T.);
#14199 = SURFACE_CURVE('',#14200,(#14204,#14211),.PCURVE_S1.);
#14200 = LINE('',#14201,#14202);
#14201 = CARTESIAN_POINT('',(0.,3.,2.4E+03));
#14202 = VECTOR('',#14203,1.);
#14203 = DIRECTION('',(1.,0.,-0.));
#14204 = PCURVE('',#13988,#14205);
#14205 = DEFINITIONAL_REPRESENTATION('',(#14206),#14210);
#14206 = LINE('',#14207,#14208);
#14207 = CARTESIAN_POINT('',(2.4E+03,0.));
#14208 = VECTOR('',#14209,1.);
#14209 = DIRECTION('',(0.,1.));
#14210 = ( GEOMETRIC_REPRESENTATION_CONTEXT(2) 
PARAMETRIC_REPRESENTATION_CONTEXT() REPRESENTATION_CONTEXT('2D SPACE',''
  ) );
#14211 = PCURVE('',#14014,#14212);
#14212 = DEFINITIONAL_REPRESENTATION('',(#14213),#14217);
#14213 = LINE('',#14214,#14215);
#14214 = CARTESIAN_POINT('',(0.,3.));
#14215 = VECTOR('',#14216,1.);
#14216 = DIRECTION('',(1.,0.));
#14217 = ( GEOMETRIC_REPRESENTATION_CONTEXT(2) 
PARAMETRIC_REPRESENTATION_CONTEXT() REPRESENTATION_CONTEXT('2D SPACE',''
  ) );
#14218 = ORIENTED_EDGE('',*,*,#14082,.F.);
#14219 = ADVANCED_FACE('',(#14220),#13960,.F.);
#14220 = FACE_BOUND('',#14221,.F.);
#14221 = EDGE_LOOP('',(#14222,#14223,#14224,#14225));
#14222 = ORIENTED_EDGE('',*,*,#13944,.F.);
#14223 = ORIENTED_EDGE('',*,*,#14129,.T.);
#14224 = ORIENTED_EDGE('',*,*,#14059,.T.);
#14225 = ORIENTED_EDGE('',*,*,#14176,.F.);
#14226 = ADVANCED_FACE('',(#14227),#14014,.T.);
#14227 = FACE_BOUND('',#14228,.T.);
#14228 = EDGE_LOOP('',(#14229,#14230,#14231,#14232));
#14229 = ORIENTED_EDGE('',*,*,#14000,.F.);
#14230 = ORIENTED_EDGE('',*,*,#14151,.T.);
#14231 = ORIENTED_EDGE('',*,*,#14105,.T.);
#14232 = ORIENTED_EDGE('',*,*,#14198,.F.);
#14233 = ( GEOMETRIC_REPRESENTATION_CONTEXT(3) 
GLOBAL_UNCERTAINTY_ASSIGNED_CONTEXT((#14237)) 
GLOBAL_UNIT_ASSIGNED_CONTEXT((#14234,#14235,#14236)) 
REPRESENTATION_CONTEXT('Context #1',
  '3D Context with UNIT and UNCERTAINTY') );
#14234 = ( LENGTH_UNIT() NAMED_UNIT(*) SI_UNIT(.MILLI.,.METRE.) );
#14235 = ( NAMED_UNIT(*) PLANE_ANGLE_UNIT() SI_UNIT($,.RADIAN.) );
#14236 = ( NAMED_UNIT(*) SI_UNIT($,.STERADIAN.) SOLID_ANGLE_UNIT() );
#14237 = UNCERTAINTY_MEASURE_WITH_UNIT(LENGTH_MEASURE(1.E-07),#14234,
  'distance_accuracy_value','confusion accuracy');
#14238 = CONTEXT_DEPENDENT_SHAPE_REPRESENTATION(#14239,#14241);
#14239 = ( REPRESENTATION_RELATIONSHIP('','',#13902,#10) 
REPRESENTATION_RELATIONSHIP_WITH_TRANSFORMATION(#14240) 
SHAPE_REPRESENTATION_RELATIONSHIP() );
#14240 = ITEM_DEFINED_TRANSFORMATION('','',#11,#119);
#14241 = PRODUCT_DEFINITION_SHAPE('Placement','Placement of an item',
  #14242);
#14242 = NEXT_ASSEMBLY_USAGE_OCCURRENCE('894',
'\X2\043E0431044804380432043A0430\X0\_\X2\04440430043D043504400430\X0\_3\X2\043C043C\X0\_
997\X2\0445\X0\2400','',#5,#13897,$);
#14243 = PRODUCT_RELATED_PRODUCT_CATEGORY('part',$,(#13899));
#14244 = SHAPE_DEFINITION_REPRESENTATION(#14245,#14251);
#14245 = PRODUCT_DEFINITION_SHAPE('','',#14246);
#14246 = PRODUCT_DEFINITION('design','',#14247,#14250);
#14247 = PRODUCT_DEFINITION_FORMATION('','',#14248);
#14248 = PRODUCT('\X2\0431043E043B0442\X0\_\X2\041C\X0\10\X2\0445\X0\80',
  '\X2\0431043E043B0442\X0\_\X2\041C\X0\10\X2\0445\X0\80','',(#14249));
#14249 = PRODUCT_CONTEXT('',#2,'mechanical');
#14250 = PRODUCT_DEFINITION_CONTEXT('part definition',#2,'design');
#14251 = ADVANCED_BREP_SHAPE_REPRESENTATION('',(#11,#14252),#14350);
#14252 = MANIFOLD_SOLID_BREP('',#14253);
#14253 = CLOSED_SHELL('',(#14254,#14342,#14346));
#14254 = ADVANCED_FACE('',(#14255),#14268,.T.);
#14255 = FACE_BOUND('',#14256,.T.);
#14256 = EDGE_LOOP('',(#14257,#14291,#14314,#14341));
#14257 = ORIENTED_EDGE('',*,*,#14258,.F.);
#14258 = EDGE_CURVE('',#14259,#14259,#14261,.T.);
#14259 = VERTEX_POINT('',#14260);
#14260 = CARTESIAN_POINT('',(5.,-1.224646799147E-15,80.));
#14261 = SURFACE_CURVE('',#14262,(#14267,#14279),.PCURVE_S1.);
#14262 = CIRCLE('',#14263,5.);
#14263 = AXIS2_PLACEMENT_3D('',#14264,#14265,#14266);
#14264 = CARTESIAN_POINT('',(0.,0.,80.));
#14265 = DIRECTION('',(0.,0.,1.));
#14266 = DIRECTION('',(1.,0.,-0.));
#14267 = PCURVE('',#14268,#14273);
#14268 = CYLINDRICAL_SURFACE('',#14269,5.);
#14269 = AXIS2_PLACEMENT_3D('',#14270,#14271,#14272);
#14270 = CARTESIAN_POINT('',(0.,0.,0.));
#14271 = DIRECTION('',(0.,0.,1.));
#14272 = DIRECTION('',(1.,0.,-0.));
#14273 = DEFINITIONAL_REPRESENTATION('',(#14274),#14278);
#14274 = LINE('',#14275,#14276);
#14275 = CARTESIAN_POINT('',(0.,80.));
#14276 = VECTOR('',#14277,1.);
#14277 = DIRECTION('',(1.,0.));
#14278 = ( GEOMETRIC_REPRESENTATION_CONTEXT(2) 
PARAMETRIC_REPRESENTATION_CONTEXT() REPRESENTATION_CONTEXT('2D SPACE',''
  ) );
#14279 = PCURVE('',#14280,#14285);
#14280 = PLANE('',#14281);
#14281 = AXIS2_PLACEMENT_3D('',#14282,#14283,#14284);
#14282 = CARTESIAN_POINT('',(0.,0.,80.));
#14283 = DIRECTION('',(0.,0.,1.));
#14284 = DIRECTION('',(1.,0.,-0.));
#14285 = DEFINITIONAL_REPRESENTATION('',(#14286),#14290);
#14286 = CIRCLE('',#14287,5.);
#14287 = AXIS2_PLACEMENT_2D('',#14288,#14289);
#14288 = CARTESIAN_POINT('',(0.,0.));
#14289 = DIRECTION('',(1.,0.));
#14290 = ( GEOMETRIC_REPRESENTATION_CONTEXT(2) 
PARAMETRIC_REPRESENTATION_CONTEXT() REPRESENTATION_CONTEXT('2D SPACE',''
  ) );
#14291 = ORIENTED_EDGE('',*,*,#14292,.F.);
#14292 = EDGE_CURVE('',#14293,#14259,#14295,.T.);
#14293 = VERTEX_POINT('',#14294);
#14294 = CARTESIAN_POINT('',(5.,-1.224646799147E-15,0.));
#14295 = SEAM_CURVE('',#14296,(#14300,#14307),.PCURVE_S1.);
#14296 = LINE('',#14297,#14298);
#14297 = CARTESIAN_POINT('',(5.,-1.224646799147E-15,0.));
#14298 = VECTOR('',#14299,1.);
#14299 = DIRECTION('',(0.,0.,1.));
#14300 = PCURVE('',#14268,#14301);
#14301 = DEFINITIONAL_REPRESENTATION('',(#14302),#14306);
#14302 = LINE('',#14303,#14304);
#14303 = CARTESIAN_POINT('',(6.28318530718,-0.));
#14304 = VECTOR('',#14305,1.);
#14305 = DIRECTION('',(0.,1.));
#14306 = ( GEOMETRIC_REPRESENTATION_CONTEXT(2) 
PARAMETRIC_REPRESENTATION_CONTEXT() REPRESENTATION_CONTEXT('2D SPACE',''
  ) );
#14307 = PCURVE('',#14268,#14308);
#14308 = DEFINITIONAL_REPRESENTATION('',(#14309),#14313);
#14309 = LINE('',#14310,#14311);
#14310 = CARTESIAN_POINT('',(0.,-0.));
#14311 = VECTOR('',#14312,1.);
#14312 = DIRECTION('',(0.,1.));
#14313 = ( GEOMETRIC_REPRESENTATION_CONTEXT(2) 
PARAMETRIC_REPRESENTATION_CONTEXT() REPRESENTATION_CONTEXT('2D SPACE',''
  ) );
#14314 = ORIENTED_EDGE('',*,*,#14315,.T.);
#14315 = EDGE_CURVE('',#14293,#14293,#14316,.T.);
#14316 = SURFACE_CURVE('',#14317,(#14322,#14329),.PCURVE_S1.);
#14317 = CIRCLE('',#14318,5.);
#14318 = AXIS2_PLACEMENT_3D('',#14319,#14320,#14321);
#14319 = CARTESIAN_POINT('',(0.,0.,0.));
#14320 = DIRECTION('',(0.,0.,1.));
#14321 = DIRECTION('',(1.,0.,-0.));
#14322 = PCURVE('',#14268,#14323);
#14323 = DEFINITIONAL_REPRESENTATION('',(#14324),#14328);
#14324 = LINE('',#14325,#14326);
#14325 = CARTESIAN_POINT('',(0.,0.));
#14326 = VECTOR('',#14327,1.);
#14327 = DIRECTION('',(1.,0.));
#14328 = ( GEOMETRIC_REPRESENTATION_CONTEXT(2) 
PARAMETRIC_REPRESENTATION_CONTEXT() REPRESENTATION_CONTEXT('2D SPACE',''
  ) );
#14329 = PCURVE('',#14330,#14335);
#14330 = PLANE('',#14331);
#14331 = AXIS2_PLACEMENT_3D('',#14332,#14333,#14334);
#14332 = CARTESIAN_POINT('',(0.,0.,0.));
#14333 = DIRECTION('',(0.,0.,1.));
#14334 = DIRECTION('',(1.,0.,-0.));
#14335 = DEFINITIONAL_REPRESENTATION('',(#14336),#14340);
#14336 = CIRCLE('',#14337,5.);
#14337 = AXIS2_PLACEMENT_2D('',#14338,#14339);
#14338 = CARTESIAN_POINT('',(0.,0.));
#14339 = DIRECTION('',(1.,0.));
#14340 = ( GEOMETRIC_REPRESENTATION_CONTEXT(2) 
PARAMETRIC_REPRESENTATION_CONTEXT() REPRESENTATION_CONTEXT('2D SPACE',''
  ) );
#14341 = ORIENTED_EDGE('',*,*,#14292,.T.);
#14342 = ADVANCED_FACE('',(#14343),#14280,.T.);
#14343 = FACE_BOUND('',#14344,.T.);
#14344 = EDGE_LOOP('',(#14345));
#14345 = ORIENTED_EDGE('',*,*,#14258,.T.);
#14346 = ADVANCED_FACE('',(#14347),#14330,.F.);
#14347 = FACE_BOUND('',#14348,.T.);
#14348 = EDGE_LOOP('',(#14349));
#14349 = ORIENTED_EDGE('',*,*,#14315,.F.);
#14350 = ( GEOMETRIC_REPRESENTATION_CONTEXT(3) 
GLOBAL_UNCERTAINTY_ASSIGNED_CONTEXT((#14354)) 
GLOBAL_UNIT_ASSIGNED_CONTEXT((#14351,#14352,#14353)) 
REPRESENTATION_CONTEXT('Context #1',
  '3D Context with UNIT and UNCERTAINTY') );
#14351 = ( LENGTH_UNIT() NAMED_UNIT(*) SI_UNIT(.MILLI.,.METRE.) );
#14352 = ( NAMED_UNIT(*) PLANE_ANGLE_UNIT() SI_UNIT($,.RADIAN.) );
#14353 = ( NAMED_UNIT(*) SI_UNIT($,.STERADIAN.) SOLID_ANGLE_UNIT() );
#14354 = UNCERTAINTY_MEASURE_WITH_UNIT(LENGTH_MEASURE(1.E-07),#14351,
  'distance_accuracy_value','confusion accuracy');
#14355 = CONTEXT_DEPENDENT_SHAPE_REPRESENTATION(#14356,#14358);
#14356 = ( REPRESENTATION_RELATIONSHIP('','',#14251,#10) 
REPRESENTATION_RELATIONSHIP_WITH_TRANSFORMATION(#14357) 
SHAPE_REPRESENTATION_RELATIONSHIP() );
#14357 = ITEM_DEFINED_TRANSFORMATION('','',#11,#123);
#14358 = PRODUCT_DEFINITION_SHAPE('Placement','Placement of an item',
  #14359);
#14359 = NEXT_ASSEMBLY_USAGE_OCCURRENCE('895',
  '\X2\0431043E043B0442\X0\_\X2\041C\X0\10\X2\0445\X0\80','',#5,#14246,$);
#14360 = PRODUCT_RELATED_PRODUCT_CATEGORY('part',$,(#14248));
#14361 = SHAPE_DEFINITION_REPRESENTATION(#14362,#14368);
#14362 = PRODUCT_DEFINITION_SHAPE('','',#14363);
#14363 = PRODUCT_DEFINITION('design','',#14364,#14367);
#14364 = PRODUCT_DEFINITION_FORMATION('','',#14365);
#14365 = PRODUCT('\X2\0431043E043B0442\X0\_\X2\041C\X0\10\X2\0445\X0\80',
  '\X2\0431043E043B0442\X0\_\X2\041C\X0\10\X2\0445\X0\80','',(#14366));
#14366 = PRODUCT_CONTEXT('',#2,'mechanical');
#14367 = PRODUCT_DEFINITION_CONTEXT('part definition',#2,'design');
#14368 = ADVANCED_BREP_SHAPE_REPRESENTATION('',(#11,#14369),#14467);
#14369 = MANIFOLD_SOLID_BREP('',#14370);
#14370 = CLOSED_SHELL('',(#14371,#14459,#14463));
#14371 = ADVANCED_FACE('',(#14372),#14385,.T.);
#14372 = FACE_BOUND('',#14373,.T.);
#14373 = EDGE_LOOP('',(#14374,#14408,#14431,#14458));
#14374 = ORIENTED_EDGE('',*,*,#14375,.F.);
#14375 = EDGE_CURVE('',#14376,#14376,#14378,.T.);
#14376 = VERTEX_POINT('',#14377);
#14377 = CARTESIAN_POINT('',(5.,-1.224646799147E-15,80.));
#14378 = SURFACE_CURVE('',#14379,(#14384,#14396),.PCURVE_S1.);
#14379 = CIRCLE('',#14380,5.);
#14380 = AXIS2_PLACEMENT_3D('',#14381,#14382,#14383);
#14381 = CARTESIAN_POINT('',(0.,0.,80.));
#14382 = DIRECTION('',(0.,0.,1.));
#14383 = DIRECTION('',(1.,0.,-0.));
#14384 = PCURVE('',#14385,#14390);
#14385 = CYLINDRICAL_SURFACE('',#14386,5.);
#14386 = AXIS2_PLACEMENT_3D('',#14387,#14388,#14389);
#14387 = CARTESIAN_POINT('',(0.,0.,0.));
#14388 = DIRECTION('',(0.,0.,1.));
#14389 = DIRECTION('',(1.,0.,-0.));
#14390 = DEFINITIONAL_REPRESENTATION('',(#14391),#14395);
#14391 = LINE('',#14392,#14393);
#14392 = CARTESIAN_POINT('',(0.,80.));
#14393 = VECTOR('',#14394,1.);
#14394 = DIRECTION('',(1.,0.));
#14395 = ( GEOMETRIC_REPRESENTATION_CONTEXT(2) 
PARAMETRIC_REPRESENTATION_CONTEXT() REPRESENTATION_CONTEXT('2D SPACE',''
  ) );
#14396 = PCURVE('',#14397,#14402);
#14397 = PLANE('',#14398);
#14398 = AXIS2_PLACEMENT_3D('',#14399,#14400,#14401);
#14399 = CARTESIAN_POINT('',(0.,0.,80.));
#14400 = DIRECTION('',(0.,0.,1.));
#14401 = DIRECTION('',(1.,0.,-0.));
#14402 = DEFINITIONAL_REPRESENTATION('',(#14403),#14407);
#14403 = CIRCLE('',#14404,5.);
#14404 = AXIS2_PLACEMENT_2D('',#14405,#14406);
#14405 = CARTESIAN_POINT('',(0.,0.));
#14406 = DIRECTION('',(1.,0.));
#14407 = ( GEOMETRIC_REPRESENTATION_CONTEXT(2) 
PARAMETRIC_REPRESENTATION_CONTEXT() REPRESENTATION_CONTEXT('2D SPACE',''
  ) );
#14408 = ORIENTED_EDGE('',*,*,#14409,.F.);
#14409 = EDGE_CURVE('',#14410,#14376,#14412,.T.);
#14410 = VERTEX_POINT('',#14411);
#14411 = CARTESIAN_POINT('',(5.,-1.224646799147E-15,0.));
#14412 = SEAM_CURVE('',#14413,(#14417,#14424),.PCURVE_S1.);
#14413 = LINE('',#14414,#14415);
#14414 = CARTESIAN_POINT('',(5.,-1.224646799147E-15,0.));
#14415 = VECTOR('',#14416,1.);
#14416 = DIRECTION('',(0.,0.,1.));
#14417 = PCURVE('',#14385,#14418);
#14418 = DEFINITIONAL_REPRESENTATION('',(#14419),#14423);
#14419 = LINE('',#14420,#14421);
#14420 = CARTESIAN_POINT('',(6.28318530718,-0.));
#14421 = VECTOR('',#14422,1.);
#14422 = DIRECTION('',(0.,1.));
#14423 = ( GEOMETRIC_REPRESENTATION_CONTEXT(2) 
PARAMETRIC_REPRESENTATION_CONTEXT() REPRESENTATION_CONTEXT('2D SPACE',''
  ) );
#14424 = PCURVE('',#14385,#14425);
#14425 = DEFINITIONAL_REPRESENTATION('',(#14426),#14430);
#14426 = LINE('',#14427,#14428);
#14427 = CARTESIAN_POINT('',(0.,-0.));
#14428 = VECTOR('',#14429,1.);
#14429 = DIRECTION('',(0.,1.));
#14430 = ( GEOMETRIC_REPRESENTATION_CONTEXT(2) 
PARAMETRIC_REPRESENTATION_CONTEXT() REPRESENTATION_CONTEXT('2D SPACE',''
  ) );
#14431 = ORIENTED_EDGE('',*,*,#14432,.T.);
#14432 = EDGE_CURVE('',#14410,#14410,#14433,.T.);
#14433 = SURFACE_CURVE('',#14434,(#14439,#14446),.PCURVE_S1.);
#14434 = CIRCLE('',#14435,5.);
#14435 = AXIS2_PLACEMENT_3D('',#14436,#14437,#14438);
#14436 = CARTESIAN_POINT('',(0.,0.,0.));
#14437 = DIRECTION('',(0.,0.,1.));
#14438 = DIRECTION('',(1.,0.,-0.));
#14439 = PCURVE('',#14385,#14440);
#14440 = DEFINITIONAL_REPRESENTATION('',(#14441),#14445);
#14441 = LINE('',#14442,#14443);
#14442 = CARTESIAN_POINT('',(0.,0.));
#14443 = VECTOR('',#14444,1.);
#14444 = DIRECTION('',(1.,0.));
#14445 = ( GEOMETRIC_REPRESENTATION_CONTEXT(2) 
PARAMETRIC_REPRESENTATION_CONTEXT() REPRESENTATION_CONTEXT('2D SPACE',''
  ) );
#14446 = PCURVE('',#14447,#14452);
#14447 = PLANE('',#14448);
#14448 = AXIS2_PLACEMENT_3D('',#14449,#14450,#14451);
#14449 = CARTESIAN_POINT('',(0.,0.,0.));
#14450 = DIRECTION('',(0.,0.,1.));
#14451 = DIRECTION('',(1.,0.,-0.));
#14452 = DEFINITIONAL_REPRESENTATION('',(#14453),#14457);
#14453 = CIRCLE('',#14454,5.);
#14454 = AXIS2_PLACEMENT_2D('',#14455,#14456);
#14455 = CARTESIAN_POINT('',(0.,0.));
#14456 = DIRECTION('',(1.,0.));
#14457 = ( GEOMETRIC_REPRESENTATION_CONTEXT(2) 
PARAMETRIC_REPRESENTATION_CONTEXT() REPRESENTATION_CONTEXT('2D SPACE',''
  ) );
#14458 = ORIENTED_EDGE('',*,*,#14409,.T.);
#14459 = ADVANCED_FACE('',(#14460),#14397,.T.);
#14460 = FACE_BOUND('',#14461,.T.);
#14461 = EDGE_LOOP('',(#14462));
#14462 = ORIENTED_EDGE('',*,*,#14375,.T.);
#14463 = ADVANCED_FACE('',(#14464),#14447,.F.);
#14464 = FACE_BOUND('',#14465,.T.);
#14465 = EDGE_LOOP('',(#14466));
#14466 = ORIENTED_EDGE('',*,*,#14432,.F.);
#14467 = ( GEOMETRIC_REPRESENTATION_CONTEXT(3) 
GLOBAL_UNCERTAINTY_ASSIGNED_CONTEXT((#14471)) 
GLOBAL_UNIT_ASSIGNED_CONTEXT((#14468,#14469,#14470)) 
REPRESENTATION_CONTEXT('Context #1',
  '3D Context with UNIT and UNCERTAINTY') );
#14468 = ( LENGTH_UNIT() NAMED_UNIT(*) SI_UNIT(.MILLI.,.METRE.) );
#14469 = ( NAMED_UNIT(*) PLANE_ANGLE_UNIT() SI_UNIT($,.RADIAN.) );
#14470 = ( NAMED_UNIT(*) SI_UNIT($,.STERADIAN.) SOLID_ANGLE_UNIT() );
#14471 = UNCERTAINTY_MEASURE_WITH_UNIT(LENGTH_MEASURE(1.E-07),#14468,
  'distance_accuracy_value','confusion accuracy');
#14472 = CONTEXT_DEPENDENT_SHAPE_REPRESENTATION(#14473,#14475);
#14473 = ( REPRESENTATION_RELATIONSHIP('','',#14368,#10) 
REPRESENTATION_RELATIONSHIP_WITH_TRANSFORMATION(#14474) 
SHAPE_REPRESENTATION_RELATIONSHIP() );
#14474 = ITEM_DEFINED_TRANSFORMATION('','',#11,#127);
#14475 = PRODUCT_DEFINITION_SHAPE('Placement','Placement of an item',
  #14476);
#14476 = NEXT_ASSEMBLY_USAGE_OCCURRENCE('896',
  '\X2\0431043E043B0442\X0\_\X2\041C\X0\10\X2\0445\X0\80','',#5,#14363,$);
#14477 = PRODUCT_RELATED_PRODUCT_CATEGORY('part',$,(#14365));
#14478 = SHAPE_DEFINITION_REPRESENTATION(#14479,#14485);
#14479 = PRODUCT_DEFINITION_SHAPE('','',#14480);
#14480 = PRODUCT_DEFINITION('design','',#14481,#14484);
#14481 = PRODUCT_DEFINITION_FORMATION('','',#14482);
#14482 = PRODUCT('\X2\0431043E043B0442\X0\_\X2\041C\X0\10\X2\0445\X0\80',
  '\X2\0431043E043B0442\X0\_\X2\041C\X0\10\X2\0445\X0\80','',(#14483));
#14483 = PRODUCT_CONTEXT('',#2,'mechanical');
#14484 = PRODUCT_DEFINITION_CONTEXT('part definition',#2,'design');
#14485 = ADVANCED_BREP_SHAPE_REPRESENTATION('',(#11,#14486),#14584);
#14486 = MANIFOLD_SOLID_BREP('',#14487);
#14487 = CLOSED_SHELL('',(#14488,#14576,#14580));
#14488 = ADVANCED_FACE('',(#14489),#14502,.T.);
#14489 = FACE_BOUND('',#14490,.T.);
#14490 = EDGE_LOOP('',(#14491,#14525,#14548,#14575));
#14491 = ORIENTED_EDGE('',*,*,#14492,.F.);
#14492 = EDGE_CURVE('',#14493,#14493,#14495,.T.);
#14493 = VERTEX_POINT('',#14494);
#14494 = CARTESIAN_POINT('',(5.,-1.224646799147E-15,80.));
#14495 = SURFACE_CURVE('',#14496,(#14501,#14513),.PCURVE_S1.);
#14496 = CIRCLE('',#14497,5.);
#14497 = AXIS2_PLACEMENT_3D('',#14498,#14499,#14500);
#14498 = CARTESIAN_POINT('',(0.,0.,80.));
#14499 = DIRECTION('',(0.,0.,1.));
#14500 = DIRECTION('',(1.,0.,-0.));
#14501 = PCURVE('',#14502,#14507);
#14502 = CYLINDRICAL_SURFACE('',#14503,5.);
#14503 = AXIS2_PLACEMENT_3D('',#14504,#14505,#14506);
#14504 = CARTESIAN_POINT('',(0.,0.,0.));
#14505 = DIRECTION('',(0.,0.,1.));
#14506 = DIRECTION('',(1.,0.,-0.));
#14507 = DEFINITIONAL_REPRESENTATION('',(#14508),#14512);
#14508 = LINE('',#14509,#14510);
#14509 = CARTESIAN_POINT('',(0.,80.));
#14510 = VECTOR('',#14511,1.);
#14511 = DIRECTION('',(1.,0.));
#14512 = ( GEOMETRIC_REPRESENTATION_CONTEXT(2) 
PARAMETRIC_REPRESENTATION_CONTEXT() REPRESENTATION_CONTEXT('2D SPACE',''
  ) );
#14513 = PCURVE('',#14514,#14519);
#14514 = PLANE('',#14515);
#14515 = AXIS2_PLACEMENT_3D('',#14516,#14517,#14518);
#14516 = CARTESIAN_POINT('',(0.,0.,80.));
#14517 = DIRECTION('',(0.,0.,1.));
#14518 = DIRECTION('',(1.,0.,-0.));
#14519 = DEFINITIONAL_REPRESENTATION('',(#14520),#14524);
#14520 = CIRCLE('',#14521,5.);
#14521 = AXIS2_PLACEMENT_2D('',#14522,#14523);
#14522 = CARTESIAN_POINT('',(0.,0.));
#14523 = DIRECTION('',(1.,0.));
#14524 = ( GEOMETRIC_REPRESENTATION_CONTEXT(2) 
PARAMETRIC_REPRESENTATION_CONTEXT() REPRESENTATION_CONTEXT('2D SPACE',''
  ) );
#14525 = ORIENTED_EDGE('',*,*,#14526,.F.);
#14526 = EDGE_CURVE('',#14527,#14493,#14529,.T.);
#14527 = VERTEX_POINT('',#14528);
#14528 = CARTESIAN_POINT('',(5.,-1.224646799147E-15,0.));
#14529 = SEAM_CURVE('',#14530,(#14534,#14541),.PCURVE_S1.);
#14530 = LINE('',#14531,#14532);
#14531 = CARTESIAN_POINT('',(5.,-1.224646799147E-15,0.));
#14532 = VECTOR('',#14533,1.);
#14533 = DIRECTION('',(0.,0.,1.));
#14534 = PCURVE('',#14502,#14535);
#14535 = DEFINITIONAL_REPRESENTATION('',(#14536),#14540);
#14536 = LINE('',#14537,#14538);
#14537 = CARTESIAN_POINT('',(6.28318530718,-0.));
#14538 = VECTOR('',#14539,1.);
#14539 = DIRECTION('',(0.,1.));
#14540 = ( GEOMETRIC_REPRESENTATION_CONTEXT(2) 
PARAMETRIC_REPRESENTATION_CONTEXT() REPRESENTATION_CONTEXT('2D SPACE',''
  ) );
#14541 = PCURVE('',#14502,#14542);
#14542 = DEFINITIONAL_REPRESENTATION('',(#14543),#14547);
#14543 = LINE('',#14544,#14545);
#14544 = CARTESIAN_POINT('',(0.,-0.));
#14545 = VECTOR('',#14546,1.);
#14546 = DIRECTION('',(0.,1.));
#14547 = ( GEOMETRIC_REPRESENTATION_CONTEXT(2) 
PARAMETRIC_REPRESENTATION_CONTEXT() REPRESENTATION_CONTEXT('2D SPACE',''
  ) );
#14548 = ORIENTED_EDGE('',*,*,#14549,.T.);
#14549 = EDGE_CURVE('',#14527,#14527,#14550,.T.);
#14550 = SURFACE_CURVE('',#14551,(#14556,#14563),.PCURVE_S1.);
#14551 = CIRCLE('',#14552,5.);
#14552 = AXIS2_PLACEMENT_3D('',#14553,#14554,#14555);
#14553 = CARTESIAN_POINT('',(0.,0.,0.));
#14554 = DIRECTION('',(0.,0.,1.));
#14555 = DIRECTION('',(1.,0.,-0.));
#14556 = PCURVE('',#14502,#14557);
#14557 = DEFINITIONAL_REPRESENTATION('',(#14558),#14562);
#14558 = LINE('',#14559,#14560);
#14559 = CARTESIAN_POINT('',(0.,0.));
#14560 = VECTOR('',#14561,1.);
#14561 = DIRECTION('',(1.,0.));
#14562 = ( GEOMETRIC_REPRESENTATION_CONTEXT(2) 
PARAMETRIC_REPRESENTATION_CONTEXT() REPRESENTATION_CONTEXT('2D SPACE',''
  ) );
#14563 = PCURVE('',#14564,#14569);
#14564 = PLANE('',#14565);
#14565 = AXIS2_PLACEMENT_3D('',#14566,#14567,#14568);
#14566 = CARTESIAN_POINT('',(0.,0.,0.));
#14567 = DIRECTION('',(0.,0.,1.));
#14568 = DIRECTION('',(1.,0.,-0.));
#14569 = DEFINITIONAL_REPRESENTATION('',(#14570),#14574);
#14570 = CIRCLE('',#14571,5.);
#14571 = AXIS2_PLACEMENT_2D('',#14572,#14573);
#14572 = CARTESIAN_POINT('',(0.,0.));
#14573 = DIRECTION('',(1.,0.));
#14574 = ( GEOMETRIC_REPRESENTATION_CONTEXT(2) 
PARAMETRIC_REPRESENTATION_CONTEXT() REPRESENTATION_CONTEXT('2D SPACE',''
  ) );
#14575 = ORIENTED_EDGE('',*,*,#14526,.T.);
#14576 = ADVANCED_FACE('',(#14577),#14514,.T.);
#14577 = FACE_BOUND('',#14578,.T.);
#14578 = EDGE_LOOP('',(#14579));
#14579 = ORIENTED_EDGE('',*,*,#14492,.T.);
#14580 = ADVANCED_FACE('',(#14581),#14564,.F.);
#14581 = FACE_BOUND('',#14582,.T.);
#14582 = EDGE_LOOP('',(#14583));
#14583 = ORIENTED_EDGE('',*,*,#14549,.F.);
#14584 = ( GEOMETRIC_REPRESENTATION_CONTEXT(3) 
GLOBAL_UNCERTAINTY_ASSIGNED_CONTEXT((#14588)) 
GLOBAL_UNIT_ASSIGNED_CONTEXT((#14585,#14586,#14587)) 
REPRESENTATION_CONTEXT('Context #1',
  '3D Context with UNIT and UNCERTAINTY') );
#14585 = ( LENGTH_UNIT() NAMED_UNIT(*) SI_UNIT(.MILLI.,.METRE.) );
#14586 = ( NAMED_UNIT(*) PLANE_ANGLE_UNIT() SI_UNIT($,.RADIAN.) );
#14587 = ( NAMED_UNIT(*) SI_UNIT($,.STERADIAN.) SOLID_ANGLE_UNIT() );
#14588 = UNCERTAINTY_MEASURE_WITH_UNIT(LENGTH_MEASURE(1.E-07),#14585,
  'distance_accuracy_value','confusion accuracy');
#14589 = CONTEXT_DEPENDENT_SHAPE_REPRESENTATION(#14590,#14592);
#14590 = ( REPRESENTATION_RELATIONSHIP('','',#14485,#10) 
REPRESENTATION_RELATIONSHIP_WITH_TRANSFORMATION(#14591) 
SHAPE_REPRESENTATION_RELATIONSHIP() );
#14591 = ITEM_DEFINED_TRANSFORMATION('','',#11,#131);
#14592 = PRODUCT_DEFINITION_SHAPE('Placement','Placement of an item',
  #14593);
#14593 = NEXT_ASSEMBLY_USAGE_OCCURRENCE('897',
  '\X2\0431043E043B0442\X0\_\X2\041C\X0\10\X2\0445\X0\80','',#5,#14480,$);
#14594 = PRODUCT_RELATED_PRODUCT_CATEGORY('part',$,(#14482));
#14595 = SHAPE_DEFINITION_REPRESENTATION(#14596,#14602);
#14596 = PRODUCT_DEFINITION_SHAPE('','',#14597);
#14597 = PRODUCT_DEFINITION('design','',#14598,#14601);
#14598 = PRODUCT_DEFINITION_FORMATION('','',#14599);
#14599 = PRODUCT('\X2\0431043E043B0442\X0\_\X2\041C\X0\10\X2\0445\X0\80',
  '\X2\0431043E043B0442\X0\_\X2\041C\X0\10\X2\0445\X0\80','',(#14600));
#14600 = PRODUCT_CONTEXT('',#2,'mechanical');
#14601 = PRODUCT_DEFINITION_CONTEXT('part definition',#2,'design');
#14602 = ADVANCED_BREP_SHAPE_REPRESENTATION('',(#11,#14603),#14701);
#14603 = MANIFOLD_SOLID_BREP('',#14604);
#14604 = CLOSED_SHELL('',(#14605,#14693,#14697));
#14605 = ADVANCED_FACE('',(#14606),#14619,.T.);
#14606 = FACE_BOUND('',#14607,.T.);
#14607 = EDGE_LOOP('',(#14608,#14642,#14665,#14692));
#14608 = ORIENTED_EDGE('',*,*,#14609,.F.);
#14609 = EDGE_CURVE('',#14610,#14610,#14612,.T.);
#14610 = VERTEX_POINT('',#14611);
#14611 = CARTESIAN_POINT('',(5.,-1.224646799147E-15,80.));
#14612 = SURFACE_CURVE('',#14613,(#14618,#14630),.PCURVE_S1.);
#14613 = CIRCLE('',#14614,5.);
#14614 = AXIS2_PLACEMENT_3D('',#14615,#14616,#14617);
#14615 = CARTESIAN_POINT('',(0.,0.,80.));
#14616 = DIRECTION('',(0.,0.,1.));
#14617 = DIRECTION('',(1.,0.,-0.));
#14618 = PCURVE('',#14619,#14624);
#14619 = CYLINDRICAL_SURFACE('',#14620,5.);
#14620 = AXIS2_PLACEMENT_3D('',#14621,#14622,#14623);
#14621 = CARTESIAN_POINT('',(0.,0.,0.));
#14622 = DIRECTION('',(0.,0.,1.));
#14623 = DIRECTION('',(1.,0.,-0.));
#14624 = DEFINITIONAL_REPRESENTATION('',(#14625),#14629);
#14625 = LINE('',#14626,#14627);
#14626 = CARTESIAN_POINT('',(0.,80.));
#14627 = VECTOR('',#14628,1.);
#14628 = DIRECTION('',(1.,0.));
#14629 = ( GEOMETRIC_REPRESENTATION_CONTEXT(2) 
PARAMETRIC_REPRESENTATION_CONTEXT() REPRESENTATION_CONTEXT('2D SPACE',''
  ) );
#14630 = PCURVE('',#14631,#14636);
#14631 = PLANE('',#14632);
#14632 = AXIS2_PLACEMENT_3D('',#14633,#14634,#14635);
#14633 = CARTESIAN_POINT('',(0.,0.,80.));
#14634 = DIRECTION('',(0.,0.,1.));
#14635 = DIRECTION('',(1.,0.,-0.));
#14636 = DEFINITIONAL_REPRESENTATION('',(#14637),#14641);
#14637 = CIRCLE('',#14638,5.);
#14638 = AXIS2_PLACEMENT_2D('',#14639,#14640);
#14639 = CARTESIAN_POINT('',(0.,0.));
#14640 = DIRECTION('',(1.,0.));
#14641 = ( GEOMETRIC_REPRESENTATION_CONTEXT(2) 
PARAMETRIC_REPRESENTATION_CONTEXT() REPRESENTATION_CONTEXT('2D SPACE',''
  ) );
#14642 = ORIENTED_EDGE('',*,*,#14643,.F.);
#14643 = EDGE_CURVE('',#14644,#14610,#14646,.T.);
#14644 = VERTEX_POINT('',#14645);
#14645 = CARTESIAN_POINT('',(5.,-1.224646799147E-15,0.));
#14646 = SEAM_CURVE('',#14647,(#14651,#14658),.PCURVE_S1.);
#14647 = LINE('',#14648,#14649);
#14648 = CARTESIAN_POINT('',(5.,-1.224646799147E-15,0.));
#14649 = VECTOR('',#14650,1.);
#14650 = DIRECTION('',(0.,0.,1.));
#14651 = PCURVE('',#14619,#14652);
#14652 = DEFINITIONAL_REPRESENTATION('',(#14653),#14657);
#14653 = LINE('',#14654,#14655);
#14654 = CARTESIAN_POINT('',(6.28318530718,-0.));
#14655 = VECTOR('',#14656,1.);
#14656 = DIRECTION('',(0.,1.));
#14657 = ( GEOMETRIC_REPRESENTATION_CONTEXT(2) 
PARAMETRIC_REPRESENTATION_CONTEXT() REPRESENTATION_CONTEXT('2D SPACE',''
  ) );
#14658 = PCURVE('',#14619,#14659);
#14659 = DEFINITIONAL_REPRESENTATION('',(#14660),#14664);
#14660 = LINE('',#14661,#14662);
#14661 = CARTESIAN_POINT('',(0.,-0.));
#14662 = VECTOR('',#14663,1.);
#14663 = DIRECTION('',(0.,1.));
#14664 = ( GEOMETRIC_REPRESENTATION_CONTEXT(2) 
PARAMETRIC_REPRESENTATION_CONTEXT() REPRESENTATION_CONTEXT('2D SPACE',''
  ) );
#14665 = ORIENTED_EDGE('',*,*,#14666,.T.);
#14666 = EDGE_CURVE('',#14644,#14644,#14667,.T.);
#14667 = SURFACE_CURVE('',#14668,(#14673,#14680),.PCURVE_S1.);
#14668 = CIRCLE('',#14669,5.);
#14669 = AXIS2_PLACEMENT_3D('',#14670,#14671,#14672);
#14670 = CARTESIAN_POINT('',(0.,0.,0.));
#14671 = DIRECTION('',(0.,0.,1.));
#14672 = DIRECTION('',(1.,0.,-0.));
#14673 = PCURVE('',#14619,#14674);
#14674 = DEFINITIONAL_REPRESENTATION('',(#14675),#14679);
#14675 = LINE('',#14676,#14677);
#14676 = CARTESIAN_POINT('',(0.,0.));
#14677 = VECTOR('',#14678,1.);
#14678 = DIRECTION('',(1.,0.));
#14679 = ( GEOMETRIC_REPRESENTATION_CONTEXT(2) 
PARAMETRIC_REPRESENTATION_CONTEXT() REPRESENTATION_CONTEXT('2D SPACE',''
  ) );
#14680 = PCURVE('',#14681,#14686);
#14681 = PLANE('',#14682);
#14682 = AXIS2_PLACEMENT_3D('',#14683,#14684,#14685);
#14683 = CARTESIAN_POINT('',(0.,0.,0.));
#14684 = DIRECTION('',(0.,0.,1.));
#14685 = DIRECTION('',(1.,0.,-0.));
#14686 = DEFINITIONAL_REPRESENTATION('',(#14687),#14691);
#14687 = CIRCLE('',#14688,5.);
#14688 = AXIS2_PLACEMENT_2D('',#14689,#14690);
#14689 = CARTESIAN_POINT('',(0.,0.));
#14690 = DIRECTION('',(1.,0.));
#14691 = ( GEOMETRIC_REPRESENTATION_CONTEXT(2) 
PARAMETRIC_REPRESENTATION_CONTEXT() REPRESENTATION_CONTEXT('2D SPACE',''
  ) );
#14692 = ORIENTED_EDGE('',*,*,#14643,.T.);
#14693 = ADVANCED_FACE('',(#14694),#14631,.T.);
#14694 = FACE_BOUND('',#14695,.T.);
#14695 = EDGE_LOOP('',(#14696));
#14696 = ORIENTED_EDGE('',*,*,#14609,.T.);
#14697 = ADVANCED_FACE('',(#14698),#14681,.F.);
#14698 = FACE_BOUND('',#14699,.T.);
#14699 = EDGE_LOOP('',(#14700));
#14700 = ORIENTED_EDGE('',*,*,#14666,.F.);
#14701 = ( GEOMETRIC_REPRESENTATION_CONTEXT(3) 
GLOBAL_UNCERTAINTY_ASSIGNED_CONTEXT((#14705)) 
GLOBAL_UNIT_ASSIGNED_CONTEXT((#14702,#14703,#14704)) 
REPRESENTATION_CONTEXT('Context #1',
  '3D Context with UNIT and UNCERTAINTY') );
#14702 = ( LENGTH_UNIT() NAMED_UNIT(*) SI_UNIT(.MILLI.,.METRE.) );
#14703 = ( NAMED_UNIT(*) PLANE_ANGLE_UNIT() SI_UNIT($,.RADIAN.) );
#14704 = ( NAMED_UNIT(*) SI_UNIT($,.STERADIAN.) SOLID_ANGLE_UNIT() );
#14705 = UNCERTAINTY_MEASURE_WITH_UNIT(LENGTH_MEASURE(1.E-07),#14702,
  'distance_accuracy_value','confusion accuracy');
#14706 = CONTEXT_DEPENDENT_SHAPE_REPRESENTATION(#14707,#14709);
#14707 = ( REPRESENTATION_RELATIONSHIP('','',#14602,#10) 
REPRESENTATION_RELATIONSHIP_WITH_TRANSFORMATION(#14708) 
SHAPE_REPRESENTATION_RELATIONSHIP() );
#14708 = ITEM_DEFINED_TRANSFORMATION('','',#11,#135);
#14709 = PRODUCT_DEFINITION_SHAPE('Placement','Placement of an item',
  #14710);
#14710 = NEXT_ASSEMBLY_USAGE_OCCURRENCE('898',
  '\X2\0431043E043B0442\X0\_\X2\041C\X0\10\X2\0445\X0\80','',#5,#14597,$);
#14711 = PRODUCT_RELATED_PRODUCT_CATEGORY('part',$,(#14599));
#14712 = SHAPE_DEFINITION_REPRESENTATION(#14713,#14719);
#14713 = PRODUCT_DEFINITION_SHAPE('','',#14714);
#14714 = PRODUCT_DEFINITION('design','',#14715,#14718);
#14715 = PRODUCT_DEFINITION_FORMATION('','',#14716);
#14716 = PRODUCT('\X2\0431043E043B0442\X0\_\X2\041C\X0\10\X2\0445\X0\80',
  '\X2\0431043E043B0442\X0\_\X2\041C\X0\10\X2\0445\X0\80','',(#14717));
#14717 = PRODUCT_CONTEXT('',#2,'mechanical');
#14718 = PRODUCT_DEFINITION_CONTEXT('part definition',#2,'design');
#14719 = ADVANCED_BREP_SHAPE_REPRESENTATION('',(#11,#14720),#14818);
#14720 = MANIFOLD_SOLID_BREP('',#14721);
#14721 = CLOSED_SHELL('',(#14722,#14810,#14814));
#14722 = ADVANCED_FACE('',(#14723),#14736,.T.);
#14723 = FACE_BOUND('',#14724,.T.);
#14724 = EDGE_LOOP('',(#14725,#14759,#14782,#14809));
#14725 = ORIENTED_EDGE('',*,*,#14726,.F.);
#14726 = EDGE_CURVE('',#14727,#14727,#14729,.T.);
#14727 = VERTEX_POINT('',#14728);
#14728 = CARTESIAN_POINT('',(5.,-1.224646799147E-15,80.));
#14729 = SURFACE_CURVE('',#14730,(#14735,#14747),.PCURVE_S1.);
#14730 = CIRCLE('',#14731,5.);
#14731 = AXIS2_PLACEMENT_3D('',#14732,#14733,#14734);
#14732 = CARTESIAN_POINT('',(0.,0.,80.));
#14733 = DIRECTION('',(0.,0.,1.));
#14734 = DIRECTION('',(1.,0.,-0.));
#14735 = PCURVE('',#14736,#14741);
#14736 = CYLINDRICAL_SURFACE('',#14737,5.);
#14737 = AXIS2_PLACEMENT_3D('',#14738,#14739,#14740);
#14738 = CARTESIAN_POINT('',(0.,0.,0.));
#14739 = DIRECTION('',(0.,0.,1.));
#14740 = DIRECTION('',(1.,0.,-0.));
#14741 = DEFINITIONAL_REPRESENTATION('',(#14742),#14746);
#14742 = LINE('',#14743,#14744);
#14743 = CARTESIAN_POINT('',(0.,80.));
#14744 = VECTOR('',#14745,1.);
#14745 = DIRECTION('',(1.,0.));
#14746 = ( GEOMETRIC_REPRESENTATION_CONTEXT(2) 
PARAMETRIC_REPRESENTATION_CONTEXT() REPRESENTATION_CONTEXT('2D SPACE',''
  ) );
#14747 = PCURVE('',#14748,#14753);
#14748 = PLANE('',#14749);
#14749 = AXIS2_PLACEMENT_3D('',#14750,#14751,#14752);
#14750 = CARTESIAN_POINT('',(0.,0.,80.));
#14751 = DIRECTION('',(0.,0.,1.));
#14752 = DIRECTION('',(1.,0.,-0.));
#14753 = DEFINITIONAL_REPRESENTATION('',(#14754),#14758);
#14754 = CIRCLE('',#14755,5.);
#14755 = AXIS2_PLACEMENT_2D('',#14756,#14757);
#14756 = CARTESIAN_POINT('',(0.,0.));
#14757 = DIRECTION('',(1.,0.));
#14758 = ( GEOMETRIC_REPRESENTATION_CONTEXT(2) 
PARAMETRIC_REPRESENTATION_CONTEXT() REPRESENTATION_CONTEXT('2D SPACE',''
  ) );
#14759 = ORIENTED_EDGE('',*,*,#14760,.F.);
#14760 = EDGE_CURVE('',#14761,#14727,#14763,.T.);
#14761 = VERTEX_POINT('',#14762);
#14762 = CARTESIAN_POINT('',(5.,-1.224646799147E-15,0.));
#14763 = SEAM_CURVE('',#14764,(#14768,#14775),.PCURVE_S1.);
#14764 = LINE('',#14765,#14766);
#14765 = CARTESIAN_POINT('',(5.,-1.224646799147E-15,0.));
#14766 = VECTOR('',#14767,1.);
#14767 = DIRECTION('',(0.,0.,1.));
#14768 = PCURVE('',#14736,#14769);
#14769 = DEFINITIONAL_REPRESENTATION('',(#14770),#14774);
#14770 = LINE('',#14771,#14772);
#14771 = CARTESIAN_POINT('',(6.28318530718,-0.));
#14772 = VECTOR('',#14773,1.);
#14773 = DIRECTION('',(0.,1.));
#14774 = ( GEOMETRIC_REPRESENTATION_CONTEXT(2) 
PARAMETRIC_REPRESENTATION_CONTEXT() REPRESENTATION_CONTEXT('2D SPACE',''
  ) );
#14775 = PCURVE('',#14736,#14776);
#14776 = DEFINITIONAL_REPRESENTATION('',(#14777),#14781);
#14777 = LINE('',#14778,#14779);
#14778 = CARTESIAN_POINT('',(0.,-0.));
#14779 = VECTOR('',#14780,1.);
#14780 = DIRECTION('',(0.,1.));
#14781 = ( GEOMETRIC_REPRESENTATION_CONTEXT(2) 
PARAMETRIC_REPRESENTATION_CONTEXT() REPRESENTATION_CONTEXT('2D SPACE',''
  ) );
#14782 = ORIENTED_EDGE('',*,*,#14783,.T.);
#14783 = EDGE_CURVE('',#14761,#14761,#14784,.T.);
#14784 = SURFACE_CURVE('',#14785,(#14790,#14797),.PCURVE_S1.);
#14785 = CIRCLE('',#14786,5.);
#14786 = AXIS2_PLACEMENT_3D('',#14787,#14788,#14789);
#14787 = CARTESIAN_POINT('',(0.,0.,0.));
#14788 = DIRECTION('',(0.,0.,1.));
#14789 = DIRECTION('',(1.,0.,-0.));
#14790 = PCURVE('',#14736,#14791);
#14791 = DEFINITIONAL_REPRESENTATION('',(#14792),#14796);
#14792 = LINE('',#14793,#14794);
#14793 = CARTESIAN_POINT('',(0.,0.));
#14794 = VECTOR('',#14795,1.);
#14795 = DIRECTION('',(1.,0.));
#14796 = ( GEOMETRIC_REPRESENTATION_CONTEXT(2) 
PARAMETRIC_REPRESENTATION_CONTEXT() REPRESENTATION_CONTEXT('2D SPACE',''
  ) );
#14797 = PCURVE('',#14798,#14803);
#14798 = PLANE('',#14799);
#14799 = AXIS2_PLACEMENT_3D('',#14800,#14801,#14802);
#14800 = CARTESIAN_POINT('',(0.,0.,0.));
#14801 = DIRECTION('',(0.,0.,1.));
#14802 = DIRECTION('',(1.,0.,-0.));
#14803 = DEFINITIONAL_REPRESENTATION('',(#14804),#14808);
#14804 = CIRCLE('',#14805,5.);
#14805 = AXIS2_PLACEMENT_2D('',#14806,#14807);
#14806 = CARTESIAN_POINT('',(0.,0.));
#14807 = DIRECTION('',(1.,0.));
#14808 = ( GEOMETRIC_REPRESENTATION_CONTEXT(2) 
PARAMETRIC_REPRESENTATION_CONTEXT() REPRESENTATION_CONTEXT('2D SPACE',''
  ) );
#14809 = ORIENTED_EDGE('',*,*,#14760,.T.);
#14810 = ADVANCED_FACE('',(#14811),#14748,.T.);
#14811 = FACE_BOUND('',#14812,.T.);
#14812 = EDGE_LOOP('',(#14813));
#14813 = ORIENTED_EDGE('',*,*,#14726,.T.);
#14814 = ADVANCED_FACE('',(#14815),#14798,.F.);
#14815 = FACE_BOUND('',#14816,.T.);
#14816 = EDGE_LOOP('',(#14817));
#14817 = ORIENTED_EDGE('',*,*,#14783,.F.);
#14818 = ( GEOMETRIC_REPRESENTATION_CONTEXT(3) 
GLOBAL_UNCERTAINTY_ASSIGNED_CONTEXT((#14822)) 
GLOBAL_UNIT_ASSIGNED_CONTEXT((#14819,#14820,#14821)) 
REPRESENTATION_CONTEXT('Context #1',
  '3D Context with UNIT and UNCERTAINTY') );
#14819 = ( LENGTH_UNIT() NAMED_UNIT(*) SI_UNIT(.MILLI.,.METRE.) );
#14820 = ( NAMED_UNIT(*) PLANE_ANGLE_UNIT() SI_UNIT($,.RADIAN.) );
#14821 = ( NAMED_UNIT(*) SI_UNIT($,.STERADIAN.) SOLID_ANGLE_UNIT() );
#14822 = UNCERTAINTY_MEASURE_WITH_UNIT(LENGTH_MEASURE(1.E-07),#14819,
  'distance_accuracy_value','confusion accuracy');
#14823 = CONTEXT_DEPENDENT_SHAPE_REPRESENTATION(#14824,#14826);
#14824 = ( REPRESENTATION_RELATIONSHIP('','',#14719,#10) 
REPRESENTATION_RELATIONSHIP_WITH_TRANSFORMATION(#14825) 
SHAPE_REPRESENTATION_RELATIONSHIP() );
#14825 = ITEM_DEFINED_TRANSFORMATION('','',#11,#139);
#14826 = PRODUCT_DEFINITION_SHAPE('Placement','Placement of an item',
  #14827);
#14827 = NEXT_ASSEMBLY_USAGE_OCCURRENCE('899',
  '\X2\0431043E043B0442\X0\_\X2\041C\X0\10\X2\0445\X0\80','',#5,#14714,$);
#14828 = PRODUCT_RELATED_PRODUCT_CATEGORY('part',$,(#14716));
#14829 = SHAPE_DEFINITION_REPRESENTATION(#14830,#14836);
#14830 = PRODUCT_DEFINITION_SHAPE('','',#14831);
#14831 = PRODUCT_DEFINITION('design','',#14832,#14835);
#14832 = PRODUCT_DEFINITION_FORMATION('','',#14833);
#14833 = PRODUCT('\X2\0431043E043B0442\X0\_\X2\041C\X0\10\X2\0445\X0\80',
  '\X2\0431043E043B0442\X0\_\X2\041C\X0\10\X2\0445\X0\80','',(#14834));
#14834 = PRODUCT_CONTEXT('',#2,'mechanical');
#14835 = PRODUCT_DEFINITION_CONTEXT('part definition',#2,'design');
#14836 = ADVANCED_BREP_SHAPE_REPRESENTATION('',(#11,#14837),#14935);
#14837 = MANIFOLD_SOLID_BREP('',#14838);
#14838 = CLOSED_SHELL('',(#14839,#14927,#14931));
#14839 = ADVANCED_FACE('',(#14840),#14853,.T.);
#14840 = FACE_BOUND('',#14841,.T.);
#14841 = EDGE_LOOP('',(#14842,#14876,#14899,#14926));
#14842 = ORIENTED_EDGE('',*,*,#14843,.F.);
#14843 = EDGE_CURVE('',#14844,#14844,#14846,.T.);
#14844 = VERTEX_POINT('',#14845);
#14845 = CARTESIAN_POINT('',(5.,-1.224646799147E-15,80.));
#14846 = SURFACE_CURVE('',#14847,(#14852,#14864),.PCURVE_S1.);
#14847 = CIRCLE('',#14848,5.);
#14848 = AXIS2_PLACEMENT_3D('',#14849,#14850,#14851);
#14849 = CARTESIAN_POINT('',(0.,0.,80.));
#14850 = DIRECTION('',(0.,0.,1.));
#14851 = DIRECTION('',(1.,0.,-0.));
#14852 = PCURVE('',#14853,#14858);
#14853 = CYLINDRICAL_SURFACE('',#14854,5.);
#14854 = AXIS2_PLACEMENT_3D('',#14855,#14856,#14857);
#14855 = CARTESIAN_POINT('',(0.,0.,0.));
#14856 = DIRECTION('',(0.,0.,1.));
#14857 = DIRECTION('',(1.,0.,-0.));
#14858 = DEFINITIONAL_REPRESENTATION('',(#14859),#14863);
#14859 = LINE('',#14860,#14861);
#14860 = CARTESIAN_POINT('',(0.,80.));
#14861 = VECTOR('',#14862,1.);
#14862 = DIRECTION('',(1.,0.));
#14863 = ( GEOMETRIC_REPRESENTATION_CONTEXT(2) 
PARAMETRIC_REPRESENTATION_CONTEXT() REPRESENTATION_CONTEXT('2D SPACE',''
  ) );
#14864 = PCURVE('',#14865,#14870);
#14865 = PLANE('',#14866);
#14866 = AXIS2_PLACEMENT_3D('',#14867,#14868,#14869);
#14867 = CARTESIAN_POINT('',(0.,0.,80.));
#14868 = DIRECTION('',(0.,0.,1.));
#14869 = DIRECTION('',(1.,0.,-0.));
#14870 = DEFINITIONAL_REPRESENTATION('',(#14871),#14875);
#14871 = CIRCLE('',#14872,5.);
#14872 = AXIS2_PLACEMENT_2D('',#14873,#14874);
#14873 = CARTESIAN_POINT('',(0.,0.));
#14874 = DIRECTION('',(1.,0.));
#14875 = ( GEOMETRIC_REPRESENTATION_CONTEXT(2) 
PARAMETRIC_REPRESENTATION_CONTEXT() REPRESENTATION_CONTEXT('2D SPACE',''
  ) );
#14876 = ORIENTED_EDGE('',*,*,#14877,.F.);
#14877 = EDGE_CURVE('',#14878,#14844,#14880,.T.);
#14878 = VERTEX_POINT('',#14879);
#14879 = CARTESIAN_POINT('',(5.,-1.224646799147E-15,0.));
#14880 = SEAM_CURVE('',#14881,(#14885,#14892),.PCURVE_S1.);
#14881 = LINE('',#14882,#14883);
#14882 = CARTESIAN_POINT('',(5.,-1.224646799147E-15,0.));
#14883 = VECTOR('',#14884,1.);
#14884 = DIRECTION('',(0.,0.,1.));
#14885 = PCURVE('',#14853,#14886);
#14886 = DEFINITIONAL_REPRESENTATION('',(#14887),#14891);
#14887 = LINE('',#14888,#14889);
#14888 = CARTESIAN_POINT('',(6.28318530718,-0.));
#14889 = VECTOR('',#14890,1.);
#14890 = DIRECTION('',(0.,1.));
#14891 = ( GEOMETRIC_REPRESENTATION_CONTEXT(2) 
PARAMETRIC_REPRESENTATION_CONTEXT() REPRESENTATION_CONTEXT('2D SPACE',''
  ) );
#14892 = PCURVE('',#14853,#14893);
#14893 = DEFINITIONAL_REPRESENTATION('',(#14894),#14898);
#14894 = LINE('',#14895,#14896);
#14895 = CARTESIAN_POINT('',(0.,-0.));
#14896 = VECTOR('',#14897,1.);
#14897 = DIRECTION('',(0.,1.));
#14898 = ( GEOMETRIC_REPRESENTATION_CONTEXT(2) 
PARAMETRIC_REPRESENTATION_CONTEXT() REPRESENTATION_CONTEXT('2D SPACE',''
  ) );
#14899 = ORIENTED_EDGE('',*,*,#14900,.T.);
#14900 = EDGE_CURVE('',#14878,#14878,#14901,.T.);
#14901 = SURFACE_CURVE('',#14902,(#14907,#14914),.PCURVE_S1.);
#14902 = CIRCLE('',#14903,5.);
#14903 = AXIS2_PLACEMENT_3D('',#14904,#14905,#14906);
#14904 = CARTESIAN_POINT('',(0.,0.,0.));
#14905 = DIRECTION('',(0.,0.,1.));
#14906 = DIRECTION('',(1.,0.,-0.));
#14907 = PCURVE('',#14853,#14908);
#14908 = DEFINITIONAL_REPRESENTATION('',(#14909),#14913);
#14909 = LINE('',#14910,#14911);
#14910 = CARTESIAN_POINT('',(0.,0.));
#14911 = VECTOR('',#14912,1.);
#14912 = DIRECTION('',(1.,0.));
#14913 = ( GEOMETRIC_REPRESENTATION_CONTEXT(2) 
PARAMETRIC_REPRESENTATION_CONTEXT() REPRESENTATION_CONTEXT('2D SPACE',''
  ) );
#14914 = PCURVE('',#14915,#14920);
#14915 = PLANE('',#14916);
#14916 = AXIS2_PLACEMENT_3D('',#14917,#14918,#14919);
#14917 = CARTESIAN_POINT('',(0.,0.,0.));
#14918 = DIRECTION('',(0.,0.,1.));
#14919 = DIRECTION('',(1.,0.,-0.));
#14920 = DEFINITIONAL_REPRESENTATION('',(#14921),#14925);
#14921 = CIRCLE('',#14922,5.);
#14922 = AXIS2_PLACEMENT_2D('',#14923,#14924);
#14923 = CARTESIAN_POINT('',(0.,0.));
#14924 = DIRECTION('',(1.,0.));
#14925 = ( GEOMETRIC_REPRESENTATION_CONTEXT(2) 
PARAMETRIC_REPRESENTATION_CONTEXT() REPRESENTATION_CONTEXT('2D SPACE',''
  ) );
#14926 = ORIENTED_EDGE('',*,*,#14877,.T.);
#14927 = ADVANCED_FACE('',(#14928),#14865,.T.);
#14928 = FACE_BOUND('',#14929,.T.);
#14929 = EDGE_LOOP('',(#14930));
#14930 = ORIENTED_EDGE('',*,*,#14843,.T.);
#14931 = ADVANCED_FACE('',(#14932),#14915,.F.);
#14932 = FACE_BOUND('',#14933,.T.);
#14933 = EDGE_LOOP('',(#14934));
#14934 = ORIENTED_EDGE('',*,*,#14900,.F.);
#14935 = ( GEOMETRIC_REPRESENTATION_CONTEXT(3) 
GLOBAL_UNCERTAINTY_ASSIGNED_CONTEXT((#14939)) 
GLOBAL_UNIT_ASSIGNED_CONTEXT((#14936,#14937,#14938)) 
REPRESENTATION_CONTEXT('Context #1',
  '3D Context with UNIT and UNCERTAINTY') );
#14936 = ( LENGTH_UNIT() NAMED_UNIT(*) SI_UNIT(.MILLI.,.METRE.) );
#14937 = ( NAMED_UNIT(*) PLANE_ANGLE_UNIT() SI_UNIT($,.RADIAN.) );
#14938 = ( NAMED_UNIT(*) SI_UNIT($,.STERADIAN.) SOLID_ANGLE_UNIT() );
#14939 = UNCERTAINTY_MEASURE_WITH_UNIT(LENGTH_MEASURE(1.E-07),#14936,
  'distance_accuracy_value','confusion accuracy');
#14940 = CONTEXT_DEPENDENT_SHAPE_REPRESENTATION(#14941,#14943);
#14941 = ( REPRESENTATION_RELATIONSHIP('','',#14836,#10) 
REPRESENTATION_RELATIONSHIP_WITH_TRANSFORMATION(#14942) 
SHAPE_REPRESENTATION_RELATIONSHIP() );
#14942 = ITEM_DEFINED_TRANSFORMATION('','',#11,#143);
#14943 = PRODUCT_DEFINITION_SHAPE('Placement','Placement of an item',
  #14944);
#14944 = NEXT_ASSEMBLY_USAGE_OCCURRENCE('900',
  '\X2\0431043E043B0442\X0\_\X2\041C\X0\10\X2\0445\X0\80','',#5,#14831,$);
#14945 = PRODUCT_RELATED_PRODUCT_CATEGORY('part',$,(#14833));
ENDSEC;
END-ISO-10303-21;
