ISO-10303-21;
HEADER;
FILE_DESCRIPTION(('Open CASCADE Model'),'2;1');
FILE_NAME('\X2\043F0440043E043B04510442\X0\_\X2\043E043A043D043E\X0\','2026-10-09T10:28:48',('Author'),(
    'Open CASCADE'),'Open CASCADE STEP processor 8.0','build123d',
  'Unknown');
FILE_SCHEMA(('AUTOMOTIVE_DESIGN { 1 0 10303 214 1 1 1 1 }'));
ENDSEC;
DATA;
#1 = APPLICATION_PROTOCOL_DEFINITION('international standard',
  'automotive_design',2000,#2);
#2 = APPLICATION_CONTEXT(
  'core data for automotive mechanical design processes');
#3 = SHAPE_DEFINITION_REPRESENTATION(#4,#10);
#4 = PRODUCT_DEFINITION_SHAPE('','',#5);
#5 = PRODUCT_DEFINITION('design','',#6,#9);
#6 = PRODUCT_DEFINITION_FORMATION('','',#7);
#7 = PRODUCT('\X2\043F0440043E043B04510442\X0\_\X2\043E043A043D043E\X0\',
  '\X2\043F0440043E043B04510442\X0\_\X2\043E043A043D043E\X0\','',(#8));
#8 = PRODUCT_CONTEXT('',#2,'mechanical');
#9 = PRODUCT_DEFINITION_CONTEXT('part definition',#2,'design');
#10 = SHAPE_REPRESENTATION('',(#11,#15,#19,#23,#27,#31,#35,#39,#43,#47,
    #51,#55,#59,#63,#67,#71,#75,#79,#83,#87,#91,#95,#99,#103),#107);
#11 = AXIS2_PLACEMENT_3D('',#12,#13,#14);
#12 = CARTESIAN_POINT('',(0.,0.,0.));
#13 = DIRECTION('',(0.,0.,1.));
#14 = DIRECTION('',(1.,0.,-0.));
#15 = AXIS2_PLACEMENT_3D('',#16,#17,#18);
#16 = CARTESIAN_POINT('',(0.,0.,0.));
#17 = DIRECTION('',(0.,0.,1.));
#18 = DIRECTION('',(1.,0.,-0.));
#19 = AXIS2_PLACEMENT_3D('',#20,#21,#22);
#20 = CARTESIAN_POINT('',(0.,0.,0.));
#21 = DIRECTION('',(0.,0.,1.));
#22 = DIRECTION('',(1.,0.,-0.));
#23 = AXIS2_PLACEMENT_3D('',#24,#25,#26);
#24 = CARTESIAN_POINT('',(25.,0.,0.));
#25 = DIRECTION('',(0.,0.,1.));
#26 = DIRECTION('',(1.,0.,-0.));
#27 = AXIS2_PLACEMENT_3D('',#28,#29,#30);
#28 = CARTESIAN_POINT('',(0.,0.,0.));
#29 = DIRECTION('',(0.,0.,1.));
#30 = DIRECTION('',(1.,0.,-0.));
#31 = AXIS2_PLACEMENT_3D('',#32,#33,#34);
#32 = CARTESIAN_POINT('',(0.,-3.,0.));
#33 = DIRECTION('',(0.,0.,1.));
#34 = DIRECTION('',(1.,0.,-0.));
#35 = AXIS2_PLACEMENT_3D('',#36,#37,#38);
#36 = CARTESIAN_POINT('',(997.,0.,0.));
#37 = DIRECTION('',(0.,0.,1.));
#38 = DIRECTION('',(1.,0.,-0.));
#39 = AXIS2_PLACEMENT_3D('',#40,#41,#42);
#40 = CARTESIAN_POINT('',(997.,0.,0.));
#41 = DIRECTION('',(0.,0.,1.));
#42 = DIRECTION('',(1.,0.,-0.));
#43 = AXIS2_PLACEMENT_3D('',#44,#45,#46);
#44 = CARTESIAN_POINT('',(1.022E+03,0.,0.));
#45 = DIRECTION('',(0.,0.,1.));
#46 = DIRECTION('',(1.,0.,-0.));
#47 = AXIS2_PLACEMENT_3D('',#48,#49,#50);
#48 = CARTESIAN_POINT('',(1.022E+03,0.,2.375E+03));
#49 = DIRECTION('',(0.,0.,1.));
#50 = DIRECTION('',(1.,0.,-0.));
#51 = AXIS2_PLACEMENT_3D('',#52,#53,#54);
#52 = CARTESIAN_POINT('',(1.022E+03,0.,1.1875E+03));
#53 = DIRECTION('',(0.,0.,1.));
#54 = DIRECTION('',(1.,0.,-0.));
#55 = AXIS2_PLACEMENT_3D('',#56,#57,#58);
#56 = CARTESIAN_POINT('',(1.022E+03,0.,2.1875E+03));
#57 = DIRECTION('',(0.,0.,1.));
#58 = DIRECTION('',(1.,0.,-0.));
#59 = AXIS2_PLACEMENT_3D('',#60,#61,#62);
#60 = CARTESIAN_POINT('',(997.,0.,0.));
#61 = DIRECTION('',(0.,0.,1.));
#62 = DIRECTION('',(1.,0.,-0.));
#63 = AXIS2_PLACEMENT_3D('',#64,#65,#66);
#64 = CARTESIAN_POINT('',(1.994E+03,0.,0.));
#65 = DIRECTION('',(0.,0.,1.));
#66 = DIRECTION('',(1.,0.,-0.));
#67 = AXIS2_PLACEMENT_3D('',#68,#69,#70);
#68 = CARTESIAN_POINT('',(1.994E+03,0.,0.));
#69 = DIRECTION('',(0.,0.,1.));
#70 = DIRECTION('',(1.,0.,-0.));
#71 = AXIS2_PLACEMENT_3D('',#72,#73,#74);
#72 = CARTESIAN_POINT('',(2.019E+03,0.,0.));
#73 = DIRECTION('',(0.,0.,1.));
#74 = DIRECTION('',(1.,0.,-0.));
#75 = AXIS2_PLACEMENT_3D('',#76,#77,#78);
#76 = CARTESIAN_POINT('',(1.994E+03,0.,0.));
#77 = DIRECTION('',(0.,0.,1.));
#78 = DIRECTION('',(1.,0.,-0.));
#79 = AXIS2_PLACEMENT_3D('',#80,#81,#82);
#80 = CARTESIAN_POINT('',(1.994E+03,-3.,0.));
#81 = DIRECTION('',(0.,0.,1.));
#82 = DIRECTION('',(1.,0.,-0.));
#83 = AXIS2_PLACEMENT_3D('',#84,#85,#86);
#84 = CARTESIAN_POINT('',(972.,25.,300.));
#85 = DIRECTION('',(1.,-0.,1.110223024625E-16));
#86 = DIRECTION('',(1.110223024625E-16,0.,-1.));
#87 = AXIS2_PLACEMENT_3D('',#88,#89,#90);
#88 = CARTESIAN_POINT('',(972.,25.,1.E+03));
#89 = DIRECTION('',(1.,-0.,1.110223024625E-16));
#90 = DIRECTION('',(1.110223024625E-16,0.,-1.));
#91 = AXIS2_PLACEMENT_3D('',#92,#93,#94);
#92 = CARTESIAN_POINT('',(972.,25.,1.7E+03));
#93 = DIRECTION('',(1.,-0.,1.110223024625E-16));
#94 = DIRECTION('',(1.110223024625E-16,0.,-1.));
#95 = AXIS2_PLACEMENT_3D('',#96,#97,#98);
#96 = CARTESIAN_POINT('',(1.969E+03,25.,300.));
#97 = DIRECTION('',(1.,-0.,1.110223024625E-16));
#98 = DIRECTION('',(1.110223024625E-16,0.,-1.));
#99 = AXIS2_PLACEMENT_3D('',#100,#101,#102);
#100 = CARTESIAN_POINT('',(1.969E+03,25.,1.E+03));
#101 = DIRECTION('',(1.,-0.,1.110223024625E-16));
#102 = DIRECTION('',(1.110223024625E-16,0.,-1.));
#103 = AXIS2_PLACEMENT_3D('',#104,#105,#106);
#104 = CARTESIAN_POINT('',(1.969E+03,25.,1.7E+03));
#105 = DIRECTION('',(1.,-0.,1.110223024625E-16));
#106 = DIRECTION('',(1.110223024625E-16,0.,-1.));
#107 = ( GEOMETRIC_REPRESENTATION_CONTEXT(3) 
GLOBAL_UNCERTAINTY_ASSIGNED_CONTEXT((#111)) GLOBAL_UNIT_ASSIGNED_CONTEXT
((#108,#109,#110)) REPRESENTATION_CONTEXT('Context #1',
  '3D Context with UNIT and UNCERTAINTY') );
#108 = ( LENGTH_UNIT() NAMED_UNIT(*) SI_UNIT(.MILLI.,.METRE.) );
#109 = ( NAMED_UNIT(*) PLANE_ANGLE_UNIT() SI_UNIT($,.RADIAN.) );
#110 = ( NAMED_UNIT(*) SI_UNIT($,.STERADIAN.) SOLID_ANGLE_UNIT() );
#111 = UNCERTAINTY_MEASURE_WITH_UNIT(LENGTH_MEASURE(1.E-07),#108,
  'distance_accuracy_value','confusion accuracy');
#112 = PRODUCT_RELATED_PRODUCT_CATEGORY('part',$,(#7));
#113 = SHAPE_DEFINITION_REPRESENTATION(#114,#120);
#114 = PRODUCT_DEFINITION_SHAPE('','',#115);
#115 = PRODUCT_DEFINITION('design','',#116,#119);
#116 = PRODUCT_DEFINITION_FORMATION('','',#117);
#117 = PRODUCT(
  '\X2\04410442043E0439043A0430\X0\_\X2\0449043804420430\X0\_25\X2\0445\X0\50\X2\0445\X0\2400',
  '\X2\04410442043E0439043A0430\X0\_\X2\0449043804420430\X0\_25\X2\0445\X0\50\X2\0445\X0\2400','',(#118)
  );
#118 = PRODUCT_CONTEXT('',#2,'mechanical');
#119 = PRODUCT_DEFINITION_CONTEXT('part definition',#2,'design');
#120 = ADVANCED_BREP_SHAPE_REPRESENTATION('',(#11,#121),#1375);
#121 = MANIFOLD_SOLID_BREP('',#122);
#122 = CLOSED_SHELL('',(#123,#584,#660,#709,#758,#785,#835,#885,#935,
    #985,#1035,#1085,#1135,#1185,#1235,#1285,#1335));
#123 = ADVANCED_FACE('',(#124,#243,#274,#305,#336,#367,#398,#429,#460,
    #491,#522,#553),#138,.F.);
#124 = FACE_BOUND('',#125,.F.);
#125 = EDGE_LOOP('',(#126,#161,#189,#217));
#126 = ORIENTED_EDGE('',*,*,#127,.F.);
#127 = EDGE_CURVE('',#128,#130,#132,.T.);
#128 = VERTEX_POINT('',#129);
#129 = CARTESIAN_POINT('',(0.,0.,0.));
#130 = VERTEX_POINT('',#131);
#131 = CARTESIAN_POINT('',(0.,0.,2.4E+03));
#132 = SURFACE_CURVE('',#133,(#137,#149),.PCURVE_S1.);
#133 = LINE('',#134,#135);
#134 = CARTESIAN_POINT('',(0.,0.,0.));
#135 = VECTOR('',#136,1.);
#136 = DIRECTION('',(0.,0.,1.));
#137 = PCURVE('',#138,#143);
#138 = PLANE('',#139);
#139 = AXIS2_PLACEMENT_3D('',#140,#141,#142);
#140 = CARTESIAN_POINT('',(0.,0.,0.));
#141 = DIRECTION('',(1.,0.,-0.));
#142 = DIRECTION('',(0.,0.,1.));
#143 = DEFINITIONAL_REPRESENTATION('',(#144),#148);
#144 = LINE('',#145,#146);
#145 = CARTESIAN_POINT('',(0.,0.));
#146 = VECTOR('',#147,1.);
#147 = DIRECTION('',(1.,0.));
#148 = ( GEOMETRIC_REPRESENTATION_CONTEXT(2) 
PARAMETRIC_REPRESENTATION_CONTEXT() REPRESENTATION_CONTEXT('2D SPACE',''
  ) );
#149 = PCURVE('',#150,#155);
#150 = PLANE('',#151);
#151 = AXIS2_PLACEMENT_3D('',#152,#153,#154);
#152 = CARTESIAN_POINT('',(0.,0.,0.));
#153 = DIRECTION('',(-0.,1.,0.));
#154 = DIRECTION('',(0.,0.,1.));
#155 = DEFINITIONAL_REPRESENTATION('',(#156),#160);
#156 = LINE('',#157,#158);
#157 = CARTESIAN_POINT('',(0.,0.));
#158 = VECTOR('',#159,1.);
#159 = DIRECTION('',(1.,0.));
#160 = ( GEOMETRIC_REPRESENTATION_CONTEXT(2) 
PARAMETRIC_REPRESENTATION_CONTEXT() REPRESENTATION_CONTEXT('2D SPACE',''
  ) );
#161 = ORIENTED_EDGE('',*,*,#162,.T.);
#162 = EDGE_CURVE('',#128,#163,#165,.T.);
#163 = VERTEX_POINT('',#164);
#164 = CARTESIAN_POINT('',(0.,50.,0.));
#165 = SURFACE_CURVE('',#166,(#170,#177),.PCURVE_S1.);
#166 = LINE('',#167,#168);
#167 = CARTESIAN_POINT('',(0.,0.,0.));
#168 = VECTOR('',#169,1.);
#169 = DIRECTION('',(-0.,1.,0.));
#170 = PCURVE('',#138,#171);
#171 = DEFINITIONAL_REPRESENTATION('',(#172),#176);
#172 = LINE('',#173,#174);
#173 = CARTESIAN_POINT('',(0.,0.));
#174 = VECTOR('',#175,1.);
#175 = DIRECTION('',(0.,-1.));
#176 = ( GEOMETRIC_REPRESENTATION_CONTEXT(2) 
PARAMETRIC_REPRESENTATION_CONTEXT() REPRESENTATION_CONTEXT('2D SPACE',''
  ) );
#177 = PCURVE('',#178,#183);
#178 = PLANE('',#179);
#179 = AXIS2_PLACEMENT_3D('',#180,#181,#182);
#180 = CARTESIAN_POINT('',(0.,0.,0.));
#181 = DIRECTION('',(0.,0.,1.));
#182 = DIRECTION('',(1.,0.,-0.));
#183 = DEFINITIONAL_REPRESENTATION('',(#184),#188);
#184 = LINE('',#185,#186);
#185 = CARTESIAN_POINT('',(0.,0.));
#186 = VECTOR('',#187,1.);
#187 = DIRECTION('',(0.,1.));
#188 = ( GEOMETRIC_REPRESENTATION_CONTEXT(2) 
PARAMETRIC_REPRESENTATION_CONTEXT() REPRESENTATION_CONTEXT('2D SPACE',''
  ) );
#189 = ORIENTED_EDGE('',*,*,#190,.T.);
#190 = EDGE_CURVE('',#163,#191,#193,.T.);
#191 = VERTEX_POINT('',#192);
#192 = CARTESIAN_POINT('',(0.,50.,2.4E+03));
#193 = SURFACE_CURVE('',#194,(#198,#205),.PCURVE_S1.);
#194 = LINE('',#195,#196);
#195 = CARTESIAN_POINT('',(0.,50.,0.));
#196 = VECTOR('',#197,1.);
#197 = DIRECTION('',(0.,0.,1.));
#198 = PCURVE('',#138,#199);
#199 = DEFINITIONAL_REPRESENTATION('',(#200),#204);
#200 = LINE('',#201,#202);
#201 = CARTESIAN_POINT('',(0.,-50.));
#202 = VECTOR('',#203,1.);
#203 = DIRECTION('',(1.,0.));
#204 = ( GEOMETRIC_REPRESENTATION_CONTEXT(2) 
PARAMETRIC_REPRESENTATION_CONTEXT() REPRESENTATION_CONTEXT('2D SPACE',''
  ) );
#205 = PCURVE('',#206,#211);
#206 = PLANE('',#207);
#207 = AXIS2_PLACEMENT_3D('',#208,#209,#210);
#208 = CARTESIAN_POINT('',(0.,50.,0.));
#209 = DIRECTION('',(-0.,1.,0.));
#210 = DIRECTION('',(0.,0.,1.));
#211 = DEFINITIONAL_REPRESENTATION('',(#212),#216);
#212 = LINE('',#213,#214);
#213 = CARTESIAN_POINT('',(0.,0.));
#214 = VECTOR('',#215,1.);
#215 = DIRECTION('',(1.,0.));
#216 = ( GEOMETRIC_REPRESENTATION_CONTEXT(2) 
PARAMETRIC_REPRESENTATION_CONTEXT() REPRESENTATION_CONTEXT('2D SPACE',''
  ) );
#217 = ORIENTED_EDGE('',*,*,#218,.F.);
#218 = EDGE_CURVE('',#130,#191,#219,.T.);
#219 = SURFACE_CURVE('',#220,(#224,#231),.PCURVE_S1.);
#220 = LINE('',#221,#222);
#221 = CARTESIAN_POINT('',(0.,0.,2.4E+03));
#222 = VECTOR('',#223,1.);
#223 = DIRECTION('',(-0.,1.,0.));
#224 = PCURVE('',#138,#225);
#225 = DEFINITIONAL_REPRESENTATION('',(#226),#230);
#226 = LINE('',#227,#228);
#227 = CARTESIAN_POINT('',(2.4E+03,0.));
#228 = VECTOR('',#229,1.);
#229 = DIRECTION('',(0.,-1.));
#230 = ( GEOMETRIC_REPRESENTATION_CONTEXT(2) 
PARAMETRIC_REPRESENTATION_CONTEXT() REPRESENTATION_CONTEXT('2D SPACE',''
  ) );
#231 = PCURVE('',#232,#237);
#232 = PLANE('',#233);
#233 = AXIS2_PLACEMENT_3D('',#234,#235,#236);
#234 = CARTESIAN_POINT('',(0.,0.,2.4E+03));
#235 = DIRECTION('',(0.,0.,1.));
#236 = DIRECTION('',(1.,0.,-0.));
#237 = DEFINITIONAL_REPRESENTATION('',(#238),#242);
#238 = LINE('',#239,#240);
#239 = CARTESIAN_POINT('',(0.,0.));
#240 = VECTOR('',#241,1.);
#241 = DIRECTION('',(0.,1.));
#242 = ( GEOMETRIC_REPRESENTATION_CONTEXT(2) 
PARAMETRIC_REPRESENTATION_CONTEXT() REPRESENTATION_CONTEXT('2D SPACE',''
  ) );
#243 = FACE_BOUND('',#244,.F.);
#244 = EDGE_LOOP('',(#245));
#245 = ORIENTED_EDGE('',*,*,#246,.F.);
#246 = EDGE_CURVE('',#247,#247,#249,.T.);
#247 = VERTEX_POINT('',#248);
#248 = CARTESIAN_POINT('',(0.,25.,294.5));
#249 = SURFACE_CURVE('',#250,(#255,#262),.PCURVE_S1.);
#250 = CIRCLE('',#251,5.5);
#251 = AXIS2_PLACEMENT_3D('',#252,#253,#254);
#252 = CARTESIAN_POINT('',(0.,25.,300.));
#253 = DIRECTION('',(1.,0.,1.110223024625E-16));
#254 = DIRECTION('',(1.110223024625E-16,0.,-1.));
#255 = PCURVE('',#138,#256);
#256 = DEFINITIONAL_REPRESENTATION('',(#257),#261);
#257 = CIRCLE('',#258,5.5);
#258 = AXIS2_PLACEMENT_2D('',#259,#260);
#259 = CARTESIAN_POINT('',(300.,-25.));
#260 = DIRECTION('',(-1.,0.));
#261 = ( GEOMETRIC_REPRESENTATION_CONTEXT(2) 
PARAMETRIC_REPRESENTATION_CONTEXT() REPRESENTATION_CONTEXT('2D SPACE',''
  ) );
#262 = PCURVE('',#263,#268);
#263 = CYLINDRICAL_SURFACE('',#264,5.5);
#264 = AXIS2_PLACEMENT_3D('',#265,#266,#267);
#265 = CARTESIAN_POINT('',(-1.,25.,300.));
#266 = DIRECTION('',(1.,0.,1.110223024625E-16));
#267 = DIRECTION('',(1.110223024625E-16,0.,-1.));
#268 = DEFINITIONAL_REPRESENTATION('',(#269),#273);
#269 = LINE('',#270,#271);
#270 = CARTESIAN_POINT('',(0.,1.));
#271 = VECTOR('',#272,1.);
#272 = DIRECTION('',(1.,0.));
#273 = ( GEOMETRIC_REPRESENTATION_CONTEXT(2) 
PARAMETRIC_REPRESENTATION_CONTEXT() REPRESENTATION_CONTEXT('2D SPACE',''
  ) );
#274 = FACE_BOUND('',#275,.F.);
#275 = EDGE_LOOP('',(#276));
#276 = ORIENTED_EDGE('',*,*,#277,.F.);
#277 = EDGE_CURVE('',#278,#278,#280,.T.);
#278 = VERTEX_POINT('',#279);
#279 = CARTESIAN_POINT('',(0.,25.,394.5));
#280 = SURFACE_CURVE('',#281,(#286,#293),.PCURVE_S1.);
#281 = CIRCLE('',#282,5.5);
#282 = AXIS2_PLACEMENT_3D('',#283,#284,#285);
#283 = CARTESIAN_POINT('',(0.,25.,400.));
#284 = DIRECTION('',(1.,0.,1.110223024625E-16));
#285 = DIRECTION('',(1.110223024625E-16,0.,-1.));
#286 = PCURVE('',#138,#287);
#287 = DEFINITIONAL_REPRESENTATION('',(#288),#292);
#288 = CIRCLE('',#289,5.5);
#289 = AXIS2_PLACEMENT_2D('',#290,#291);
#290 = CARTESIAN_POINT('',(400.,-25.));
#291 = DIRECTION('',(-1.,0.));
#292 = ( GEOMETRIC_REPRESENTATION_CONTEXT(2) 
PARAMETRIC_REPRESENTATION_CONTEXT() REPRESENTATION_CONTEXT('2D SPACE',''
  ) );
#293 = PCURVE('',#294,#299);
#294 = CYLINDRICAL_SURFACE('',#295,5.5);
#295 = AXIS2_PLACEMENT_3D('',#296,#297,#298);
#296 = CARTESIAN_POINT('',(-1.,25.,400.));
#297 = DIRECTION('',(1.,0.,1.110223024625E-16));
#298 = DIRECTION('',(1.110223024625E-16,0.,-1.));
#299 = DEFINITIONAL_REPRESENTATION('',(#300),#304);
#300 = LINE('',#301,#302);
#301 = CARTESIAN_POINT('',(0.,1.));
#302 = VECTOR('',#303,1.);
#303 = DIRECTION('',(1.,0.));
#304 = ( GEOMETRIC_REPRESENTATION_CONTEXT(2) 
PARAMETRIC_REPRESENTATION_CONTEXT() REPRESENTATION_CONTEXT('2D SPACE',''
  ) );
#305 = FACE_BOUND('',#306,.F.);
#306 = EDGE_LOOP('',(#307));
#307 = ORIENTED_EDGE('',*,*,#308,.F.);
#308 = EDGE_CURVE('',#309,#309,#311,.T.);
#309 = VERTEX_POINT('',#310);
#310 = CARTESIAN_POINT('',(0.,25.,494.5));
#311 = SURFACE_CURVE('',#312,(#317,#324),.PCURVE_S1.);
#312 = CIRCLE('',#313,5.5);
#313 = AXIS2_PLACEMENT_3D('',#314,#315,#316);
#314 = CARTESIAN_POINT('',(0.,25.,500.));
#315 = DIRECTION('',(1.,0.,1.110223024625E-16));
#316 = DIRECTION('',(1.110223024625E-16,0.,-1.));
#317 = PCURVE('',#138,#318);
#318 = DEFINITIONAL_REPRESENTATION('',(#319),#323);
#319 = CIRCLE('',#320,5.5);
#320 = AXIS2_PLACEMENT_2D('',#321,#322);
#321 = CARTESIAN_POINT('',(500.,-25.));
#322 = DIRECTION('',(-1.,0.));
#323 = ( GEOMETRIC_REPRESENTATION_CONTEXT(2) 
PARAMETRIC_REPRESENTATION_CONTEXT() REPRESENTATION_CONTEXT('2D SPACE',''
  ) );
#324 = PCURVE('',#325,#330);
#325 = CYLINDRICAL_SURFACE('',#326,5.5);
#326 = AXIS2_PLACEMENT_3D('',#327,#328,#329);
#327 = CARTESIAN_POINT('',(-1.,25.,500.));
#328 = DIRECTION('',(1.,0.,1.110223024625E-16));
#329 = DIRECTION('',(1.110223024625E-16,0.,-1.));
#330 = DEFINITIONAL_REPRESENTATION('',(#331),#335);
#331 = LINE('',#332,#333);
#332 = CARTESIAN_POINT('',(0.,1.));
#333 = VECTOR('',#334,1.);
#334 = DIRECTION('',(1.,0.));
#335 = ( GEOMETRIC_REPRESENTATION_CONTEXT(2) 
PARAMETRIC_REPRESENTATION_CONTEXT() REPRESENTATION_CONTEXT('2D SPACE',''
  ) );
#336 = FACE_BOUND('',#337,.F.);
#337 = EDGE_LOOP('',(#338));
#338 = ORIENTED_EDGE('',*,*,#339,.F.);
#339 = EDGE_CURVE('',#340,#340,#342,.T.);
#340 = VERTEX_POINT('',#341);
#341 = CARTESIAN_POINT('',(0.,25.,594.5));
#342 = SURFACE_CURVE('',#343,(#348,#355),.PCURVE_S1.);
#343 = CIRCLE('',#344,5.5);
#344 = AXIS2_PLACEMENT_3D('',#345,#346,#347);
#345 = CARTESIAN_POINT('',(0.,25.,600.));
#346 = DIRECTION('',(1.,0.,1.110223024625E-16));
#347 = DIRECTION('',(1.110223024625E-16,0.,-1.));
#348 = PCURVE('',#138,#349);
#349 = DEFINITIONAL_REPRESENTATION('',(#350),#354);
#350 = CIRCLE('',#351,5.5);
#351 = AXIS2_PLACEMENT_2D('',#352,#353);
#352 = CARTESIAN_POINT('',(600.,-25.));
#353 = DIRECTION('',(-1.,0.));
#354 = ( GEOMETRIC_REPRESENTATION_CONTEXT(2) 
PARAMETRIC_REPRESENTATION_CONTEXT() REPRESENTATION_CONTEXT('2D SPACE',''
  ) );
#355 = PCURVE('',#356,#361);
#356 = CYLINDRICAL_SURFACE('',#357,5.5);
#357 = AXIS2_PLACEMENT_3D('',#358,#359,#360);
#358 = CARTESIAN_POINT('',(-1.,25.,600.));
#359 = DIRECTION('',(1.,0.,1.110223024625E-16));
#360 = DIRECTION('',(1.110223024625E-16,0.,-1.));
#361 = DEFINITIONAL_REPRESENTATION('',(#362),#366);
#362 = LINE('',#363,#364);
#363 = CARTESIAN_POINT('',(0.,1.));
#364 = VECTOR('',#365,1.);
#365 = DIRECTION('',(1.,0.));
#366 = ( GEOMETRIC_REPRESENTATION_CONTEXT(2) 
PARAMETRIC_REPRESENTATION_CONTEXT() REPRESENTATION_CONTEXT('2D SPACE',''
  ) );
#367 = FACE_BOUND('',#368,.F.);
#368 = EDGE_LOOP('',(#369));
#369 = ORIENTED_EDGE('',*,*,#370,.F.);
#370 = EDGE_CURVE('',#371,#371,#373,.T.);
#371 = VERTEX_POINT('',#372);
#372 = CARTESIAN_POINT('',(0.,25.,694.5));
#373 = SURFACE_CURVE('',#374,(#379,#386),.PCURVE_S1.);
#374 = CIRCLE('',#375,5.5);
#375 = AXIS2_PLACEMENT_3D('',#376,#377,#378);
#376 = CARTESIAN_POINT('',(0.,25.,700.));
#377 = DIRECTION('',(1.,0.,1.110223024625E-16));
#378 = DIRECTION('',(1.110223024625E-16,0.,-1.));
#379 = PCURVE('',#138,#380);
#380 = DEFINITIONAL_REPRESENTATION('',(#381),#385);
#381 = CIRCLE('',#382,5.5);
#382 = AXIS2_PLACEMENT_2D('',#383,#384);
#383 = CARTESIAN_POINT('',(700.,-25.));
#384 = DIRECTION('',(-1.,0.));
#385 = ( GEOMETRIC_REPRESENTATION_CONTEXT(2) 
PARAMETRIC_REPRESENTATION_CONTEXT() REPRESENTATION_CONTEXT('2D SPACE',''
  ) );
#386 = PCURVE('',#387,#392);
#387 = CYLINDRICAL_SURFACE('',#388,5.5);
#388 = AXIS2_PLACEMENT_3D('',#389,#390,#391);
#389 = CARTESIAN_POINT('',(-1.,25.,700.));
#390 = DIRECTION('',(1.,0.,1.110223024625E-16));
#391 = DIRECTION('',(1.110223024625E-16,0.,-1.));
#392 = DEFINITIONAL_REPRESENTATION('',(#393),#397);
#393 = LINE('',#394,#395);
#394 = CARTESIAN_POINT('',(0.,1.));
#395 = VECTOR('',#396,1.);
#396 = DIRECTION('',(1.,0.));
#397 = ( GEOMETRIC_REPRESENTATION_CONTEXT(2) 
PARAMETRIC_REPRESENTATION_CONTEXT() REPRESENTATION_CONTEXT('2D SPACE',''
  ) );
#398 = FACE_BOUND('',#399,.F.);
#399 = EDGE_LOOP('',(#400));
#400 = ORIENTED_EDGE('',*,*,#401,.F.);
#401 = EDGE_CURVE('',#402,#402,#404,.T.);
#402 = VERTEX_POINT('',#403);
#403 = CARTESIAN_POINT('',(0.,25.,994.5));
#404 = SURFACE_CURVE('',#405,(#410,#417),.PCURVE_S1.);
#405 = CIRCLE('',#406,5.5);
#406 = AXIS2_PLACEMENT_3D('',#407,#408,#409);
#407 = CARTESIAN_POINT('',(0.,25.,1.E+03));
#408 = DIRECTION('',(1.,0.,1.110223024625E-16));
#409 = DIRECTION('',(1.110223024625E-16,0.,-1.));
#410 = PCURVE('',#138,#411);
#411 = DEFINITIONAL_REPRESENTATION('',(#412),#416);
#412 = CIRCLE('',#413,5.5);
#413 = AXIS2_PLACEMENT_2D('',#414,#415);
#414 = CARTESIAN_POINT('',(1.E+03,-25.));
#415 = DIRECTION('',(-1.,0.));
#416 = ( GEOMETRIC_REPRESENTATION_CONTEXT(2) 
PARAMETRIC_REPRESENTATION_CONTEXT() REPRESENTATION_CONTEXT('2D SPACE',''
  ) );
#417 = PCURVE('',#418,#423);
#418 = CYLINDRICAL_SURFACE('',#419,5.5);
#419 = AXIS2_PLACEMENT_3D('',#420,#421,#422);
#420 = CARTESIAN_POINT('',(-1.,25.,1.E+03));
#421 = DIRECTION('',(1.,0.,1.110223024625E-16));
#422 = DIRECTION('',(1.110223024625E-16,0.,-1.));
#423 = DEFINITIONAL_REPRESENTATION('',(#424),#428);
#424 = LINE('',#425,#426);
#425 = CARTESIAN_POINT('',(0.,1.));
#426 = VECTOR('',#427,1.);
#427 = DIRECTION('',(1.,0.));
#428 = ( GEOMETRIC_REPRESENTATION_CONTEXT(2) 
PARAMETRIC_REPRESENTATION_CONTEXT() REPRESENTATION_CONTEXT('2D SPACE',''
  ) );
#429 = FACE_BOUND('',#430,.F.);
#430 = EDGE_LOOP('',(#431));
#431 = ORIENTED_EDGE('',*,*,#432,.F.);
#432 = EDGE_CURVE('',#433,#433,#435,.T.);
#433 = VERTEX_POINT('',#434);
#434 = CARTESIAN_POINT('',(0.,25.,1.1945E+03));
#435 = SURFACE_CURVE('',#436,(#441,#448),.PCURVE_S1.);
#436 = CIRCLE('',#437,5.5);
#437 = AXIS2_PLACEMENT_3D('',#438,#439,#440);
#438 = CARTESIAN_POINT('',(0.,25.,1.2E+03));
#439 = DIRECTION('',(1.,0.,1.110223024625E-16));
#440 = DIRECTION('',(1.110223024625E-16,0.,-1.));
#441 = PCURVE('',#138,#442);
#442 = DEFINITIONAL_REPRESENTATION('',(#443),#447);
#443 = CIRCLE('',#444,5.5);
#444 = AXIS2_PLACEMENT_2D('',#445,#446);
#445 = CARTESIAN_POINT('',(1.2E+03,-25.));
#446 = DIRECTION('',(-1.,0.));
#447 = ( GEOMETRIC_REPRESENTATION_CONTEXT(2) 
PARAMETRIC_REPRESENTATION_CONTEXT() REPRESENTATION_CONTEXT('2D SPACE',''
  ) );
#448 = PCURVE('',#449,#454);
#449 = CYLINDRICAL_SURFACE('',#450,5.5);
#450 = AXIS2_PLACEMENT_3D('',#451,#452,#453);
#451 = CARTESIAN_POINT('',(-1.,25.,1.2E+03));
#452 = DIRECTION('',(1.,0.,1.110223024625E-16));
#453 = DIRECTION('',(1.110223024625E-16,0.,-1.));
#454 = DEFINITIONAL_REPRESENTATION('',(#455),#459);
#455 = LINE('',#456,#457);
#456 = CARTESIAN_POINT('',(0.,1.));
#457 = VECTOR('',#458,1.);
#458 = DIRECTION('',(1.,0.));
#459 = ( GEOMETRIC_REPRESENTATION_CONTEXT(2) 
PARAMETRIC_REPRESENTATION_CONTEXT() REPRESENTATION_CONTEXT('2D SPACE',''
  ) );
#460 = FACE_BOUND('',#461,.F.);
#461 = EDGE_LOOP('',(#462));
#462 = ORIENTED_EDGE('',*,*,#463,.F.);
#463 = EDGE_CURVE('',#464,#464,#466,.T.);
#464 = VERTEX_POINT('',#465);
#465 = CARTESIAN_POINT('',(0.,25.,1.2945E+03));
#466 = SURFACE_CURVE('',#467,(#472,#479),.PCURVE_S1.);
#467 = CIRCLE('',#468,5.5);
#468 = AXIS2_PLACEMENT_3D('',#469,#470,#471);
#469 = CARTESIAN_POINT('',(0.,25.,1.3E+03));
#470 = DIRECTION('',(1.,0.,1.110223024625E-16));
#471 = DIRECTION('',(1.110223024625E-16,0.,-1.));
#472 = PCURVE('',#138,#473);
#473 = DEFINITIONAL_REPRESENTATION('',(#474),#478);
#474 = CIRCLE('',#475,5.5);
#475 = AXIS2_PLACEMENT_2D('',#476,#477);
#476 = CARTESIAN_POINT('',(1.3E+03,-25.));
#477 = DIRECTION('',(-1.,0.));
#478 = ( GEOMETRIC_REPRESENTATION_CONTEXT(2) 
PARAMETRIC_REPRESENTATION_CONTEXT() REPRESENTATION_CONTEXT('2D SPACE',''
  ) );
#479 = PCURVE('',#480,#485);
#480 = CYLINDRICAL_SURFACE('',#481,5.5);
#481 = AXIS2_PLACEMENT_3D('',#482,#483,#484);
#482 = CARTESIAN_POINT('',(-1.,25.,1.3E+03));
#483 = DIRECTION('',(1.,0.,1.110223024625E-16));
#484 = DIRECTION('',(1.110223024625E-16,0.,-1.));
#485 = DEFINITIONAL_REPRESENTATION('',(#486),#490);
#486 = LINE('',#487,#488);
#487 = CARTESIAN_POINT('',(0.,1.));
#488 = VECTOR('',#489,1.);
#489 = DIRECTION('',(1.,0.));
#490 = ( GEOMETRIC_REPRESENTATION_CONTEXT(2) 
PARAMETRIC_REPRESENTATION_CONTEXT() REPRESENTATION_CONTEXT('2D SPACE',''
  ) );
#491 = FACE_BOUND('',#492,.F.);
#492 = EDGE_LOOP('',(#493));
#493 = ORIENTED_EDGE('',*,*,#494,.F.);
#494 = EDGE_CURVE('',#495,#495,#497,.T.);
#495 = VERTEX_POINT('',#496);
#496 = CARTESIAN_POINT('',(0.,25.,1.6945E+03));
#497 = SURFACE_CURVE('',#498,(#503,#510),.PCURVE_S1.);
#498 = CIRCLE('',#499,5.5);
#499 = AXIS2_PLACEMENT_3D('',#500,#501,#502);
#500 = CARTESIAN_POINT('',(0.,25.,1.7E+03));
#501 = DIRECTION('',(1.,0.,1.110223024625E-16));
#502 = DIRECTION('',(1.110223024625E-16,0.,-1.));
#503 = PCURVE('',#138,#504);
#504 = DEFINITIONAL_REPRESENTATION('',(#505),#509);
#505 = CIRCLE('',#506,5.5);
#506 = AXIS2_PLACEMENT_2D('',#507,#508);
#507 = CARTESIAN_POINT('',(1.7E+03,-25.));
#508 = DIRECTION('',(-1.,0.));
#509 = ( GEOMETRIC_REPRESENTATION_CONTEXT(2) 
PARAMETRIC_REPRESENTATION_CONTEXT() REPRESENTATION_CONTEXT('2D SPACE',''
  ) );
#510 = PCURVE('',#511,#516);
#511 = CYLINDRICAL_SURFACE('',#512,5.5);
#512 = AXIS2_PLACEMENT_3D('',#513,#514,#515);
#513 = CARTESIAN_POINT('',(-1.,25.,1.7E+03));
#514 = DIRECTION('',(1.,0.,1.110223024625E-16));
#515 = DIRECTION('',(1.110223024625E-16,0.,-1.));
#516 = DEFINITIONAL_REPRESENTATION('',(#517),#521);
#517 = LINE('',#518,#519);
#518 = CARTESIAN_POINT('',(0.,1.));
#519 = VECTOR('',#520,1.);
#520 = DIRECTION('',(1.,0.));
#521 = ( GEOMETRIC_REPRESENTATION_CONTEXT(2) 
PARAMETRIC_REPRESENTATION_CONTEXT() REPRESENTATION_CONTEXT('2D SPACE',''
  ) );
#522 = FACE_BOUND('',#523,.F.);
#523 = EDGE_LOOP('',(#524));
#524 = ORIENTED_EDGE('',*,*,#525,.F.);
#525 = EDGE_CURVE('',#526,#526,#528,.T.);
#526 = VERTEX_POINT('',#527);
#527 = CARTESIAN_POINT('',(0.,25.,1.7945E+03));
#528 = SURFACE_CURVE('',#529,(#534,#541),.PCURVE_S1.);
#529 = CIRCLE('',#530,5.5);
#530 = AXIS2_PLACEMENT_3D('',#531,#532,#533);
#531 = CARTESIAN_POINT('',(0.,25.,1.8E+03));
#532 = DIRECTION('',(1.,0.,1.110223024625E-16));
#533 = DIRECTION('',(1.110223024625E-16,0.,-1.));
#534 = PCURVE('',#138,#535);
#535 = DEFINITIONAL_REPRESENTATION('',(#536),#540);
#536 = CIRCLE('',#537,5.5);
#537 = AXIS2_PLACEMENT_2D('',#538,#539);
#538 = CARTESIAN_POINT('',(1.8E+03,-25.));
#539 = DIRECTION('',(-1.,0.));
#540 = ( GEOMETRIC_REPRESENTATION_CONTEXT(2) 
PARAMETRIC_REPRESENTATION_CONTEXT() REPRESENTATION_CONTEXT('2D SPACE',''
  ) );
#541 = PCURVE('',#542,#547);
#542 = CYLINDRICAL_SURFACE('',#543,5.5);
#543 = AXIS2_PLACEMENT_3D('',#544,#545,#546);
#544 = CARTESIAN_POINT('',(-1.,25.,1.8E+03));
#545 = DIRECTION('',(1.,0.,1.110223024625E-16));
#546 = DIRECTION('',(1.110223024625E-16,0.,-1.));
#547 = DEFINITIONAL_REPRESENTATION('',(#548),#552);
#548 = LINE('',#549,#550);
#549 = CARTESIAN_POINT('',(0.,1.));
#550 = VECTOR('',#551,1.);
#551 = DIRECTION('',(1.,0.));
#552 = ( GEOMETRIC_REPRESENTATION_CONTEXT(2) 
PARAMETRIC_REPRESENTATION_CONTEXT() REPRESENTATION_CONTEXT('2D SPACE',''
  ) );
#553 = FACE_BOUND('',#554,.F.);
#554 = EDGE_LOOP('',(#555));
#555 = ORIENTED_EDGE('',*,*,#556,.F.);
#556 = EDGE_CURVE('',#557,#557,#559,.T.);
#557 = VERTEX_POINT('',#558);
#558 = CARTESIAN_POINT('',(0.,25.,1.8945E+03));
#559 = SURFACE_CURVE('',#560,(#565,#572),.PCURVE_S1.);
#560 = CIRCLE('',#561,5.5);
#561 = AXIS2_PLACEMENT_3D('',#562,#563,#564);
#562 = CARTESIAN_POINT('',(0.,25.,1.9E+03));
#563 = DIRECTION('',(1.,0.,1.110223024625E-16));
#564 = DIRECTION('',(1.110223024625E-16,0.,-1.));
#565 = PCURVE('',#138,#566);
#566 = DEFINITIONAL_REPRESENTATION('',(#567),#571);
#567 = CIRCLE('',#568,5.5);
#568 = AXIS2_PLACEMENT_2D('',#569,#570);
#569 = CARTESIAN_POINT('',(1.9E+03,-25.));
#570 = DIRECTION('',(-1.,0.));
#571 = ( GEOMETRIC_REPRESENTATION_CONTEXT(2) 
PARAMETRIC_REPRESENTATION_CONTEXT() REPRESENTATION_CONTEXT('2D SPACE',''
  ) );
#572 = PCURVE('',#573,#578);
#573 = CYLINDRICAL_SURFACE('',#574,5.5);
#574 = AXIS2_PLACEMENT_3D('',#575,#576,#577);
#575 = CARTESIAN_POINT('',(-1.,25.,1.9E+03));
#576 = DIRECTION('',(1.,0.,1.110223024625E-16));
#577 = DIRECTION('',(1.110223024625E-16,0.,-1.));
#578 = DEFINITIONAL_REPRESENTATION('',(#579),#583);
#579 = LINE('',#580,#581);
#580 = CARTESIAN_POINT('',(0.,1.));
#581 = VECTOR('',#582,1.);
#582 = DIRECTION('',(1.,0.));
#583 = ( GEOMETRIC_REPRESENTATION_CONTEXT(2) 
PARAMETRIC_REPRESENTATION_CONTEXT() REPRESENTATION_CONTEXT('2D SPACE',''
  ) );
#584 = ADVANCED_FACE('',(#585),#150,.F.);
#585 = FACE_BOUND('',#586,.F.);
#586 = EDGE_LOOP('',(#587,#610,#611,#634));
#587 = ORIENTED_EDGE('',*,*,#588,.F.);
#588 = EDGE_CURVE('',#128,#589,#591,.T.);
#589 = VERTEX_POINT('',#590);
#590 = CARTESIAN_POINT('',(25.,0.,0.));
#591 = SURFACE_CURVE('',#592,(#596,#603),.PCURVE_S1.);
#592 = LINE('',#593,#594);
#593 = CARTESIAN_POINT('',(0.,0.,0.));
#594 = VECTOR('',#595,1.);
#595 = DIRECTION('',(1.,0.,-0.));
#596 = PCURVE('',#150,#597);
#597 = DEFINITIONAL_REPRESENTATION('',(#598),#602);
#598 = LINE('',#599,#600);
#599 = CARTESIAN_POINT('',(0.,0.));
#600 = VECTOR('',#601,1.);
#601 = DIRECTION('',(0.,1.));
#602 = ( GEOMETRIC_REPRESENTATION_CONTEXT(2) 
PARAMETRIC_REPRESENTATION_CONTEXT() REPRESENTATION_CONTEXT('2D SPACE',''
  ) );
#603 = PCURVE('',#178,#604);
#604 = DEFINITIONAL_REPRESENTATION('',(#605),#609);
#605 = LINE('',#606,#607);
#606 = CARTESIAN_POINT('',(0.,0.));
#607 = VECTOR('',#608,1.);
#608 = DIRECTION('',(1.,0.));
#609 = ( GEOMETRIC_REPRESENTATION_CONTEXT(2) 
PARAMETRIC_REPRESENTATION_CONTEXT() REPRESENTATION_CONTEXT('2D SPACE',''
  ) );
#610 = ORIENTED_EDGE('',*,*,#127,.T.);
#611 = ORIENTED_EDGE('',*,*,#612,.T.);
#612 = EDGE_CURVE('',#130,#613,#615,.T.);
#613 = VERTEX_POINT('',#614);
#614 = CARTESIAN_POINT('',(25.,0.,2.4E+03));
#615 = SURFACE_CURVE('',#616,(#620,#627),.PCURVE_S1.);
#616 = LINE('',#617,#618);
#617 = CARTESIAN_POINT('',(0.,0.,2.4E+03));
#618 = VECTOR('',#619,1.);
#619 = DIRECTION('',(1.,0.,-0.));
#620 = PCURVE('',#150,#621);
#621 = DEFINITIONAL_REPRESENTATION('',(#622),#626);
#622 = LINE('',#623,#624);
#623 = CARTESIAN_POINT('',(2.4E+03,0.));
#624 = VECTOR('',#625,1.);
#625 = DIRECTION('',(0.,1.));
#626 = ( GEOMETRIC_REPRESENTATION_CONTEXT(2) 
PARAMETRIC_REPRESENTATION_CONTEXT() REPRESENTATION_CONTEXT('2D SPACE',''
  ) );
#627 = PCURVE('',#232,#628);
#628 = DEFINITIONAL_REPRESENTATION('',(#629),#633);
#629 = LINE('',#630,#631);
#630 = CARTESIAN_POINT('',(0.,0.));
#631 = VECTOR('',#632,1.);
#632 = DIRECTION('',(1.,0.));
#633 = ( GEOMETRIC_REPRESENTATION_CONTEXT(2) 
PARAMETRIC_REPRESENTATION_CONTEXT() REPRESENTATION_CONTEXT('2D SPACE',''
  ) );
#634 = ORIENTED_EDGE('',*,*,#635,.F.);
#635 = EDGE_CURVE('',#589,#613,#636,.T.);
#636 = SURFACE_CURVE('',#637,(#641,#648),.PCURVE_S1.);
#637 = LINE('',#638,#639);
#638 = CARTESIAN_POINT('',(25.,0.,0.));
#639 = VECTOR('',#640,1.);
#640 = DIRECTION('',(0.,0.,1.));
#641 = PCURVE('',#150,#642);
#642 = DEFINITIONAL_REPRESENTATION('',(#643),#647);
#643 = LINE('',#644,#645);
#644 = CARTESIAN_POINT('',(0.,25.));
#645 = VECTOR('',#646,1.);
#646 = DIRECTION('',(1.,0.));
#647 = ( GEOMETRIC_REPRESENTATION_CONTEXT(2) 
PARAMETRIC_REPRESENTATION_CONTEXT() REPRESENTATION_CONTEXT('2D SPACE',''
  ) );
#648 = PCURVE('',#649,#654);
#649 = PLANE('',#650);
#650 = AXIS2_PLACEMENT_3D('',#651,#652,#653);
#651 = CARTESIAN_POINT('',(25.,0.,0.));
#652 = DIRECTION('',(1.,0.,-0.));
#653 = DIRECTION('',(0.,0.,1.));
#654 = DEFINITIONAL_REPRESENTATION('',(#655),#659);
#655 = LINE('',#656,#657);
#656 = CARTESIAN_POINT('',(0.,0.));
#657 = VECTOR('',#658,1.);
#658 = DIRECTION('',(1.,0.));
#659 = ( GEOMETRIC_REPRESENTATION_CONTEXT(2) 
PARAMETRIC_REPRESENTATION_CONTEXT() REPRESENTATION_CONTEXT('2D SPACE',''
  ) );
#660 = ADVANCED_FACE('',(#661),#232,.T.);
#661 = FACE_BOUND('',#662,.T.);
#662 = EDGE_LOOP('',(#663,#664,#665,#688));
#663 = ORIENTED_EDGE('',*,*,#218,.F.);
#664 = ORIENTED_EDGE('',*,*,#612,.T.);
#665 = ORIENTED_EDGE('',*,*,#666,.T.);
#666 = EDGE_CURVE('',#613,#667,#669,.T.);
#667 = VERTEX_POINT('',#668);
#668 = CARTESIAN_POINT('',(25.,50.,2.4E+03));
#669 = SURFACE_CURVE('',#670,(#674,#681),.PCURVE_S1.);
#670 = LINE('',#671,#672);
#671 = CARTESIAN_POINT('',(25.,0.,2.4E+03));
#672 = VECTOR('',#673,1.);
#673 = DIRECTION('',(-0.,1.,0.));
#674 = PCURVE('',#232,#675);
#675 = DEFINITIONAL_REPRESENTATION('',(#676),#680);
#676 = LINE('',#677,#678);
#677 = CARTESIAN_POINT('',(25.,0.));
#678 = VECTOR('',#679,1.);
#679 = DIRECTION('',(0.,1.));
#680 = ( GEOMETRIC_REPRESENTATION_CONTEXT(2) 
PARAMETRIC_REPRESENTATION_CONTEXT() REPRESENTATION_CONTEXT('2D SPACE',''
  ) );
#681 = PCURVE('',#649,#682);
#682 = DEFINITIONAL_REPRESENTATION('',(#683),#687);
#683 = LINE('',#684,#685);
#684 = CARTESIAN_POINT('',(2.4E+03,0.));
#685 = VECTOR('',#686,1.);
#686 = DIRECTION('',(0.,-1.));
#687 = ( GEOMETRIC_REPRESENTATION_CONTEXT(2) 
PARAMETRIC_REPRESENTATION_CONTEXT() REPRESENTATION_CONTEXT('2D SPACE',''
  ) );
#688 = ORIENTED_EDGE('',*,*,#689,.F.);
#689 = EDGE_CURVE('',#191,#667,#690,.T.);
#690 = SURFACE_CURVE('',#691,(#695,#702),.PCURVE_S1.);
#691 = LINE('',#692,#693);
#692 = CARTESIAN_POINT('',(0.,50.,2.4E+03));
#693 = VECTOR('',#694,1.);
#694 = DIRECTION('',(1.,0.,-0.));
#695 = PCURVE('',#232,#696);
#696 = DEFINITIONAL_REPRESENTATION('',(#697),#701);
#697 = LINE('',#698,#699);
#698 = CARTESIAN_POINT('',(0.,50.));
#699 = VECTOR('',#700,1.);
#700 = DIRECTION('',(1.,0.));
#701 = ( GEOMETRIC_REPRESENTATION_CONTEXT(2) 
PARAMETRIC_REPRESENTATION_CONTEXT() REPRESENTATION_CONTEXT('2D SPACE',''
  ) );
#702 = PCURVE('',#206,#703);
#703 = DEFINITIONAL_REPRESENTATION('',(#704),#708);
#704 = LINE('',#705,#706);
#705 = CARTESIAN_POINT('',(2.4E+03,0.));
#706 = VECTOR('',#707,1.);
#707 = DIRECTION('',(0.,1.));
#708 = ( GEOMETRIC_REPRESENTATION_CONTEXT(2) 
PARAMETRIC_REPRESENTATION_CONTEXT() REPRESENTATION_CONTEXT('2D SPACE',''
  ) );
#709 = ADVANCED_FACE('',(#710),#178,.F.);
#710 = FACE_BOUND('',#711,.F.);
#711 = EDGE_LOOP('',(#712,#713,#714,#737));
#712 = ORIENTED_EDGE('',*,*,#162,.F.);
#713 = ORIENTED_EDGE('',*,*,#588,.T.);
#714 = ORIENTED_EDGE('',*,*,#715,.T.);
#715 = EDGE_CURVE('',#589,#716,#718,.T.);
#716 = VERTEX_POINT('',#717);
#717 = CARTESIAN_POINT('',(25.,50.,0.));
#718 = SURFACE_CURVE('',#719,(#723,#730),.PCURVE_S1.);
#719 = LINE('',#720,#721);
#720 = CARTESIAN_POINT('',(25.,0.,0.));
#721 = VECTOR('',#722,1.);
#722 = DIRECTION('',(-0.,1.,0.));
#723 = PCURVE('',#178,#724);
#724 = DEFINITIONAL_REPRESENTATION('',(#725),#729);
#725 = LINE('',#726,#727);
#726 = CARTESIAN_POINT('',(25.,0.));
#727 = VECTOR('',#728,1.);
#728 = DIRECTION('',(0.,1.));
#729 = ( GEOMETRIC_REPRESENTATION_CONTEXT(2) 
PARAMETRIC_REPRESENTATION_CONTEXT() REPRESENTATION_CONTEXT('2D SPACE',''
  ) );
#730 = PCURVE('',#649,#731);
#731 = DEFINITIONAL_REPRESENTATION('',(#732),#736);
#732 = LINE('',#733,#734);
#733 = CARTESIAN_POINT('',(0.,0.));
#734 = VECTOR('',#735,1.);
#735 = DIRECTION('',(0.,-1.));
#736 = ( GEOMETRIC_REPRESENTATION_CONTEXT(2) 
PARAMETRIC_REPRESENTATION_CONTEXT() REPRESENTATION_CONTEXT('2D SPACE',''
  ) );
#737 = ORIENTED_EDGE('',*,*,#738,.F.);
#738 = EDGE_CURVE('',#163,#716,#739,.T.);
#739 = SURFACE_CURVE('',#740,(#744,#751),.PCURVE_S1.);
#740 = LINE('',#741,#742);
#741 = CARTESIAN_POINT('',(0.,50.,0.));
#742 = VECTOR('',#743,1.);
#743 = DIRECTION('',(1.,0.,-0.));
#744 = PCURVE('',#178,#745);
#745 = DEFINITIONAL_REPRESENTATION('',(#746),#750);
#746 = LINE('',#747,#748);
#747 = CARTESIAN_POINT('',(0.,50.));
#748 = VECTOR('',#749,1.);
#749 = DIRECTION('',(1.,0.));
#750 = ( GEOMETRIC_REPRESENTATION_CONTEXT(2) 
PARAMETRIC_REPRESENTATION_CONTEXT() REPRESENTATION_CONTEXT('2D SPACE',''
  ) );
#751 = PCURVE('',#206,#752);
#752 = DEFINITIONAL_REPRESENTATION('',(#753),#757);
#753 = LINE('',#754,#755);
#754 = CARTESIAN_POINT('',(0.,0.));
#755 = VECTOR('',#756,1.);
#756 = DIRECTION('',(0.,1.));
#757 = ( GEOMETRIC_REPRESENTATION_CONTEXT(2) 
PARAMETRIC_REPRESENTATION_CONTEXT() REPRESENTATION_CONTEXT('2D SPACE',''
  ) );
#758 = ADVANCED_FACE('',(#759),#206,.T.);
#759 = FACE_BOUND('',#760,.T.);
#760 = EDGE_LOOP('',(#761,#762,#763,#764));
#761 = ORIENTED_EDGE('',*,*,#738,.F.);
#762 = ORIENTED_EDGE('',*,*,#190,.T.);
#763 = ORIENTED_EDGE('',*,*,#689,.T.);
#764 = ORIENTED_EDGE('',*,*,#765,.F.);
#765 = EDGE_CURVE('',#716,#667,#766,.T.);
#766 = SURFACE_CURVE('',#767,(#771,#778),.PCURVE_S1.);
#767 = LINE('',#768,#769);
#768 = CARTESIAN_POINT('',(25.,50.,0.));
#769 = VECTOR('',#770,1.);
#770 = DIRECTION('',(0.,0.,1.));
#771 = PCURVE('',#206,#772);
#772 = DEFINITIONAL_REPRESENTATION('',(#773),#777);
#773 = LINE('',#774,#775);
#774 = CARTESIAN_POINT('',(0.,25.));
#775 = VECTOR('',#776,1.);
#776 = DIRECTION('',(1.,0.));
#777 = ( GEOMETRIC_REPRESENTATION_CONTEXT(2) 
PARAMETRIC_REPRESENTATION_CONTEXT() REPRESENTATION_CONTEXT('2D SPACE',''
  ) );
#778 = PCURVE('',#649,#779);
#779 = DEFINITIONAL_REPRESENTATION('',(#780),#784);
#780 = LINE('',#781,#782);
#781 = CARTESIAN_POINT('',(0.,-50.));
#782 = VECTOR('',#783,1.);
#783 = DIRECTION('',(1.,0.));
#784 = ( GEOMETRIC_REPRESENTATION_CONTEXT(2) 
PARAMETRIC_REPRESENTATION_CONTEXT() REPRESENTATION_CONTEXT('2D SPACE',''
  ) );
#785 = ADVANCED_FACE('',(#786),#263,.F.);
#786 = FACE_BOUND('',#787,.F.);
#787 = EDGE_LOOP('',(#788,#812,#833,#834));
#788 = ORIENTED_EDGE('',*,*,#789,.F.);
#789 = EDGE_CURVE('',#790,#790,#792,.T.);
#790 = VERTEX_POINT('',#791);
#791 = CARTESIAN_POINT('',(25.,25.,294.5));
#792 = SURFACE_CURVE('',#793,(#798,#805),.PCURVE_S1.);
#793 = CIRCLE('',#794,5.5);
#794 = AXIS2_PLACEMENT_3D('',#795,#796,#797);
#795 = CARTESIAN_POINT('',(25.,25.,300.));
#796 = DIRECTION('',(1.,0.,1.110223024625E-16));
#797 = DIRECTION('',(1.110223024625E-16,0.,-1.));
#798 = PCURVE('',#263,#799);
#799 = DEFINITIONAL_REPRESENTATION('',(#800),#804);
#800 = LINE('',#801,#802);
#801 = CARTESIAN_POINT('',(0.,26.));
#802 = VECTOR('',#803,1.);
#803 = DIRECTION('',(1.,0.));
#804 = ( GEOMETRIC_REPRESENTATION_CONTEXT(2) 
PARAMETRIC_REPRESENTATION_CONTEXT() REPRESENTATION_CONTEXT('2D SPACE',''
  ) );
#805 = PCURVE('',#649,#806);
#806 = DEFINITIONAL_REPRESENTATION('',(#807),#811);
#807 = CIRCLE('',#808,5.5);
#808 = AXIS2_PLACEMENT_2D('',#809,#810);
#809 = CARTESIAN_POINT('',(300.,-25.));
#810 = DIRECTION('',(-1.,0.));
#811 = ( GEOMETRIC_REPRESENTATION_CONTEXT(2) 
PARAMETRIC_REPRESENTATION_CONTEXT() REPRESENTATION_CONTEXT('2D SPACE',''
  ) );
#812 = ORIENTED_EDGE('',*,*,#813,.F.);
#813 = EDGE_CURVE('',#247,#790,#814,.T.);
#814 = SEAM_CURVE('',#815,(#819,#826),.PCURVE_S1.);
#815 = LINE('',#816,#817);
#816 = CARTESIAN_POINT('',(-1.,25.,294.5));
#817 = VECTOR('',#818,1.);
#818 = DIRECTION('',(1.,0.,1.110223024625E-16));
#819 = PCURVE('',#263,#820);
#820 = DEFINITIONAL_REPRESENTATION('',(#821),#825);
#821 = LINE('',#822,#823);
#822 = CARTESIAN_POINT('',(6.28318530718,-0.));
#823 = VECTOR('',#824,1.);
#824 = DIRECTION('',(0.,1.));
#825 = ( GEOMETRIC_REPRESENTATION_CONTEXT(2) 
PARAMETRIC_REPRESENTATION_CONTEXT() REPRESENTATION_CONTEXT('2D SPACE',''
  ) );
#826 = PCURVE('',#263,#827);
#827 = DEFINITIONAL_REPRESENTATION('',(#828),#832);
#828 = LINE('',#829,#830);
#829 = CARTESIAN_POINT('',(0.,-0.));
#830 = VECTOR('',#831,1.);
#831 = DIRECTION('',(0.,1.));
#832 = ( GEOMETRIC_REPRESENTATION_CONTEXT(2) 
PARAMETRIC_REPRESENTATION_CONTEXT() REPRESENTATION_CONTEXT('2D SPACE',''
  ) );
#833 = ORIENTED_EDGE('',*,*,#246,.T.);
#834 = ORIENTED_EDGE('',*,*,#813,.T.);
#835 = ADVANCED_FACE('',(#836),#294,.F.);
#836 = FACE_BOUND('',#837,.F.);
#837 = EDGE_LOOP('',(#838,#862,#883,#884));
#838 = ORIENTED_EDGE('',*,*,#839,.F.);
#839 = EDGE_CURVE('',#840,#840,#842,.T.);
#840 = VERTEX_POINT('',#841);
#841 = CARTESIAN_POINT('',(25.,25.,394.5));
#842 = SURFACE_CURVE('',#843,(#848,#855),.PCURVE_S1.);
#843 = CIRCLE('',#844,5.5);
#844 = AXIS2_PLACEMENT_3D('',#845,#846,#847);
#845 = CARTESIAN_POINT('',(25.,25.,400.));
#846 = DIRECTION('',(1.,0.,1.110223024625E-16));
#847 = DIRECTION('',(1.110223024625E-16,0.,-1.));
#848 = PCURVE('',#294,#849);
#849 = DEFINITIONAL_REPRESENTATION('',(#850),#854);
#850 = LINE('',#851,#852);
#851 = CARTESIAN_POINT('',(0.,26.));
#852 = VECTOR('',#853,1.);
#853 = DIRECTION('',(1.,0.));
#854 = ( GEOMETRIC_REPRESENTATION_CONTEXT(2) 
PARAMETRIC_REPRESENTATION_CONTEXT() REPRESENTATION_CONTEXT('2D SPACE',''
  ) );
#855 = PCURVE('',#649,#856);
#856 = DEFINITIONAL_REPRESENTATION('',(#857),#861);
#857 = CIRCLE('',#858,5.5);
#858 = AXIS2_PLACEMENT_2D('',#859,#860);
#859 = CARTESIAN_POINT('',(400.,-25.));
#860 = DIRECTION('',(-1.,0.));
#861 = ( GEOMETRIC_REPRESENTATION_CONTEXT(2) 
PARAMETRIC_REPRESENTATION_CONTEXT() REPRESENTATION_CONTEXT('2D SPACE',''
  ) );
#862 = ORIENTED_EDGE('',*,*,#863,.F.);
#863 = EDGE_CURVE('',#278,#840,#864,.T.);
#864 = SEAM_CURVE('',#865,(#869,#876),.PCURVE_S1.);
#865 = LINE('',#866,#867);
#866 = CARTESIAN_POINT('',(-1.,25.,394.5));
#867 = VECTOR('',#868,1.);
#868 = DIRECTION('',(1.,0.,1.110223024625E-16));
#869 = PCURVE('',#294,#870);
#870 = DEFINITIONAL_REPRESENTATION('',(#871),#875);
#871 = LINE('',#872,#873);
#872 = CARTESIAN_POINT('',(6.28318530718,-0.));
#873 = VECTOR('',#874,1.);
#874 = DIRECTION('',(0.,1.));
#875 = ( GEOMETRIC_REPRESENTATION_CONTEXT(2) 
PARAMETRIC_REPRESENTATION_CONTEXT() REPRESENTATION_CONTEXT('2D SPACE',''
  ) );
#876 = PCURVE('',#294,#877);
#877 = DEFINITIONAL_REPRESENTATION('',(#878),#882);
#878 = LINE('',#879,#880);
#879 = CARTESIAN_POINT('',(0.,-0.));
#880 = VECTOR('',#881,1.);
#881 = DIRECTION('',(0.,1.));
#882 = ( GEOMETRIC_REPRESENTATION_CONTEXT(2) 
PARAMETRIC_REPRESENTATION_CONTEXT() REPRESENTATION_CONTEXT('2D SPACE',''
  ) );
#883 = ORIENTED_EDGE('',*,*,#277,.T.);
#884 = ORIENTED_EDGE('',*,*,#863,.T.);
#885 = ADVANCED_FACE('',(#886),#325,.F.);
#886 = FACE_BOUND('',#887,.F.);
#887 = EDGE_LOOP('',(#888,#912,#933,#934));
#888 = ORIENTED_EDGE('',*,*,#889,.F.);
#889 = EDGE_CURVE('',#890,#890,#892,.T.);
#890 = VERTEX_POINT('',#891);
#891 = CARTESIAN_POINT('',(25.,25.,494.5));
#892 = SURFACE_CURVE('',#893,(#898,#905),.PCURVE_S1.);
#893 = CIRCLE('',#894,5.5);
#894 = AXIS2_PLACEMENT_3D('',#895,#896,#897);
#895 = CARTESIAN_POINT('',(25.,25.,500.));
#896 = DIRECTION('',(1.,0.,1.110223024625E-16));
#897 = DIRECTION('',(1.110223024625E-16,0.,-1.));
#898 = PCURVE('',#325,#899);
#899 = DEFINITIONAL_REPRESENTATION('',(#900),#904);
#900 = LINE('',#901,#902);
#901 = CARTESIAN_POINT('',(0.,26.));
#902 = VECTOR('',#903,1.);
#903 = DIRECTION('',(1.,0.));
#904 = ( GEOMETRIC_REPRESENTATION_CONTEXT(2) 
PARAMETRIC_REPRESENTATION_CONTEXT() REPRESENTATION_CONTEXT('2D SPACE',''
  ) );
#905 = PCURVE('',#649,#906);
#906 = DEFINITIONAL_REPRESENTATION('',(#907),#911);
#907 = CIRCLE('',#908,5.5);
#908 = AXIS2_PLACEMENT_2D('',#909,#910);
#909 = CARTESIAN_POINT('',(500.,-25.));
#910 = DIRECTION('',(-1.,0.));
#911 = ( GEOMETRIC_REPRESENTATION_CONTEXT(2) 
PARAMETRIC_REPRESENTATION_CONTEXT() REPRESENTATION_CONTEXT('2D SPACE',''
  ) );
#912 = ORIENTED_EDGE('',*,*,#913,.F.);
#913 = EDGE_CURVE('',#309,#890,#914,.T.);
#914 = SEAM_CURVE('',#915,(#919,#926),.PCURVE_S1.);
#915 = LINE('',#916,#917);
#916 = CARTESIAN_POINT('',(-1.,25.,494.5));
#917 = VECTOR('',#918,1.);
#918 = DIRECTION('',(1.,0.,1.110223024625E-16));
#919 = PCURVE('',#325,#920);
#920 = DEFINITIONAL_REPRESENTATION('',(#921),#925);
#921 = LINE('',#922,#923);
#922 = CARTESIAN_POINT('',(6.28318530718,-0.));
#923 = VECTOR('',#924,1.);
#924 = DIRECTION('',(0.,1.));
#925 = ( GEOMETRIC_REPRESENTATION_CONTEXT(2) 
PARAMETRIC_REPRESENTATION_CONTEXT() REPRESENTATION_CONTEXT('2D SPACE',''
  ) );
#926 = PCURVE('',#325,#927);
#927 = DEFINITIONAL_REPRESENTATION('',(#928),#932);
#928 = LINE('',#929,#930);
#929 = CARTESIAN_POINT('',(0.,-0.));
#930 = VECTOR('',#931,1.);
#931 = DIRECTION('',(0.,1.));
#932 = ( GEOMETRIC_REPRESENTATION_CONTEXT(2) 
PARAMETRIC_REPRESENTATION_CONTEXT() REPRESENTATION_CONTEXT('2D SPACE',''
  ) );
#933 = ORIENTED_EDGE('',*,*,#308,.T.);
#934 = ORIENTED_EDGE('',*,*,#913,.T.);
#935 = ADVANCED_FACE('',(#936),#356,.F.);
#936 = FACE_BOUND('',#937,.F.);
#937 = EDGE_LOOP('',(#938,#962,#983,#984));
#938 = ORIENTED_EDGE('',*,*,#939,.F.);
#939 = EDGE_CURVE('',#940,#940,#942,.T.);
#940 = VERTEX_POINT('',#941);
#941 = CARTESIAN_POINT('',(25.,25.,594.5));
#942 = SURFACE_CURVE('',#943,(#948,#955),.PCURVE_S1.);
#943 = CIRCLE('',#944,5.5);
#944 = AXIS2_PLACEMENT_3D('',#945,#946,#947);
#945 = CARTESIAN_POINT('',(25.,25.,600.));
#946 = DIRECTION('',(1.,0.,1.110223024625E-16));
#947 = DIRECTION('',(1.110223024625E-16,0.,-1.));
#948 = PCURVE('',#356,#949);
#949 = DEFINITIONAL_REPRESENTATION('',(#950),#954);
#950 = LINE('',#951,#952);
#951 = CARTESIAN_POINT('',(0.,26.));
#952 = VECTOR('',#953,1.);
#953 = DIRECTION('',(1.,0.));
#954 = ( GEOMETRIC_REPRESENTATION_CONTEXT(2) 
PARAMETRIC_REPRESENTATION_CONTEXT() REPRESENTATION_CONTEXT('2D SPACE',''
  ) );
#955 = PCURVE('',#649,#956);
#956 = DEFINITIONAL_REPRESENTATION('',(#957),#961);
#957 = CIRCLE('',#958,5.5);
#958 = AXIS2_PLACEMENT_2D('',#959,#960);
#959 = CARTESIAN_POINT('',(600.,-25.));
#960 = DIRECTION('',(-1.,0.));
#961 = ( GEOMETRIC_REPRESENTATION_CONTEXT(2) 
PARAMETRIC_REPRESENTATION_CONTEXT() REPRESENTATION_CONTEXT('2D SPACE',''
  ) );
#962 = ORIENTED_EDGE('',*,*,#963,.F.);
#963 = EDGE_CURVE('',#340,#940,#964,.T.);
#964 = SEAM_CURVE('',#965,(#969,#976),.PCURVE_S1.);
#965 = LINE('',#966,#967);
#966 = CARTESIAN_POINT('',(-1.,25.,594.5));
#967 = VECTOR('',#968,1.);
#968 = DIRECTION('',(1.,0.,1.110223024625E-16));
#969 = PCURVE('',#356,#970);
#970 = DEFINITIONAL_REPRESENTATION('',(#971),#975);
#971 = LINE('',#972,#973);
#972 = CARTESIAN_POINT('',(6.28318530718,-0.));
#973 = VECTOR('',#974,1.);
#974 = DIRECTION('',(0.,1.));
#975 = ( GEOMETRIC_REPRESENTATION_CONTEXT(2) 
PARAMETRIC_REPRESENTATION_CONTEXT() REPRESENTATION_CONTEXT('2D SPACE',''
  ) );
#976 = PCURVE('',#356,#977);
#977 = DEFINITIONAL_REPRESENTATION('',(#978),#982);
#978 = LINE('',#979,#980);
#979 = CARTESIAN_POINT('',(0.,-0.));
#980 = VECTOR('',#981,1.);
#981 = DIRECTION('',(0.,1.));
#982 = ( GEOMETRIC_REPRESENTATION_CONTEXT(2) 
PARAMETRIC_REPRESENTATION_CONTEXT() REPRESENTATION_CONTEXT('2D SPACE',''
  ) );
#983 = ORIENTED_EDGE('',*,*,#339,.T.);
#984 = ORIENTED_EDGE('',*,*,#963,.T.);
#985 = ADVANCED_FACE('',(#986),#387,.F.);
#986 = FACE_BOUND('',#987,.F.);
#987 = EDGE_LOOP('',(#988,#1012,#1033,#1034));
#988 = ORIENTED_EDGE('',*,*,#989,.F.);
#989 = EDGE_CURVE('',#990,#990,#992,.T.);
#990 = VERTEX_POINT('',#991);
#991 = CARTESIAN_POINT('',(25.,25.,694.5));
#992 = SURFACE_CURVE('',#993,(#998,#1005),.PCURVE_S1.);
#993 = CIRCLE('',#994,5.5);
#994 = AXIS2_PLACEMENT_3D('',#995,#996,#997);
#995 = CARTESIAN_POINT('',(25.,25.,700.));
#996 = DIRECTION('',(1.,0.,1.110223024625E-16));
#997 = DIRECTION('',(1.110223024625E-16,0.,-1.));
#998 = PCURVE('',#387,#999);
#999 = DEFINITIONAL_REPRESENTATION('',(#1000),#1004);
#1000 = LINE('',#1001,#1002);
#1001 = CARTESIAN_POINT('',(0.,26.));
#1002 = VECTOR('',#1003,1.);
#1003 = DIRECTION('',(1.,0.));
#1004 = ( GEOMETRIC_REPRESENTATION_CONTEXT(2) 
PARAMETRIC_REPRESENTATION_CONTEXT() REPRESENTATION_CONTEXT('2D SPACE',''
  ) );
#1005 = PCURVE('',#649,#1006);
#1006 = DEFINITIONAL_REPRESENTATION('',(#1007),#1011);
#1007 = CIRCLE('',#1008,5.5);
#1008 = AXIS2_PLACEMENT_2D('',#1009,#1010);
#1009 = CARTESIAN_POINT('',(700.,-25.));
#1010 = DIRECTION('',(-1.,0.));
#1011 = ( GEOMETRIC_REPRESENTATION_CONTEXT(2) 
PARAMETRIC_REPRESENTATION_CONTEXT() REPRESENTATION_CONTEXT('2D SPACE',''
  ) );
#1012 = ORIENTED_EDGE('',*,*,#1013,.F.);
#1013 = EDGE_CURVE('',#371,#990,#1014,.T.);
#1014 = SEAM_CURVE('',#1015,(#1019,#1026),.PCURVE_S1.);
#1015 = LINE('',#1016,#1017);
#1016 = CARTESIAN_POINT('',(-1.,25.,694.5));
#1017 = VECTOR('',#1018,1.);
#1018 = DIRECTION('',(1.,0.,1.110223024625E-16));
#1019 = PCURVE('',#387,#1020);
#1020 = DEFINITIONAL_REPRESENTATION('',(#1021),#1025);
#1021 = LINE('',#1022,#1023);
#1022 = CARTESIAN_POINT('',(6.28318530718,-0.));
#1023 = VECTOR('',#1024,1.);
#1024 = DIRECTION('',(0.,1.));
#1025 = ( GEOMETRIC_REPRESENTATION_CONTEXT(2) 
PARAMETRIC_REPRESENTATION_CONTEXT() REPRESENTATION_CONTEXT('2D SPACE',''
  ) );
#1026 = PCURVE('',#387,#1027);
#1027 = DEFINITIONAL_REPRESENTATION('',(#1028),#1032);
#1028 = LINE('',#1029,#1030);
#1029 = CARTESIAN_POINT('',(0.,-0.));
#1030 = VECTOR('',#1031,1.);
#1031 = DIRECTION('',(0.,1.));
#1032 = ( GEOMETRIC_REPRESENTATION_CONTEXT(2) 
PARAMETRIC_REPRESENTATION_CONTEXT() REPRESENTATION_CONTEXT('2D SPACE',''
  ) );
#1033 = ORIENTED_EDGE('',*,*,#370,.T.);
#1034 = ORIENTED_EDGE('',*,*,#1013,.T.);
#1035 = ADVANCED_FACE('',(#1036),#418,.F.);
#1036 = FACE_BOUND('',#1037,.F.);
#1037 = EDGE_LOOP('',(#1038,#1062,#1083,#1084));
#1038 = ORIENTED_EDGE('',*,*,#1039,.F.);
#1039 = EDGE_CURVE('',#1040,#1040,#1042,.T.);
#1040 = VERTEX_POINT('',#1041);
#1041 = CARTESIAN_POINT('',(25.,25.,994.5));
#1042 = SURFACE_CURVE('',#1043,(#1048,#1055),.PCURVE_S1.);
#1043 = CIRCLE('',#1044,5.5);
#1044 = AXIS2_PLACEMENT_3D('',#1045,#1046,#1047);
#1045 = CARTESIAN_POINT('',(25.,25.,1.E+03));
#1046 = DIRECTION('',(1.,0.,1.110223024625E-16));
#1047 = DIRECTION('',(1.110223024625E-16,0.,-1.));
#1048 = PCURVE('',#418,#1049);
#1049 = DEFINITIONAL_REPRESENTATION('',(#1050),#1054);
#1050 = LINE('',#1051,#1052);
#1051 = CARTESIAN_POINT('',(0.,26.));
#1052 = VECTOR('',#1053,1.);
#1053 = DIRECTION('',(1.,0.));
#1054 = ( GEOMETRIC_REPRESENTATION_CONTEXT(2) 
PARAMETRIC_REPRESENTATION_CONTEXT() REPRESENTATION_CONTEXT('2D SPACE',''
  ) );
#1055 = PCURVE('',#649,#1056);
#1056 = DEFINITIONAL_REPRESENTATION('',(#1057),#1061);
#1057 = CIRCLE('',#1058,5.5);
#1058 = AXIS2_PLACEMENT_2D('',#1059,#1060);
#1059 = CARTESIAN_POINT('',(1.E+03,-25.));
#1060 = DIRECTION('',(-1.,0.));
#1061 = ( GEOMETRIC_REPRESENTATION_CONTEXT(2) 
PARAMETRIC_REPRESENTATION_CONTEXT() REPRESENTATION_CONTEXT('2D SPACE',''
  ) );
#1062 = ORIENTED_EDGE('',*,*,#1063,.F.);
#1063 = EDGE_CURVE('',#402,#1040,#1064,.T.);
#1064 = SEAM_CURVE('',#1065,(#1069,#1076),.PCURVE_S1.);
#1065 = LINE('',#1066,#1067);
#1066 = CARTESIAN_POINT('',(-1.,25.,994.5));
#1067 = VECTOR('',#1068,1.);
#1068 = DIRECTION('',(1.,0.,1.110223024625E-16));
#1069 = PCURVE('',#418,#1070);
#1070 = DEFINITIONAL_REPRESENTATION('',(#1071),#1075);
#1071 = LINE('',#1072,#1073);
#1072 = CARTESIAN_POINT('',(6.28318530718,-0.));
#1073 = VECTOR('',#1074,1.);
#1074 = DIRECTION('',(0.,1.));
#1075 = ( GEOMETRIC_REPRESENTATION_CONTEXT(2) 
PARAMETRIC_REPRESENTATION_CONTEXT() REPRESENTATION_CONTEXT('2D SPACE',''
  ) );
#1076 = PCURVE('',#418,#1077);
#1077 = DEFINITIONAL_REPRESENTATION('',(#1078),#1082);
#1078 = LINE('',#1079,#1080);
#1079 = CARTESIAN_POINT('',(0.,-0.));
#1080 = VECTOR('',#1081,1.);
#1081 = DIRECTION('',(0.,1.));
#1082 = ( GEOMETRIC_REPRESENTATION_CONTEXT(2) 
PARAMETRIC_REPRESENTATION_CONTEXT() REPRESENTATION_CONTEXT('2D SPACE',''
  ) );
#1083 = ORIENTED_EDGE('',*,*,#401,.T.);
#1084 = ORIENTED_EDGE('',*,*,#1063,.T.);
#1085 = ADVANCED_FACE('',(#1086),#449,.F.);
#1086 = FACE_BOUND('',#1087,.F.);
#1087 = EDGE_LOOP('',(#1088,#1112,#1133,#1134));
#1088 = ORIENTED_EDGE('',*,*,#1089,.F.);
#1089 = EDGE_CURVE('',#1090,#1090,#1092,.T.);
#1090 = VERTEX_POINT('',#1091);
#1091 = CARTESIAN_POINT('',(25.,25.,1.1945E+03));
#1092 = SURFACE_CURVE('',#1093,(#1098,#1105),.PCURVE_S1.);
#1093 = CIRCLE('',#1094,5.5);
#1094 = AXIS2_PLACEMENT_3D('',#1095,#1096,#1097);
#1095 = CARTESIAN_POINT('',(25.,25.,1.2E+03));
#1096 = DIRECTION('',(1.,0.,1.110223024625E-16));
#1097 = DIRECTION('',(1.110223024625E-16,0.,-1.));
#1098 = PCURVE('',#449,#1099);
#1099 = DEFINITIONAL_REPRESENTATION('',(#1100),#1104);
#1100 = LINE('',#1101,#1102);
#1101 = CARTESIAN_POINT('',(0.,26.));
#1102 = VECTOR('',#1103,1.);
#1103 = DIRECTION('',(1.,0.));
#1104 = ( GEOMETRIC_REPRESENTATION_CONTEXT(2) 
PARAMETRIC_REPRESENTATION_CONTEXT() REPRESENTATION_CONTEXT('2D SPACE',''
  ) );
#1105 = PCURVE('',#649,#1106);
#1106 = DEFINITIONAL_REPRESENTATION('',(#1107),#1111);
#1107 = CIRCLE('',#1108,5.5);
#1108 = AXIS2_PLACEMENT_2D('',#1109,#1110);
#1109 = CARTESIAN_POINT('',(1.2E+03,-25.));
#1110 = DIRECTION('',(-1.,0.));
#1111 = ( GEOMETRIC_REPRESENTATION_CONTEXT(2) 
PARAMETRIC_REPRESENTATION_CONTEXT() REPRESENTATION_CONTEXT('2D SPACE',''
  ) );
#1112 = ORIENTED_EDGE('',*,*,#1113,.F.);
#1113 = EDGE_CURVE('',#433,#1090,#1114,.T.);
#1114 = SEAM_CURVE('',#1115,(#1119,#1126),.PCURVE_S1.);
#1115 = LINE('',#1116,#1117);
#1116 = CARTESIAN_POINT('',(-1.,25.,1.1945E+03));
#1117 = VECTOR('',#1118,1.);
#1118 = DIRECTION('',(1.,0.,1.110223024625E-16));
#1119 = PCURVE('',#449,#1120);
#1120 = DEFINITIONAL_REPRESENTATION('',(#1121),#1125);
#1121 = LINE('',#1122,#1123);
#1122 = CARTESIAN_POINT('',(6.28318530718,-0.));
#1123 = VECTOR('',#1124,1.);
#1124 = DIRECTION('',(0.,1.));
#1125 = ( GEOMETRIC_REPRESENTATION_CONTEXT(2) 
PARAMETRIC_REPRESENTATION_CONTEXT() REPRESENTATION_CONTEXT('2D SPACE',''
  ) );
#1126 = PCURVE('',#449,#1127);
#1127 = DEFINITIONAL_REPRESENTATION('',(#1128),#1132);
#1128 = LINE('',#1129,#1130);
#1129 = CARTESIAN_POINT('',(0.,-0.));
#1130 = VECTOR('',#1131,1.);
#1131 = DIRECTION('',(0.,1.));
#1132 = ( GEOMETRIC_REPRESENTATION_CONTEXT(2) 
PARAMETRIC_REPRESENTATION_CONTEXT() REPRESENTATION_CONTEXT('2D SPACE',''
  ) );
#1133 = ORIENTED_EDGE('',*,*,#432,.T.);
#1134 = ORIENTED_EDGE('',*,*,#1113,.T.);
#1135 = ADVANCED_FACE('',(#1136),#480,.F.);
#1136 = FACE_BOUND('',#1137,.F.);
#1137 = EDGE_LOOP('',(#1138,#1162,#1183,#1184));
#1138 = ORIENTED_EDGE('',*,*,#1139,.F.);
#1139 = EDGE_CURVE('',#1140,#1140,#1142,.T.);
#1140 = VERTEX_POINT('',#1141);
#1141 = CARTESIAN_POINT('',(25.,25.,1.2945E+03));
#1142 = SURFACE_CURVE('',#1143,(#1148,#1155),.PCURVE_S1.);
#1143 = CIRCLE('',#1144,5.5);
#1144 = AXIS2_PLACEMENT_3D('',#1145,#1146,#1147);
#1145 = CARTESIAN_POINT('',(25.,25.,1.3E+03));
#1146 = DIRECTION('',(1.,0.,1.110223024625E-16));
#1147 = DIRECTION('',(1.110223024625E-16,0.,-1.));
#1148 = PCURVE('',#480,#1149);
#1149 = DEFINITIONAL_REPRESENTATION('',(#1150),#1154);
#1150 = LINE('',#1151,#1152);
#1151 = CARTESIAN_POINT('',(0.,26.));
#1152 = VECTOR('',#1153,1.);
#1153 = DIRECTION('',(1.,0.));
#1154 = ( GEOMETRIC_REPRESENTATION_CONTEXT(2) 
PARAMETRIC_REPRESENTATION_CONTEXT() REPRESENTATION_CONTEXT('2D SPACE',''
  ) );
#1155 = PCURVE('',#649,#1156);
#1156 = DEFINITIONAL_REPRESENTATION('',(#1157),#1161);
#1157 = CIRCLE('',#1158,5.5);
#1158 = AXIS2_PLACEMENT_2D('',#1159,#1160);
#1159 = CARTESIAN_POINT('',(1.3E+03,-25.));
#1160 = DIRECTION('',(-1.,0.));
#1161 = ( GEOMETRIC_REPRESENTATION_CONTEXT(2) 
PARAMETRIC_REPRESENTATION_CONTEXT() REPRESENTATION_CONTEXT('2D SPACE',''
  ) );
#1162 = ORIENTED_EDGE('',*,*,#1163,.F.);
#1163 = EDGE_CURVE('',#464,#1140,#1164,.T.);
#1164 = SEAM_CURVE('',#1165,(#1169,#1176),.PCURVE_S1.);
#1165 = LINE('',#1166,#1167);
#1166 = CARTESIAN_POINT('',(-1.,25.,1.2945E+03));
#1167 = VECTOR('',#1168,1.);
#1168 = DIRECTION('',(1.,0.,1.110223024625E-16));
#1169 = PCURVE('',#480,#1170);
#1170 = DEFINITIONAL_REPRESENTATION('',(#1171),#1175);
#1171 = LINE('',#1172,#1173);
#1172 = CARTESIAN_POINT('',(6.28318530718,-0.));
#1173 = VECTOR('',#1174,1.);
#1174 = DIRECTION('',(0.,1.));
#1175 = ( GEOMETRIC_REPRESENTATION_CONTEXT(2) 
PARAMETRIC_REPRESENTATION_CONTEXT() REPRESENTATION_CONTEXT('2D SPACE',''
  ) );
#1176 = PCURVE('',#480,#1177);
#1177 = DEFINITIONAL_REPRESENTATION('',(#1178),#1182);
#1178 = LINE('',#1179,#1180);
#1179 = CARTESIAN_POINT('',(0.,-0.));
#1180 = VECTOR('',#1181,1.);
#1181 = DIRECTION('',(0.,1.));
#1182 = ( GEOMETRIC_REPRESENTATION_CONTEXT(2) 
PARAMETRIC_REPRESENTATION_CONTEXT() REPRESENTATION_CONTEXT('2D SPACE',''
  ) );
#1183 = ORIENTED_EDGE('',*,*,#463,.T.);
#1184 = ORIENTED_EDGE('',*,*,#1163,.T.);
#1185 = ADVANCED_FACE('',(#1186),#511,.F.);
#1186 = FACE_BOUND('',#1187,.F.);
#1187 = EDGE_LOOP('',(#1188,#1212,#1233,#1234));
#1188 = ORIENTED_EDGE('',*,*,#1189,.F.);
#1189 = EDGE_CURVE('',#1190,#1190,#1192,.T.);
#1190 = VERTEX_POINT('',#1191);
#1191 = CARTESIAN_POINT('',(25.,25.,1.6945E+03));
#1192 = SURFACE_CURVE('',#1193,(#1198,#1205),.PCURVE_S1.);
#1193 = CIRCLE('',#1194,5.5);
#1194 = AXIS2_PLACEMENT_3D('',#1195,#1196,#1197);
#1195 = CARTESIAN_POINT('',(25.,25.,1.7E+03));
#1196 = DIRECTION('',(1.,0.,1.110223024625E-16));
#1197 = DIRECTION('',(1.110223024625E-16,0.,-1.));
#1198 = PCURVE('',#511,#1199);
#1199 = DEFINITIONAL_REPRESENTATION('',(#1200),#1204);
#1200 = LINE('',#1201,#1202);
#1201 = CARTESIAN_POINT('',(0.,26.));
#1202 = VECTOR('',#1203,1.);
#1203 = DIRECTION('',(1.,0.));
#1204 = ( GEOMETRIC_REPRESENTATION_CONTEXT(2) 
PARAMETRIC_REPRESENTATION_CONTEXT() REPRESENTATION_CONTEXT('2D SPACE',''
  ) );
#1205 = PCURVE('',#649,#1206);
#1206 = DEFINITIONAL_REPRESENTATION('',(#1207),#1211);
#1207 = CIRCLE('',#1208,5.5);
#1208 = AXIS2_PLACEMENT_2D('',#1209,#1210);
#1209 = CARTESIAN_POINT('',(1.7E+03,-25.));
#1210 = DIRECTION('',(-1.,0.));
#1211 = ( GEOMETRIC_REPRESENTATION_CONTEXT(2) 
PARAMETRIC_REPRESENTATION_CONTEXT() REPRESENTATION_CONTEXT('2D SPACE',''
  ) );
#1212 = ORIENTED_EDGE('',*,*,#1213,.F.);
#1213 = EDGE_CURVE('',#495,#1190,#1214,.T.);
#1214 = SEAM_CURVE('',#1215,(#1219,#1226),.PCURVE_S1.);
#1215 = LINE('',#1216,#1217);
#1216 = CARTESIAN_POINT('',(-1.,25.,1.6945E+03));
#1217 = VECTOR('',#1218,1.);
#1218 = DIRECTION('',(1.,0.,1.110223024625E-16));
#1219 = PCURVE('',#511,#1220);
#1220 = DEFINITIONAL_REPRESENTATION('',(#1221),#1225);
#1221 = LINE('',#1222,#1223);
#1222 = CARTESIAN_POINT('',(6.28318530718,-0.));
#1223 = VECTOR('',#1224,1.);
#1224 = DIRECTION('',(0.,1.));
#1225 = ( GEOMETRIC_REPRESENTATION_CONTEXT(2) 
PARAMETRIC_REPRESENTATION_CONTEXT() REPRESENTATION_CONTEXT('2D SPACE',''
  ) );
#1226 = PCURVE('',#511,#1227);
#1227 = DEFINITIONAL_REPRESENTATION('',(#1228),#1232);
#1228 = LINE('',#1229,#1230);
#1229 = CARTESIAN_POINT('',(0.,-0.));
#1230 = VECTOR('',#1231,1.);
#1231 = DIRECTION('',(0.,1.));
#1232 = ( GEOMETRIC_REPRESENTATION_CONTEXT(2) 
PARAMETRIC_REPRESENTATION_CONTEXT() REPRESENTATION_CONTEXT('2D SPACE',''
  ) );
#1233 = ORIENTED_EDGE('',*,*,#494,.T.);
#1234 = ORIENTED_EDGE('',*,*,#1213,.T.);
#1235 = ADVANCED_FACE('',(#1236),#542,.F.);
#1236 = FACE_BOUND('',#1237,.F.);
#1237 = EDGE_LOOP('',(#1238,#1262,#1283,#1284));
#1238 = ORIENTED_EDGE('',*,*,#1239,.F.);
#1239 = EDGE_CURVE('',#1240,#1240,#1242,.T.);
#1240 = VERTEX_POINT('',#1241);
#1241 = CARTESIAN_POINT('',(25.,25.,1.7945E+03));
#1242 = SURFACE_CURVE('',#1243,(#1248,#1255),.PCURVE_S1.);
#1243 = CIRCLE('',#1244,5.5);
#1244 = AXIS2_PLACEMENT_3D('',#1245,#1246,#1247);
#1245 = CARTESIAN_POINT('',(25.,25.,1.8E+03));
#1246 = DIRECTION('',(1.,0.,1.110223024625E-16));
#1247 = DIRECTION('',(1.110223024625E-16,0.,-1.));
#1248 = PCURVE('',#542,#1249);
#1249 = DEFINITIONAL_REPRESENTATION('',(#1250),#1254);
#1250 = LINE('',#1251,#1252);
#1251 = CARTESIAN_POINT('',(0.,26.));
#1252 = VECTOR('',#1253,1.);
#1253 = DIRECTION('',(1.,0.));
#1254 = ( GEOMETRIC_REPRESENTATION_CONTEXT(2) 
PARAMETRIC_REPRESENTATION_CONTEXT() REPRESENTATION_CONTEXT('2D SPACE',''
  ) );
#1255 = PCURVE('',#649,#1256);
#1256 = DEFINITIONAL_REPRESENTATION('',(#1257),#1261);
#1257 = CIRCLE('',#1258,5.5);
#1258 = AXIS2_PLACEMENT_2D('',#1259,#1260);
#1259 = CARTESIAN_POINT('',(1.8E+03,-25.));
#1260 = DIRECTION('',(-1.,0.));
#1261 = ( GEOMETRIC_REPRESENTATION_CONTEXT(2) 
PARAMETRIC_REPRESENTATION_CONTEXT() REPRESENTATION_CONTEXT('2D SPACE',''
  ) );
#1262 = ORIENTED_EDGE('',*,*,#1263,.F.);
#1263 = EDGE_CURVE('',#526,#1240,#1264,.T.);
#1264 = SEAM_CURVE('',#1265,(#1269,#1276),.PCURVE_S1.);
#1265 = LINE('',#1266,#1267);
#1266 = CARTESIAN_POINT('',(-1.,25.,1.7945E+03));
#1267 = VECTOR('',#1268,1.);
#1268 = DIRECTION('',(1.,0.,1.110223024625E-16));
#1269 = PCURVE('',#542,#1270);
#1270 = DEFINITIONAL_REPRESENTATION('',(#1271),#1275);
#1271 = LINE('',#1272,#1273);
#1272 = CARTESIAN_POINT('',(6.28318530718,-0.));
#1273 = VECTOR('',#1274,1.);
#1274 = DIRECTION('',(0.,1.));
#1275 = ( GEOMETRIC_REPRESENTATION_CONTEXT(2) 
PARAMETRIC_REPRESENTATION_CONTEXT() REPRESENTATION_CONTEXT('2D SPACE',''
  ) );
#1276 = PCURVE('',#542,#1277);
#1277 = DEFINITIONAL_REPRESENTATION('',(#1278),#1282);
#1278 = LINE('',#1279,#1280);
#1279 = CARTESIAN_POINT('',(0.,-0.));
#1280 = VECTOR('',#1281,1.);
#1281 = DIRECTION('',(0.,1.));
#1282 = ( GEOMETRIC_REPRESENTATION_CONTEXT(2) 
PARAMETRIC_REPRESENTATION_CONTEXT() REPRESENTATION_CONTEXT('2D SPACE',''
  ) );
#1283 = ORIENTED_EDGE('',*,*,#525,.T.);
#1284 = ORIENTED_EDGE('',*,*,#1263,.T.);
#1285 = ADVANCED_FACE('',(#1286),#573,.F.);
#1286 = FACE_BOUND('',#1287,.F.);
#1287 = EDGE_LOOP('',(#1288,#1312,#1333,#1334));
#1288 = ORIENTED_EDGE('',*,*,#1289,.F.);
#1289 = EDGE_CURVE('',#1290,#1290,#1292,.T.);
#1290 = VERTEX_POINT('',#1291);
#1291 = CARTESIAN_POINT('',(25.,25.,1.8945E+03));
#1292 = SURFACE_CURVE('',#1293,(#1298,#1305),.PCURVE_S1.);
#1293 = CIRCLE('',#1294,5.5);
#1294 = AXIS2_PLACEMENT_3D('',#1295,#1296,#1297);
#1295 = CARTESIAN_POINT('',(25.,25.,1.9E+03));
#1296 = DIRECTION('',(1.,0.,1.110223024625E-16));
#1297 = DIRECTION('',(1.110223024625E-16,0.,-1.));
#1298 = PCURVE('',#573,#1299);
#1299 = DEFINITIONAL_REPRESENTATION('',(#1300),#1304);
#1300 = LINE('',#1301,#1302);
#1301 = CARTESIAN_POINT('',(0.,26.));
#1302 = VECTOR('',#1303,1.);
#1303 = DIRECTION('',(1.,0.));
#1304 = ( GEOMETRIC_REPRESENTATION_CONTEXT(2) 
PARAMETRIC_REPRESENTATION_CONTEXT() REPRESENTATION_CONTEXT('2D SPACE',''
  ) );
#1305 = PCURVE('',#649,#1306);
#1306 = DEFINITIONAL_REPRESENTATION('',(#1307),#1311);
#1307 = CIRCLE('',#1308,5.5);
#1308 = AXIS2_PLACEMENT_2D('',#1309,#1310);
#1309 = CARTESIAN_POINT('',(1.9E+03,-25.));
#1310 = DIRECTION('',(-1.,0.));
#1311 = ( GEOMETRIC_REPRESENTATION_CONTEXT(2) 
PARAMETRIC_REPRESENTATION_CONTEXT() REPRESENTATION_CONTEXT('2D SPACE',''
  ) );
#1312 = ORIENTED_EDGE('',*,*,#1313,.F.);
#1313 = EDGE_CURVE('',#557,#1290,#1314,.T.);
#1314 = SEAM_CURVE('',#1315,(#1319,#1326),.PCURVE_S1.);
#1315 = LINE('',#1316,#1317);
#1316 = CARTESIAN_POINT('',(-1.,25.,1.8945E+03));
#1317 = VECTOR('',#1318,1.);
#1318 = DIRECTION('',(1.,0.,1.110223024625E-16));
#1319 = PCURVE('',#573,#1320);
#1320 = DEFINITIONAL_REPRESENTATION('',(#1321),#1325);
#1321 = LINE('',#1322,#1323);
#1322 = CARTESIAN_POINT('',(6.28318530718,-0.));
#1323 = VECTOR('',#1324,1.);
#1324 = DIRECTION('',(0.,1.));
#1325 = ( GEOMETRIC_REPRESENTATION_CONTEXT(2) 
PARAMETRIC_REPRESENTATION_CONTEXT() REPRESENTATION_CONTEXT('2D SPACE',''
  ) );
#1326 = PCURVE('',#573,#1327);
#1327 = DEFINITIONAL_REPRESENTATION('',(#1328),#1332);
#1328 = LINE('',#1329,#1330);
#1329 = CARTESIAN_POINT('',(0.,-0.));
#1330 = VECTOR('',#1331,1.);
#1331 = DIRECTION('',(0.,1.));
#1332 = ( GEOMETRIC_REPRESENTATION_CONTEXT(2) 
PARAMETRIC_REPRESENTATION_CONTEXT() REPRESENTATION_CONTEXT('2D SPACE',''
  ) );
#1333 = ORIENTED_EDGE('',*,*,#556,.T.);
#1334 = ORIENTED_EDGE('',*,*,#1313,.T.);
#1335 = ADVANCED_FACE('',(#1336,#1342,#1345,#1348,#1351,#1354,#1357,
    #1360,#1363,#1366,#1369,#1372),#649,.T.);
#1336 = FACE_BOUND('',#1337,.T.);
#1337 = EDGE_LOOP('',(#1338,#1339,#1340,#1341));
#1338 = ORIENTED_EDGE('',*,*,#635,.F.);
#1339 = ORIENTED_EDGE('',*,*,#715,.T.);
#1340 = ORIENTED_EDGE('',*,*,#765,.T.);
#1341 = ORIENTED_EDGE('',*,*,#666,.F.);
#1342 = FACE_BOUND('',#1343,.T.);
#1343 = EDGE_LOOP('',(#1344));
#1344 = ORIENTED_EDGE('',*,*,#789,.F.);
#1345 = FACE_BOUND('',#1346,.T.);
#1346 = EDGE_LOOP('',(#1347));
#1347 = ORIENTED_EDGE('',*,*,#839,.F.);
#1348 = FACE_BOUND('',#1349,.T.);
#1349 = EDGE_LOOP('',(#1350));
#1350 = ORIENTED_EDGE('',*,*,#889,.F.);
#1351 = FACE_BOUND('',#1352,.T.);
#1352 = EDGE_LOOP('',(#1353));
#1353 = ORIENTED_EDGE('',*,*,#939,.F.);
#1354 = FACE_BOUND('',#1355,.T.);
#1355 = EDGE_LOOP('',(#1356));
#1356 = ORIENTED_EDGE('',*,*,#989,.F.);
#1357 = FACE_BOUND('',#1358,.T.);
#1358 = EDGE_LOOP('',(#1359));
#1359 = ORIENTED_EDGE('',*,*,#1039,.F.);
#1360 = FACE_BOUND('',#1361,.T.);
#1361 = EDGE_LOOP('',(#1362));
#1362 = ORIENTED_EDGE('',*,*,#1089,.F.);
#1363 = FACE_BOUND('',#1364,.T.);
#1364 = EDGE_LOOP('',(#1365));
#1365 = ORIENTED_EDGE('',*,*,#1139,.F.);
#1366 = FACE_BOUND('',#1367,.T.);
#1367 = EDGE_LOOP('',(#1368));
#1368 = ORIENTED_EDGE('',*,*,#1189,.F.);
#1369 = FACE_BOUND('',#1370,.T.);
#1370 = EDGE_LOOP('',(#1371));
#1371 = ORIENTED_EDGE('',*,*,#1239,.F.);
#1372 = FACE_BOUND('',#1373,.T.);
#1373 = EDGE_LOOP('',(#1374));
#1374 = ORIENTED_EDGE('',*,*,#1289,.F.);
#1375 = ( GEOMETRIC_REPRESENTATION_CONTEXT(3) 
GLOBAL_UNCERTAINTY_ASSIGNED_CONTEXT((#1379)) 
GLOBAL_UNIT_ASSIGNED_CONTEXT((#1376,#1377,#1378)) REPRESENTATION_CONTEXT
('Context #1','3D Context with UNIT and UNCERTAINTY') );
#1376 = ( LENGTH_UNIT() NAMED_UNIT(*) SI_UNIT(.MILLI.,.METRE.) );
#1377 = ( NAMED_UNIT(*) PLANE_ANGLE_UNIT() SI_UNIT($,.RADIAN.) );
#1378 = ( NAMED_UNIT(*) SI_UNIT($,.STERADIAN.) SOLID_ANGLE_UNIT() );
#1379 = UNCERTAINTY_MEASURE_WITH_UNIT(LENGTH_MEASURE(1.E-07),#1376,
  'distance_accuracy_value','confusion accuracy');
#1380 = CONTEXT_DEPENDENT_SHAPE_REPRESENTATION(#1381,#1383);
#1381 = ( REPRESENTATION_RELATIONSHIP('','',#120,#10) 
REPRESENTATION_RELATIONSHIP_WITH_TRANSFORMATION(#1382) 
SHAPE_REPRESENTATION_RELATIONSHIP() );
#1382 = ITEM_DEFINED_TRANSFORMATION('','',#11,#15);
#1383 = PRODUCT_DEFINITION_SHAPE('Placement','Placement of an item',
  #1384);
#1384 = NEXT_ASSEMBLY_USAGE_OCCURRENCE('824',
  '\X2\04410442043E0439043A0430\X0\_\X2\0449043804420430\X0\_25\X2\0445\X0\50\X2\0445\X0\2400','',#5,
  #115,$);
#1385 = PRODUCT_RELATED_PRODUCT_CATEGORY('part',$,(#117));
#1386 = SHAPE_DEFINITION_REPRESENTATION(#1387,#1393);
#1387 = PRODUCT_DEFINITION_SHAPE('','',#1388);
#1388 = PRODUCT_DEFINITION('design','',#1389,#1392);
#1389 = PRODUCT_DEFINITION_FORMATION('','',#1390);
#1390 = PRODUCT(
  '\X2\04410442043E0439043A0430\X0\_\X2\0449043804420430\X0\_25\X2\0445\X0\50\X2\0445\X0\2400',
  '\X2\04410442043E0439043A0430\X0\_\X2\0449043804420430\X0\_25\X2\0445\X0\50\X2\0445\X0\2400','',(#1391
    ));
#1391 = PRODUCT_CONTEXT('',#2,'mechanical');
#1392 = PRODUCT_DEFINITION_CONTEXT('part definition',#2,'design');
#1393 = ADVANCED_BREP_SHAPE_REPRESENTATION('',(#11,#1394),#2648);
#1394 = MANIFOLD_SOLID_BREP('',#1395);
#1395 = CLOSED_SHELL('',(#1396,#1857,#1933,#1982,#2031,#2058,#2108,#2158
    ,#2208,#2258,#2308,#2358,#2408,#2458,#2508,#2558,#2608));
#1396 = ADVANCED_FACE('',(#1397,#1516,#1547,#1578,#1609,#1640,#1671,
    #1702,#1733,#1764,#1795,#1826),#1411,.F.);
#1397 = FACE_BOUND('',#1398,.F.);
#1398 = EDGE_LOOP('',(#1399,#1434,#1462,#1490));
#1399 = ORIENTED_EDGE('',*,*,#1400,.F.);
#1400 = EDGE_CURVE('',#1401,#1403,#1405,.T.);
#1401 = VERTEX_POINT('',#1402);
#1402 = CARTESIAN_POINT('',(972.,0.,0.));
#1403 = VERTEX_POINT('',#1404);
#1404 = CARTESIAN_POINT('',(972.,0.,2.4E+03));
#1405 = SURFACE_CURVE('',#1406,(#1410,#1422),.PCURVE_S1.);
#1406 = LINE('',#1407,#1408);
#1407 = CARTESIAN_POINT('',(972.,0.,0.));
#1408 = VECTOR('',#1409,1.);
#1409 = DIRECTION('',(0.,0.,1.));
#1410 = PCURVE('',#1411,#1416);
#1411 = PLANE('',#1412);
#1412 = AXIS2_PLACEMENT_3D('',#1413,#1414,#1415);
#1413 = CARTESIAN_POINT('',(972.,0.,0.));
#1414 = DIRECTION('',(1.,0.,-0.));
#1415 = DIRECTION('',(0.,0.,1.));
#1416 = DEFINITIONAL_REPRESENTATION('',(#1417),#1421);
#1417 = LINE('',#1418,#1419);
#1418 = CARTESIAN_POINT('',(0.,0.));
#1419 = VECTOR('',#1420,1.);
#1420 = DIRECTION('',(1.,0.));
#1421 = ( GEOMETRIC_REPRESENTATION_CONTEXT(2) 
PARAMETRIC_REPRESENTATION_CONTEXT() REPRESENTATION_CONTEXT('2D SPACE',''
  ) );
#1422 = PCURVE('',#1423,#1428);
#1423 = PLANE('',#1424);
#1424 = AXIS2_PLACEMENT_3D('',#1425,#1426,#1427);
#1425 = CARTESIAN_POINT('',(972.,0.,0.));
#1426 = DIRECTION('',(-0.,1.,0.));
#1427 = DIRECTION('',(0.,0.,1.));
#1428 = DEFINITIONAL_REPRESENTATION('',(#1429),#1433);
#1429 = LINE('',#1430,#1431);
#1430 = CARTESIAN_POINT('',(0.,0.));
#1431 = VECTOR('',#1432,1.);
#1432 = DIRECTION('',(1.,0.));
#1433 = ( GEOMETRIC_REPRESENTATION_CONTEXT(2) 
PARAMETRIC_REPRESENTATION_CONTEXT() REPRESENTATION_CONTEXT('2D SPACE',''
  ) );
#1434 = ORIENTED_EDGE('',*,*,#1435,.T.);
#1435 = EDGE_CURVE('',#1401,#1436,#1438,.T.);
#1436 = VERTEX_POINT('',#1437);
#1437 = CARTESIAN_POINT('',(972.,50.,0.));
#1438 = SURFACE_CURVE('',#1439,(#1443,#1450),.PCURVE_S1.);
#1439 = LINE('',#1440,#1441);
#1440 = CARTESIAN_POINT('',(972.,0.,0.));
#1441 = VECTOR('',#1442,1.);
#1442 = DIRECTION('',(-0.,1.,0.));
#1443 = PCURVE('',#1411,#1444);
#1444 = DEFINITIONAL_REPRESENTATION('',(#1445),#1449);
#1445 = LINE('',#1446,#1447);
#1446 = CARTESIAN_POINT('',(0.,0.));
#1447 = VECTOR('',#1448,1.);
#1448 = DIRECTION('',(0.,-1.));
#1449 = ( GEOMETRIC_REPRESENTATION_CONTEXT(2) 
PARAMETRIC_REPRESENTATION_CONTEXT() REPRESENTATION_CONTEXT('2D SPACE',''
  ) );
#1450 = PCURVE('',#1451,#1456);
#1451 = PLANE('',#1452);
#1452 = AXIS2_PLACEMENT_3D('',#1453,#1454,#1455);
#1453 = CARTESIAN_POINT('',(972.,0.,0.));
#1454 = DIRECTION('',(0.,0.,1.));
#1455 = DIRECTION('',(1.,0.,-0.));
#1456 = DEFINITIONAL_REPRESENTATION('',(#1457),#1461);
#1457 = LINE('',#1458,#1459);
#1458 = CARTESIAN_POINT('',(0.,0.));
#1459 = VECTOR('',#1460,1.);
#1460 = DIRECTION('',(0.,1.));
#1461 = ( GEOMETRIC_REPRESENTATION_CONTEXT(2) 
PARAMETRIC_REPRESENTATION_CONTEXT() REPRESENTATION_CONTEXT('2D SPACE',''
  ) );
#1462 = ORIENTED_EDGE('',*,*,#1463,.T.);
#1463 = EDGE_CURVE('',#1436,#1464,#1466,.T.);
#1464 = VERTEX_POINT('',#1465);
#1465 = CARTESIAN_POINT('',(972.,50.,2.4E+03));
#1466 = SURFACE_CURVE('',#1467,(#1471,#1478),.PCURVE_S1.);
#1467 = LINE('',#1468,#1469);
#1468 = CARTESIAN_POINT('',(972.,50.,0.));
#1469 = VECTOR('',#1470,1.);
#1470 = DIRECTION('',(0.,0.,1.));
#1471 = PCURVE('',#1411,#1472);
#1472 = DEFINITIONAL_REPRESENTATION('',(#1473),#1477);
#1473 = LINE('',#1474,#1475);
#1474 = CARTESIAN_POINT('',(0.,-50.));
#1475 = VECTOR('',#1476,1.);
#1476 = DIRECTION('',(1.,0.));
#1477 = ( GEOMETRIC_REPRESENTATION_CONTEXT(2) 
PARAMETRIC_REPRESENTATION_CONTEXT() REPRESENTATION_CONTEXT('2D SPACE',''
  ) );
#1478 = PCURVE('',#1479,#1484);
#1479 = PLANE('',#1480);
#1480 = AXIS2_PLACEMENT_3D('',#1481,#1482,#1483);
#1481 = CARTESIAN_POINT('',(972.,50.,0.));
#1482 = DIRECTION('',(-0.,1.,0.));
#1483 = DIRECTION('',(0.,0.,1.));
#1484 = DEFINITIONAL_REPRESENTATION('',(#1485),#1489);
#1485 = LINE('',#1486,#1487);
#1486 = CARTESIAN_POINT('',(0.,0.));
#1487 = VECTOR('',#1488,1.);
#1488 = DIRECTION('',(1.,0.));
#1489 = ( GEOMETRIC_REPRESENTATION_CONTEXT(2) 
PARAMETRIC_REPRESENTATION_CONTEXT() REPRESENTATION_CONTEXT('2D SPACE',''
  ) );
#1490 = ORIENTED_EDGE('',*,*,#1491,.F.);
#1491 = EDGE_CURVE('',#1403,#1464,#1492,.T.);
#1492 = SURFACE_CURVE('',#1493,(#1497,#1504),.PCURVE_S1.);
#1493 = LINE('',#1494,#1495);
#1494 = CARTESIAN_POINT('',(972.,0.,2.4E+03));
#1495 = VECTOR('',#1496,1.);
#1496 = DIRECTION('',(-0.,1.,0.));
#1497 = PCURVE('',#1411,#1498);
#1498 = DEFINITIONAL_REPRESENTATION('',(#1499),#1503);
#1499 = LINE('',#1500,#1501);
#1500 = CARTESIAN_POINT('',(2.4E+03,0.));
#1501 = VECTOR('',#1502,1.);
#1502 = DIRECTION('',(0.,-1.));
#1503 = ( GEOMETRIC_REPRESENTATION_CONTEXT(2) 
PARAMETRIC_REPRESENTATION_CONTEXT() REPRESENTATION_CONTEXT('2D SPACE',''
  ) );
#1504 = PCURVE('',#1505,#1510);
#1505 = PLANE('',#1506);
#1506 = AXIS2_PLACEMENT_3D('',#1507,#1508,#1509);
#1507 = CARTESIAN_POINT('',(972.,0.,2.4E+03));
#1508 = DIRECTION('',(0.,0.,1.));
#1509 = DIRECTION('',(1.,0.,-0.));
#1510 = DEFINITIONAL_REPRESENTATION('',(#1511),#1515);
#1511 = LINE('',#1512,#1513);
#1512 = CARTESIAN_POINT('',(0.,0.));
#1513 = VECTOR('',#1514,1.);
#1514 = DIRECTION('',(0.,1.));
#1515 = ( GEOMETRIC_REPRESENTATION_CONTEXT(2) 
PARAMETRIC_REPRESENTATION_CONTEXT() REPRESENTATION_CONTEXT('2D SPACE',''
  ) );
#1516 = FACE_BOUND('',#1517,.F.);
#1517 = EDGE_LOOP('',(#1518));
#1518 = ORIENTED_EDGE('',*,*,#1519,.F.);
#1519 = EDGE_CURVE('',#1520,#1520,#1522,.T.);
#1520 = VERTEX_POINT('',#1521);
#1521 = CARTESIAN_POINT('',(972.,25.,294.5));
#1522 = SURFACE_CURVE('',#1523,(#1528,#1535),.PCURVE_S1.);
#1523 = CIRCLE('',#1524,5.5);
#1524 = AXIS2_PLACEMENT_3D('',#1525,#1526,#1527);
#1525 = CARTESIAN_POINT('',(972.,25.,300.));
#1526 = DIRECTION('',(1.,0.,1.110223024625E-16));
#1527 = DIRECTION('',(1.110223024625E-16,0.,-1.));
#1528 = PCURVE('',#1411,#1529);
#1529 = DEFINITIONAL_REPRESENTATION('',(#1530),#1534);
#1530 = CIRCLE('',#1531,5.5);
#1531 = AXIS2_PLACEMENT_2D('',#1532,#1533);
#1532 = CARTESIAN_POINT('',(300.,-25.));
#1533 = DIRECTION('',(-1.,0.));
#1534 = ( GEOMETRIC_REPRESENTATION_CONTEXT(2) 
PARAMETRIC_REPRESENTATION_CONTEXT() REPRESENTATION_CONTEXT('2D SPACE',''
  ) );
#1535 = PCURVE('',#1536,#1541);
#1536 = CYLINDRICAL_SURFACE('',#1537,5.5);
#1537 = AXIS2_PLACEMENT_3D('',#1538,#1539,#1540);
#1538 = CARTESIAN_POINT('',(971.,25.,300.));
#1539 = DIRECTION('',(1.,0.,1.110223024625E-16));
#1540 = DIRECTION('',(1.110223024625E-16,0.,-1.));
#1541 = DEFINITIONAL_REPRESENTATION('',(#1542),#1546);
#1542 = LINE('',#1543,#1544);
#1543 = CARTESIAN_POINT('',(0.,1.));
#1544 = VECTOR('',#1545,1.);
#1545 = DIRECTION('',(1.,0.));
#1546 = ( GEOMETRIC_REPRESENTATION_CONTEXT(2) 
PARAMETRIC_REPRESENTATION_CONTEXT() REPRESENTATION_CONTEXT('2D SPACE',''
  ) );
#1547 = FACE_BOUND('',#1548,.F.);
#1548 = EDGE_LOOP('',(#1549));
#1549 = ORIENTED_EDGE('',*,*,#1550,.F.);
#1550 = EDGE_CURVE('',#1551,#1551,#1553,.T.);
#1551 = VERTEX_POINT('',#1552);
#1552 = CARTESIAN_POINT('',(972.,25.,394.5));
#1553 = SURFACE_CURVE('',#1554,(#1559,#1566),.PCURVE_S1.);
#1554 = CIRCLE('',#1555,5.5);
#1555 = AXIS2_PLACEMENT_3D('',#1556,#1557,#1558);
#1556 = CARTESIAN_POINT('',(972.,25.,400.));
#1557 = DIRECTION('',(1.,0.,1.110223024625E-16));
#1558 = DIRECTION('',(1.110223024625E-16,0.,-1.));
#1559 = PCURVE('',#1411,#1560);
#1560 = DEFINITIONAL_REPRESENTATION('',(#1561),#1565);
#1561 = CIRCLE('',#1562,5.5);
#1562 = AXIS2_PLACEMENT_2D('',#1563,#1564);
#1563 = CARTESIAN_POINT('',(400.,-25.));
#1564 = DIRECTION('',(-1.,0.));
#1565 = ( GEOMETRIC_REPRESENTATION_CONTEXT(2) 
PARAMETRIC_REPRESENTATION_CONTEXT() REPRESENTATION_CONTEXT('2D SPACE',''
  ) );
#1566 = PCURVE('',#1567,#1572);
#1567 = CYLINDRICAL_SURFACE('',#1568,5.5);
#1568 = AXIS2_PLACEMENT_3D('',#1569,#1570,#1571);
#1569 = CARTESIAN_POINT('',(971.,25.,400.));
#1570 = DIRECTION('',(1.,0.,1.110223024625E-16));
#1571 = DIRECTION('',(1.110223024625E-16,0.,-1.));
#1572 = DEFINITIONAL_REPRESENTATION('',(#1573),#1577);
#1573 = LINE('',#1574,#1575);
#1574 = CARTESIAN_POINT('',(0.,1.));
#1575 = VECTOR('',#1576,1.);
#1576 = DIRECTION('',(1.,0.));
#1577 = ( GEOMETRIC_REPRESENTATION_CONTEXT(2) 
PARAMETRIC_REPRESENTATION_CONTEXT() REPRESENTATION_CONTEXT('2D SPACE',''
  ) );
#1578 = FACE_BOUND('',#1579,.F.);
#1579 = EDGE_LOOP('',(#1580));
#1580 = ORIENTED_EDGE('',*,*,#1581,.F.);
#1581 = EDGE_CURVE('',#1582,#1582,#1584,.T.);
#1582 = VERTEX_POINT('',#1583);
#1583 = CARTESIAN_POINT('',(972.,25.,494.5));
#1584 = SURFACE_CURVE('',#1585,(#1590,#1597),.PCURVE_S1.);
#1585 = CIRCLE('',#1586,5.5);
#1586 = AXIS2_PLACEMENT_3D('',#1587,#1588,#1589);
#1587 = CARTESIAN_POINT('',(972.,25.,500.));
#1588 = DIRECTION('',(1.,0.,1.110223024625E-16));
#1589 = DIRECTION('',(1.110223024625E-16,0.,-1.));
#1590 = PCURVE('',#1411,#1591);
#1591 = DEFINITIONAL_REPRESENTATION('',(#1592),#1596);
#1592 = CIRCLE('',#1593,5.5);
#1593 = AXIS2_PLACEMENT_2D('',#1594,#1595);
#1594 = CARTESIAN_POINT('',(500.,-25.));
#1595 = DIRECTION('',(-1.,0.));
#1596 = ( GEOMETRIC_REPRESENTATION_CONTEXT(2) 
PARAMETRIC_REPRESENTATION_CONTEXT() REPRESENTATION_CONTEXT('2D SPACE',''
  ) );
#1597 = PCURVE('',#1598,#1603);
#1598 = CYLINDRICAL_SURFACE('',#1599,5.5);
#1599 = AXIS2_PLACEMENT_3D('',#1600,#1601,#1602);
#1600 = CARTESIAN_POINT('',(971.,25.,500.));
#1601 = DIRECTION('',(1.,0.,1.110223024625E-16));
#1602 = DIRECTION('',(1.110223024625E-16,0.,-1.));
#1603 = DEFINITIONAL_REPRESENTATION('',(#1604),#1608);
#1604 = LINE('',#1605,#1606);
#1605 = CARTESIAN_POINT('',(0.,1.));
#1606 = VECTOR('',#1607,1.);
#1607 = DIRECTION('',(1.,0.));
#1608 = ( GEOMETRIC_REPRESENTATION_CONTEXT(2) 
PARAMETRIC_REPRESENTATION_CONTEXT() REPRESENTATION_CONTEXT('2D SPACE',''
  ) );
#1609 = FACE_BOUND('',#1610,.F.);
#1610 = EDGE_LOOP('',(#1611));
#1611 = ORIENTED_EDGE('',*,*,#1612,.F.);
#1612 = EDGE_CURVE('',#1613,#1613,#1615,.T.);
#1613 = VERTEX_POINT('',#1614);
#1614 = CARTESIAN_POINT('',(972.,25.,594.5));
#1615 = SURFACE_CURVE('',#1616,(#1621,#1628),.PCURVE_S1.);
#1616 = CIRCLE('',#1617,5.5);
#1617 = AXIS2_PLACEMENT_3D('',#1618,#1619,#1620);
#1618 = CARTESIAN_POINT('',(972.,25.,600.));
#1619 = DIRECTION('',(1.,0.,1.110223024625E-16));
#1620 = DIRECTION('',(1.110223024625E-16,0.,-1.));
#1621 = PCURVE('',#1411,#1622);
#1622 = DEFINITIONAL_REPRESENTATION('',(#1623),#1627);
#1623 = CIRCLE('',#1624,5.5);
#1624 = AXIS2_PLACEMENT_2D('',#1625,#1626);
#1625 = CARTESIAN_POINT('',(600.,-25.));
#1626 = DIRECTION('',(-1.,0.));
#1627 = ( GEOMETRIC_REPRESENTATION_CONTEXT(2) 
PARAMETRIC_REPRESENTATION_CONTEXT() REPRESENTATION_CONTEXT('2D SPACE',''
  ) );
#1628 = PCURVE('',#1629,#1634);
#1629 = CYLINDRICAL_SURFACE('',#1630,5.5);
#1630 = AXIS2_PLACEMENT_3D('',#1631,#1632,#1633);
#1631 = CARTESIAN_POINT('',(971.,25.,600.));
#1632 = DIRECTION('',(1.,0.,1.110223024625E-16));
#1633 = DIRECTION('',(1.110223024625E-16,0.,-1.));
#1634 = DEFINITIONAL_REPRESENTATION('',(#1635),#1639);
#1635 = LINE('',#1636,#1637);
#1636 = CARTESIAN_POINT('',(0.,1.));
#1637 = VECTOR('',#1638,1.);
#1638 = DIRECTION('',(1.,0.));
#1639 = ( GEOMETRIC_REPRESENTATION_CONTEXT(2) 
PARAMETRIC_REPRESENTATION_CONTEXT() REPRESENTATION_CONTEXT('2D SPACE',''
  ) );
#1640 = FACE_BOUND('',#1641,.F.);
#1641 = EDGE_LOOP('',(#1642));
#1642 = ORIENTED_EDGE('',*,*,#1643,.F.);
#1643 = EDGE_CURVE('',#1644,#1644,#1646,.T.);
#1644 = VERTEX_POINT('',#1645);
#1645 = CARTESIAN_POINT('',(972.,25.,694.5));
#1646 = SURFACE_CURVE('',#1647,(#1652,#1659),.PCURVE_S1.);
#1647 = CIRCLE('',#1648,5.5);
#1648 = AXIS2_PLACEMENT_3D('',#1649,#1650,#1651);
#1649 = CARTESIAN_POINT('',(972.,25.,700.));
#1650 = DIRECTION('',(1.,0.,1.110223024625E-16));
#1651 = DIRECTION('',(1.110223024625E-16,0.,-1.));
#1652 = PCURVE('',#1411,#1653);
#1653 = DEFINITIONAL_REPRESENTATION('',(#1654),#1658);
#1654 = CIRCLE('',#1655,5.5);
#1655 = AXIS2_PLACEMENT_2D('',#1656,#1657);
#1656 = CARTESIAN_POINT('',(700.,-25.));
#1657 = DIRECTION('',(-1.,0.));
#1658 = ( GEOMETRIC_REPRESENTATION_CONTEXT(2) 
PARAMETRIC_REPRESENTATION_CONTEXT() REPRESENTATION_CONTEXT('2D SPACE',''
  ) );
#1659 = PCURVE('',#1660,#1665);
#1660 = CYLINDRICAL_SURFACE('',#1661,5.5);
#1661 = AXIS2_PLACEMENT_3D('',#1662,#1663,#1664);
#1662 = CARTESIAN_POINT('',(971.,25.,700.));
#1663 = DIRECTION('',(1.,0.,1.110223024625E-16));
#1664 = DIRECTION('',(1.110223024625E-16,0.,-1.));
#1665 = DEFINITIONAL_REPRESENTATION('',(#1666),#1670);
#1666 = LINE('',#1667,#1668);
#1667 = CARTESIAN_POINT('',(0.,1.));
#1668 = VECTOR('',#1669,1.);
#1669 = DIRECTION('',(1.,0.));
#1670 = ( GEOMETRIC_REPRESENTATION_CONTEXT(2) 
PARAMETRIC_REPRESENTATION_CONTEXT() REPRESENTATION_CONTEXT('2D SPACE',''
  ) );
#1671 = FACE_BOUND('',#1672,.F.);
#1672 = EDGE_LOOP('',(#1673));
#1673 = ORIENTED_EDGE('',*,*,#1674,.F.);
#1674 = EDGE_CURVE('',#1675,#1675,#1677,.T.);
#1675 = VERTEX_POINT('',#1676);
#1676 = CARTESIAN_POINT('',(972.,25.,994.5));
#1677 = SURFACE_CURVE('',#1678,(#1683,#1690),.PCURVE_S1.);
#1678 = CIRCLE('',#1679,5.5);
#1679 = AXIS2_PLACEMENT_3D('',#1680,#1681,#1682);
#1680 = CARTESIAN_POINT('',(972.,25.,1.E+03));
#1681 = DIRECTION('',(1.,0.,1.110223024625E-16));
#1682 = DIRECTION('',(1.110223024625E-16,0.,-1.));
#1683 = PCURVE('',#1411,#1684);
#1684 = DEFINITIONAL_REPRESENTATION('',(#1685),#1689);
#1685 = CIRCLE('',#1686,5.5);
#1686 = AXIS2_PLACEMENT_2D('',#1687,#1688);
#1687 = CARTESIAN_POINT('',(1.E+03,-25.));
#1688 = DIRECTION('',(-1.,0.));
#1689 = ( GEOMETRIC_REPRESENTATION_CONTEXT(2) 
PARAMETRIC_REPRESENTATION_CONTEXT() REPRESENTATION_CONTEXT('2D SPACE',''
  ) );
#1690 = PCURVE('',#1691,#1696);
#1691 = CYLINDRICAL_SURFACE('',#1692,5.5);
#1692 = AXIS2_PLACEMENT_3D('',#1693,#1694,#1695);
#1693 = CARTESIAN_POINT('',(971.,25.,1.E+03));
#1694 = DIRECTION('',(1.,0.,1.110223024625E-16));
#1695 = DIRECTION('',(1.110223024625E-16,0.,-1.));
#1696 = DEFINITIONAL_REPRESENTATION('',(#1697),#1701);
#1697 = LINE('',#1698,#1699);
#1698 = CARTESIAN_POINT('',(0.,1.));
#1699 = VECTOR('',#1700,1.);
#1700 = DIRECTION('',(1.,0.));
#1701 = ( GEOMETRIC_REPRESENTATION_CONTEXT(2) 
PARAMETRIC_REPRESENTATION_CONTEXT() REPRESENTATION_CONTEXT('2D SPACE',''
  ) );
#1702 = FACE_BOUND('',#1703,.F.);
#1703 = EDGE_LOOP('',(#1704));
#1704 = ORIENTED_EDGE('',*,*,#1705,.F.);
#1705 = EDGE_CURVE('',#1706,#1706,#1708,.T.);
#1706 = VERTEX_POINT('',#1707);
#1707 = CARTESIAN_POINT('',(972.,25.,1.1945E+03));
#1708 = SURFACE_CURVE('',#1709,(#1714,#1721),.PCURVE_S1.);
#1709 = CIRCLE('',#1710,5.5);
#1710 = AXIS2_PLACEMENT_3D('',#1711,#1712,#1713);
#1711 = CARTESIAN_POINT('',(972.,25.,1.2E+03));
#1712 = DIRECTION('',(1.,0.,1.110223024625E-16));
#1713 = DIRECTION('',(1.110223024625E-16,0.,-1.));
#1714 = PCURVE('',#1411,#1715);
#1715 = DEFINITIONAL_REPRESENTATION('',(#1716),#1720);
#1716 = CIRCLE('',#1717,5.5);
#1717 = AXIS2_PLACEMENT_2D('',#1718,#1719);
#1718 = CARTESIAN_POINT('',(1.2E+03,-25.));
#1719 = DIRECTION('',(-1.,0.));
#1720 = ( GEOMETRIC_REPRESENTATION_CONTEXT(2) 
PARAMETRIC_REPRESENTATION_CONTEXT() REPRESENTATION_CONTEXT('2D SPACE',''
  ) );
#1721 = PCURVE('',#1722,#1727);
#1722 = CYLINDRICAL_SURFACE('',#1723,5.5);
#1723 = AXIS2_PLACEMENT_3D('',#1724,#1725,#1726);
#1724 = CARTESIAN_POINT('',(971.,25.,1.2E+03));
#1725 = DIRECTION('',(1.,0.,1.110223024625E-16));
#1726 = DIRECTION('',(1.110223024625E-16,0.,-1.));
#1727 = DEFINITIONAL_REPRESENTATION('',(#1728),#1732);
#1728 = LINE('',#1729,#1730);
#1729 = CARTESIAN_POINT('',(0.,1.));
#1730 = VECTOR('',#1731,1.);
#1731 = DIRECTION('',(1.,0.));
#1732 = ( GEOMETRIC_REPRESENTATION_CONTEXT(2) 
PARAMETRIC_REPRESENTATION_CONTEXT() REPRESENTATION_CONTEXT('2D SPACE',''
  ) );
#1733 = FACE_BOUND('',#1734,.F.);
#1734 = EDGE_LOOP('',(#1735));
#1735 = ORIENTED_EDGE('',*,*,#1736,.F.);
#1736 = EDGE_CURVE('',#1737,#1737,#1739,.T.);
#1737 = VERTEX_POINT('',#1738);
#1738 = CARTESIAN_POINT('',(972.,25.,1.2945E+03));
#1739 = SURFACE_CURVE('',#1740,(#1745,#1752),.PCURVE_S1.);
#1740 = CIRCLE('',#1741,5.5);
#1741 = AXIS2_PLACEMENT_3D('',#1742,#1743,#1744);
#1742 = CARTESIAN_POINT('',(972.,25.,1.3E+03));
#1743 = DIRECTION('',(1.,0.,1.110223024625E-16));
#1744 = DIRECTION('',(1.110223024625E-16,0.,-1.));
#1745 = PCURVE('',#1411,#1746);
#1746 = DEFINITIONAL_REPRESENTATION('',(#1747),#1751);
#1747 = CIRCLE('',#1748,5.5);
#1748 = AXIS2_PLACEMENT_2D('',#1749,#1750);
#1749 = CARTESIAN_POINT('',(1.3E+03,-25.));
#1750 = DIRECTION('',(-1.,0.));
#1751 = ( GEOMETRIC_REPRESENTATION_CONTEXT(2) 
PARAMETRIC_REPRESENTATION_CONTEXT() REPRESENTATION_CONTEXT('2D SPACE',''
  ) );
#1752 = PCURVE('',#1753,#1758);
#1753 = CYLINDRICAL_SURFACE('',#1754,5.5);
#1754 = AXIS2_PLACEMENT_3D('',#1755,#1756,#1757);
#1755 = CARTESIAN_POINT('',(971.,25.,1.3E+03));
#1756 = DIRECTION('',(1.,0.,1.110223024625E-16));
#1757 = DIRECTION('',(1.110223024625E-16,0.,-1.));
#1758 = DEFINITIONAL_REPRESENTATION('',(#1759),#1763);
#1759 = LINE('',#1760,#1761);
#1760 = CARTESIAN_POINT('',(0.,1.));
#1761 = VECTOR('',#1762,1.);
#1762 = DIRECTION('',(1.,0.));
#1763 = ( GEOMETRIC_REPRESENTATION_CONTEXT(2) 
PARAMETRIC_REPRESENTATION_CONTEXT() REPRESENTATION_CONTEXT('2D SPACE',''
  ) );
#1764 = FACE_BOUND('',#1765,.F.);
#1765 = EDGE_LOOP('',(#1766));
#1766 = ORIENTED_EDGE('',*,*,#1767,.F.);
#1767 = EDGE_CURVE('',#1768,#1768,#1770,.T.);
#1768 = VERTEX_POINT('',#1769);
#1769 = CARTESIAN_POINT('',(972.,25.,1.6945E+03));
#1770 = SURFACE_CURVE('',#1771,(#1776,#1783),.PCURVE_S1.);
#1771 = CIRCLE('',#1772,5.5);
#1772 = AXIS2_PLACEMENT_3D('',#1773,#1774,#1775);
#1773 = CARTESIAN_POINT('',(972.,25.,1.7E+03));
#1774 = DIRECTION('',(1.,0.,1.110223024625E-16));
#1775 = DIRECTION('',(1.110223024625E-16,0.,-1.));
#1776 = PCURVE('',#1411,#1777);
#1777 = DEFINITIONAL_REPRESENTATION('',(#1778),#1782);
#1778 = CIRCLE('',#1779,5.5);
#1779 = AXIS2_PLACEMENT_2D('',#1780,#1781);
#1780 = CARTESIAN_POINT('',(1.7E+03,-25.));
#1781 = DIRECTION('',(-1.,0.));
#1782 = ( GEOMETRIC_REPRESENTATION_CONTEXT(2) 
PARAMETRIC_REPRESENTATION_CONTEXT() REPRESENTATION_CONTEXT('2D SPACE',''
  ) );
#1783 = PCURVE('',#1784,#1789);
#1784 = CYLINDRICAL_SURFACE('',#1785,5.5);
#1785 = AXIS2_PLACEMENT_3D('',#1786,#1787,#1788);
#1786 = CARTESIAN_POINT('',(971.,25.,1.7E+03));
#1787 = DIRECTION('',(1.,0.,1.110223024625E-16));
#1788 = DIRECTION('',(1.110223024625E-16,0.,-1.));
#1789 = DEFINITIONAL_REPRESENTATION('',(#1790),#1794);
#1790 = LINE('',#1791,#1792);
#1791 = CARTESIAN_POINT('',(0.,1.));
#1792 = VECTOR('',#1793,1.);
#1793 = DIRECTION('',(1.,0.));
#1794 = ( GEOMETRIC_REPRESENTATION_CONTEXT(2) 
PARAMETRIC_REPRESENTATION_CONTEXT() REPRESENTATION_CONTEXT('2D SPACE',''
  ) );
#1795 = FACE_BOUND('',#1796,.F.);
#1796 = EDGE_LOOP('',(#1797));
#1797 = ORIENTED_EDGE('',*,*,#1798,.F.);
#1798 = EDGE_CURVE('',#1799,#1799,#1801,.T.);
#1799 = VERTEX_POINT('',#1800);
#1800 = CARTESIAN_POINT('',(972.,25.,1.7945E+03));
#1801 = SURFACE_CURVE('',#1802,(#1807,#1814),.PCURVE_S1.);
#1802 = CIRCLE('',#1803,5.5);
#1803 = AXIS2_PLACEMENT_3D('',#1804,#1805,#1806);
#1804 = CARTESIAN_POINT('',(972.,25.,1.8E+03));
#1805 = DIRECTION('',(1.,0.,1.110223024625E-16));
#1806 = DIRECTION('',(1.110223024625E-16,0.,-1.));
#1807 = PCURVE('',#1411,#1808);
#1808 = DEFINITIONAL_REPRESENTATION('',(#1809),#1813);
#1809 = CIRCLE('',#1810,5.5);
#1810 = AXIS2_PLACEMENT_2D('',#1811,#1812);
#1811 = CARTESIAN_POINT('',(1.8E+03,-25.));
#1812 = DIRECTION('',(-1.,0.));
#1813 = ( GEOMETRIC_REPRESENTATION_CONTEXT(2) 
PARAMETRIC_REPRESENTATION_CONTEXT() REPRESENTATION_CONTEXT('2D SPACE',''
  ) );
#1814 = PCURVE('',#1815,#1820);
#1815 = CYLINDRICAL_SURFACE('',#1816,5.5);
#1816 = AXIS2_PLACEMENT_3D('',#1817,#1818,#1819);
#1817 = CARTESIAN_POINT('',(971.,25.,1.8E+03));
#1818 = DIRECTION('',(1.,0.,1.110223024625E-16));
#1819 = DIRECTION('',(1.110223024625E-16,0.,-1.));
#1820 = DEFINITIONAL_REPRESENTATION('',(#1821),#1825);
#1821 = LINE('',#1822,#1823);
#1822 = CARTESIAN_POINT('',(0.,1.));
#1823 = VECTOR('',#1824,1.);
#1824 = DIRECTION('',(1.,0.));
#1825 = ( GEOMETRIC_REPRESENTATION_CONTEXT(2) 
PARAMETRIC_REPRESENTATION_CONTEXT() REPRESENTATION_CONTEXT('2D SPACE',''
  ) );
#1826 = FACE_BOUND('',#1827,.F.);
#1827 = EDGE_LOOP('',(#1828));
#1828 = ORIENTED_EDGE('',*,*,#1829,.F.);
#1829 = EDGE_CURVE('',#1830,#1830,#1832,.T.);
#1830 = VERTEX_POINT('',#1831);
#1831 = CARTESIAN_POINT('',(972.,25.,1.8945E+03));
#1832 = SURFACE_CURVE('',#1833,(#1838,#1845),.PCURVE_S1.);
#1833 = CIRCLE('',#1834,5.5);
#1834 = AXIS2_PLACEMENT_3D('',#1835,#1836,#1837);
#1835 = CARTESIAN_POINT('',(972.,25.,1.9E+03));
#1836 = DIRECTION('',(1.,0.,1.110223024625E-16));
#1837 = DIRECTION('',(1.110223024625E-16,0.,-1.));
#1838 = PCURVE('',#1411,#1839);
#1839 = DEFINITIONAL_REPRESENTATION('',(#1840),#1844);
#1840 = CIRCLE('',#1841,5.5);
#1841 = AXIS2_PLACEMENT_2D('',#1842,#1843);
#1842 = CARTESIAN_POINT('',(1.9E+03,-25.));
#1843 = DIRECTION('',(-1.,0.));
#1844 = ( GEOMETRIC_REPRESENTATION_CONTEXT(2) 
PARAMETRIC_REPRESENTATION_CONTEXT() REPRESENTATION_CONTEXT('2D SPACE',''
  ) );
#1845 = PCURVE('',#1846,#1851);
#1846 = CYLINDRICAL_SURFACE('',#1847,5.5);
#1847 = AXIS2_PLACEMENT_3D('',#1848,#1849,#1850);
#1848 = CARTESIAN_POINT('',(971.,25.,1.9E+03));
#1849 = DIRECTION('',(1.,0.,1.110223024625E-16));
#1850 = DIRECTION('',(1.110223024625E-16,0.,-1.));
#1851 = DEFINITIONAL_REPRESENTATION('',(#1852),#1856);
#1852 = LINE('',#1853,#1854);
#1853 = CARTESIAN_POINT('',(0.,1.));
#1854 = VECTOR('',#1855,1.);
#1855 = DIRECTION('',(1.,0.));
#1856 = ( GEOMETRIC_REPRESENTATION_CONTEXT(2) 
PARAMETRIC_REPRESENTATION_CONTEXT() REPRESENTATION_CONTEXT('2D SPACE',''
  ) );
#1857 = ADVANCED_FACE('',(#1858),#1423,.F.);
#1858 = FACE_BOUND('',#1859,.F.);
#1859 = EDGE_LOOP('',(#1860,#1883,#1884,#1907));
#1860 = ORIENTED_EDGE('',*,*,#1861,.F.);
#1861 = EDGE_CURVE('',#1401,#1862,#1864,.T.);
#1862 = VERTEX_POINT('',#1863);
#1863 = CARTESIAN_POINT('',(997.,0.,0.));
#1864 = SURFACE_CURVE('',#1865,(#1869,#1876),.PCURVE_S1.);
#1865 = LINE('',#1866,#1867);
#1866 = CARTESIAN_POINT('',(972.,0.,0.));
#1867 = VECTOR('',#1868,1.);
#1868 = DIRECTION('',(1.,0.,-0.));
#1869 = PCURVE('',#1423,#1870);
#1870 = DEFINITIONAL_REPRESENTATION('',(#1871),#1875);
#1871 = LINE('',#1872,#1873);
#1872 = CARTESIAN_POINT('',(0.,0.));
#1873 = VECTOR('',#1874,1.);
#1874 = DIRECTION('',(0.,1.));
#1875 = ( GEOMETRIC_REPRESENTATION_CONTEXT(2) 
PARAMETRIC_REPRESENTATION_CONTEXT() REPRESENTATION_CONTEXT('2D SPACE',''
  ) );
#1876 = PCURVE('',#1451,#1877);
#1877 = DEFINITIONAL_REPRESENTATION('',(#1878),#1882);
#1878 = LINE('',#1879,#1880);
#1879 = CARTESIAN_POINT('',(0.,0.));
#1880 = VECTOR('',#1881,1.);
#1881 = DIRECTION('',(1.,0.));
#1882 = ( GEOMETRIC_REPRESENTATION_CONTEXT(2) 
PARAMETRIC_REPRESENTATION_CONTEXT() REPRESENTATION_CONTEXT('2D SPACE',''
  ) );
#1883 = ORIENTED_EDGE('',*,*,#1400,.T.);
#1884 = ORIENTED_EDGE('',*,*,#1885,.T.);
#1885 = EDGE_CURVE('',#1403,#1886,#1888,.T.);
#1886 = VERTEX_POINT('',#1887);
#1887 = CARTESIAN_POINT('',(997.,0.,2.4E+03));
#1888 = SURFACE_CURVE('',#1889,(#1893,#1900),.PCURVE_S1.);
#1889 = LINE('',#1890,#1891);
#1890 = CARTESIAN_POINT('',(972.,0.,2.4E+03));
#1891 = VECTOR('',#1892,1.);
#1892 = DIRECTION('',(1.,0.,-0.));
#1893 = PCURVE('',#1423,#1894);
#1894 = DEFINITIONAL_REPRESENTATION('',(#1895),#1899);
#1895 = LINE('',#1896,#1897);
#1896 = CARTESIAN_POINT('',(2.4E+03,0.));
#1897 = VECTOR('',#1898,1.);
#1898 = DIRECTION('',(0.,1.));
#1899 = ( GEOMETRIC_REPRESENTATION_CONTEXT(2) 
PARAMETRIC_REPRESENTATION_CONTEXT() REPRESENTATION_CONTEXT('2D SPACE',''
  ) );
#1900 = PCURVE('',#1505,#1901);
#1901 = DEFINITIONAL_REPRESENTATION('',(#1902),#1906);
#1902 = LINE('',#1903,#1904);
#1903 = CARTESIAN_POINT('',(0.,0.));
#1904 = VECTOR('',#1905,1.);
#1905 = DIRECTION('',(1.,0.));
#1906 = ( GEOMETRIC_REPRESENTATION_CONTEXT(2) 
PARAMETRIC_REPRESENTATION_CONTEXT() REPRESENTATION_CONTEXT('2D SPACE',''
  ) );
#1907 = ORIENTED_EDGE('',*,*,#1908,.F.);
#1908 = EDGE_CURVE('',#1862,#1886,#1909,.T.);
#1909 = SURFACE_CURVE('',#1910,(#1914,#1921),.PCURVE_S1.);
#1910 = LINE('',#1911,#1912);
#1911 = CARTESIAN_POINT('',(997.,0.,0.));
#1912 = VECTOR('',#1913,1.);
#1913 = DIRECTION('',(0.,0.,1.));
#1914 = PCURVE('',#1423,#1915);
#1915 = DEFINITIONAL_REPRESENTATION('',(#1916),#1920);
#1916 = LINE('',#1917,#1918);
#1917 = CARTESIAN_POINT('',(0.,25.));
#1918 = VECTOR('',#1919,1.);
#1919 = DIRECTION('',(1.,0.));
#1920 = ( GEOMETRIC_REPRESENTATION_CONTEXT(2) 
PARAMETRIC_REPRESENTATION_CONTEXT() REPRESENTATION_CONTEXT('2D SPACE',''
  ) );
#1921 = PCURVE('',#1922,#1927);
#1922 = PLANE('',#1923);
#1923 = AXIS2_PLACEMENT_3D('',#1924,#1925,#1926);
#1924 = CARTESIAN_POINT('',(997.,0.,0.));
#1925 = DIRECTION('',(1.,0.,-0.));
#1926 = DIRECTION('',(0.,0.,1.));
#1927 = DEFINITIONAL_REPRESENTATION('',(#1928),#1932);
#1928 = LINE('',#1929,#1930);
#1929 = CARTESIAN_POINT('',(0.,0.));
#1930 = VECTOR('',#1931,1.);
#1931 = DIRECTION('',(1.,0.));
#1932 = ( GEOMETRIC_REPRESENTATION_CONTEXT(2) 
PARAMETRIC_REPRESENTATION_CONTEXT() REPRESENTATION_CONTEXT('2D SPACE',''
  ) );
#1933 = ADVANCED_FACE('',(#1934),#1505,.T.);
#1934 = FACE_BOUND('',#1935,.T.);
#1935 = EDGE_LOOP('',(#1936,#1937,#1938,#1961));
#1936 = ORIENTED_EDGE('',*,*,#1491,.F.);
#1937 = ORIENTED_EDGE('',*,*,#1885,.T.);
#1938 = ORIENTED_EDGE('',*,*,#1939,.T.);
#1939 = EDGE_CURVE('',#1886,#1940,#1942,.T.);
#1940 = VERTEX_POINT('',#1941);
#1941 = CARTESIAN_POINT('',(997.,50.,2.4E+03));
#1942 = SURFACE_CURVE('',#1943,(#1947,#1954),.PCURVE_S1.);
#1943 = LINE('',#1944,#1945);
#1944 = CARTESIAN_POINT('',(997.,0.,2.4E+03));
#1945 = VECTOR('',#1946,1.);
#1946 = DIRECTION('',(-0.,1.,0.));
#1947 = PCURVE('',#1505,#1948);
#1948 = DEFINITIONAL_REPRESENTATION('',(#1949),#1953);
#1949 = LINE('',#1950,#1951);
#1950 = CARTESIAN_POINT('',(25.,0.));
#1951 = VECTOR('',#1952,1.);
#1952 = DIRECTION('',(0.,1.));
#1953 = ( GEOMETRIC_REPRESENTATION_CONTEXT(2) 
PARAMETRIC_REPRESENTATION_CONTEXT() REPRESENTATION_CONTEXT('2D SPACE',''
  ) );
#1954 = PCURVE('',#1922,#1955);
#1955 = DEFINITIONAL_REPRESENTATION('',(#1956),#1960);
#1956 = LINE('',#1957,#1958);
#1957 = CARTESIAN_POINT('',(2.4E+03,0.));
#1958 = VECTOR('',#1959,1.);
#1959 = DIRECTION('',(0.,-1.));
#1960 = ( GEOMETRIC_REPRESENTATION_CONTEXT(2) 
PARAMETRIC_REPRESENTATION_CONTEXT() REPRESENTATION_CONTEXT('2D SPACE',''
  ) );
#1961 = ORIENTED_EDGE('',*,*,#1962,.F.);
#1962 = EDGE_CURVE('',#1464,#1940,#1963,.T.);
#1963 = SURFACE_CURVE('',#1964,(#1968,#1975),.PCURVE_S1.);
#1964 = LINE('',#1965,#1966);
#1965 = CARTESIAN_POINT('',(972.,50.,2.4E+03));
#1966 = VECTOR('',#1967,1.);
#1967 = DIRECTION('',(1.,0.,-0.));
#1968 = PCURVE('',#1505,#1969);
#1969 = DEFINITIONAL_REPRESENTATION('',(#1970),#1974);
#1970 = LINE('',#1971,#1972);
#1971 = CARTESIAN_POINT('',(0.,50.));
#1972 = VECTOR('',#1973,1.);
#1973 = DIRECTION('',(1.,0.));
#1974 = ( GEOMETRIC_REPRESENTATION_CONTEXT(2) 
PARAMETRIC_REPRESENTATION_CONTEXT() REPRESENTATION_CONTEXT('2D SPACE',''
  ) );
#1975 = PCURVE('',#1479,#1976);
#1976 = DEFINITIONAL_REPRESENTATION('',(#1977),#1981);
#1977 = LINE('',#1978,#1979);
#1978 = CARTESIAN_POINT('',(2.4E+03,0.));
#1979 = VECTOR('',#1980,1.);
#1980 = DIRECTION('',(0.,1.));
#1981 = ( GEOMETRIC_REPRESENTATION_CONTEXT(2) 
PARAMETRIC_REPRESENTATION_CONTEXT() REPRESENTATION_CONTEXT('2D SPACE',''
  ) );
#1982 = ADVANCED_FACE('',(#1983),#1451,.F.);
#1983 = FACE_BOUND('',#1984,.F.);
#1984 = EDGE_LOOP('',(#1985,#1986,#1987,#2010));
#1985 = ORIENTED_EDGE('',*,*,#1435,.F.);
#1986 = ORIENTED_EDGE('',*,*,#1861,.T.);
#1987 = ORIENTED_EDGE('',*,*,#1988,.T.);
#1988 = EDGE_CURVE('',#1862,#1989,#1991,.T.);
#1989 = VERTEX_POINT('',#1990);
#1990 = CARTESIAN_POINT('',(997.,50.,0.));
#1991 = SURFACE_CURVE('',#1992,(#1996,#2003),.PCURVE_S1.);
#1992 = LINE('',#1993,#1994);
#1993 = CARTESIAN_POINT('',(997.,0.,0.));
#1994 = VECTOR('',#1995,1.);
#1995 = DIRECTION('',(-0.,1.,0.));
#1996 = PCURVE('',#1451,#1997);
#1997 = DEFINITIONAL_REPRESENTATION('',(#1998),#2002);
#1998 = LINE('',#1999,#2000);
#1999 = CARTESIAN_POINT('',(25.,0.));
#2000 = VECTOR('',#2001,1.);
#2001 = DIRECTION('',(0.,1.));
#2002 = ( GEOMETRIC_REPRESENTATION_CONTEXT(2) 
PARAMETRIC_REPRESENTATION_CONTEXT() REPRESENTATION_CONTEXT('2D SPACE',''
  ) );
#2003 = PCURVE('',#1922,#2004);
#2004 = DEFINITIONAL_REPRESENTATION('',(#2005),#2009);
#2005 = LINE('',#2006,#2007);
#2006 = CARTESIAN_POINT('',(0.,0.));
#2007 = VECTOR('',#2008,1.);
#2008 = DIRECTION('',(0.,-1.));
#2009 = ( GEOMETRIC_REPRESENTATION_CONTEXT(2) 
PARAMETRIC_REPRESENTATION_CONTEXT() REPRESENTATION_CONTEXT('2D SPACE',''
  ) );
#2010 = ORIENTED_EDGE('',*,*,#2011,.F.);
#2011 = EDGE_CURVE('',#1436,#1989,#2012,.T.);
#2012 = SURFACE_CURVE('',#2013,(#2017,#2024),.PCURVE_S1.);
#2013 = LINE('',#2014,#2015);
#2014 = CARTESIAN_POINT('',(972.,50.,0.));
#2015 = VECTOR('',#2016,1.);
#2016 = DIRECTION('',(1.,0.,-0.));
#2017 = PCURVE('',#1451,#2018);
#2018 = DEFINITIONAL_REPRESENTATION('',(#2019),#2023);
#2019 = LINE('',#2020,#2021);
#2020 = CARTESIAN_POINT('',(0.,50.));
#2021 = VECTOR('',#2022,1.);
#2022 = DIRECTION('',(1.,0.));
#2023 = ( GEOMETRIC_REPRESENTATION_CONTEXT(2) 
PARAMETRIC_REPRESENTATION_CONTEXT() REPRESENTATION_CONTEXT('2D SPACE',''
  ) );
#2024 = PCURVE('',#1479,#2025);
#2025 = DEFINITIONAL_REPRESENTATION('',(#2026),#2030);
#2026 = LINE('',#2027,#2028);
#2027 = CARTESIAN_POINT('',(0.,0.));
#2028 = VECTOR('',#2029,1.);
#2029 = DIRECTION('',(0.,1.));
#2030 = ( GEOMETRIC_REPRESENTATION_CONTEXT(2) 
PARAMETRIC_REPRESENTATION_CONTEXT() REPRESENTATION_CONTEXT('2D SPACE',''
  ) );
#2031 = ADVANCED_FACE('',(#2032),#1479,.T.);
#2032 = FACE_BOUND('',#2033,.T.);
#2033 = EDGE_LOOP('',(#2034,#2035,#2036,#2037));
#2034 = ORIENTED_EDGE('',*,*,#2011,.F.);
#2035 = ORIENTED_EDGE('',*,*,#1463,.T.);
#2036 = ORIENTED_EDGE('',*,*,#1962,.T.);
#2037 = ORIENTED_EDGE('',*,*,#2038,.F.);
#2038 = EDGE_CURVE('',#1989,#1940,#2039,.T.);
#2039 = SURFACE_CURVE('',#2040,(#2044,#2051),.PCURVE_S1.);
#2040 = LINE('',#2041,#2042);
#2041 = CARTESIAN_POINT('',(997.,50.,0.));
#2042 = VECTOR('',#2043,1.);
#2043 = DIRECTION('',(0.,0.,1.));
#2044 = PCURVE('',#1479,#2045);
#2045 = DEFINITIONAL_REPRESENTATION('',(#2046),#2050);
#2046 = LINE('',#2047,#2048);
#2047 = CARTESIAN_POINT('',(0.,25.));
#2048 = VECTOR('',#2049,1.);
#2049 = DIRECTION('',(1.,0.));
#2050 = ( GEOMETRIC_REPRESENTATION_CONTEXT(2) 
PARAMETRIC_REPRESENTATION_CONTEXT() REPRESENTATION_CONTEXT('2D SPACE',''
  ) );
#2051 = PCURVE('',#1922,#2052);
#2052 = DEFINITIONAL_REPRESENTATION('',(#2053),#2057);
#2053 = LINE('',#2054,#2055);
#2054 = CARTESIAN_POINT('',(0.,-50.));
#2055 = VECTOR('',#2056,1.);
#2056 = DIRECTION('',(1.,0.));
#2057 = ( GEOMETRIC_REPRESENTATION_CONTEXT(2) 
PARAMETRIC_REPRESENTATION_CONTEXT() REPRESENTATION_CONTEXT('2D SPACE',''
  ) );
#2058 = ADVANCED_FACE('',(#2059),#1536,.F.);
#2059 = FACE_BOUND('',#2060,.F.);
#2060 = EDGE_LOOP('',(#2061,#2085,#2106,#2107));
#2061 = ORIENTED_EDGE('',*,*,#2062,.F.);
#2062 = EDGE_CURVE('',#2063,#2063,#2065,.T.);
#2063 = VERTEX_POINT('',#2064);
#2064 = CARTESIAN_POINT('',(997.,25.,294.5));
#2065 = SURFACE_CURVE('',#2066,(#2071,#2078),.PCURVE_S1.);
#2066 = CIRCLE('',#2067,5.5);
#2067 = AXIS2_PLACEMENT_3D('',#2068,#2069,#2070);
#2068 = CARTESIAN_POINT('',(997.,25.,300.));
#2069 = DIRECTION('',(1.,0.,1.110223024625E-16));
#2070 = DIRECTION('',(1.110223024625E-16,0.,-1.));
#2071 = PCURVE('',#1536,#2072);
#2072 = DEFINITIONAL_REPRESENTATION('',(#2073),#2077);
#2073 = LINE('',#2074,#2075);
#2074 = CARTESIAN_POINT('',(0.,26.));
#2075 = VECTOR('',#2076,1.);
#2076 = DIRECTION('',(1.,0.));
#2077 = ( GEOMETRIC_REPRESENTATION_CONTEXT(2) 
PARAMETRIC_REPRESENTATION_CONTEXT() REPRESENTATION_CONTEXT('2D SPACE',''
  ) );
#2078 = PCURVE('',#1922,#2079);
#2079 = DEFINITIONAL_REPRESENTATION('',(#2080),#2084);
#2080 = CIRCLE('',#2081,5.5);
#2081 = AXIS2_PLACEMENT_2D('',#2082,#2083);
#2082 = CARTESIAN_POINT('',(300.,-25.));
#2083 = DIRECTION('',(-1.,0.));
#2084 = ( GEOMETRIC_REPRESENTATION_CONTEXT(2) 
PARAMETRIC_REPRESENTATION_CONTEXT() REPRESENTATION_CONTEXT('2D SPACE',''
  ) );
#2085 = ORIENTED_EDGE('',*,*,#2086,.F.);
#2086 = EDGE_CURVE('',#1520,#2063,#2087,.T.);
#2087 = SEAM_CURVE('',#2088,(#2092,#2099),.PCURVE_S1.);
#2088 = LINE('',#2089,#2090);
#2089 = CARTESIAN_POINT('',(971.,25.,294.5));
#2090 = VECTOR('',#2091,1.);
#2091 = DIRECTION('',(1.,0.,1.110223024625E-16));
#2092 = PCURVE('',#1536,#2093);
#2093 = DEFINITIONAL_REPRESENTATION('',(#2094),#2098);
#2094 = LINE('',#2095,#2096);
#2095 = CARTESIAN_POINT('',(6.28318530718,-0.));
#2096 = VECTOR('',#2097,1.);
#2097 = DIRECTION('',(0.,1.));
#2098 = ( GEOMETRIC_REPRESENTATION_CONTEXT(2) 
PARAMETRIC_REPRESENTATION_CONTEXT() REPRESENTATION_CONTEXT('2D SPACE',''
  ) );
#2099 = PCURVE('',#1536,#2100);
#2100 = DEFINITIONAL_REPRESENTATION('',(#2101),#2105);
#2101 = LINE('',#2102,#2103);
#2102 = CARTESIAN_POINT('',(0.,-0.));
#2103 = VECTOR('',#2104,1.);
#2104 = DIRECTION('',(0.,1.));
#2105 = ( GEOMETRIC_REPRESENTATION_CONTEXT(2) 
PARAMETRIC_REPRESENTATION_CONTEXT() REPRESENTATION_CONTEXT('2D SPACE',''
  ) );
#2106 = ORIENTED_EDGE('',*,*,#1519,.T.);
#2107 = ORIENTED_EDGE('',*,*,#2086,.T.);
#2108 = ADVANCED_FACE('',(#2109),#1567,.F.);
#2109 = FACE_BOUND('',#2110,.F.);
#2110 = EDGE_LOOP('',(#2111,#2135,#2156,#2157));
#2111 = ORIENTED_EDGE('',*,*,#2112,.F.);
#2112 = EDGE_CURVE('',#2113,#2113,#2115,.T.);
#2113 = VERTEX_POINT('',#2114);
#2114 = CARTESIAN_POINT('',(997.,25.,394.5));
#2115 = SURFACE_CURVE('',#2116,(#2121,#2128),.PCURVE_S1.);
#2116 = CIRCLE('',#2117,5.5);
#2117 = AXIS2_PLACEMENT_3D('',#2118,#2119,#2120);
#2118 = CARTESIAN_POINT('',(997.,25.,400.));
#2119 = DIRECTION('',(1.,0.,1.110223024625E-16));
#2120 = DIRECTION('',(1.110223024625E-16,0.,-1.));
#2121 = PCURVE('',#1567,#2122);
#2122 = DEFINITIONAL_REPRESENTATION('',(#2123),#2127);
#2123 = LINE('',#2124,#2125);
#2124 = CARTESIAN_POINT('',(0.,26.));
#2125 = VECTOR('',#2126,1.);
#2126 = DIRECTION('',(1.,0.));
#2127 = ( GEOMETRIC_REPRESENTATION_CONTEXT(2) 
PARAMETRIC_REPRESENTATION_CONTEXT() REPRESENTATION_CONTEXT('2D SPACE',''
  ) );
#2128 = PCURVE('',#1922,#2129);
#2129 = DEFINITIONAL_REPRESENTATION('',(#2130),#2134);
#2130 = CIRCLE('',#2131,5.5);
#2131 = AXIS2_PLACEMENT_2D('',#2132,#2133);
#2132 = CARTESIAN_POINT('',(400.,-25.));
#2133 = DIRECTION('',(-1.,0.));
#2134 = ( GEOMETRIC_REPRESENTATION_CONTEXT(2) 
PARAMETRIC_REPRESENTATION_CONTEXT() REPRESENTATION_CONTEXT('2D SPACE',''
  ) );
#2135 = ORIENTED_EDGE('',*,*,#2136,.F.);
#2136 = EDGE_CURVE('',#1551,#2113,#2137,.T.);
#2137 = SEAM_CURVE('',#2138,(#2142,#2149),.PCURVE_S1.);
#2138 = LINE('',#2139,#2140);
#2139 = CARTESIAN_POINT('',(971.,25.,394.5));
#2140 = VECTOR('',#2141,1.);
#2141 = DIRECTION('',(1.,0.,1.110223024625E-16));
#2142 = PCURVE('',#1567,#2143);
#2143 = DEFINITIONAL_REPRESENTATION('',(#2144),#2148);
#2144 = LINE('',#2145,#2146);
#2145 = CARTESIAN_POINT('',(6.28318530718,-0.));
#2146 = VECTOR('',#2147,1.);
#2147 = DIRECTION('',(0.,1.));
#2148 = ( GEOMETRIC_REPRESENTATION_CONTEXT(2) 
PARAMETRIC_REPRESENTATION_CONTEXT() REPRESENTATION_CONTEXT('2D SPACE',''
  ) );
#2149 = PCURVE('',#1567,#2150);
#2150 = DEFINITIONAL_REPRESENTATION('',(#2151),#2155);
#2151 = LINE('',#2152,#2153);
#2152 = CARTESIAN_POINT('',(0.,-0.));
#2153 = VECTOR('',#2154,1.);
#2154 = DIRECTION('',(0.,1.));
#2155 = ( GEOMETRIC_REPRESENTATION_CONTEXT(2) 
PARAMETRIC_REPRESENTATION_CONTEXT() REPRESENTATION_CONTEXT('2D SPACE',''
  ) );
#2156 = ORIENTED_EDGE('',*,*,#1550,.T.);
#2157 = ORIENTED_EDGE('',*,*,#2136,.T.);
#2158 = ADVANCED_FACE('',(#2159),#1598,.F.);
#2159 = FACE_BOUND('',#2160,.F.);
#2160 = EDGE_LOOP('',(#2161,#2185,#2206,#2207));
#2161 = ORIENTED_EDGE('',*,*,#2162,.F.);
#2162 = EDGE_CURVE('',#2163,#2163,#2165,.T.);
#2163 = VERTEX_POINT('',#2164);
#2164 = CARTESIAN_POINT('',(997.,25.,494.5));
#2165 = SURFACE_CURVE('',#2166,(#2171,#2178),.PCURVE_S1.);
#2166 = CIRCLE('',#2167,5.5);
#2167 = AXIS2_PLACEMENT_3D('',#2168,#2169,#2170);
#2168 = CARTESIAN_POINT('',(997.,25.,500.));
#2169 = DIRECTION('',(1.,0.,1.110223024625E-16));
#2170 = DIRECTION('',(1.110223024625E-16,0.,-1.));
#2171 = PCURVE('',#1598,#2172);
#2172 = DEFINITIONAL_REPRESENTATION('',(#2173),#2177);
#2173 = LINE('',#2174,#2175);
#2174 = CARTESIAN_POINT('',(0.,26.));
#2175 = VECTOR('',#2176,1.);
#2176 = DIRECTION('',(1.,0.));
#2177 = ( GEOMETRIC_REPRESENTATION_CONTEXT(2) 
PARAMETRIC_REPRESENTATION_CONTEXT() REPRESENTATION_CONTEXT('2D SPACE',''
  ) );
#2178 = PCURVE('',#1922,#2179);
#2179 = DEFINITIONAL_REPRESENTATION('',(#2180),#2184);
#2180 = CIRCLE('',#2181,5.5);
#2181 = AXIS2_PLACEMENT_2D('',#2182,#2183);
#2182 = CARTESIAN_POINT('',(500.,-25.));
#2183 = DIRECTION('',(-1.,0.));
#2184 = ( GEOMETRIC_REPRESENTATION_CONTEXT(2) 
PARAMETRIC_REPRESENTATION_CONTEXT() REPRESENTATION_CONTEXT('2D SPACE',''
  ) );
#2185 = ORIENTED_EDGE('',*,*,#2186,.F.);
#2186 = EDGE_CURVE('',#1582,#2163,#2187,.T.);
#2187 = SEAM_CURVE('',#2188,(#2192,#2199),.PCURVE_S1.);
#2188 = LINE('',#2189,#2190);
#2189 = CARTESIAN_POINT('',(971.,25.,494.5));
#2190 = VECTOR('',#2191,1.);
#2191 = DIRECTION('',(1.,0.,1.110223024625E-16));
#2192 = PCURVE('',#1598,#2193);
#2193 = DEFINITIONAL_REPRESENTATION('',(#2194),#2198);
#2194 = LINE('',#2195,#2196);
#2195 = CARTESIAN_POINT('',(6.28318530718,-0.));
#2196 = VECTOR('',#2197,1.);
#2197 = DIRECTION('',(0.,1.));
#2198 = ( GEOMETRIC_REPRESENTATION_CONTEXT(2) 
PARAMETRIC_REPRESENTATION_CONTEXT() REPRESENTATION_CONTEXT('2D SPACE',''
  ) );
#2199 = PCURVE('',#1598,#2200);
#2200 = DEFINITIONAL_REPRESENTATION('',(#2201),#2205);
#2201 = LINE('',#2202,#2203);
#2202 = CARTESIAN_POINT('',(0.,-0.));
#2203 = VECTOR('',#2204,1.);
#2204 = DIRECTION('',(0.,1.));
#2205 = ( GEOMETRIC_REPRESENTATION_CONTEXT(2) 
PARAMETRIC_REPRESENTATION_CONTEXT() REPRESENTATION_CONTEXT('2D SPACE',''
  ) );
#2206 = ORIENTED_EDGE('',*,*,#1581,.T.);
#2207 = ORIENTED_EDGE('',*,*,#2186,.T.);
#2208 = ADVANCED_FACE('',(#2209),#1629,.F.);
#2209 = FACE_BOUND('',#2210,.F.);
#2210 = EDGE_LOOP('',(#2211,#2235,#2256,#2257));
#2211 = ORIENTED_EDGE('',*,*,#2212,.F.);
#2212 = EDGE_CURVE('',#2213,#2213,#2215,.T.);
#2213 = VERTEX_POINT('',#2214);
#2214 = CARTESIAN_POINT('',(997.,25.,594.5));
#2215 = SURFACE_CURVE('',#2216,(#2221,#2228),.PCURVE_S1.);
#2216 = CIRCLE('',#2217,5.5);
#2217 = AXIS2_PLACEMENT_3D('',#2218,#2219,#2220);
#2218 = CARTESIAN_POINT('',(997.,25.,600.));
#2219 = DIRECTION('',(1.,0.,1.110223024625E-16));
#2220 = DIRECTION('',(1.110223024625E-16,0.,-1.));
#2221 = PCURVE('',#1629,#2222);
#2222 = DEFINITIONAL_REPRESENTATION('',(#2223),#2227);
#2223 = LINE('',#2224,#2225);
#2224 = CARTESIAN_POINT('',(0.,26.));
#2225 = VECTOR('',#2226,1.);
#2226 = DIRECTION('',(1.,0.));
#2227 = ( GEOMETRIC_REPRESENTATION_CONTEXT(2) 
PARAMETRIC_REPRESENTATION_CONTEXT() REPRESENTATION_CONTEXT('2D SPACE',''
  ) );
#2228 = PCURVE('',#1922,#2229);
#2229 = DEFINITIONAL_REPRESENTATION('',(#2230),#2234);
#2230 = CIRCLE('',#2231,5.5);
#2231 = AXIS2_PLACEMENT_2D('',#2232,#2233);
#2232 = CARTESIAN_POINT('',(600.,-25.));
#2233 = DIRECTION('',(-1.,0.));
#2234 = ( GEOMETRIC_REPRESENTATION_CONTEXT(2) 
PARAMETRIC_REPRESENTATION_CONTEXT() REPRESENTATION_CONTEXT('2D SPACE',''
  ) );
#2235 = ORIENTED_EDGE('',*,*,#2236,.F.);
#2236 = EDGE_CURVE('',#1613,#2213,#2237,.T.);
#2237 = SEAM_CURVE('',#2238,(#2242,#2249),.PCURVE_S1.);
#2238 = LINE('',#2239,#2240);
#2239 = CARTESIAN_POINT('',(971.,25.,594.5));
#2240 = VECTOR('',#2241,1.);
#2241 = DIRECTION('',(1.,0.,1.110223024625E-16));
#2242 = PCURVE('',#1629,#2243);
#2243 = DEFINITIONAL_REPRESENTATION('',(#2244),#2248);
#2244 = LINE('',#2245,#2246);
#2245 = CARTESIAN_POINT('',(6.28318530718,-0.));
#2246 = VECTOR('',#2247,1.);
#2247 = DIRECTION('',(0.,1.));
#2248 = ( GEOMETRIC_REPRESENTATION_CONTEXT(2) 
PARAMETRIC_REPRESENTATION_CONTEXT() REPRESENTATION_CONTEXT('2D SPACE',''
  ) );
#2249 = PCURVE('',#1629,#2250);
#2250 = DEFINITIONAL_REPRESENTATION('',(#2251),#2255);
#2251 = LINE('',#2252,#2253);
#2252 = CARTESIAN_POINT('',(0.,-0.));
#2253 = VECTOR('',#2254,1.);
#2254 = DIRECTION('',(0.,1.));
#2255 = ( GEOMETRIC_REPRESENTATION_CONTEXT(2) 
PARAMETRIC_REPRESENTATION_CONTEXT() REPRESENTATION_CONTEXT('2D SPACE',''
  ) );
#2256 = ORIENTED_EDGE('',*,*,#1612,.T.);
#2257 = ORIENTED_EDGE('',*,*,#2236,.T.);
#2258 = ADVANCED_FACE('',(#2259),#1660,.F.);
#2259 = FACE_BOUND('',#2260,.F.);
#2260 = EDGE_LOOP('',(#2261,#2285,#2306,#2307));
#2261 = ORIENTED_EDGE('',*,*,#2262,.F.);
#2262 = EDGE_CURVE('',#2263,#2263,#2265,.T.);
#2263 = VERTEX_POINT('',#2264);
#2264 = CARTESIAN_POINT('',(997.,25.,694.5));
#2265 = SURFACE_CURVE('',#2266,(#2271,#2278),.PCURVE_S1.);
#2266 = CIRCLE('',#2267,5.5);
#2267 = AXIS2_PLACEMENT_3D('',#2268,#2269,#2270);
#2268 = CARTESIAN_POINT('',(997.,25.,700.));
#2269 = DIRECTION('',(1.,0.,1.110223024625E-16));
#2270 = DIRECTION('',(1.110223024625E-16,0.,-1.));
#2271 = PCURVE('',#1660,#2272);
#2272 = DEFINITIONAL_REPRESENTATION('',(#2273),#2277);
#2273 = LINE('',#2274,#2275);
#2274 = CARTESIAN_POINT('',(0.,26.));
#2275 = VECTOR('',#2276,1.);
#2276 = DIRECTION('',(1.,0.));
#2277 = ( GEOMETRIC_REPRESENTATION_CONTEXT(2) 
PARAMETRIC_REPRESENTATION_CONTEXT() REPRESENTATION_CONTEXT('2D SPACE',''
  ) );
#2278 = PCURVE('',#1922,#2279);
#2279 = DEFINITIONAL_REPRESENTATION('',(#2280),#2284);
#2280 = CIRCLE('',#2281,5.5);
#2281 = AXIS2_PLACEMENT_2D('',#2282,#2283);
#2282 = CARTESIAN_POINT('',(700.,-25.));
#2283 = DIRECTION('',(-1.,0.));
#2284 = ( GEOMETRIC_REPRESENTATION_CONTEXT(2) 
PARAMETRIC_REPRESENTATION_CONTEXT() REPRESENTATION_CONTEXT('2D SPACE',''
  ) );
#2285 = ORIENTED_EDGE('',*,*,#2286,.F.);
#2286 = EDGE_CURVE('',#1644,#2263,#2287,.T.);
#2287 = SEAM_CURVE('',#2288,(#2292,#2299),.PCURVE_S1.);
#2288 = LINE('',#2289,#2290);
#2289 = CARTESIAN_POINT('',(971.,25.,694.5));
#2290 = VECTOR('',#2291,1.);
#2291 = DIRECTION('',(1.,0.,1.110223024625E-16));
#2292 = PCURVE('',#1660,#2293);
#2293 = DEFINITIONAL_REPRESENTATION('',(#2294),#2298);
#2294 = LINE('',#2295,#2296);
#2295 = CARTESIAN_POINT('',(6.28318530718,-0.));
#2296 = VECTOR('',#2297,1.);
#2297 = DIRECTION('',(0.,1.));
#2298 = ( GEOMETRIC_REPRESENTATION_CONTEXT(2) 
PARAMETRIC_REPRESENTATION_CONTEXT() REPRESENTATION_CONTEXT('2D SPACE',''
  ) );
#2299 = PCURVE('',#1660,#2300);
#2300 = DEFINITIONAL_REPRESENTATION('',(#2301),#2305);
#2301 = LINE('',#2302,#2303);
#2302 = CARTESIAN_POINT('',(0.,-0.));
#2303 = VECTOR('',#2304,1.);
#2304 = DIRECTION('',(0.,1.));
#2305 = ( GEOMETRIC_REPRESENTATION_CONTEXT(2) 
PARAMETRIC_REPRESENTATION_CONTEXT() REPRESENTATION_CONTEXT('2D SPACE',''
  ) );
#2306 = ORIENTED_EDGE('',*,*,#1643,.T.);
#2307 = ORIENTED_EDGE('',*,*,#2286,.T.);
#2308 = ADVANCED_FACE('',(#2309),#1691,.F.);
#2309 = FACE_BOUND('',#2310,.F.);
#2310 = EDGE_LOOP('',(#2311,#2335,#2356,#2357));
#2311 = ORIENTED_EDGE('',*,*,#2312,.F.);
#2312 = EDGE_CURVE('',#2313,#2313,#2315,.T.);
#2313 = VERTEX_POINT('',#2314);
#2314 = CARTESIAN_POINT('',(997.,25.,994.5));
#2315 = SURFACE_CURVE('',#2316,(#2321,#2328),.PCURVE_S1.);
#2316 = CIRCLE('',#2317,5.5);
#2317 = AXIS2_PLACEMENT_3D('',#2318,#2319,#2320);
#2318 = CARTESIAN_POINT('',(997.,25.,1.E+03));
#2319 = DIRECTION('',(1.,0.,1.110223024625E-16));
#2320 = DIRECTION('',(1.110223024625E-16,0.,-1.));
#2321 = PCURVE('',#1691,#2322);
#2322 = DEFINITIONAL_REPRESENTATION('',(#2323),#2327);
#2323 = LINE('',#2324,#2325);
#2324 = CARTESIAN_POINT('',(0.,26.));
#2325 = VECTOR('',#2326,1.);
#2326 = DIRECTION('',(1.,0.));
#2327 = ( GEOMETRIC_REPRESENTATION_CONTEXT(2) 
PARAMETRIC_REPRESENTATION_CONTEXT() REPRESENTATION_CONTEXT('2D SPACE',''
  ) );
#2328 = PCURVE('',#1922,#2329);
#2329 = DEFINITIONAL_REPRESENTATION('',(#2330),#2334);
#2330 = CIRCLE('',#2331,5.5);
#2331 = AXIS2_PLACEMENT_2D('',#2332,#2333);
#2332 = CARTESIAN_POINT('',(1.E+03,-25.));
#2333 = DIRECTION('',(-1.,0.));
#2334 = ( GEOMETRIC_REPRESENTATION_CONTEXT(2) 
PARAMETRIC_REPRESENTATION_CONTEXT() REPRESENTATION_CONTEXT('2D SPACE',''
  ) );
#2335 = ORIENTED_EDGE('',*,*,#2336,.F.);
#2336 = EDGE_CURVE('',#1675,#2313,#2337,.T.);
#2337 = SEAM_CURVE('',#2338,(#2342,#2349),.PCURVE_S1.);
#2338 = LINE('',#2339,#2340);
#2339 = CARTESIAN_POINT('',(971.,25.,994.5));
#2340 = VECTOR('',#2341,1.);
#2341 = DIRECTION('',(1.,0.,1.110223024625E-16));
#2342 = PCURVE('',#1691,#2343);
#2343 = DEFINITIONAL_REPRESENTATION('',(#2344),#2348);
#2344 = LINE('',#2345,#2346);
#2345 = CARTESIAN_POINT('',(6.28318530718,-0.));
#2346 = VECTOR('',#2347,1.);
#2347 = DIRECTION('',(0.,1.));
#2348 = ( GEOMETRIC_REPRESENTATION_CONTEXT(2) 
PARAMETRIC_REPRESENTATION_CONTEXT() REPRESENTATION_CONTEXT('2D SPACE',''
  ) );
#2349 = PCURVE('',#1691,#2350);
#2350 = DEFINITIONAL_REPRESENTATION('',(#2351),#2355);
#2351 = LINE('',#2352,#2353);
#2352 = CARTESIAN_POINT('',(0.,-0.));
#2353 = VECTOR('',#2354,1.);
#2354 = DIRECTION('',(0.,1.));
#2355 = ( GEOMETRIC_REPRESENTATION_CONTEXT(2) 
PARAMETRIC_REPRESENTATION_CONTEXT() REPRESENTATION_CONTEXT('2D SPACE',''
  ) );
#2356 = ORIENTED_EDGE('',*,*,#1674,.T.);
#2357 = ORIENTED_EDGE('',*,*,#2336,.T.);
#2358 = ADVANCED_FACE('',(#2359),#1722,.F.);
#2359 = FACE_BOUND('',#2360,.F.);
#2360 = EDGE_LOOP('',(#2361,#2385,#2406,#2407));
#2361 = ORIENTED_EDGE('',*,*,#2362,.F.);
#2362 = EDGE_CURVE('',#2363,#2363,#2365,.T.);
#2363 = VERTEX_POINT('',#2364);
#2364 = CARTESIAN_POINT('',(997.,25.,1.1945E+03));
#2365 = SURFACE_CURVE('',#2366,(#2371,#2378),.PCURVE_S1.);
#2366 = CIRCLE('',#2367,5.5);
#2367 = AXIS2_PLACEMENT_3D('',#2368,#2369,#2370);
#2368 = CARTESIAN_POINT('',(997.,25.,1.2E+03));
#2369 = DIRECTION('',(1.,0.,1.110223024625E-16));
#2370 = DIRECTION('',(1.110223024625E-16,0.,-1.));
#2371 = PCURVE('',#1722,#2372);
#2372 = DEFINITIONAL_REPRESENTATION('',(#2373),#2377);
#2373 = LINE('',#2374,#2375);
#2374 = CARTESIAN_POINT('',(0.,26.));
#2375 = VECTOR('',#2376,1.);
#2376 = DIRECTION('',(1.,0.));
#2377 = ( GEOMETRIC_REPRESENTATION_CONTEXT(2) 
PARAMETRIC_REPRESENTATION_CONTEXT() REPRESENTATION_CONTEXT('2D SPACE',''
  ) );
#2378 = PCURVE('',#1922,#2379);
#2379 = DEFINITIONAL_REPRESENTATION('',(#2380),#2384);
#2380 = CIRCLE('',#2381,5.5);
#2381 = AXIS2_PLACEMENT_2D('',#2382,#2383);
#2382 = CARTESIAN_POINT('',(1.2E+03,-25.));
#2383 = DIRECTION('',(-1.,0.));
#2384 = ( GEOMETRIC_REPRESENTATION_CONTEXT(2) 
PARAMETRIC_REPRESENTATION_CONTEXT() REPRESENTATION_CONTEXT('2D SPACE',''
  ) );
#2385 = ORIENTED_EDGE('',*,*,#2386,.F.);
#2386 = EDGE_CURVE('',#1706,#2363,#2387,.T.);
#2387 = SEAM_CURVE('',#2388,(#2392,#2399),.PCURVE_S1.);
#2388 = LINE('',#2389,#2390);
#2389 = CARTESIAN_POINT('',(971.,25.,1.1945E+03));
#2390 = VECTOR('',#2391,1.);
#2391 = DIRECTION('',(1.,0.,1.110223024625E-16));
#2392 = PCURVE('',#1722,#2393);
#2393 = DEFINITIONAL_REPRESENTATION('',(#2394),#2398);
#2394 = LINE('',#2395,#2396);
#2395 = CARTESIAN_POINT('',(6.28318530718,-0.));
#2396 = VECTOR('',#2397,1.);
#2397 = DIRECTION('',(0.,1.));
#2398 = ( GEOMETRIC_REPRESENTATION_CONTEXT(2) 
PARAMETRIC_REPRESENTATION_CONTEXT() REPRESENTATION_CONTEXT('2D SPACE',''
  ) );
#2399 = PCURVE('',#1722,#2400);
#2400 = DEFINITIONAL_REPRESENTATION('',(#2401),#2405);
#2401 = LINE('',#2402,#2403);
#2402 = CARTESIAN_POINT('',(0.,-0.));
#2403 = VECTOR('',#2404,1.);
#2404 = DIRECTION('',(0.,1.));
#2405 = ( GEOMETRIC_REPRESENTATION_CONTEXT(2) 
PARAMETRIC_REPRESENTATION_CONTEXT() REPRESENTATION_CONTEXT('2D SPACE',''
  ) );
#2406 = ORIENTED_EDGE('',*,*,#1705,.T.);
#2407 = ORIENTED_EDGE('',*,*,#2386,.T.);
#2408 = ADVANCED_FACE('',(#2409),#1753,.F.);
#2409 = FACE_BOUND('',#2410,.F.);
#2410 = EDGE_LOOP('',(#2411,#2435,#2456,#2457));
#2411 = ORIENTED_EDGE('',*,*,#2412,.F.);
#2412 = EDGE_CURVE('',#2413,#2413,#2415,.T.);
#2413 = VERTEX_POINT('',#2414);
#2414 = CARTESIAN_POINT('',(997.,25.,1.2945E+03));
#2415 = SURFACE_CURVE('',#2416,(#2421,#2428),.PCURVE_S1.);
#2416 = CIRCLE('',#2417,5.5);
#2417 = AXIS2_PLACEMENT_3D('',#2418,#2419,#2420);
#2418 = CARTESIAN_POINT('',(997.,25.,1.3E+03));
#2419 = DIRECTION('',(1.,0.,1.110223024625E-16));
#2420 = DIRECTION('',(1.110223024625E-16,0.,-1.));
#2421 = PCURVE('',#1753,#2422);
#2422 = DEFINITIONAL_REPRESENTATION('',(#2423),#2427);
#2423 = LINE('',#2424,#2425);
#2424 = CARTESIAN_POINT('',(0.,26.));
#2425 = VECTOR('',#2426,1.);
#2426 = DIRECTION('',(1.,0.));
#2427 = ( GEOMETRIC_REPRESENTATION_CONTEXT(2) 
PARAMETRIC_REPRESENTATION_CONTEXT() REPRESENTATION_CONTEXT('2D SPACE',''
  ) );
#2428 = PCURVE('',#1922,#2429);
#2429 = DEFINITIONAL_REPRESENTATION('',(#2430),#2434);
#2430 = CIRCLE('',#2431,5.5);
#2431 = AXIS2_PLACEMENT_2D('',#2432,#2433);
#2432 = CARTESIAN_POINT('',(1.3E+03,-25.));
#2433 = DIRECTION('',(-1.,0.));
#2434 = ( GEOMETRIC_REPRESENTATION_CONTEXT(2) 
PARAMETRIC_REPRESENTATION_CONTEXT() REPRESENTATION_CONTEXT('2D SPACE',''
  ) );
#2435 = ORIENTED_EDGE('',*,*,#2436,.F.);
#2436 = EDGE_CURVE('',#1737,#2413,#2437,.T.);
#2437 = SEAM_CURVE('',#2438,(#2442,#2449),.PCURVE_S1.);
#2438 = LINE('',#2439,#2440);
#2439 = CARTESIAN_POINT('',(971.,25.,1.2945E+03));
#2440 = VECTOR('',#2441,1.);
#2441 = DIRECTION('',(1.,0.,1.110223024625E-16));
#2442 = PCURVE('',#1753,#2443);
#2443 = DEFINITIONAL_REPRESENTATION('',(#2444),#2448);
#2444 = LINE('',#2445,#2446);
#2445 = CARTESIAN_POINT('',(6.28318530718,-0.));
#2446 = VECTOR('',#2447,1.);
#2447 = DIRECTION('',(0.,1.));
#2448 = ( GEOMETRIC_REPRESENTATION_CONTEXT(2) 
PARAMETRIC_REPRESENTATION_CONTEXT() REPRESENTATION_CONTEXT('2D SPACE',''
  ) );
#2449 = PCURVE('',#1753,#2450);
#2450 = DEFINITIONAL_REPRESENTATION('',(#2451),#2455);
#2451 = LINE('',#2452,#2453);
#2452 = CARTESIAN_POINT('',(0.,-0.));
#2453 = VECTOR('',#2454,1.);
#2454 = DIRECTION('',(0.,1.));
#2455 = ( GEOMETRIC_REPRESENTATION_CONTEXT(2) 
PARAMETRIC_REPRESENTATION_CONTEXT() REPRESENTATION_CONTEXT('2D SPACE',''
  ) );
#2456 = ORIENTED_EDGE('',*,*,#1736,.T.);
#2457 = ORIENTED_EDGE('',*,*,#2436,.T.);
#2458 = ADVANCED_FACE('',(#2459),#1784,.F.);
#2459 = FACE_BOUND('',#2460,.F.);
#2460 = EDGE_LOOP('',(#2461,#2485,#2506,#2507));
#2461 = ORIENTED_EDGE('',*,*,#2462,.F.);
#2462 = EDGE_CURVE('',#2463,#2463,#2465,.T.);
#2463 = VERTEX_POINT('',#2464);
#2464 = CARTESIAN_POINT('',(997.,25.,1.6945E+03));
#2465 = SURFACE_CURVE('',#2466,(#2471,#2478),.PCURVE_S1.);
#2466 = CIRCLE('',#2467,5.5);
#2467 = AXIS2_PLACEMENT_3D('',#2468,#2469,#2470);
#2468 = CARTESIAN_POINT('',(997.,25.,1.7E+03));
#2469 = DIRECTION('',(1.,0.,1.110223024625E-16));
#2470 = DIRECTION('',(1.110223024625E-16,0.,-1.));
#2471 = PCURVE('',#1784,#2472);
#2472 = DEFINITIONAL_REPRESENTATION('',(#2473),#2477);
#2473 = LINE('',#2474,#2475);
#2474 = CARTESIAN_POINT('',(0.,26.));
#2475 = VECTOR('',#2476,1.);
#2476 = DIRECTION('',(1.,0.));
#2477 = ( GEOMETRIC_REPRESENTATION_CONTEXT(2) 
PARAMETRIC_REPRESENTATION_CONTEXT() REPRESENTATION_CONTEXT('2D SPACE',''
  ) );
#2478 = PCURVE('',#1922,#2479);
#2479 = DEFINITIONAL_REPRESENTATION('',(#2480),#2484);
#2480 = CIRCLE('',#2481,5.5);
#2481 = AXIS2_PLACEMENT_2D('',#2482,#2483);
#2482 = CARTESIAN_POINT('',(1.7E+03,-25.));
#2483 = DIRECTION('',(-1.,0.));
#2484 = ( GEOMETRIC_REPRESENTATION_CONTEXT(2) 
PARAMETRIC_REPRESENTATION_CONTEXT() REPRESENTATION_CONTEXT('2D SPACE',''
  ) );
#2485 = ORIENTED_EDGE('',*,*,#2486,.F.);
#2486 = EDGE_CURVE('',#1768,#2463,#2487,.T.);
#2487 = SEAM_CURVE('',#2488,(#2492,#2499),.PCURVE_S1.);
#2488 = LINE('',#2489,#2490);
#2489 = CARTESIAN_POINT('',(971.,25.,1.6945E+03));
#2490 = VECTOR('',#2491,1.);
#2491 = DIRECTION('',(1.,0.,1.110223024625E-16));
#2492 = PCURVE('',#1784,#2493);
#2493 = DEFINITIONAL_REPRESENTATION('',(#2494),#2498);
#2494 = LINE('',#2495,#2496);
#2495 = CARTESIAN_POINT('',(6.28318530718,-0.));
#2496 = VECTOR('',#2497,1.);
#2497 = DIRECTION('',(0.,1.));
#2498 = ( GEOMETRIC_REPRESENTATION_CONTEXT(2) 
PARAMETRIC_REPRESENTATION_CONTEXT() REPRESENTATION_CONTEXT('2D SPACE',''
  ) );
#2499 = PCURVE('',#1784,#2500);
#2500 = DEFINITIONAL_REPRESENTATION('',(#2501),#2505);
#2501 = LINE('',#2502,#2503);
#2502 = CARTESIAN_POINT('',(0.,-0.));
#2503 = VECTOR('',#2504,1.);
#2504 = DIRECTION('',(0.,1.));
#2505 = ( GEOMETRIC_REPRESENTATION_CONTEXT(2) 
PARAMETRIC_REPRESENTATION_CONTEXT() REPRESENTATION_CONTEXT('2D SPACE',''
  ) );
#2506 = ORIENTED_EDGE('',*,*,#1767,.T.);
#2507 = ORIENTED_EDGE('',*,*,#2486,.T.);
#2508 = ADVANCED_FACE('',(#2509),#1815,.F.);
#2509 = FACE_BOUND('',#2510,.F.);
#2510 = EDGE_LOOP('',(#2511,#2535,#2556,#2557));
#2511 = ORIENTED_EDGE('',*,*,#2512,.F.);
#2512 = EDGE_CURVE('',#2513,#2513,#2515,.T.);
#2513 = VERTEX_POINT('',#2514);
#2514 = CARTESIAN_POINT('',(997.,25.,1.7945E+03));
#2515 = SURFACE_CURVE('',#2516,(#2521,#2528),.PCURVE_S1.);
#2516 = CIRCLE('',#2517,5.5);
#2517 = AXIS2_PLACEMENT_3D('',#2518,#2519,#2520);
#2518 = CARTESIAN_POINT('',(997.,25.,1.8E+03));
#2519 = DIRECTION('',(1.,0.,1.110223024625E-16));
#2520 = DIRECTION('',(1.110223024625E-16,0.,-1.));
#2521 = PCURVE('',#1815,#2522);
#2522 = DEFINITIONAL_REPRESENTATION('',(#2523),#2527);
#2523 = LINE('',#2524,#2525);
#2524 = CARTESIAN_POINT('',(0.,26.));
#2525 = VECTOR('',#2526,1.);
#2526 = DIRECTION('',(1.,0.));
#2527 = ( GEOMETRIC_REPRESENTATION_CONTEXT(2) 
PARAMETRIC_REPRESENTATION_CONTEXT() REPRESENTATION_CONTEXT('2D SPACE',''
  ) );
#2528 = PCURVE('',#1922,#2529);
#2529 = DEFINITIONAL_REPRESENTATION('',(#2530),#2534);
#2530 = CIRCLE('',#2531,5.5);
#2531 = AXIS2_PLACEMENT_2D('',#2532,#2533);
#2532 = CARTESIAN_POINT('',(1.8E+03,-25.));
#2533 = DIRECTION('',(-1.,0.));
#2534 = ( GEOMETRIC_REPRESENTATION_CONTEXT(2) 
PARAMETRIC_REPRESENTATION_CONTEXT() REPRESENTATION_CONTEXT('2D SPACE',''
  ) );
#2535 = ORIENTED_EDGE('',*,*,#2536,.F.);
#2536 = EDGE_CURVE('',#1799,#2513,#2537,.T.);
#2537 = SEAM_CURVE('',#2538,(#2542,#2549),.PCURVE_S1.);
#2538 = LINE('',#2539,#2540);
#2539 = CARTESIAN_POINT('',(971.,25.,1.7945E+03));
#2540 = VECTOR('',#2541,1.);
#2541 = DIRECTION('',(1.,0.,1.110223024625E-16));
#2542 = PCURVE('',#1815,#2543);
#2543 = DEFINITIONAL_REPRESENTATION('',(#2544),#2548);
#2544 = LINE('',#2545,#2546);
#2545 = CARTESIAN_POINT('',(6.28318530718,-0.));
#2546 = VECTOR('',#2547,1.);
#2547 = DIRECTION('',(0.,1.));
#2548 = ( GEOMETRIC_REPRESENTATION_CONTEXT(2) 
PARAMETRIC_REPRESENTATION_CONTEXT() REPRESENTATION_CONTEXT('2D SPACE',''
  ) );
#2549 = PCURVE('',#1815,#2550);
#2550 = DEFINITIONAL_REPRESENTATION('',(#2551),#2555);
#2551 = LINE('',#2552,#2553);
#2552 = CARTESIAN_POINT('',(0.,-0.));
#2553 = VECTOR('',#2554,1.);
#2554 = DIRECTION('',(0.,1.));
#2555 = ( GEOMETRIC_REPRESENTATION_CONTEXT(2) 
PARAMETRIC_REPRESENTATION_CONTEXT() REPRESENTATION_CONTEXT('2D SPACE',''
  ) );
#2556 = ORIENTED_EDGE('',*,*,#1798,.T.);
#2557 = ORIENTED_EDGE('',*,*,#2536,.T.);
#2558 = ADVANCED_FACE('',(#2559),#1846,.F.);
#2559 = FACE_BOUND('',#2560,.F.);
#2560 = EDGE_LOOP('',(#2561,#2585,#2606,#2607));
#2561 = ORIENTED_EDGE('',*,*,#2562,.F.);
#2562 = EDGE_CURVE('',#2563,#2563,#2565,.T.);
#2563 = VERTEX_POINT('',#2564);
#2564 = CARTESIAN_POINT('',(997.,25.,1.8945E+03));
#2565 = SURFACE_CURVE('',#2566,(#2571,#2578),.PCURVE_S1.);
#2566 = CIRCLE('',#2567,5.5);
#2567 = AXIS2_PLACEMENT_3D('',#2568,#2569,#2570);
#2568 = CARTESIAN_POINT('',(997.,25.,1.9E+03));
#2569 = DIRECTION('',(1.,0.,1.110223024625E-16));
#2570 = DIRECTION('',(1.110223024625E-16,0.,-1.));
#2571 = PCURVE('',#1846,#2572);
#2572 = DEFINITIONAL_REPRESENTATION('',(#2573),#2577);
#2573 = LINE('',#2574,#2575);
#2574 = CARTESIAN_POINT('',(0.,26.));
#2575 = VECTOR('',#2576,1.);
#2576 = DIRECTION('',(1.,0.));
#2577 = ( GEOMETRIC_REPRESENTATION_CONTEXT(2) 
PARAMETRIC_REPRESENTATION_CONTEXT() REPRESENTATION_CONTEXT('2D SPACE',''
  ) );
#2578 = PCURVE('',#1922,#2579);
#2579 = DEFINITIONAL_REPRESENTATION('',(#2580),#2584);
#2580 = CIRCLE('',#2581,5.5);
#2581 = AXIS2_PLACEMENT_2D('',#2582,#2583);
#2582 = CARTESIAN_POINT('',(1.9E+03,-25.));
#2583 = DIRECTION('',(-1.,0.));
#2584 = ( GEOMETRIC_REPRESENTATION_CONTEXT(2) 
PARAMETRIC_REPRESENTATION_CONTEXT() REPRESENTATION_CONTEXT('2D SPACE',''
  ) );
#2585 = ORIENTED_EDGE('',*,*,#2586,.F.);
#2586 = EDGE_CURVE('',#1830,#2563,#2587,.T.);
#2587 = SEAM_CURVE('',#2588,(#2592,#2599),.PCURVE_S1.);
#2588 = LINE('',#2589,#2590);
#2589 = CARTESIAN_POINT('',(971.,25.,1.8945E+03));
#2590 = VECTOR('',#2591,1.);
#2591 = DIRECTION('',(1.,0.,1.110223024625E-16));
#2592 = PCURVE('',#1846,#2593);
#2593 = DEFINITIONAL_REPRESENTATION('',(#2594),#2598);
#2594 = LINE('',#2595,#2596);
#2595 = CARTESIAN_POINT('',(6.28318530718,-0.));
#2596 = VECTOR('',#2597,1.);
#2597 = DIRECTION('',(0.,1.));
#2598 = ( GEOMETRIC_REPRESENTATION_CONTEXT(2) 
PARAMETRIC_REPRESENTATION_CONTEXT() REPRESENTATION_CONTEXT('2D SPACE',''
  ) );
#2599 = PCURVE('',#1846,#2600);
#2600 = DEFINITIONAL_REPRESENTATION('',(#2601),#2605);
#2601 = LINE('',#2602,#2603);
#2602 = CARTESIAN_POINT('',(0.,-0.));
#2603 = VECTOR('',#2604,1.);
#2604 = DIRECTION('',(0.,1.));
#2605 = ( GEOMETRIC_REPRESENTATION_CONTEXT(2) 
PARAMETRIC_REPRESENTATION_CONTEXT() REPRESENTATION_CONTEXT('2D SPACE',''
  ) );
#2606 = ORIENTED_EDGE('',*,*,#1829,.T.);
#2607 = ORIENTED_EDGE('',*,*,#2586,.T.);
#2608 = ADVANCED_FACE('',(#2609,#2615,#2618,#2621,#2624,#2627,#2630,
    #2633,#2636,#2639,#2642,#2645),#1922,.T.);
#2609 = FACE_BOUND('',#2610,.T.);
#2610 = EDGE_LOOP('',(#2611,#2612,#2613,#2614));
#2611 = ORIENTED_EDGE('',*,*,#1908,.F.);
#2612 = ORIENTED_EDGE('',*,*,#1988,.T.);
#2613 = ORIENTED_EDGE('',*,*,#2038,.T.);
#2614 = ORIENTED_EDGE('',*,*,#1939,.F.);
#2615 = FACE_BOUND('',#2616,.T.);
#2616 = EDGE_LOOP('',(#2617));
#2617 = ORIENTED_EDGE('',*,*,#2062,.F.);
#2618 = FACE_BOUND('',#2619,.T.);
#2619 = EDGE_LOOP('',(#2620));
#2620 = ORIENTED_EDGE('',*,*,#2112,.F.);
#2621 = FACE_BOUND('',#2622,.T.);
#2622 = EDGE_LOOP('',(#2623));
#2623 = ORIENTED_EDGE('',*,*,#2162,.F.);
#2624 = FACE_BOUND('',#2625,.T.);
#2625 = EDGE_LOOP('',(#2626));
#2626 = ORIENTED_EDGE('',*,*,#2212,.F.);
#2627 = FACE_BOUND('',#2628,.T.);
#2628 = EDGE_LOOP('',(#2629));
#2629 = ORIENTED_EDGE('',*,*,#2262,.F.);
#2630 = FACE_BOUND('',#2631,.T.);
#2631 = EDGE_LOOP('',(#2632));
#2632 = ORIENTED_EDGE('',*,*,#2312,.F.);
#2633 = FACE_BOUND('',#2634,.T.);
#2634 = EDGE_LOOP('',(#2635));
#2635 = ORIENTED_EDGE('',*,*,#2362,.F.);
#2636 = FACE_BOUND('',#2637,.T.);
#2637 = EDGE_LOOP('',(#2638));
#2638 = ORIENTED_EDGE('',*,*,#2412,.F.);
#2639 = FACE_BOUND('',#2640,.T.);
#2640 = EDGE_LOOP('',(#2641));
#2641 = ORIENTED_EDGE('',*,*,#2462,.F.);
#2642 = FACE_BOUND('',#2643,.T.);
#2643 = EDGE_LOOP('',(#2644));
#2644 = ORIENTED_EDGE('',*,*,#2512,.F.);
#2645 = FACE_BOUND('',#2646,.T.);
#2646 = EDGE_LOOP('',(#2647));
#2647 = ORIENTED_EDGE('',*,*,#2562,.F.);
#2648 = ( GEOMETRIC_REPRESENTATION_CONTEXT(3) 
GLOBAL_UNCERTAINTY_ASSIGNED_CONTEXT((#2652)) 
GLOBAL_UNIT_ASSIGNED_CONTEXT((#2649,#2650,#2651)) REPRESENTATION_CONTEXT
('Context #1','3D Context with UNIT and UNCERTAINTY') );
#2649 = ( LENGTH_UNIT() NAMED_UNIT(*) SI_UNIT(.MILLI.,.METRE.) );
#2650 = ( NAMED_UNIT(*) PLANE_ANGLE_UNIT() SI_UNIT($,.RADIAN.) );
#2651 = ( NAMED_UNIT(*) SI_UNIT($,.STERADIAN.) SOLID_ANGLE_UNIT() );
#2652 = UNCERTAINTY_MEASURE_WITH_UNIT(LENGTH_MEASURE(1.E-07),#2649,
  'distance_accuracy_value','confusion accuracy');
#2653 = CONTEXT_DEPENDENT_SHAPE_REPRESENTATION(#2654,#2656);
#2654 = ( REPRESENTATION_RELATIONSHIP('','',#1393,#10) 
REPRESENTATION_RELATIONSHIP_WITH_TRANSFORMATION(#2655) 
SHAPE_REPRESENTATION_RELATIONSHIP() );
#2655 = ITEM_DEFINED_TRANSFORMATION('','',#11,#19);
#2656 = PRODUCT_DEFINITION_SHAPE('Placement','Placement of an item',
  #2657);
#2657 = NEXT_ASSEMBLY_USAGE_OCCURRENCE('825',
  '\X2\04410442043E0439043A0430\X0\_\X2\0449043804420430\X0\_25\X2\0445\X0\50\X2\0445\X0\2400','',#5,
  #1388,$);
#2658 = PRODUCT_RELATED_PRODUCT_CATEGORY('part',$,(#1390));
#2659 = SHAPE_DEFINITION_REPRESENTATION(#2660,#2666);
#2660 = PRODUCT_DEFINITION_SHAPE('','',#2661);
#2661 = PRODUCT_DEFINITION('design','',#2662,#2665);
#2662 = PRODUCT_DEFINITION_FORMATION('','',#2663);
#2663 = PRODUCT('\X2\043F043504400435043C044B0447043A0430\X0\_25\X2\0445\X0\50\X2\0445\X0\947',
  '\X2\043F043504400435043C044B0447043A0430\X0\_25\X2\0445\X0\50\X2\0445\X0\947','',(#2664));
#2664 = PRODUCT_CONTEXT('',#2,'mechanical');
#2665 = PRODUCT_DEFINITION_CONTEXT('part definition',#2,'design');
#2666 = ADVANCED_BREP_SHAPE_REPRESENTATION('',(#11,#2667),#2997);
#2667 = MANIFOLD_SOLID_BREP('',#2668);
#2668 = CLOSED_SHELL('',(#2669,#2789,#2889,#2936,#2983,#2990));
#2669 = ADVANCED_FACE('',(#2670),#2684,.F.);
#2670 = FACE_BOUND('',#2671,.F.);
#2671 = EDGE_LOOP('',(#2672,#2707,#2735,#2763));
#2672 = ORIENTED_EDGE('',*,*,#2673,.F.);
#2673 = EDGE_CURVE('',#2674,#2676,#2678,.T.);
#2674 = VERTEX_POINT('',#2675);
#2675 = CARTESIAN_POINT('',(0.,0.,0.));
#2676 = VERTEX_POINT('',#2677);
#2677 = CARTESIAN_POINT('',(0.,0.,25.));
#2678 = SURFACE_CURVE('',#2679,(#2683,#2695),.PCURVE_S1.);
#2679 = LINE('',#2680,#2681);
#2680 = CARTESIAN_POINT('',(0.,0.,0.));
#2681 = VECTOR('',#2682,1.);
#2682 = DIRECTION('',(0.,0.,1.));
#2683 = PCURVE('',#2684,#2689);
#2684 = PLANE('',#2685);
#2685 = AXIS2_PLACEMENT_3D('',#2686,#2687,#2688);
#2686 = CARTESIAN_POINT('',(0.,0.,0.));
#2687 = DIRECTION('',(1.,0.,-0.));
#2688 = DIRECTION('',(0.,0.,1.));
#2689 = DEFINITIONAL_REPRESENTATION('',(#2690),#2694);
#2690 = LINE('',#2691,#2692);
#2691 = CARTESIAN_POINT('',(0.,0.));
#2692 = VECTOR('',#2693,1.);
#2693 = DIRECTION('',(1.,0.));
#2694 = ( GEOMETRIC_REPRESENTATION_CONTEXT(2) 
PARAMETRIC_REPRESENTATION_CONTEXT() REPRESENTATION_CONTEXT('2D SPACE',''
  ) );
#2695 = PCURVE('',#2696,#2701);
#2696 = PLANE('',#2697);
#2697 = AXIS2_PLACEMENT_3D('',#2698,#2699,#2700);
#2698 = CARTESIAN_POINT('',(0.,0.,0.));
#2699 = DIRECTION('',(-0.,1.,0.));
#2700 = DIRECTION('',(0.,0.,1.));
#2701 = DEFINITIONAL_REPRESENTATION('',(#2702),#2706);
#2702 = LINE('',#2703,#2704);
#2703 = CARTESIAN_POINT('',(0.,0.));
#2704 = VECTOR('',#2705,1.);
#2705 = DIRECTION('',(1.,0.));
#2706 = ( GEOMETRIC_REPRESENTATION_CONTEXT(2) 
PARAMETRIC_REPRESENTATION_CONTEXT() REPRESENTATION_CONTEXT('2D SPACE',''
  ) );
#2707 = ORIENTED_EDGE('',*,*,#2708,.T.);
#2708 = EDGE_CURVE('',#2674,#2709,#2711,.T.);
#2709 = VERTEX_POINT('',#2710);
#2710 = CARTESIAN_POINT('',(0.,50.,0.));
#2711 = SURFACE_CURVE('',#2712,(#2716,#2723),.PCURVE_S1.);
#2712 = LINE('',#2713,#2714);
#2713 = CARTESIAN_POINT('',(0.,0.,0.));
#2714 = VECTOR('',#2715,1.);
#2715 = DIRECTION('',(-0.,1.,0.));
#2716 = PCURVE('',#2684,#2717);
#2717 = DEFINITIONAL_REPRESENTATION('',(#2718),#2722);
#2718 = LINE('',#2719,#2720);
#2719 = CARTESIAN_POINT('',(0.,0.));
#2720 = VECTOR('',#2721,1.);
#2721 = DIRECTION('',(0.,-1.));
#2722 = ( GEOMETRIC_REPRESENTATION_CONTEXT(2) 
PARAMETRIC_REPRESENTATION_CONTEXT() REPRESENTATION_CONTEXT('2D SPACE',''
  ) );
#2723 = PCURVE('',#2724,#2729);
#2724 = PLANE('',#2725);
#2725 = AXIS2_PLACEMENT_3D('',#2726,#2727,#2728);
#2726 = CARTESIAN_POINT('',(0.,0.,0.));
#2727 = DIRECTION('',(0.,0.,1.));
#2728 = DIRECTION('',(1.,0.,-0.));
#2729 = DEFINITIONAL_REPRESENTATION('',(#2730),#2734);
#2730 = LINE('',#2731,#2732);
#2731 = CARTESIAN_POINT('',(0.,0.));
#2732 = VECTOR('',#2733,1.);
#2733 = DIRECTION('',(0.,1.));
#2734 = ( GEOMETRIC_REPRESENTATION_CONTEXT(2) 
PARAMETRIC_REPRESENTATION_CONTEXT() REPRESENTATION_CONTEXT('2D SPACE',''
  ) );
#2735 = ORIENTED_EDGE('',*,*,#2736,.T.);
#2736 = EDGE_CURVE('',#2709,#2737,#2739,.T.);
#2737 = VERTEX_POINT('',#2738);
#2738 = CARTESIAN_POINT('',(0.,50.,25.));
#2739 = SURFACE_CURVE('',#2740,(#2744,#2751),.PCURVE_S1.);
#2740 = LINE('',#2741,#2742);
#2741 = CARTESIAN_POINT('',(0.,50.,0.));
#2742 = VECTOR('',#2743,1.);
#2743 = DIRECTION('',(0.,0.,1.));
#2744 = PCURVE('',#2684,#2745);
#2745 = DEFINITIONAL_REPRESENTATION('',(#2746),#2750);
#2746 = LINE('',#2747,#2748);
#2747 = CARTESIAN_POINT('',(0.,-50.));
#2748 = VECTOR('',#2749,1.);
#2749 = DIRECTION('',(1.,0.));
#2750 = ( GEOMETRIC_REPRESENTATION_CONTEXT(2) 
PARAMETRIC_REPRESENTATION_CONTEXT() REPRESENTATION_CONTEXT('2D SPACE',''
  ) );
#2751 = PCURVE('',#2752,#2757);
#2752 = PLANE('',#2753);
#2753 = AXIS2_PLACEMENT_3D('',#2754,#2755,#2756);
#2754 = CARTESIAN_POINT('',(0.,50.,0.));
#2755 = DIRECTION('',(-0.,1.,0.));
#2756 = DIRECTION('',(0.,0.,1.));
#2757 = DEFINITIONAL_REPRESENTATION('',(#2758),#2762);
#2758 = LINE('',#2759,#2760);
#2759 = CARTESIAN_POINT('',(0.,0.));
#2760 = VECTOR('',#2761,1.);
#2761 = DIRECTION('',(1.,0.));
#2762 = ( GEOMETRIC_REPRESENTATION_CONTEXT(2) 
PARAMETRIC_REPRESENTATION_CONTEXT() REPRESENTATION_CONTEXT('2D SPACE',''
  ) );
#2763 = ORIENTED_EDGE('',*,*,#2764,.F.);
#2764 = EDGE_CURVE('',#2676,#2737,#2765,.T.);
#2765 = SURFACE_CURVE('',#2766,(#2770,#2777),.PCURVE_S1.);
#2766 = LINE('',#2767,#2768);
#2767 = CARTESIAN_POINT('',(0.,0.,25.));
#2768 = VECTOR('',#2769,1.);
#2769 = DIRECTION('',(-0.,1.,0.));
#2770 = PCURVE('',#2684,#2771);
#2771 = DEFINITIONAL_REPRESENTATION('',(#2772),#2776);
#2772 = LINE('',#2773,#2774);
#2773 = CARTESIAN_POINT('',(25.,0.));
#2774 = VECTOR('',#2775,1.);
#2775 = DIRECTION('',(0.,-1.));
#2776 = ( GEOMETRIC_REPRESENTATION_CONTEXT(2) 
PARAMETRIC_REPRESENTATION_CONTEXT() REPRESENTATION_CONTEXT('2D SPACE',''
  ) );
#2777 = PCURVE('',#2778,#2783);
#2778 = PLANE('',#2779);
#2779 = AXIS2_PLACEMENT_3D('',#2780,#2781,#2782);
#2780 = CARTESIAN_POINT('',(0.,0.,25.));
#2781 = DIRECTION('',(0.,0.,1.));
#2782 = DIRECTION('',(1.,0.,-0.));
#2783 = DEFINITIONAL_REPRESENTATION('',(#2784),#2788);
#2784 = LINE('',#2785,#2786);
#2785 = CARTESIAN_POINT('',(0.,0.));
#2786 = VECTOR('',#2787,1.);
#2787 = DIRECTION('',(0.,1.));
#2788 = ( GEOMETRIC_REPRESENTATION_CONTEXT(2) 
PARAMETRIC_REPRESENTATION_CONTEXT() REPRESENTATION_CONTEXT('2D SPACE',''
  ) );
#2789 = ADVANCED_FACE('',(#2790),#2804,.T.);
#2790 = FACE_BOUND('',#2791,.T.);
#2791 = EDGE_LOOP('',(#2792,#2822,#2845,#2868));
#2792 = ORIENTED_EDGE('',*,*,#2793,.F.);
#2793 = EDGE_CURVE('',#2794,#2796,#2798,.T.);
#2794 = VERTEX_POINT('',#2795);
#2795 = CARTESIAN_POINT('',(947.,0.,0.));
#2796 = VERTEX_POINT('',#2797);
#2797 = CARTESIAN_POINT('',(947.,0.,25.));
#2798 = SURFACE_CURVE('',#2799,(#2803,#2815),.PCURVE_S1.);
#2799 = LINE('',#2800,#2801);
#2800 = CARTESIAN_POINT('',(947.,0.,0.));
#2801 = VECTOR('',#2802,1.);
#2802 = DIRECTION('',(0.,0.,1.));
#2803 = PCURVE('',#2804,#2809);
#2804 = PLANE('',#2805);
#2805 = AXIS2_PLACEMENT_3D('',#2806,#2807,#2808);
#2806 = CARTESIAN_POINT('',(947.,0.,0.));
#2807 = DIRECTION('',(1.,0.,-0.));
#2808 = DIRECTION('',(0.,0.,1.));
#2809 = DEFINITIONAL_REPRESENTATION('',(#2810),#2814);
#2810 = LINE('',#2811,#2812);
#2811 = CARTESIAN_POINT('',(0.,0.));
#2812 = VECTOR('',#2813,1.);
#2813 = DIRECTION('',(1.,0.));
#2814 = ( GEOMETRIC_REPRESENTATION_CONTEXT(2) 
PARAMETRIC_REPRESENTATION_CONTEXT() REPRESENTATION_CONTEXT('2D SPACE',''
  ) );
#2815 = PCURVE('',#2696,#2816);
#2816 = DEFINITIONAL_REPRESENTATION('',(#2817),#2821);
#2817 = LINE('',#2818,#2819);
#2818 = CARTESIAN_POINT('',(0.,947.));
#2819 = VECTOR('',#2820,1.);
#2820 = DIRECTION('',(1.,0.));
#2821 = ( GEOMETRIC_REPRESENTATION_CONTEXT(2) 
PARAMETRIC_REPRESENTATION_CONTEXT() REPRESENTATION_CONTEXT('2D SPACE',''
  ) );
#2822 = ORIENTED_EDGE('',*,*,#2823,.T.);
#2823 = EDGE_CURVE('',#2794,#2824,#2826,.T.);
#2824 = VERTEX_POINT('',#2825);
#2825 = CARTESIAN_POINT('',(947.,50.,0.));
#2826 = SURFACE_CURVE('',#2827,(#2831,#2838),.PCURVE_S1.);
#2827 = LINE('',#2828,#2829);
#2828 = CARTESIAN_POINT('',(947.,0.,0.));
#2829 = VECTOR('',#2830,1.);
#2830 = DIRECTION('',(-0.,1.,0.));
#2831 = PCURVE('',#2804,#2832);
#2832 = DEFINITIONAL_REPRESENTATION('',(#2833),#2837);
#2833 = LINE('',#2834,#2835);
#2834 = CARTESIAN_POINT('',(0.,0.));
#2835 = VECTOR('',#2836,1.);
#2836 = DIRECTION('',(0.,-1.));
#2837 = ( GEOMETRIC_REPRESENTATION_CONTEXT(2) 
PARAMETRIC_REPRESENTATION_CONTEXT() REPRESENTATION_CONTEXT('2D SPACE',''
  ) );
#2838 = PCURVE('',#2724,#2839);
#2839 = DEFINITIONAL_REPRESENTATION('',(#2840),#2844);
#2840 = LINE('',#2841,#2842);
#2841 = CARTESIAN_POINT('',(947.,0.));
#2842 = VECTOR('',#2843,1.);
#2843 = DIRECTION('',(0.,1.));
#2844 = ( GEOMETRIC_REPRESENTATION_CONTEXT(2) 
PARAMETRIC_REPRESENTATION_CONTEXT() REPRESENTATION_CONTEXT('2D SPACE',''
  ) );
#2845 = ORIENTED_EDGE('',*,*,#2846,.T.);
#2846 = EDGE_CURVE('',#2824,#2847,#2849,.T.);
#2847 = VERTEX_POINT('',#2848);
#2848 = CARTESIAN_POINT('',(947.,50.,25.));
#2849 = SURFACE_CURVE('',#2850,(#2854,#2861),.PCURVE_S1.);
#2850 = LINE('',#2851,#2852);
#2851 = CARTESIAN_POINT('',(947.,50.,0.));
#2852 = VECTOR('',#2853,1.);
#2853 = DIRECTION('',(0.,0.,1.));
#2854 = PCURVE('',#2804,#2855);
#2855 = DEFINITIONAL_REPRESENTATION('',(#2856),#2860);
#2856 = LINE('',#2857,#2858);
#2857 = CARTESIAN_POINT('',(0.,-50.));
#2858 = VECTOR('',#2859,1.);
#2859 = DIRECTION('',(1.,0.));
#2860 = ( GEOMETRIC_REPRESENTATION_CONTEXT(2) 
PARAMETRIC_REPRESENTATION_CONTEXT() REPRESENTATION_CONTEXT('2D SPACE',''
  ) );
#2861 = PCURVE('',#2752,#2862);
#2862 = DEFINITIONAL_REPRESENTATION('',(#2863),#2867);
#2863 = LINE('',#2864,#2865);
#2864 = CARTESIAN_POINT('',(0.,947.));
#2865 = VECTOR('',#2866,1.);
#2866 = DIRECTION('',(1.,0.));
#2867 = ( GEOMETRIC_REPRESENTATION_CONTEXT(2) 
PARAMETRIC_REPRESENTATION_CONTEXT() REPRESENTATION_CONTEXT('2D SPACE',''
  ) );
#2868 = ORIENTED_EDGE('',*,*,#2869,.F.);
#2869 = EDGE_CURVE('',#2796,#2847,#2870,.T.);
#2870 = SURFACE_CURVE('',#2871,(#2875,#2882),.PCURVE_S1.);
#2871 = LINE('',#2872,#2873);
#2872 = CARTESIAN_POINT('',(947.,0.,25.));
#2873 = VECTOR('',#2874,1.);
#2874 = DIRECTION('',(-0.,1.,0.));
#2875 = PCURVE('',#2804,#2876);
#2876 = DEFINITIONAL_REPRESENTATION('',(#2877),#2881);
#2877 = LINE('',#2878,#2879);
#2878 = CARTESIAN_POINT('',(25.,0.));
#2879 = VECTOR('',#2880,1.);
#2880 = DIRECTION('',(0.,-1.));
#2881 = ( GEOMETRIC_REPRESENTATION_CONTEXT(2) 
PARAMETRIC_REPRESENTATION_CONTEXT() REPRESENTATION_CONTEXT('2D SPACE',''
  ) );
#2882 = PCURVE('',#2778,#2883);
#2883 = DEFINITIONAL_REPRESENTATION('',(#2884),#2888);
#2884 = LINE('',#2885,#2886);
#2885 = CARTESIAN_POINT('',(947.,0.));
#2886 = VECTOR('',#2887,1.);
#2887 = DIRECTION('',(0.,1.));
#2888 = ( GEOMETRIC_REPRESENTATION_CONTEXT(2) 
PARAMETRIC_REPRESENTATION_CONTEXT() REPRESENTATION_CONTEXT('2D SPACE',''
  ) );
#2889 = ADVANCED_FACE('',(#2890),#2696,.F.);
#2890 = FACE_BOUND('',#2891,.F.);
#2891 = EDGE_LOOP('',(#2892,#2913,#2914,#2935));
#2892 = ORIENTED_EDGE('',*,*,#2893,.F.);
#2893 = EDGE_CURVE('',#2674,#2794,#2894,.T.);
#2894 = SURFACE_CURVE('',#2895,(#2899,#2906),.PCURVE_S1.);
#2895 = LINE('',#2896,#2897);
#2896 = CARTESIAN_POINT('',(0.,0.,0.));
#2897 = VECTOR('',#2898,1.);
#2898 = DIRECTION('',(1.,0.,-0.));
#2899 = PCURVE('',#2696,#2900);
#2900 = DEFINITIONAL_REPRESENTATION('',(#2901),#2905);
#2901 = LINE('',#2902,#2903);
#2902 = CARTESIAN_POINT('',(0.,0.));
#2903 = VECTOR('',#2904,1.);
#2904 = DIRECTION('',(0.,1.));
#2905 = ( GEOMETRIC_REPRESENTATION_CONTEXT(2) 
PARAMETRIC_REPRESENTATION_CONTEXT() REPRESENTATION_CONTEXT('2D SPACE',''
  ) );
#2906 = PCURVE('',#2724,#2907);
#2907 = DEFINITIONAL_REPRESENTATION('',(#2908),#2912);
#2908 = LINE('',#2909,#2910);
#2909 = CARTESIAN_POINT('',(0.,0.));
#2910 = VECTOR('',#2911,1.);
#2911 = DIRECTION('',(1.,0.));
#2912 = ( GEOMETRIC_REPRESENTATION_CONTEXT(2) 
PARAMETRIC_REPRESENTATION_CONTEXT() REPRESENTATION_CONTEXT('2D SPACE',''
  ) );
#2913 = ORIENTED_EDGE('',*,*,#2673,.T.);
#2914 = ORIENTED_EDGE('',*,*,#2915,.T.);
#2915 = EDGE_CURVE('',#2676,#2796,#2916,.T.);
#2916 = SURFACE_CURVE('',#2917,(#2921,#2928),.PCURVE_S1.);
#2917 = LINE('',#2918,#2919);
#2918 = CARTESIAN_POINT('',(0.,0.,25.));
#2919 = VECTOR('',#2920,1.);
#2920 = DIRECTION('',(1.,0.,-0.));
#2921 = PCURVE('',#2696,#2922);
#2922 = DEFINITIONAL_REPRESENTATION('',(#2923),#2927);
#2923 = LINE('',#2924,#2925);
#2924 = CARTESIAN_POINT('',(25.,0.));
#2925 = VECTOR('',#2926,1.);
#2926 = DIRECTION('',(0.,1.));
#2927 = ( GEOMETRIC_REPRESENTATION_CONTEXT(2) 
PARAMETRIC_REPRESENTATION_CONTEXT() REPRESENTATION_CONTEXT('2D SPACE',''
  ) );
#2928 = PCURVE('',#2778,#2929);
#2929 = DEFINITIONAL_REPRESENTATION('',(#2930),#2934);
#2930 = LINE('',#2931,#2932);
#2931 = CARTESIAN_POINT('',(0.,0.));
#2932 = VECTOR('',#2933,1.);
#2933 = DIRECTION('',(1.,0.));
#2934 = ( GEOMETRIC_REPRESENTATION_CONTEXT(2) 
PARAMETRIC_REPRESENTATION_CONTEXT() REPRESENTATION_CONTEXT('2D SPACE',''
  ) );
#2935 = ORIENTED_EDGE('',*,*,#2793,.F.);
#2936 = ADVANCED_FACE('',(#2937),#2752,.T.);
#2937 = FACE_BOUND('',#2938,.T.);
#2938 = EDGE_LOOP('',(#2939,#2960,#2961,#2982));
#2939 = ORIENTED_EDGE('',*,*,#2940,.F.);
#2940 = EDGE_CURVE('',#2709,#2824,#2941,.T.);
#2941 = SURFACE_CURVE('',#2942,(#2946,#2953),.PCURVE_S1.);
#2942 = LINE('',#2943,#2944);
#2943 = CARTESIAN_POINT('',(0.,50.,0.));
#2944 = VECTOR('',#2945,1.);
#2945 = DIRECTION('',(1.,0.,-0.));
#2946 = PCURVE('',#2752,#2947);
#2947 = DEFINITIONAL_REPRESENTATION('',(#2948),#2952);
#2948 = LINE('',#2949,#2950);
#2949 = CARTESIAN_POINT('',(0.,0.));
#2950 = VECTOR('',#2951,1.);
#2951 = DIRECTION('',(0.,1.));
#2952 = ( GEOMETRIC_REPRESENTATION_CONTEXT(2) 
PARAMETRIC_REPRESENTATION_CONTEXT() REPRESENTATION_CONTEXT('2D SPACE',''
  ) );
#2953 = PCURVE('',#2724,#2954);
#2954 = DEFINITIONAL_REPRESENTATION('',(#2955),#2959);
#2955 = LINE('',#2956,#2957);
#2956 = CARTESIAN_POINT('',(0.,50.));
#2957 = VECTOR('',#2958,1.);
#2958 = DIRECTION('',(1.,0.));
#2959 = ( GEOMETRIC_REPRESENTATION_CONTEXT(2) 
PARAMETRIC_REPRESENTATION_CONTEXT() REPRESENTATION_CONTEXT('2D SPACE',''
  ) );
#2960 = ORIENTED_EDGE('',*,*,#2736,.T.);
#2961 = ORIENTED_EDGE('',*,*,#2962,.T.);
#2962 = EDGE_CURVE('',#2737,#2847,#2963,.T.);
#2963 = SURFACE_CURVE('',#2964,(#2968,#2975),.PCURVE_S1.);
#2964 = LINE('',#2965,#2966);
#2965 = CARTESIAN_POINT('',(0.,50.,25.));
#2966 = VECTOR('',#2967,1.);
#2967 = DIRECTION('',(1.,0.,-0.));
#2968 = PCURVE('',#2752,#2969);
#2969 = DEFINITIONAL_REPRESENTATION('',(#2970),#2974);
#2970 = LINE('',#2971,#2972);
#2971 = CARTESIAN_POINT('',(25.,0.));
#2972 = VECTOR('',#2973,1.);
#2973 = DIRECTION('',(0.,1.));
#2974 = ( GEOMETRIC_REPRESENTATION_CONTEXT(2) 
PARAMETRIC_REPRESENTATION_CONTEXT() REPRESENTATION_CONTEXT('2D SPACE',''
  ) );
#2975 = PCURVE('',#2778,#2976);
#2976 = DEFINITIONAL_REPRESENTATION('',(#2977),#2981);
#2977 = LINE('',#2978,#2979);
#2978 = CARTESIAN_POINT('',(0.,50.));
#2979 = VECTOR('',#2980,1.);
#2980 = DIRECTION('',(1.,0.));
#2981 = ( GEOMETRIC_REPRESENTATION_CONTEXT(2) 
PARAMETRIC_REPRESENTATION_CONTEXT() REPRESENTATION_CONTEXT('2D SPACE',''
  ) );
#2982 = ORIENTED_EDGE('',*,*,#2846,.F.);
#2983 = ADVANCED_FACE('',(#2984),#2724,.F.);
#2984 = FACE_BOUND('',#2985,.F.);
#2985 = EDGE_LOOP('',(#2986,#2987,#2988,#2989));
#2986 = ORIENTED_EDGE('',*,*,#2708,.F.);
#2987 = ORIENTED_EDGE('',*,*,#2893,.T.);
#2988 = ORIENTED_EDGE('',*,*,#2823,.T.);
#2989 = ORIENTED_EDGE('',*,*,#2940,.F.);
#2990 = ADVANCED_FACE('',(#2991),#2778,.T.);
#2991 = FACE_BOUND('',#2992,.T.);
#2992 = EDGE_LOOP('',(#2993,#2994,#2995,#2996));
#2993 = ORIENTED_EDGE('',*,*,#2764,.F.);
#2994 = ORIENTED_EDGE('',*,*,#2915,.T.);
#2995 = ORIENTED_EDGE('',*,*,#2869,.T.);
#2996 = ORIENTED_EDGE('',*,*,#2962,.F.);
#2997 = ( GEOMETRIC_REPRESENTATION_CONTEXT(3) 
GLOBAL_UNCERTAINTY_ASSIGNED_CONTEXT((#3001)) 
GLOBAL_UNIT_ASSIGNED_CONTEXT((#2998,#2999,#3000)) REPRESENTATION_CONTEXT
('Context #1','3D Context with UNIT and UNCERTAINTY') );
#2998 = ( LENGTH_UNIT() NAMED_UNIT(*) SI_UNIT(.MILLI.,.METRE.) );
#2999 = ( NAMED_UNIT(*) PLANE_ANGLE_UNIT() SI_UNIT($,.RADIAN.) );
#3000 = ( NAMED_UNIT(*) SI_UNIT($,.STERADIAN.) SOLID_ANGLE_UNIT() );
#3001 = UNCERTAINTY_MEASURE_WITH_UNIT(LENGTH_MEASURE(1.E-07),#2998,
  'distance_accuracy_value','confusion accuracy');
#3002 = CONTEXT_DEPENDENT_SHAPE_REPRESENTATION(#3003,#3005);
#3003 = ( REPRESENTATION_RELATIONSHIP('','',#2666,#10) 
REPRESENTATION_RELATIONSHIP_WITH_TRANSFORMATION(#3004) 
SHAPE_REPRESENTATION_RELATIONSHIP() );
#3004 = ITEM_DEFINED_TRANSFORMATION('','',#11,#23);
#3005 = PRODUCT_DEFINITION_SHAPE('Placement','Placement of an item',
  #3006);
#3006 = NEXT_ASSEMBLY_USAGE_OCCURRENCE('826',
  '\X2\043F043504400435043C044B0447043A0430\X0\_25\X2\0445\X0\50\X2\0445\X0\947','',#5,#2661,$);
#3007 = PRODUCT_RELATED_PRODUCT_CATEGORY('part',$,(#2663));
#3008 = SHAPE_DEFINITION_REPRESENTATION(#3009,#3015);
#3009 = PRODUCT_DEFINITION_SHAPE('','',#3010);
#3010 = PRODUCT_DEFINITION('design','',#3011,#3014);
#3011 = PRODUCT_DEFINITION_FORMATION('','',#3012);
#3012 = PRODUCT('\X2\043F043504400435043C044B0447043A0430\X0\_25\X2\0445\X0\50\X2\0445\X0\947',
  '\X2\043F043504400435043C044B0447043A0430\X0\_25\X2\0445\X0\50\X2\0445\X0\947','',(#3013));
#3013 = PRODUCT_CONTEXT('',#2,'mechanical');
#3014 = PRODUCT_DEFINITION_CONTEXT('part definition',#2,'design');
#3015 = ADVANCED_BREP_SHAPE_REPRESENTATION('',(#11,#3016),#3430);
#3016 = MANIFOLD_SOLID_BREP('',#3017);
#3017 = CLOSED_SHELL('',(#3018,#3138,#3214,#3294,#3343,#3396,#3403));
#3018 = ADVANCED_FACE('',(#3019),#3033,.F.);
#3019 = FACE_BOUND('',#3020,.F.);
#3020 = EDGE_LOOP('',(#3021,#3056,#3084,#3112));
#3021 = ORIENTED_EDGE('',*,*,#3022,.F.);
#3022 = EDGE_CURVE('',#3023,#3025,#3027,.T.);
#3023 = VERTEX_POINT('',#3024);
#3024 = CARTESIAN_POINT('',(25.,0.,2.375E+03));
#3025 = VERTEX_POINT('',#3026);
#3026 = CARTESIAN_POINT('',(25.,0.,2.4E+03));
#3027 = SURFACE_CURVE('',#3028,(#3032,#3044),.PCURVE_S1.);
#3028 = LINE('',#3029,#3030);
#3029 = CARTESIAN_POINT('',(25.,0.,2.375E+03));
#3030 = VECTOR('',#3031,1.);
#3031 = DIRECTION('',(0.,0.,1.));
#3032 = PCURVE('',#3033,#3038);
#3033 = PLANE('',#3034);
#3034 = AXIS2_PLACEMENT_3D('',#3035,#3036,#3037);
#3035 = CARTESIAN_POINT('',(25.,0.,2.375E+03));
#3036 = DIRECTION('',(1.,0.,-0.));
#3037 = DIRECTION('',(0.,0.,1.));
#3038 = DEFINITIONAL_REPRESENTATION('',(#3039),#3043);
#3039 = LINE('',#3040,#3041);
#3040 = CARTESIAN_POINT('',(0.,0.));
#3041 = VECTOR('',#3042,1.);
#3042 = DIRECTION('',(1.,0.));
#3043 = ( GEOMETRIC_REPRESENTATION_CONTEXT(2) 
PARAMETRIC_REPRESENTATION_CONTEXT() REPRESENTATION_CONTEXT('2D SPACE',''
  ) );
#3044 = PCURVE('',#3045,#3050);
#3045 = PLANE('',#3046);
#3046 = AXIS2_PLACEMENT_3D('',#3047,#3048,#3049);
#3047 = CARTESIAN_POINT('',(25.,0.,2.375E+03));
#3048 = DIRECTION('',(-0.,1.,0.));
#3049 = DIRECTION('',(0.,0.,1.));
#3050 = DEFINITIONAL_REPRESENTATION('',(#3051),#3055);
#3051 = LINE('',#3052,#3053);
#3052 = CARTESIAN_POINT('',(0.,0.));
#3053 = VECTOR('',#3054,1.);
#3054 = DIRECTION('',(1.,0.));
#3055 = ( GEOMETRIC_REPRESENTATION_CONTEXT(2) 
PARAMETRIC_REPRESENTATION_CONTEXT() REPRESENTATION_CONTEXT('2D SPACE',''
  ) );
#3056 = ORIENTED_EDGE('',*,*,#3057,.T.);
#3057 = EDGE_CURVE('',#3023,#3058,#3060,.T.);
#3058 = VERTEX_POINT('',#3059);
#3059 = CARTESIAN_POINT('',(25.,50.,2.375E+03));
#3060 = SURFACE_CURVE('',#3061,(#3065,#3072),.PCURVE_S1.);
#3061 = LINE('',#3062,#3063);
#3062 = CARTESIAN_POINT('',(25.,0.,2.375E+03));
#3063 = VECTOR('',#3064,1.);
#3064 = DIRECTION('',(-0.,1.,0.));
#3065 = PCURVE('',#3033,#3066);
#3066 = DEFINITIONAL_REPRESENTATION('',(#3067),#3071);
#3067 = LINE('',#3068,#3069);
#3068 = CARTESIAN_POINT('',(0.,0.));
#3069 = VECTOR('',#3070,1.);
#3070 = DIRECTION('',(0.,-1.));
#3071 = ( GEOMETRIC_REPRESENTATION_CONTEXT(2) 
PARAMETRIC_REPRESENTATION_CONTEXT() REPRESENTATION_CONTEXT('2D SPACE',''
  ) );
#3072 = PCURVE('',#3073,#3078);
#3073 = PLANE('',#3074);
#3074 = AXIS2_PLACEMENT_3D('',#3075,#3076,#3077);
#3075 = CARTESIAN_POINT('',(25.,0.,2.375E+03));
#3076 = DIRECTION('',(0.,0.,1.));
#3077 = DIRECTION('',(1.,0.,-0.));
#3078 = DEFINITIONAL_REPRESENTATION('',(#3079),#3083);
#3079 = LINE('',#3080,#3081);
#3080 = CARTESIAN_POINT('',(0.,0.));
#3081 = VECTOR('',#3082,1.);
#3082 = DIRECTION('',(0.,1.));
#3083 = ( GEOMETRIC_REPRESENTATION_CONTEXT(2) 
PARAMETRIC_REPRESENTATION_CONTEXT() REPRESENTATION_CONTEXT('2D SPACE',''
  ) );
#3084 = ORIENTED_EDGE('',*,*,#3085,.T.);
#3085 = EDGE_CURVE('',#3058,#3086,#3088,.T.);
#3086 = VERTEX_POINT('',#3087);
#3087 = CARTESIAN_POINT('',(25.,50.,2.4E+03));
#3088 = SURFACE_CURVE('',#3089,(#3093,#3100),.PCURVE_S1.);
#3089 = LINE('',#3090,#3091);
#3090 = CARTESIAN_POINT('',(25.,50.,2.375E+03));
#3091 = VECTOR('',#3092,1.);
#3092 = DIRECTION('',(0.,0.,1.));
#3093 = PCURVE('',#3033,#3094);
#3094 = DEFINITIONAL_REPRESENTATION('',(#3095),#3099);
#3095 = LINE('',#3096,#3097);
#3096 = CARTESIAN_POINT('',(0.,-50.));
#3097 = VECTOR('',#3098,1.);
#3098 = DIRECTION('',(1.,0.));
#3099 = ( GEOMETRIC_REPRESENTATION_CONTEXT(2) 
PARAMETRIC_REPRESENTATION_CONTEXT() REPRESENTATION_CONTEXT('2D SPACE',''
  ) );
#3100 = PCURVE('',#3101,#3106);
#3101 = PLANE('',#3102);
#3102 = AXIS2_PLACEMENT_3D('',#3103,#3104,#3105);
#3103 = CARTESIAN_POINT('',(25.,50.,2.375E+03));
#3104 = DIRECTION('',(-0.,1.,0.));
#3105 = DIRECTION('',(0.,0.,1.));
#3106 = DEFINITIONAL_REPRESENTATION('',(#3107),#3111);
#3107 = LINE('',#3108,#3109);
#3108 = CARTESIAN_POINT('',(0.,0.));
#3109 = VECTOR('',#3110,1.);
#3110 = DIRECTION('',(1.,0.));
#3111 = ( GEOMETRIC_REPRESENTATION_CONTEXT(2) 
PARAMETRIC_REPRESENTATION_CONTEXT() REPRESENTATION_CONTEXT('2D SPACE',''
  ) );
#3112 = ORIENTED_EDGE('',*,*,#3113,.F.);
#3113 = EDGE_CURVE('',#3025,#3086,#3114,.T.);
#3114 = SURFACE_CURVE('',#3115,(#3119,#3126),.PCURVE_S1.);
#3115 = LINE('',#3116,#3117);
#3116 = CARTESIAN_POINT('',(25.,0.,2.4E+03));
#3117 = VECTOR('',#3118,1.);
#3118 = DIRECTION('',(-0.,1.,0.));
#3119 = PCURVE('',#3033,#3120);
#3120 = DEFINITIONAL_REPRESENTATION('',(#3121),#3125);
#3121 = LINE('',#3122,#3123);
#3122 = CARTESIAN_POINT('',(25.,0.));
#3123 = VECTOR('',#3124,1.);
#3124 = DIRECTION('',(0.,-1.));
#3125 = ( GEOMETRIC_REPRESENTATION_CONTEXT(2) 
PARAMETRIC_REPRESENTATION_CONTEXT() REPRESENTATION_CONTEXT('2D SPACE',''
  ) );
#3126 = PCURVE('',#3127,#3132);
#3127 = PLANE('',#3128);
#3128 = AXIS2_PLACEMENT_3D('',#3129,#3130,#3131);
#3129 = CARTESIAN_POINT('',(25.,0.,2.4E+03));
#3130 = DIRECTION('',(0.,0.,1.));
#3131 = DIRECTION('',(1.,0.,-0.));
#3132 = DEFINITIONAL_REPRESENTATION('',(#3133),#3137);
#3133 = LINE('',#3134,#3135);
#3134 = CARTESIAN_POINT('',(0.,0.));
#3135 = VECTOR('',#3136,1.);
#3136 = DIRECTION('',(0.,1.));
#3137 = ( GEOMETRIC_REPRESENTATION_CONTEXT(2) 
PARAMETRIC_REPRESENTATION_CONTEXT() REPRESENTATION_CONTEXT('2D SPACE',''
  ) );
#3138 = ADVANCED_FACE('',(#3139),#3045,.F.);
#3139 = FACE_BOUND('',#3140,.F.);
#3140 = EDGE_LOOP('',(#3141,#3164,#3165,#3188));
#3141 = ORIENTED_EDGE('',*,*,#3142,.F.);
#3142 = EDGE_CURVE('',#3023,#3143,#3145,.T.);
#3143 = VERTEX_POINT('',#3144);
#3144 = CARTESIAN_POINT('',(972.,0.,2.375E+03));
#3145 = SURFACE_CURVE('',#3146,(#3150,#3157),.PCURVE_S1.);
#3146 = LINE('',#3147,#3148);
#3147 = CARTESIAN_POINT('',(25.,0.,2.375E+03));
#3148 = VECTOR('',#3149,1.);
#3149 = DIRECTION('',(1.,0.,-0.));
#3150 = PCURVE('',#3045,#3151);
#3151 = DEFINITIONAL_REPRESENTATION('',(#3152),#3156);
#3152 = LINE('',#3153,#3154);
#3153 = CARTESIAN_POINT('',(0.,0.));
#3154 = VECTOR('',#3155,1.);
#3155 = DIRECTION('',(0.,1.));
#3156 = ( GEOMETRIC_REPRESENTATION_CONTEXT(2) 
PARAMETRIC_REPRESENTATION_CONTEXT() REPRESENTATION_CONTEXT('2D SPACE',''
  ) );
#3157 = PCURVE('',#3073,#3158);
#3158 = DEFINITIONAL_REPRESENTATION('',(#3159),#3163);
#3159 = LINE('',#3160,#3161);
#3160 = CARTESIAN_POINT('',(0.,0.));
#3161 = VECTOR('',#3162,1.);
#3162 = DIRECTION('',(1.,0.));
#3163 = ( GEOMETRIC_REPRESENTATION_CONTEXT(2) 
PARAMETRIC_REPRESENTATION_CONTEXT() REPRESENTATION_CONTEXT('2D SPACE',''
  ) );
#3164 = ORIENTED_EDGE('',*,*,#3022,.T.);
#3165 = ORIENTED_EDGE('',*,*,#3166,.T.);
#3166 = EDGE_CURVE('',#3025,#3167,#3169,.T.);
#3167 = VERTEX_POINT('',#3168);
#3168 = CARTESIAN_POINT('',(972.,0.,2.4E+03));
#3169 = SURFACE_CURVE('',#3170,(#3174,#3181),.PCURVE_S1.);
#3170 = LINE('',#3171,#3172);
#3171 = CARTESIAN_POINT('',(25.,0.,2.4E+03));
#3172 = VECTOR('',#3173,1.);
#3173 = DIRECTION('',(1.,0.,-0.));
#3174 = PCURVE('',#3045,#3175);
#3175 = DEFINITIONAL_REPRESENTATION('',(#3176),#3180);
#3176 = LINE('',#3177,#3178);
#3177 = CARTESIAN_POINT('',(25.,0.));
#3178 = VECTOR('',#3179,1.);
#3179 = DIRECTION('',(0.,1.));
#3180 = ( GEOMETRIC_REPRESENTATION_CONTEXT(2) 
PARAMETRIC_REPRESENTATION_CONTEXT() REPRESENTATION_CONTEXT('2D SPACE',''
  ) );
#3181 = PCURVE('',#3127,#3182);
#3182 = DEFINITIONAL_REPRESENTATION('',(#3183),#3187);
#3183 = LINE('',#3184,#3185);
#3184 = CARTESIAN_POINT('',(0.,0.));
#3185 = VECTOR('',#3186,1.);
#3186 = DIRECTION('',(1.,0.));
#3187 = ( GEOMETRIC_REPRESENTATION_CONTEXT(2) 
PARAMETRIC_REPRESENTATION_CONTEXT() REPRESENTATION_CONTEXT('2D SPACE',''
  ) );
#3188 = ORIENTED_EDGE('',*,*,#3189,.F.);
#3189 = EDGE_CURVE('',#3143,#3167,#3190,.T.);
#3190 = SURFACE_CURVE('',#3191,(#3195,#3202),.PCURVE_S1.);
#3191 = LINE('',#3192,#3193);
#3192 = CARTESIAN_POINT('',(972.,0.,2.375E+03));
#3193 = VECTOR('',#3194,1.);
#3194 = DIRECTION('',(0.,0.,1.));
#3195 = PCURVE('',#3045,#3196);
#3196 = DEFINITIONAL_REPRESENTATION('',(#3197),#3201);
#3197 = LINE('',#3198,#3199);
#3198 = CARTESIAN_POINT('',(0.,947.));
#3199 = VECTOR('',#3200,1.);
#3200 = DIRECTION('',(1.,0.));
#3201 = ( GEOMETRIC_REPRESENTATION_CONTEXT(2) 
PARAMETRIC_REPRESENTATION_CONTEXT() REPRESENTATION_CONTEXT('2D SPACE',''
  ) );
#3202 = PCURVE('',#3203,#3208);
#3203 = PLANE('',#3204);
#3204 = AXIS2_PLACEMENT_3D('',#3205,#3206,#3207);
#3205 = CARTESIAN_POINT('',(972.,0.,2.375E+03));
#3206 = DIRECTION('',(1.,0.,-0.));
#3207 = DIRECTION('',(0.,0.,1.));
#3208 = DEFINITIONAL_REPRESENTATION('',(#3209),#3213);
#3209 = LINE('',#3210,#3211);
#3210 = CARTESIAN_POINT('',(0.,0.));
#3211 = VECTOR('',#3212,1.);
#3212 = DIRECTION('',(1.,0.));
#3213 = ( GEOMETRIC_REPRESENTATION_CONTEXT(2) 
PARAMETRIC_REPRESENTATION_CONTEXT() REPRESENTATION_CONTEXT('2D SPACE',''
  ) );
#3214 = ADVANCED_FACE('',(#3215,#3263),#3127,.T.);
#3215 = FACE_BOUND('',#3216,.T.);
#3216 = EDGE_LOOP('',(#3217,#3218,#3219,#3242));
#3217 = ORIENTED_EDGE('',*,*,#3113,.F.);
#3218 = ORIENTED_EDGE('',*,*,#3166,.T.);
#3219 = ORIENTED_EDGE('',*,*,#3220,.T.);
#3220 = EDGE_CURVE('',#3167,#3221,#3223,.T.);
#3221 = VERTEX_POINT('',#3222);
#3222 = CARTESIAN_POINT('',(972.,50.,2.4E+03));
#3223 = SURFACE_CURVE('',#3224,(#3228,#3235),.PCURVE_S1.);
#3224 = LINE('',#3225,#3226);
#3225 = CARTESIAN_POINT('',(972.,0.,2.4E+03));
#3226 = VECTOR('',#3227,1.);
#3227 = DIRECTION('',(-0.,1.,0.));
#3228 = PCURVE('',#3127,#3229);
#3229 = DEFINITIONAL_REPRESENTATION('',(#3230),#3234);
#3230 = LINE('',#3231,#3232);
#3231 = CARTESIAN_POINT('',(947.,0.));
#3232 = VECTOR('',#3233,1.);
#3233 = DIRECTION('',(0.,1.));
#3234 = ( GEOMETRIC_REPRESENTATION_CONTEXT(2) 
PARAMETRIC_REPRESENTATION_CONTEXT() REPRESENTATION_CONTEXT('2D SPACE',''
  ) );
#3235 = PCURVE('',#3203,#3236);
#3236 = DEFINITIONAL_REPRESENTATION('',(#3237),#3241);
#3237 = LINE('',#3238,#3239);
#3238 = CARTESIAN_POINT('',(25.,0.));
#3239 = VECTOR('',#3240,1.);
#3240 = DIRECTION('',(0.,-1.));
#3241 = ( GEOMETRIC_REPRESENTATION_CONTEXT(2) 
PARAMETRIC_REPRESENTATION_CONTEXT() REPRESENTATION_CONTEXT('2D SPACE',''
  ) );
#3242 = ORIENTED_EDGE('',*,*,#3243,.F.);
#3243 = EDGE_CURVE('',#3086,#3221,#3244,.T.);
#3244 = SURFACE_CURVE('',#3245,(#3249,#3256),.PCURVE_S1.);
#3245 = LINE('',#3246,#3247);
#3246 = CARTESIAN_POINT('',(25.,50.,2.4E+03));
#3247 = VECTOR('',#3248,1.);
#3248 = DIRECTION('',(1.,0.,-0.));
#3249 = PCURVE('',#3127,#3250);
#3250 = DEFINITIONAL_REPRESENTATION('',(#3251),#3255);
#3251 = LINE('',#3252,#3253);
#3252 = CARTESIAN_POINT('',(0.,50.));
#3253 = VECTOR('',#3254,1.);
#3254 = DIRECTION('',(1.,0.));
#3255 = ( GEOMETRIC_REPRESENTATION_CONTEXT(2) 
PARAMETRIC_REPRESENTATION_CONTEXT() REPRESENTATION_CONTEXT('2D SPACE',''
  ) );
#3256 = PCURVE('',#3101,#3257);
#3257 = DEFINITIONAL_REPRESENTATION('',(#3258),#3262);
#3258 = LINE('',#3259,#3260);
#3259 = CARTESIAN_POINT('',(25.,0.));
#3260 = VECTOR('',#3261,1.);
#3261 = DIRECTION('',(0.,1.));
#3262 = ( GEOMETRIC_REPRESENTATION_CONTEXT(2) 
PARAMETRIC_REPRESENTATION_CONTEXT() REPRESENTATION_CONTEXT('2D SPACE',''
  ) );
#3263 = FACE_BOUND('',#3264,.T.);
#3264 = EDGE_LOOP('',(#3265));
#3265 = ORIENTED_EDGE('',*,*,#3266,.F.);
#3266 = EDGE_CURVE('',#3267,#3267,#3269,.T.);
#3267 = VERTEX_POINT('',#3268);
#3268 = CARTESIAN_POINT('',(504.,25.,2.4E+03));
#3269 = SURFACE_CURVE('',#3270,(#3275,#3282),.PCURVE_S1.);
#3270 = CIRCLE('',#3271,5.5);
#3271 = AXIS2_PLACEMENT_3D('',#3272,#3273,#3274);
#3272 = CARTESIAN_POINT('',(498.5,25.,2.4E+03));
#3273 = DIRECTION('',(0.,0.,1.));
#3274 = DIRECTION('',(1.,0.,-0.));
#3275 = PCURVE('',#3127,#3276);
#3276 = DEFINITIONAL_REPRESENTATION('',(#3277),#3281);
#3277 = CIRCLE('',#3278,5.5);
#3278 = AXIS2_PLACEMENT_2D('',#3279,#3280);
#3279 = CARTESIAN_POINT('',(473.5,25.));
#3280 = DIRECTION('',(1.,0.));
#3281 = ( GEOMETRIC_REPRESENTATION_CONTEXT(2) 
PARAMETRIC_REPRESENTATION_CONTEXT() REPRESENTATION_CONTEXT('2D SPACE',''
  ) );
#3282 = PCURVE('',#3283,#3288);
#3283 = CYLINDRICAL_SURFACE('',#3284,5.5);
#3284 = AXIS2_PLACEMENT_3D('',#3285,#3286,#3287);
#3285 = CARTESIAN_POINT('',(498.5,25.,2.374E+03));
#3286 = DIRECTION('',(0.,0.,1.));
#3287 = DIRECTION('',(1.,0.,-0.));
#3288 = DEFINITIONAL_REPRESENTATION('',(#3289),#3293);
#3289 = LINE('',#3290,#3291);
#3290 = CARTESIAN_POINT('',(0.,26.));
#3291 = VECTOR('',#3292,1.);
#3292 = DIRECTION('',(1.,0.));
#3293 = ( GEOMETRIC_REPRESENTATION_CONTEXT(2) 
PARAMETRIC_REPRESENTATION_CONTEXT() REPRESENTATION_CONTEXT('2D SPACE',''
  ) );
#3294 = ADVANCED_FACE('',(#3295),#3101,.T.);
#3295 = FACE_BOUND('',#3296,.T.);
#3296 = EDGE_LOOP('',(#3297,#3320,#3321,#3322));
#3297 = ORIENTED_EDGE('',*,*,#3298,.F.);
#3298 = EDGE_CURVE('',#3058,#3299,#3301,.T.);
#3299 = VERTEX_POINT('',#3300);
#3300 = CARTESIAN_POINT('',(972.,50.,2.375E+03));
#3301 = SURFACE_CURVE('',#3302,(#3306,#3313),.PCURVE_S1.);
#3302 = LINE('',#3303,#3304);
#3303 = CARTESIAN_POINT('',(25.,50.,2.375E+03));
#3304 = VECTOR('',#3305,1.);
#3305 = DIRECTION('',(1.,0.,-0.));
#3306 = PCURVE('',#3101,#3307);
#3307 = DEFINITIONAL_REPRESENTATION('',(#3308),#3312);
#3308 = LINE('',#3309,#3310);
#3309 = CARTESIAN_POINT('',(0.,0.));
#3310 = VECTOR('',#3311,1.);
#3311 = DIRECTION('',(0.,1.));
#3312 = ( GEOMETRIC_REPRESENTATION_CONTEXT(2) 
PARAMETRIC_REPRESENTATION_CONTEXT() REPRESENTATION_CONTEXT('2D SPACE',''
  ) );
#3313 = PCURVE('',#3073,#3314);
#3314 = DEFINITIONAL_REPRESENTATION('',(#3315),#3319);
#3315 = LINE('',#3316,#3317);
#3316 = CARTESIAN_POINT('',(0.,50.));
#3317 = VECTOR('',#3318,1.);
#3318 = DIRECTION('',(1.,0.));
#3319 = ( GEOMETRIC_REPRESENTATION_CONTEXT(2) 
PARAMETRIC_REPRESENTATION_CONTEXT() REPRESENTATION_CONTEXT('2D SPACE',''
  ) );
#3320 = ORIENTED_EDGE('',*,*,#3085,.T.);
#3321 = ORIENTED_EDGE('',*,*,#3243,.T.);
#3322 = ORIENTED_EDGE('',*,*,#3323,.F.);
#3323 = EDGE_CURVE('',#3299,#3221,#3324,.T.);
#3324 = SURFACE_CURVE('',#3325,(#3329,#3336),.PCURVE_S1.);
#3325 = LINE('',#3326,#3327);
#3326 = CARTESIAN_POINT('',(972.,50.,2.375E+03));
#3327 = VECTOR('',#3328,1.);
#3328 = DIRECTION('',(0.,0.,1.));
#3329 = PCURVE('',#3101,#3330);
#3330 = DEFINITIONAL_REPRESENTATION('',(#3331),#3335);
#3331 = LINE('',#3332,#3333);
#3332 = CARTESIAN_POINT('',(0.,947.));
#3333 = VECTOR('',#3334,1.);
#3334 = DIRECTION('',(1.,0.));
#3335 = ( GEOMETRIC_REPRESENTATION_CONTEXT(2) 
PARAMETRIC_REPRESENTATION_CONTEXT() REPRESENTATION_CONTEXT('2D SPACE',''
  ) );
#3336 = PCURVE('',#3203,#3337);
#3337 = DEFINITIONAL_REPRESENTATION('',(#3338),#3342);
#3338 = LINE('',#3339,#3340);
#3339 = CARTESIAN_POINT('',(0.,-50.));
#3340 = VECTOR('',#3341,1.);
#3341 = DIRECTION('',(1.,0.));
#3342 = ( GEOMETRIC_REPRESENTATION_CONTEXT(2) 
PARAMETRIC_REPRESENTATION_CONTEXT() REPRESENTATION_CONTEXT('2D SPACE',''
  ) );
#3343 = ADVANCED_FACE('',(#3344,#3370),#3073,.F.);
#3344 = FACE_BOUND('',#3345,.F.);
#3345 = EDGE_LOOP('',(#3346,#3347,#3348,#3369));
#3346 = ORIENTED_EDGE('',*,*,#3057,.F.);
#3347 = ORIENTED_EDGE('',*,*,#3142,.T.);
#3348 = ORIENTED_EDGE('',*,*,#3349,.T.);
#3349 = EDGE_CURVE('',#3143,#3299,#3350,.T.);
#3350 = SURFACE_CURVE('',#3351,(#3355,#3362),.PCURVE_S1.);
#3351 = LINE('',#3352,#3353);
#3352 = CARTESIAN_POINT('',(972.,0.,2.375E+03));
#3353 = VECTOR('',#3354,1.);
#3354 = DIRECTION('',(-0.,1.,0.));
#3355 = PCURVE('',#3073,#3356);
#3356 = DEFINITIONAL_REPRESENTATION('',(#3357),#3361);
#3357 = LINE('',#3358,#3359);
#3358 = CARTESIAN_POINT('',(947.,0.));
#3359 = VECTOR('',#3360,1.);
#3360 = DIRECTION('',(0.,1.));
#3361 = ( GEOMETRIC_REPRESENTATION_CONTEXT(2) 
PARAMETRIC_REPRESENTATION_CONTEXT() REPRESENTATION_CONTEXT('2D SPACE',''
  ) );
#3362 = PCURVE('',#3203,#3363);
#3363 = DEFINITIONAL_REPRESENTATION('',(#3364),#3368);
#3364 = LINE('',#3365,#3366);
#3365 = CARTESIAN_POINT('',(0.,0.));
#3366 = VECTOR('',#3367,1.);
#3367 = DIRECTION('',(0.,-1.));
#3368 = ( GEOMETRIC_REPRESENTATION_CONTEXT(2) 
PARAMETRIC_REPRESENTATION_CONTEXT() REPRESENTATION_CONTEXT('2D SPACE',''
  ) );
#3369 = ORIENTED_EDGE('',*,*,#3298,.F.);
#3370 = FACE_BOUND('',#3371,.F.);
#3371 = EDGE_LOOP('',(#3372));
#3372 = ORIENTED_EDGE('',*,*,#3373,.F.);
#3373 = EDGE_CURVE('',#3374,#3374,#3376,.T.);
#3374 = VERTEX_POINT('',#3375);
#3375 = CARTESIAN_POINT('',(504.,25.,2.375E+03));
#3376 = SURFACE_CURVE('',#3377,(#3382,#3389),.PCURVE_S1.);
#3377 = CIRCLE('',#3378,5.5);
#3378 = AXIS2_PLACEMENT_3D('',#3379,#3380,#3381);
#3379 = CARTESIAN_POINT('',(498.5,25.,2.375E+03));
#3380 = DIRECTION('',(0.,0.,1.));
#3381 = DIRECTION('',(1.,0.,-0.));
#3382 = PCURVE('',#3073,#3383);
#3383 = DEFINITIONAL_REPRESENTATION('',(#3384),#3388);
#3384 = CIRCLE('',#3385,5.5);
#3385 = AXIS2_PLACEMENT_2D('',#3386,#3387);
#3386 = CARTESIAN_POINT('',(473.5,25.));
#3387 = DIRECTION('',(1.,0.));
#3388 = ( GEOMETRIC_REPRESENTATION_CONTEXT(2) 
PARAMETRIC_REPRESENTATION_CONTEXT() REPRESENTATION_CONTEXT('2D SPACE',''
  ) );
#3389 = PCURVE('',#3283,#3390);
#3390 = DEFINITIONAL_REPRESENTATION('',(#3391),#3395);
#3391 = LINE('',#3392,#3393);
#3392 = CARTESIAN_POINT('',(0.,1.));
#3393 = VECTOR('',#3394,1.);
#3394 = DIRECTION('',(1.,0.));
#3395 = ( GEOMETRIC_REPRESENTATION_CONTEXT(2) 
PARAMETRIC_REPRESENTATION_CONTEXT() REPRESENTATION_CONTEXT('2D SPACE',''
  ) );
#3396 = ADVANCED_FACE('',(#3397),#3203,.T.);
#3397 = FACE_BOUND('',#3398,.T.);
#3398 = EDGE_LOOP('',(#3399,#3400,#3401,#3402));
#3399 = ORIENTED_EDGE('',*,*,#3189,.F.);
#3400 = ORIENTED_EDGE('',*,*,#3349,.T.);
#3401 = ORIENTED_EDGE('',*,*,#3323,.T.);
#3402 = ORIENTED_EDGE('',*,*,#3220,.F.);
#3403 = ADVANCED_FACE('',(#3404),#3283,.F.);
#3404 = FACE_BOUND('',#3405,.F.);
#3405 = EDGE_LOOP('',(#3406,#3407,#3428,#3429));
#3406 = ORIENTED_EDGE('',*,*,#3266,.F.);
#3407 = ORIENTED_EDGE('',*,*,#3408,.F.);
#3408 = EDGE_CURVE('',#3374,#3267,#3409,.T.);
#3409 = SEAM_CURVE('',#3410,(#3414,#3421),.PCURVE_S1.);
#3410 = LINE('',#3411,#3412);
#3411 = CARTESIAN_POINT('',(504.,25.,2.374E+03));
#3412 = VECTOR('',#3413,1.);
#3413 = DIRECTION('',(0.,0.,1.));
#3414 = PCURVE('',#3283,#3415);
#3415 = DEFINITIONAL_REPRESENTATION('',(#3416),#3420);
#3416 = LINE('',#3417,#3418);
#3417 = CARTESIAN_POINT('',(6.28318530718,-0.));
#3418 = VECTOR('',#3419,1.);
#3419 = DIRECTION('',(0.,1.));
#3420 = ( GEOMETRIC_REPRESENTATION_CONTEXT(2) 
PARAMETRIC_REPRESENTATION_CONTEXT() REPRESENTATION_CONTEXT('2D SPACE',''
  ) );
#3421 = PCURVE('',#3283,#3422);
#3422 = DEFINITIONAL_REPRESENTATION('',(#3423),#3427);
#3423 = LINE('',#3424,#3425);
#3424 = CARTESIAN_POINT('',(0.,-0.));
#3425 = VECTOR('',#3426,1.);
#3426 = DIRECTION('',(0.,1.));
#3427 = ( GEOMETRIC_REPRESENTATION_CONTEXT(2) 
PARAMETRIC_REPRESENTATION_CONTEXT() REPRESENTATION_CONTEXT('2D SPACE',''
  ) );
#3428 = ORIENTED_EDGE('',*,*,#3373,.T.);
#3429 = ORIENTED_EDGE('',*,*,#3408,.T.);
#3430 = ( GEOMETRIC_REPRESENTATION_CONTEXT(3) 
GLOBAL_UNCERTAINTY_ASSIGNED_CONTEXT((#3434)) 
GLOBAL_UNIT_ASSIGNED_CONTEXT((#3431,#3432,#3433)) REPRESENTATION_CONTEXT
('Context #1','3D Context with UNIT and UNCERTAINTY') );
#3431 = ( LENGTH_UNIT() NAMED_UNIT(*) SI_UNIT(.MILLI.,.METRE.) );
#3432 = ( NAMED_UNIT(*) PLANE_ANGLE_UNIT() SI_UNIT($,.RADIAN.) );
#3433 = ( NAMED_UNIT(*) SI_UNIT($,.STERADIAN.) SOLID_ANGLE_UNIT() );
#3434 = UNCERTAINTY_MEASURE_WITH_UNIT(LENGTH_MEASURE(1.E-07),#3431,
  'distance_accuracy_value','confusion accuracy');
#3435 = CONTEXT_DEPENDENT_SHAPE_REPRESENTATION(#3436,#3438);
#3436 = ( REPRESENTATION_RELATIONSHIP('','',#3015,#10) 
REPRESENTATION_RELATIONSHIP_WITH_TRANSFORMATION(#3437) 
SHAPE_REPRESENTATION_RELATIONSHIP() );
#3437 = ITEM_DEFINED_TRANSFORMATION('','',#11,#27);
#3438 = PRODUCT_DEFINITION_SHAPE('Placement','Placement of an item',
  #3439);
#3439 = NEXT_ASSEMBLY_USAGE_OCCURRENCE('827',
  '\X2\043F043504400435043C044B0447043A0430\X0\_25\X2\0445\X0\50\X2\0445\X0\947','',#5,#3010,$);
#3440 = PRODUCT_RELATED_PRODUCT_CATEGORY('part',$,(#3012));
#3441 = SHAPE_DEFINITION_REPRESENTATION(#3442,#3448);
#3442 = PRODUCT_DEFINITION_SHAPE('','',#3443);
#3443 = PRODUCT_DEFINITION('design','',#3444,#3447);
#3444 = PRODUCT_DEFINITION_FORMATION('','',#3445);
#3445 = PRODUCT(
'\X2\043E0431044804380432043A0430\X0\_\X2\04440430043D043504400430\X0\_3\X2\043C043C\X0\_
997\X2\0445\X0\2400',
'\X2\043E0431044804380432043A0430\X0\_\X2\04440430043D043504400430\X0\_3\X2\043C043C\X0\_
997\X2\0445\X0\2400','',(#3446));
#3446 = PRODUCT_CONTEXT('',#2,'mechanical');
#3447 = PRODUCT_DEFINITION_CONTEXT('part definition',#2,'design');
#3448 = ADVANCED_BREP_SHAPE_REPRESENTATION('',(#11,#3449),#3779);
#3449 = MANIFOLD_SOLID_BREP('',#3450);
#3450 = CLOSED_SHELL('',(#3451,#3571,#3671,#3718,#3765,#3772));
#3451 = ADVANCED_FACE('',(#3452),#3466,.F.);
#3452 = FACE_BOUND('',#3453,.F.);
#3453 = EDGE_LOOP('',(#3454,#3489,#3517,#3545));
#3454 = ORIENTED_EDGE('',*,*,#3455,.F.);
#3455 = EDGE_CURVE('',#3456,#3458,#3460,.T.);
#3456 = VERTEX_POINT('',#3457);
#3457 = CARTESIAN_POINT('',(0.,0.,0.));
#3458 = VERTEX_POINT('',#3459);
#3459 = CARTESIAN_POINT('',(0.,0.,2.4E+03));
#3460 = SURFACE_CURVE('',#3461,(#3465,#3477),.PCURVE_S1.);
#3461 = LINE('',#3462,#3463);
#3462 = CARTESIAN_POINT('',(0.,0.,0.));
#3463 = VECTOR('',#3464,1.);
#3464 = DIRECTION('',(0.,0.,1.));
#3465 = PCURVE('',#3466,#3471);
#3466 = PLANE('',#3467);
#3467 = AXIS2_PLACEMENT_3D('',#3468,#3469,#3470);
#3468 = CARTESIAN_POINT('',(0.,0.,0.));
#3469 = DIRECTION('',(1.,0.,-0.));
#3470 = DIRECTION('',(0.,0.,1.));
#3471 = DEFINITIONAL_REPRESENTATION('',(#3472),#3476);
#3472 = LINE('',#3473,#3474);
#3473 = CARTESIAN_POINT('',(0.,0.));
#3474 = VECTOR('',#3475,1.);
#3475 = DIRECTION('',(1.,0.));
#3476 = ( GEOMETRIC_REPRESENTATION_CONTEXT(2) 
PARAMETRIC_REPRESENTATION_CONTEXT() REPRESENTATION_CONTEXT('2D SPACE',''
  ) );
#3477 = PCURVE('',#3478,#3483);
#3478 = PLANE('',#3479);
#3479 = AXIS2_PLACEMENT_3D('',#3480,#3481,#3482);
#3480 = CARTESIAN_POINT('',(0.,0.,0.));
#3481 = DIRECTION('',(-0.,1.,0.));
#3482 = DIRECTION('',(0.,0.,1.));
#3483 = DEFINITIONAL_REPRESENTATION('',(#3484),#3488);
#3484 = LINE('',#3485,#3486);
#3485 = CARTESIAN_POINT('',(0.,0.));
#3486 = VECTOR('',#3487,1.);
#3487 = DIRECTION('',(1.,0.));
#3488 = ( GEOMETRIC_REPRESENTATION_CONTEXT(2) 
PARAMETRIC_REPRESENTATION_CONTEXT() REPRESENTATION_CONTEXT('2D SPACE',''
  ) );
#3489 = ORIENTED_EDGE('',*,*,#3490,.T.);
#3490 = EDGE_CURVE('',#3456,#3491,#3493,.T.);
#3491 = VERTEX_POINT('',#3492);
#3492 = CARTESIAN_POINT('',(0.,3.,0.));
#3493 = SURFACE_CURVE('',#3494,(#3498,#3505),.PCURVE_S1.);
#3494 = LINE('',#3495,#3496);
#3495 = CARTESIAN_POINT('',(0.,0.,0.));
#3496 = VECTOR('',#3497,1.);
#3497 = DIRECTION('',(-0.,1.,0.));
#3498 = PCURVE('',#3466,#3499);
#3499 = DEFINITIONAL_REPRESENTATION('',(#3500),#3504);
#3500 = LINE('',#3501,#3502);
#3501 = CARTESIAN_POINT('',(0.,0.));
#3502 = VECTOR('',#3503,1.);
#3503 = DIRECTION('',(0.,-1.));
#3504 = ( GEOMETRIC_REPRESENTATION_CONTEXT(2) 
PARAMETRIC_REPRESENTATION_CONTEXT() REPRESENTATION_CONTEXT('2D SPACE',''
  ) );
#3505 = PCURVE('',#3506,#3511);
#3506 = PLANE('',#3507);
#3507 = AXIS2_PLACEMENT_3D('',#3508,#3509,#3510);
#3508 = CARTESIAN_POINT('',(0.,0.,0.));
#3509 = DIRECTION('',(0.,0.,1.));
#3510 = DIRECTION('',(1.,0.,-0.));
#3511 = DEFINITIONAL_REPRESENTATION('',(#3512),#3516);
#3512 = LINE('',#3513,#3514);
#3513 = CARTESIAN_POINT('',(0.,0.));
#3514 = VECTOR('',#3515,1.);
#3515 = DIRECTION('',(0.,1.));
#3516 = ( GEOMETRIC_REPRESENTATION_CONTEXT(2) 
PARAMETRIC_REPRESENTATION_CONTEXT() REPRESENTATION_CONTEXT('2D SPACE',''
  ) );
#3517 = ORIENTED_EDGE('',*,*,#3518,.T.);
#3518 = EDGE_CURVE('',#3491,#3519,#3521,.T.);
#3519 = VERTEX_POINT('',#3520);
#3520 = CARTESIAN_POINT('',(0.,3.,2.4E+03));
#3521 = SURFACE_CURVE('',#3522,(#3526,#3533),.PCURVE_S1.);
#3522 = LINE('',#3523,#3524);
#3523 = CARTESIAN_POINT('',(0.,3.,0.));
#3524 = VECTOR('',#3525,1.);
#3525 = DIRECTION('',(0.,0.,1.));
#3526 = PCURVE('',#3466,#3527);
#3527 = DEFINITIONAL_REPRESENTATION('',(#3528),#3532);
#3528 = LINE('',#3529,#3530);
#3529 = CARTESIAN_POINT('',(0.,-3.));
#3530 = VECTOR('',#3531,1.);
#3531 = DIRECTION('',(1.,0.));
#3532 = ( GEOMETRIC_REPRESENTATION_CONTEXT(2) 
PARAMETRIC_REPRESENTATION_CONTEXT() REPRESENTATION_CONTEXT('2D SPACE',''
  ) );
#3533 = PCURVE('',#3534,#3539);
#3534 = PLANE('',#3535);
#3535 = AXIS2_PLACEMENT_3D('',#3536,#3537,#3538);
#3536 = CARTESIAN_POINT('',(0.,3.,0.));
#3537 = DIRECTION('',(-0.,1.,0.));
#3538 = DIRECTION('',(0.,0.,1.));
#3539 = DEFINITIONAL_REPRESENTATION('',(#3540),#3544);
#3540 = LINE('',#3541,#3542);
#3541 = CARTESIAN_POINT('',(0.,0.));
#3542 = VECTOR('',#3543,1.);
#3543 = DIRECTION('',(1.,0.));
#3544 = ( GEOMETRIC_REPRESENTATION_CONTEXT(2) 
PARAMETRIC_REPRESENTATION_CONTEXT() REPRESENTATION_CONTEXT('2D SPACE',''
  ) );
#3545 = ORIENTED_EDGE('',*,*,#3546,.F.);
#3546 = EDGE_CURVE('',#3458,#3519,#3547,.T.);
#3547 = SURFACE_CURVE('',#3548,(#3552,#3559),.PCURVE_S1.);
#3548 = LINE('',#3549,#3550);
#3549 = CARTESIAN_POINT('',(0.,0.,2.4E+03));
#3550 = VECTOR('',#3551,1.);
#3551 = DIRECTION('',(-0.,1.,0.));
#3552 = PCURVE('',#3466,#3553);
#3553 = DEFINITIONAL_REPRESENTATION('',(#3554),#3558);
#3554 = LINE('',#3555,#3556);
#3555 = CARTESIAN_POINT('',(2.4E+03,0.));
#3556 = VECTOR('',#3557,1.);
#3557 = DIRECTION('',(0.,-1.));
#3558 = ( GEOMETRIC_REPRESENTATION_CONTEXT(2) 
PARAMETRIC_REPRESENTATION_CONTEXT() REPRESENTATION_CONTEXT('2D SPACE',''
  ) );
#3559 = PCURVE('',#3560,#3565);
#3560 = PLANE('',#3561);
#3561 = AXIS2_PLACEMENT_3D('',#3562,#3563,#3564);
#3562 = CARTESIAN_POINT('',(0.,0.,2.4E+03));
#3563 = DIRECTION('',(0.,0.,1.));
#3564 = DIRECTION('',(1.,0.,-0.));
#3565 = DEFINITIONAL_REPRESENTATION('',(#3566),#3570);
#3566 = LINE('',#3567,#3568);
#3567 = CARTESIAN_POINT('',(0.,0.));
#3568 = VECTOR('',#3569,1.);
#3569 = DIRECTION('',(0.,1.));
#3570 = ( GEOMETRIC_REPRESENTATION_CONTEXT(2) 
PARAMETRIC_REPRESENTATION_CONTEXT() REPRESENTATION_CONTEXT('2D SPACE',''
  ) );
#3571 = ADVANCED_FACE('',(#3572),#3586,.T.);
#3572 = FACE_BOUND('',#3573,.T.);
#3573 = EDGE_LOOP('',(#3574,#3604,#3627,#3650));
#3574 = ORIENTED_EDGE('',*,*,#3575,.F.);
#3575 = EDGE_CURVE('',#3576,#3578,#3580,.T.);
#3576 = VERTEX_POINT('',#3577);
#3577 = CARTESIAN_POINT('',(997.,0.,0.));
#3578 = VERTEX_POINT('',#3579);
#3579 = CARTESIAN_POINT('',(997.,0.,2.4E+03));
#3580 = SURFACE_CURVE('',#3581,(#3585,#3597),.PCURVE_S1.);
#3581 = LINE('',#3582,#3583);
#3582 = CARTESIAN_POINT('',(997.,0.,0.));
#3583 = VECTOR('',#3584,1.);
#3584 = DIRECTION('',(0.,0.,1.));
#3585 = PCURVE('',#3586,#3591);
#3586 = PLANE('',#3587);
#3587 = AXIS2_PLACEMENT_3D('',#3588,#3589,#3590);
#3588 = CARTESIAN_POINT('',(997.,0.,0.));
#3589 = DIRECTION('',(1.,0.,-0.));
#3590 = DIRECTION('',(0.,0.,1.));
#3591 = DEFINITIONAL_REPRESENTATION('',(#3592),#3596);
#3592 = LINE('',#3593,#3594);
#3593 = CARTESIAN_POINT('',(0.,0.));
#3594 = VECTOR('',#3595,1.);
#3595 = DIRECTION('',(1.,0.));
#3596 = ( GEOMETRIC_REPRESENTATION_CONTEXT(2) 
PARAMETRIC_REPRESENTATION_CONTEXT() REPRESENTATION_CONTEXT('2D SPACE',''
  ) );
#3597 = PCURVE('',#3478,#3598);
#3598 = DEFINITIONAL_REPRESENTATION('',(#3599),#3603);
#3599 = LINE('',#3600,#3601);
#3600 = CARTESIAN_POINT('',(0.,997.));
#3601 = VECTOR('',#3602,1.);
#3602 = DIRECTION('',(1.,0.));
#3603 = ( GEOMETRIC_REPRESENTATION_CONTEXT(2) 
PARAMETRIC_REPRESENTATION_CONTEXT() REPRESENTATION_CONTEXT('2D SPACE',''
  ) );
#3604 = ORIENTED_EDGE('',*,*,#3605,.T.);
#3605 = EDGE_CURVE('',#3576,#3606,#3608,.T.);
#3606 = VERTEX_POINT('',#3607);
#3607 = CARTESIAN_POINT('',(997.,3.,0.));
#3608 = SURFACE_CURVE('',#3609,(#3613,#3620),.PCURVE_S1.);
#3609 = LINE('',#3610,#3611);
#3610 = CARTESIAN_POINT('',(997.,0.,0.));
#3611 = VECTOR('',#3612,1.);
#3612 = DIRECTION('',(-0.,1.,0.));
#3613 = PCURVE('',#3586,#3614);
#3614 = DEFINITIONAL_REPRESENTATION('',(#3615),#3619);
#3615 = LINE('',#3616,#3617);
#3616 = CARTESIAN_POINT('',(0.,0.));
#3617 = VECTOR('',#3618,1.);
#3618 = DIRECTION('',(0.,-1.));
#3619 = ( GEOMETRIC_REPRESENTATION_CONTEXT(2) 
PARAMETRIC_REPRESENTATION_CONTEXT() REPRESENTATION_CONTEXT('2D SPACE',''
  ) );
#3620 = PCURVE('',#3506,#3621);
#3621 = DEFINITIONAL_REPRESENTATION('',(#3622),#3626);
#3622 = LINE('',#3623,#3624);
#3623 = CARTESIAN_POINT('',(997.,0.));
#3624 = VECTOR('',#3625,1.);
#3625 = DIRECTION('',(0.,1.));
#3626 = ( GEOMETRIC_REPRESENTATION_CONTEXT(2) 
PARAMETRIC_REPRESENTATION_CONTEXT() REPRESENTATION_CONTEXT('2D SPACE',''
  ) );
#3627 = ORIENTED_EDGE('',*,*,#3628,.T.);
#3628 = EDGE_CURVE('',#3606,#3629,#3631,.T.);
#3629 = VERTEX_POINT('',#3630);
#3630 = CARTESIAN_POINT('',(997.,3.,2.4E+03));
#3631 = SURFACE_CURVE('',#3632,(#3636,#3643),.PCURVE_S1.);
#3632 = LINE('',#3633,#3634);
#3633 = CARTESIAN_POINT('',(997.,3.,0.));
#3634 = VECTOR('',#3635,1.);
#3635 = DIRECTION('',(0.,0.,1.));
#3636 = PCURVE('',#3586,#3637);
#3637 = DEFINITIONAL_REPRESENTATION('',(#3638),#3642);
#3638 = LINE('',#3639,#3640);
#3639 = CARTESIAN_POINT('',(0.,-3.));
#3640 = VECTOR('',#3641,1.);
#3641 = DIRECTION('',(1.,0.));
#3642 = ( GEOMETRIC_REPRESENTATION_CONTEXT(2) 
PARAMETRIC_REPRESENTATION_CONTEXT() REPRESENTATION_CONTEXT('2D SPACE',''
  ) );
#3643 = PCURVE('',#3534,#3644);
#3644 = DEFINITIONAL_REPRESENTATION('',(#3645),#3649);
#3645 = LINE('',#3646,#3647);
#3646 = CARTESIAN_POINT('',(0.,997.));
#3647 = VECTOR('',#3648,1.);
#3648 = DIRECTION('',(1.,0.));
#3649 = ( GEOMETRIC_REPRESENTATION_CONTEXT(2) 
PARAMETRIC_REPRESENTATION_CONTEXT() REPRESENTATION_CONTEXT('2D SPACE',''
  ) );
#3650 = ORIENTED_EDGE('',*,*,#3651,.F.);
#3651 = EDGE_CURVE('',#3578,#3629,#3652,.T.);
#3652 = SURFACE_CURVE('',#3653,(#3657,#3664),.PCURVE_S1.);
#3653 = LINE('',#3654,#3655);
#3654 = CARTESIAN_POINT('',(997.,0.,2.4E+03));
#3655 = VECTOR('',#3656,1.);
#3656 = DIRECTION('',(-0.,1.,0.));
#3657 = PCURVE('',#3586,#3658);
#3658 = DEFINITIONAL_REPRESENTATION('',(#3659),#3663);
#3659 = LINE('',#3660,#3661);
#3660 = CARTESIAN_POINT('',(2.4E+03,0.));
#3661 = VECTOR('',#3662,1.);
#3662 = DIRECTION('',(0.,-1.));
#3663 = ( GEOMETRIC_REPRESENTATION_CONTEXT(2) 
PARAMETRIC_REPRESENTATION_CONTEXT() REPRESENTATION_CONTEXT('2D SPACE',''
  ) );
#3664 = PCURVE('',#3560,#3665);
#3665 = DEFINITIONAL_REPRESENTATION('',(#3666),#3670);
#3666 = LINE('',#3667,#3668);
#3667 = CARTESIAN_POINT('',(997.,0.));
#3668 = VECTOR('',#3669,1.);
#3669 = DIRECTION('',(0.,1.));
#3670 = ( GEOMETRIC_REPRESENTATION_CONTEXT(2) 
PARAMETRIC_REPRESENTATION_CONTEXT() REPRESENTATION_CONTEXT('2D SPACE',''
  ) );
#3671 = ADVANCED_FACE('',(#3672),#3478,.F.);
#3672 = FACE_BOUND('',#3673,.F.);
#3673 = EDGE_LOOP('',(#3674,#3695,#3696,#3717));
#3674 = ORIENTED_EDGE('',*,*,#3675,.F.);
#3675 = EDGE_CURVE('',#3456,#3576,#3676,.T.);
#3676 = SURFACE_CURVE('',#3677,(#3681,#3688),.PCURVE_S1.);
#3677 = LINE('',#3678,#3679);
#3678 = CARTESIAN_POINT('',(0.,0.,0.));
#3679 = VECTOR('',#3680,1.);
#3680 = DIRECTION('',(1.,0.,-0.));
#3681 = PCURVE('',#3478,#3682);
#3682 = DEFINITIONAL_REPRESENTATION('',(#3683),#3687);
#3683 = LINE('',#3684,#3685);
#3684 = CARTESIAN_POINT('',(0.,0.));
#3685 = VECTOR('',#3686,1.);
#3686 = DIRECTION('',(0.,1.));
#3687 = ( GEOMETRIC_REPRESENTATION_CONTEXT(2) 
PARAMETRIC_REPRESENTATION_CONTEXT() REPRESENTATION_CONTEXT('2D SPACE',''
  ) );
#3688 = PCURVE('',#3506,#3689);
#3689 = DEFINITIONAL_REPRESENTATION('',(#3690),#3694);
#3690 = LINE('',#3691,#3692);
#3691 = CARTESIAN_POINT('',(0.,0.));
#3692 = VECTOR('',#3693,1.);
#3693 = DIRECTION('',(1.,0.));
#3694 = ( GEOMETRIC_REPRESENTATION_CONTEXT(2) 
PARAMETRIC_REPRESENTATION_CONTEXT() REPRESENTATION_CONTEXT('2D SPACE',''
  ) );
#3695 = ORIENTED_EDGE('',*,*,#3455,.T.);
#3696 = ORIENTED_EDGE('',*,*,#3697,.T.);
#3697 = EDGE_CURVE('',#3458,#3578,#3698,.T.);
#3698 = SURFACE_CURVE('',#3699,(#3703,#3710),.PCURVE_S1.);
#3699 = LINE('',#3700,#3701);
#3700 = CARTESIAN_POINT('',(0.,0.,2.4E+03));
#3701 = VECTOR('',#3702,1.);
#3702 = DIRECTION('',(1.,0.,-0.));
#3703 = PCURVE('',#3478,#3704);
#3704 = DEFINITIONAL_REPRESENTATION('',(#3705),#3709);
#3705 = LINE('',#3706,#3707);
#3706 = CARTESIAN_POINT('',(2.4E+03,0.));
#3707 = VECTOR('',#3708,1.);
#3708 = DIRECTION('',(0.,1.));
#3709 = ( GEOMETRIC_REPRESENTATION_CONTEXT(2) 
PARAMETRIC_REPRESENTATION_CONTEXT() REPRESENTATION_CONTEXT('2D SPACE',''
  ) );
#3710 = PCURVE('',#3560,#3711);
#3711 = DEFINITIONAL_REPRESENTATION('',(#3712),#3716);
#3712 = LINE('',#3713,#3714);
#3713 = CARTESIAN_POINT('',(0.,0.));
#3714 = VECTOR('',#3715,1.);
#3715 = DIRECTION('',(1.,0.));
#3716 = ( GEOMETRIC_REPRESENTATION_CONTEXT(2) 
PARAMETRIC_REPRESENTATION_CONTEXT() REPRESENTATION_CONTEXT('2D SPACE',''
  ) );
#3717 = ORIENTED_EDGE('',*,*,#3575,.F.);
#3718 = ADVANCED_FACE('',(#3719),#3534,.T.);
#3719 = FACE_BOUND('',#3720,.T.);
#3720 = EDGE_LOOP('',(#3721,#3742,#3743,#3764));
#3721 = ORIENTED_EDGE('',*,*,#3722,.F.);
#3722 = EDGE_CURVE('',#3491,#3606,#3723,.T.);
#3723 = SURFACE_CURVE('',#3724,(#3728,#3735),.PCURVE_S1.);
#3724 = LINE('',#3725,#3726);
#3725 = CARTESIAN_POINT('',(0.,3.,0.));
#3726 = VECTOR('',#3727,1.);
#3727 = DIRECTION('',(1.,0.,-0.));
#3728 = PCURVE('',#3534,#3729);
#3729 = DEFINITIONAL_REPRESENTATION('',(#3730),#3734);
#3730 = LINE('',#3731,#3732);
#3731 = CARTESIAN_POINT('',(0.,0.));
#3732 = VECTOR('',#3733,1.);
#3733 = DIRECTION('',(0.,1.));
#3734 = ( GEOMETRIC_REPRESENTATION_CONTEXT(2) 
PARAMETRIC_REPRESENTATION_CONTEXT() REPRESENTATION_CONTEXT('2D SPACE',''
  ) );
#3735 = PCURVE('',#3506,#3736);
#3736 = DEFINITIONAL_REPRESENTATION('',(#3737),#3741);
#3737 = LINE('',#3738,#3739);
#3738 = CARTESIAN_POINT('',(0.,3.));
#3739 = VECTOR('',#3740,1.);
#3740 = DIRECTION('',(1.,0.));
#3741 = ( GEOMETRIC_REPRESENTATION_CONTEXT(2) 
PARAMETRIC_REPRESENTATION_CONTEXT() REPRESENTATION_CONTEXT('2D SPACE',''
  ) );
#3742 = ORIENTED_EDGE('',*,*,#3518,.T.);
#3743 = ORIENTED_EDGE('',*,*,#3744,.T.);
#3744 = EDGE_CURVE('',#3519,#3629,#3745,.T.);
#3745 = SURFACE_CURVE('',#3746,(#3750,#3757),.PCURVE_S1.);
#3746 = LINE('',#3747,#3748);
#3747 = CARTESIAN_POINT('',(0.,3.,2.4E+03));
#3748 = VECTOR('',#3749,1.);
#3749 = DIRECTION('',(1.,0.,-0.));
#3750 = PCURVE('',#3534,#3751);
#3751 = DEFINITIONAL_REPRESENTATION('',(#3752),#3756);
#3752 = LINE('',#3753,#3754);
#3753 = CARTESIAN_POINT('',(2.4E+03,0.));
#3754 = VECTOR('',#3755,1.);
#3755 = DIRECTION('',(0.,1.));
#3756 = ( GEOMETRIC_REPRESENTATION_CONTEXT(2) 
PARAMETRIC_REPRESENTATION_CONTEXT() REPRESENTATION_CONTEXT('2D SPACE',''
  ) );
#3757 = PCURVE('',#3560,#3758);
#3758 = DEFINITIONAL_REPRESENTATION('',(#3759),#3763);
#3759 = LINE('',#3760,#3761);
#3760 = CARTESIAN_POINT('',(0.,3.));
#3761 = VECTOR('',#3762,1.);
#3762 = DIRECTION('',(1.,0.));
#3763 = ( GEOMETRIC_REPRESENTATION_CONTEXT(2) 
PARAMETRIC_REPRESENTATION_CONTEXT() REPRESENTATION_CONTEXT('2D SPACE',''
  ) );
#3764 = ORIENTED_EDGE('',*,*,#3628,.F.);
#3765 = ADVANCED_FACE('',(#3766),#3506,.F.);
#3766 = FACE_BOUND('',#3767,.F.);
#3767 = EDGE_LOOP('',(#3768,#3769,#3770,#3771));
#3768 = ORIENTED_EDGE('',*,*,#3490,.F.);
#3769 = ORIENTED_EDGE('',*,*,#3675,.T.);
#3770 = ORIENTED_EDGE('',*,*,#3605,.T.);
#3771 = ORIENTED_EDGE('',*,*,#3722,.F.);
#3772 = ADVANCED_FACE('',(#3773),#3560,.T.);
#3773 = FACE_BOUND('',#3774,.T.);
#3774 = EDGE_LOOP('',(#3775,#3776,#3777,#3778));
#3775 = ORIENTED_EDGE('',*,*,#3546,.F.);
#3776 = ORIENTED_EDGE('',*,*,#3697,.T.);
#3777 = ORIENTED_EDGE('',*,*,#3651,.T.);
#3778 = ORIENTED_EDGE('',*,*,#3744,.F.);
#3779 = ( GEOMETRIC_REPRESENTATION_CONTEXT(3) 
GLOBAL_UNCERTAINTY_ASSIGNED_CONTEXT((#3783)) 
GLOBAL_UNIT_ASSIGNED_CONTEXT((#3780,#3781,#3782)) REPRESENTATION_CONTEXT
('Context #1','3D Context with UNIT and UNCERTAINTY') );
#3780 = ( LENGTH_UNIT() NAMED_UNIT(*) SI_UNIT(.MILLI.,.METRE.) );
#3781 = ( NAMED_UNIT(*) PLANE_ANGLE_UNIT() SI_UNIT($,.RADIAN.) );
#3782 = ( NAMED_UNIT(*) SI_UNIT($,.STERADIAN.) SOLID_ANGLE_UNIT() );
#3783 = UNCERTAINTY_MEASURE_WITH_UNIT(LENGTH_MEASURE(1.E-07),#3780,
  'distance_accuracy_value','confusion accuracy');
#3784 = CONTEXT_DEPENDENT_SHAPE_REPRESENTATION(#3785,#3787);
#3785 = ( REPRESENTATION_RELATIONSHIP('','',#3448,#10) 
REPRESENTATION_RELATIONSHIP_WITH_TRANSFORMATION(#3786) 
SHAPE_REPRESENTATION_RELATIONSHIP() );
#3786 = ITEM_DEFINED_TRANSFORMATION('','',#11,#31);
#3787 = PRODUCT_DEFINITION_SHAPE('Placement','Placement of an item',
  #3788);
#3788 = NEXT_ASSEMBLY_USAGE_OCCURRENCE('828',
'\X2\043E0431044804380432043A0430\X0\_\X2\04440430043D043504400430\X0\_3\X2\043C043C\X0\_
997\X2\0445\X0\2400','',#5,#3443,$);
#3789 = PRODUCT_RELATED_PRODUCT_CATEGORY('part',$,(#3445));
#3790 = SHAPE_DEFINITION_REPRESENTATION(#3791,#3797);
#3791 = PRODUCT_DEFINITION_SHAPE('','',#3792);
#3792 = PRODUCT_DEFINITION('design','',#3793,#3796);
#3793 = PRODUCT_DEFINITION_FORMATION('','',#3794);
#3794 = PRODUCT(
  '\X2\04410442043E0439043A0430\X0\_\X2\0449043804420430\X0\_25\X2\0445\X0\50\X2\0445\X0\2400',
  '\X2\04410442043E0439043A0430\X0\_\X2\0449043804420430\X0\_25\X2\0445\X0\50\X2\0445\X0\2400','',(#3795
    ));
#3795 = PRODUCT_CONTEXT('',#2,'mechanical');
#3796 = PRODUCT_DEFINITION_CONTEXT('part definition',#2,'design');
#3797 = ADVANCED_BREP_SHAPE_REPRESENTATION('',(#11,#3798),#4380);
#3798 = MANIFOLD_SOLID_BREP('',#3799);
#3799 = CLOSED_SHELL('',(#3800,#4013,#4089,#4138,#4187,#4214,#4264,#4314
    ,#4364));
#3800 = ADVANCED_FACE('',(#3801,#3920,#3951,#3982),#3815,.F.);
#3801 = FACE_BOUND('',#3802,.F.);
#3802 = EDGE_LOOP('',(#3803,#3838,#3866,#3894));
#3803 = ORIENTED_EDGE('',*,*,#3804,.F.);
#3804 = EDGE_CURVE('',#3805,#3807,#3809,.T.);
#3805 = VERTEX_POINT('',#3806);
#3806 = CARTESIAN_POINT('',(0.,0.,0.));
#3807 = VERTEX_POINT('',#3808);
#3808 = CARTESIAN_POINT('',(0.,0.,2.4E+03));
#3809 = SURFACE_CURVE('',#3810,(#3814,#3826),.PCURVE_S1.);
#3810 = LINE('',#3811,#3812);
#3811 = CARTESIAN_POINT('',(0.,0.,0.));
#3812 = VECTOR('',#3813,1.);
#3813 = DIRECTION('',(0.,0.,1.));
#3814 = PCURVE('',#3815,#3820);
#3815 = PLANE('',#3816);
#3816 = AXIS2_PLACEMENT_3D('',#3817,#3818,#3819);
#3817 = CARTESIAN_POINT('',(0.,0.,0.));
#3818 = DIRECTION('',(1.,0.,-0.));
#3819 = DIRECTION('',(0.,0.,1.));
#3820 = DEFINITIONAL_REPRESENTATION('',(#3821),#3825);
#3821 = LINE('',#3822,#3823);
#3822 = CARTESIAN_POINT('',(0.,0.));
#3823 = VECTOR('',#3824,1.);
#3824 = DIRECTION('',(1.,0.));
#3825 = ( GEOMETRIC_REPRESENTATION_CONTEXT(2) 
PARAMETRIC_REPRESENTATION_CONTEXT() REPRESENTATION_CONTEXT('2D SPACE',''
  ) );
#3826 = PCURVE('',#3827,#3832);
#3827 = PLANE('',#3828);
#3828 = AXIS2_PLACEMENT_3D('',#3829,#3830,#3831);
#3829 = CARTESIAN_POINT('',(0.,0.,0.));
#3830 = DIRECTION('',(-0.,1.,0.));
#3831 = DIRECTION('',(0.,0.,1.));
#3832 = DEFINITIONAL_REPRESENTATION('',(#3833),#3837);
#3833 = LINE('',#3834,#3835);
#3834 = CARTESIAN_POINT('',(0.,0.));
#3835 = VECTOR('',#3836,1.);
#3836 = DIRECTION('',(1.,0.));
#3837 = ( GEOMETRIC_REPRESENTATION_CONTEXT(2) 
PARAMETRIC_REPRESENTATION_CONTEXT() REPRESENTATION_CONTEXT('2D SPACE',''
  ) );
#3838 = ORIENTED_EDGE('',*,*,#3839,.T.);
#3839 = EDGE_CURVE('',#3805,#3840,#3842,.T.);
#3840 = VERTEX_POINT('',#3841);
#3841 = CARTESIAN_POINT('',(0.,50.,0.));
#3842 = SURFACE_CURVE('',#3843,(#3847,#3854),.PCURVE_S1.);
#3843 = LINE('',#3844,#3845);
#3844 = CARTESIAN_POINT('',(0.,0.,0.));
#3845 = VECTOR('',#3846,1.);
#3846 = DIRECTION('',(-0.,1.,0.));
#3847 = PCURVE('',#3815,#3848);
#3848 = DEFINITIONAL_REPRESENTATION('',(#3849),#3853);
#3849 = LINE('',#3850,#3851);
#3850 = CARTESIAN_POINT('',(0.,0.));
#3851 = VECTOR('',#3852,1.);
#3852 = DIRECTION('',(0.,-1.));
#3853 = ( GEOMETRIC_REPRESENTATION_CONTEXT(2) 
PARAMETRIC_REPRESENTATION_CONTEXT() REPRESENTATION_CONTEXT('2D SPACE',''
  ) );
#3854 = PCURVE('',#3855,#3860);
#3855 = PLANE('',#3856);
#3856 = AXIS2_PLACEMENT_3D('',#3857,#3858,#3859);
#3857 = CARTESIAN_POINT('',(0.,0.,0.));
#3858 = DIRECTION('',(0.,0.,1.));
#3859 = DIRECTION('',(1.,0.,-0.));
#3860 = DEFINITIONAL_REPRESENTATION('',(#3861),#3865);
#3861 = LINE('',#3862,#3863);
#3862 = CARTESIAN_POINT('',(0.,0.));
#3863 = VECTOR('',#3864,1.);
#3864 = DIRECTION('',(0.,1.));
#3865 = ( GEOMETRIC_REPRESENTATION_CONTEXT(2) 
PARAMETRIC_REPRESENTATION_CONTEXT() REPRESENTATION_CONTEXT('2D SPACE',''
  ) );
#3866 = ORIENTED_EDGE('',*,*,#3867,.T.);
#3867 = EDGE_CURVE('',#3840,#3868,#3870,.T.);
#3868 = VERTEX_POINT('',#3869);
#3869 = CARTESIAN_POINT('',(0.,50.,2.4E+03));
#3870 = SURFACE_CURVE('',#3871,(#3875,#3882),.PCURVE_S1.);
#3871 = LINE('',#3872,#3873);
#3872 = CARTESIAN_POINT('',(0.,50.,0.));
#3873 = VECTOR('',#3874,1.);
#3874 = DIRECTION('',(0.,0.,1.));
#3875 = PCURVE('',#3815,#3876);
#3876 = DEFINITIONAL_REPRESENTATION('',(#3877),#3881);
#3877 = LINE('',#3878,#3879);
#3878 = CARTESIAN_POINT('',(0.,-50.));
#3879 = VECTOR('',#3880,1.);
#3880 = DIRECTION('',(1.,0.));
#3881 = ( GEOMETRIC_REPRESENTATION_CONTEXT(2) 
PARAMETRIC_REPRESENTATION_CONTEXT() REPRESENTATION_CONTEXT('2D SPACE',''
  ) );
#3882 = PCURVE('',#3883,#3888);
#3883 = PLANE('',#3884);
#3884 = AXIS2_PLACEMENT_3D('',#3885,#3886,#3887);
#3885 = CARTESIAN_POINT('',(0.,50.,0.));
#3886 = DIRECTION('',(-0.,1.,0.));
#3887 = DIRECTION('',(0.,0.,1.));
#3888 = DEFINITIONAL_REPRESENTATION('',(#3889),#3893);
#3889 = LINE('',#3890,#3891);
#3890 = CARTESIAN_POINT('',(0.,0.));
#3891 = VECTOR('',#3892,1.);
#3892 = DIRECTION('',(1.,0.));
#3893 = ( GEOMETRIC_REPRESENTATION_CONTEXT(2) 
PARAMETRIC_REPRESENTATION_CONTEXT() REPRESENTATION_CONTEXT('2D SPACE',''
  ) );
#3894 = ORIENTED_EDGE('',*,*,#3895,.F.);
#3895 = EDGE_CURVE('',#3807,#3868,#3896,.T.);
#3896 = SURFACE_CURVE('',#3897,(#3901,#3908),.PCURVE_S1.);
#3897 = LINE('',#3898,#3899);
#3898 = CARTESIAN_POINT('',(0.,0.,2.4E+03));
#3899 = VECTOR('',#3900,1.);
#3900 = DIRECTION('',(-0.,1.,0.));
#3901 = PCURVE('',#3815,#3902);
#3902 = DEFINITIONAL_REPRESENTATION('',(#3903),#3907);
#3903 = LINE('',#3904,#3905);
#3904 = CARTESIAN_POINT('',(2.4E+03,0.));
#3905 = VECTOR('',#3906,1.);
#3906 = DIRECTION('',(0.,-1.));
#3907 = ( GEOMETRIC_REPRESENTATION_CONTEXT(2) 
PARAMETRIC_REPRESENTATION_CONTEXT() REPRESENTATION_CONTEXT('2D SPACE',''
  ) );
#3908 = PCURVE('',#3909,#3914);
#3909 = PLANE('',#3910);
#3910 = AXIS2_PLACEMENT_3D('',#3911,#3912,#3913);
#3911 = CARTESIAN_POINT('',(0.,0.,2.4E+03));
#3912 = DIRECTION('',(0.,0.,1.));
#3913 = DIRECTION('',(1.,0.,-0.));
#3914 = DEFINITIONAL_REPRESENTATION('',(#3915),#3919);
#3915 = LINE('',#3916,#3917);
#3916 = CARTESIAN_POINT('',(0.,0.));
#3917 = VECTOR('',#3918,1.);
#3918 = DIRECTION('',(0.,1.));
#3919 = ( GEOMETRIC_REPRESENTATION_CONTEXT(2) 
PARAMETRIC_REPRESENTATION_CONTEXT() REPRESENTATION_CONTEXT('2D SPACE',''
  ) );
#3920 = FACE_BOUND('',#3921,.F.);
#3921 = EDGE_LOOP('',(#3922));
#3922 = ORIENTED_EDGE('',*,*,#3923,.F.);
#3923 = EDGE_CURVE('',#3924,#3924,#3926,.T.);
#3924 = VERTEX_POINT('',#3925);
#3925 = CARTESIAN_POINT('',(0.,25.,294.5));
#3926 = SURFACE_CURVE('',#3927,(#3932,#3939),.PCURVE_S1.);
#3927 = CIRCLE('',#3928,5.5);
#3928 = AXIS2_PLACEMENT_3D('',#3929,#3930,#3931);
#3929 = CARTESIAN_POINT('',(0.,25.,300.));
#3930 = DIRECTION('',(1.,0.,1.110223024625E-16));
#3931 = DIRECTION('',(1.110223024625E-16,0.,-1.));
#3932 = PCURVE('',#3815,#3933);
#3933 = DEFINITIONAL_REPRESENTATION('',(#3934),#3938);
#3934 = CIRCLE('',#3935,5.5);
#3935 = AXIS2_PLACEMENT_2D('',#3936,#3937);
#3936 = CARTESIAN_POINT('',(300.,-25.));
#3937 = DIRECTION('',(-1.,0.));
#3938 = ( GEOMETRIC_REPRESENTATION_CONTEXT(2) 
PARAMETRIC_REPRESENTATION_CONTEXT() REPRESENTATION_CONTEXT('2D SPACE',''
  ) );
#3939 = PCURVE('',#3940,#3945);
#3940 = CYLINDRICAL_SURFACE('',#3941,5.5);
#3941 = AXIS2_PLACEMENT_3D('',#3942,#3943,#3944);
#3942 = CARTESIAN_POINT('',(-1.,25.,300.));
#3943 = DIRECTION('',(1.,0.,1.110223024625E-16));
#3944 = DIRECTION('',(1.110223024625E-16,0.,-1.));
#3945 = DEFINITIONAL_REPRESENTATION('',(#3946),#3950);
#3946 = LINE('',#3947,#3948);
#3947 = CARTESIAN_POINT('',(0.,1.));
#3948 = VECTOR('',#3949,1.);
#3949 = DIRECTION('',(1.,0.));
#3950 = ( GEOMETRIC_REPRESENTATION_CONTEXT(2) 
PARAMETRIC_REPRESENTATION_CONTEXT() REPRESENTATION_CONTEXT('2D SPACE',''
  ) );
#3951 = FACE_BOUND('',#3952,.F.);
#3952 = EDGE_LOOP('',(#3953));
#3953 = ORIENTED_EDGE('',*,*,#3954,.F.);
#3954 = EDGE_CURVE('',#3955,#3955,#3957,.T.);
#3955 = VERTEX_POINT('',#3956);
#3956 = CARTESIAN_POINT('',(0.,25.,994.5));
#3957 = SURFACE_CURVE('',#3958,(#3963,#3970),.PCURVE_S1.);
#3958 = CIRCLE('',#3959,5.5);
#3959 = AXIS2_PLACEMENT_3D('',#3960,#3961,#3962);
#3960 = CARTESIAN_POINT('',(0.,25.,1.E+03));
#3961 = DIRECTION('',(1.,0.,1.110223024625E-16));
#3962 = DIRECTION('',(1.110223024625E-16,0.,-1.));
#3963 = PCURVE('',#3815,#3964);
#3964 = DEFINITIONAL_REPRESENTATION('',(#3965),#3969);
#3965 = CIRCLE('',#3966,5.5);
#3966 = AXIS2_PLACEMENT_2D('',#3967,#3968);
#3967 = CARTESIAN_POINT('',(1.E+03,-25.));
#3968 = DIRECTION('',(-1.,0.));
#3969 = ( GEOMETRIC_REPRESENTATION_CONTEXT(2) 
PARAMETRIC_REPRESENTATION_CONTEXT() REPRESENTATION_CONTEXT('2D SPACE',''
  ) );
#3970 = PCURVE('',#3971,#3976);
#3971 = CYLINDRICAL_SURFACE('',#3972,5.5);
#3972 = AXIS2_PLACEMENT_3D('',#3973,#3974,#3975);
#3973 = CARTESIAN_POINT('',(-1.,25.,1.E+03));
#3974 = DIRECTION('',(1.,0.,1.110223024625E-16));
#3975 = DIRECTION('',(1.110223024625E-16,0.,-1.));
#3976 = DEFINITIONAL_REPRESENTATION('',(#3977),#3981);
#3977 = LINE('',#3978,#3979);
#3978 = CARTESIAN_POINT('',(0.,1.));
#3979 = VECTOR('',#3980,1.);
#3980 = DIRECTION('',(1.,0.));
#3981 = ( GEOMETRIC_REPRESENTATION_CONTEXT(2) 
PARAMETRIC_REPRESENTATION_CONTEXT() REPRESENTATION_CONTEXT('2D SPACE',''
  ) );
#3982 = FACE_BOUND('',#3983,.F.);
#3983 = EDGE_LOOP('',(#3984));
#3984 = ORIENTED_EDGE('',*,*,#3985,.F.);
#3985 = EDGE_CURVE('',#3986,#3986,#3988,.T.);
#3986 = VERTEX_POINT('',#3987);
#3987 = CARTESIAN_POINT('',(0.,25.,1.6945E+03));
#3988 = SURFACE_CURVE('',#3989,(#3994,#4001),.PCURVE_S1.);
#3989 = CIRCLE('',#3990,5.5);
#3990 = AXIS2_PLACEMENT_3D('',#3991,#3992,#3993);
#3991 = CARTESIAN_POINT('',(0.,25.,1.7E+03));
#3992 = DIRECTION('',(1.,0.,1.110223024625E-16));
#3993 = DIRECTION('',(1.110223024625E-16,0.,-1.));
#3994 = PCURVE('',#3815,#3995);
#3995 = DEFINITIONAL_REPRESENTATION('',(#3996),#4000);
#3996 = CIRCLE('',#3997,5.5);
#3997 = AXIS2_PLACEMENT_2D('',#3998,#3999);
#3998 = CARTESIAN_POINT('',(1.7E+03,-25.));
#3999 = DIRECTION('',(-1.,0.));
#4000 = ( GEOMETRIC_REPRESENTATION_CONTEXT(2) 
PARAMETRIC_REPRESENTATION_CONTEXT() REPRESENTATION_CONTEXT('2D SPACE',''
  ) );
#4001 = PCURVE('',#4002,#4007);
#4002 = CYLINDRICAL_SURFACE('',#4003,5.5);
#4003 = AXIS2_PLACEMENT_3D('',#4004,#4005,#4006);
#4004 = CARTESIAN_POINT('',(-1.,25.,1.7E+03));
#4005 = DIRECTION('',(1.,0.,1.110223024625E-16));
#4006 = DIRECTION('',(1.110223024625E-16,0.,-1.));
#4007 = DEFINITIONAL_REPRESENTATION('',(#4008),#4012);
#4008 = LINE('',#4009,#4010);
#4009 = CARTESIAN_POINT('',(0.,1.));
#4010 = VECTOR('',#4011,1.);
#4011 = DIRECTION('',(1.,0.));
#4012 = ( GEOMETRIC_REPRESENTATION_CONTEXT(2) 
PARAMETRIC_REPRESENTATION_CONTEXT() REPRESENTATION_CONTEXT('2D SPACE',''
  ) );
#4013 = ADVANCED_FACE('',(#4014),#3827,.F.);
#4014 = FACE_BOUND('',#4015,.F.);
#4015 = EDGE_LOOP('',(#4016,#4039,#4040,#4063));
#4016 = ORIENTED_EDGE('',*,*,#4017,.F.);
#4017 = EDGE_CURVE('',#3805,#4018,#4020,.T.);
#4018 = VERTEX_POINT('',#4019);
#4019 = CARTESIAN_POINT('',(25.,0.,0.));
#4020 = SURFACE_CURVE('',#4021,(#4025,#4032),.PCURVE_S1.);
#4021 = LINE('',#4022,#4023);
#4022 = CARTESIAN_POINT('',(0.,0.,0.));
#4023 = VECTOR('',#4024,1.);
#4024 = DIRECTION('',(1.,0.,-0.));
#4025 = PCURVE('',#3827,#4026);
#4026 = DEFINITIONAL_REPRESENTATION('',(#4027),#4031);
#4027 = LINE('',#4028,#4029);
#4028 = CARTESIAN_POINT('',(0.,0.));
#4029 = VECTOR('',#4030,1.);
#4030 = DIRECTION('',(0.,1.));
#4031 = ( GEOMETRIC_REPRESENTATION_CONTEXT(2) 
PARAMETRIC_REPRESENTATION_CONTEXT() REPRESENTATION_CONTEXT('2D SPACE',''
  ) );
#4032 = PCURVE('',#3855,#4033);
#4033 = DEFINITIONAL_REPRESENTATION('',(#4034),#4038);
#4034 = LINE('',#4035,#4036);
#4035 = CARTESIAN_POINT('',(0.,0.));
#4036 = VECTOR('',#4037,1.);
#4037 = DIRECTION('',(1.,0.));
#4038 = ( GEOMETRIC_REPRESENTATION_CONTEXT(2) 
PARAMETRIC_REPRESENTATION_CONTEXT() REPRESENTATION_CONTEXT('2D SPACE',''
  ) );
#4039 = ORIENTED_EDGE('',*,*,#3804,.T.);
#4040 = ORIENTED_EDGE('',*,*,#4041,.T.);
#4041 = EDGE_CURVE('',#3807,#4042,#4044,.T.);
#4042 = VERTEX_POINT('',#4043);
#4043 = CARTESIAN_POINT('',(25.,0.,2.4E+03));
#4044 = SURFACE_CURVE('',#4045,(#4049,#4056),.PCURVE_S1.);
#4045 = LINE('',#4046,#4047);
#4046 = CARTESIAN_POINT('',(0.,0.,2.4E+03));
#4047 = VECTOR('',#4048,1.);
#4048 = DIRECTION('',(1.,0.,-0.));
#4049 = PCURVE('',#3827,#4050);
#4050 = DEFINITIONAL_REPRESENTATION('',(#4051),#4055);
#4051 = LINE('',#4052,#4053);
#4052 = CARTESIAN_POINT('',(2.4E+03,0.));
#4053 = VECTOR('',#4054,1.);
#4054 = DIRECTION('',(0.,1.));
#4055 = ( GEOMETRIC_REPRESENTATION_CONTEXT(2) 
PARAMETRIC_REPRESENTATION_CONTEXT() REPRESENTATION_CONTEXT('2D SPACE',''
  ) );
#4056 = PCURVE('',#3909,#4057);
#4057 = DEFINITIONAL_REPRESENTATION('',(#4058),#4062);
#4058 = LINE('',#4059,#4060);
#4059 = CARTESIAN_POINT('',(0.,0.));
#4060 = VECTOR('',#4061,1.);
#4061 = DIRECTION('',(1.,0.));
#4062 = ( GEOMETRIC_REPRESENTATION_CONTEXT(2) 
PARAMETRIC_REPRESENTATION_CONTEXT() REPRESENTATION_CONTEXT('2D SPACE',''
  ) );
#4063 = ORIENTED_EDGE('',*,*,#4064,.F.);
#4064 = EDGE_CURVE('',#4018,#4042,#4065,.T.);
#4065 = SURFACE_CURVE('',#4066,(#4070,#4077),.PCURVE_S1.);
#4066 = LINE('',#4067,#4068);
#4067 = CARTESIAN_POINT('',(25.,0.,0.));
#4068 = VECTOR('',#4069,1.);
#4069 = DIRECTION('',(0.,0.,1.));
#4070 = PCURVE('',#3827,#4071);
#4071 = DEFINITIONAL_REPRESENTATION('',(#4072),#4076);
#4072 = LINE('',#4073,#4074);
#4073 = CARTESIAN_POINT('',(0.,25.));
#4074 = VECTOR('',#4075,1.);
#4075 = DIRECTION('',(1.,0.));
#4076 = ( GEOMETRIC_REPRESENTATION_CONTEXT(2) 
PARAMETRIC_REPRESENTATION_CONTEXT() REPRESENTATION_CONTEXT('2D SPACE',''
  ) );
#4077 = PCURVE('',#4078,#4083);
#4078 = PLANE('',#4079);
#4079 = AXIS2_PLACEMENT_3D('',#4080,#4081,#4082);
#4080 = CARTESIAN_POINT('',(25.,0.,0.));
#4081 = DIRECTION('',(1.,0.,-0.));
#4082 = DIRECTION('',(0.,0.,1.));
#4083 = DEFINITIONAL_REPRESENTATION('',(#4084),#4088);
#4084 = LINE('',#4085,#4086);
#4085 = CARTESIAN_POINT('',(0.,0.));
#4086 = VECTOR('',#4087,1.);
#4087 = DIRECTION('',(1.,0.));
#4088 = ( GEOMETRIC_REPRESENTATION_CONTEXT(2) 
PARAMETRIC_REPRESENTATION_CONTEXT() REPRESENTATION_CONTEXT('2D SPACE',''
  ) );
#4089 = ADVANCED_FACE('',(#4090),#3909,.T.);
#4090 = FACE_BOUND('',#4091,.T.);
#4091 = EDGE_LOOP('',(#4092,#4093,#4094,#4117));
#4092 = ORIENTED_EDGE('',*,*,#3895,.F.);
#4093 = ORIENTED_EDGE('',*,*,#4041,.T.);
#4094 = ORIENTED_EDGE('',*,*,#4095,.T.);
#4095 = EDGE_CURVE('',#4042,#4096,#4098,.T.);
#4096 = VERTEX_POINT('',#4097);
#4097 = CARTESIAN_POINT('',(25.,50.,2.4E+03));
#4098 = SURFACE_CURVE('',#4099,(#4103,#4110),.PCURVE_S1.);
#4099 = LINE('',#4100,#4101);
#4100 = CARTESIAN_POINT('',(25.,0.,2.4E+03));
#4101 = VECTOR('',#4102,1.);
#4102 = DIRECTION('',(-0.,1.,0.));
#4103 = PCURVE('',#3909,#4104);
#4104 = DEFINITIONAL_REPRESENTATION('',(#4105),#4109);
#4105 = LINE('',#4106,#4107);
#4106 = CARTESIAN_POINT('',(25.,0.));
#4107 = VECTOR('',#4108,1.);
#4108 = DIRECTION('',(0.,1.));
#4109 = ( GEOMETRIC_REPRESENTATION_CONTEXT(2) 
PARAMETRIC_REPRESENTATION_CONTEXT() REPRESENTATION_CONTEXT('2D SPACE',''
  ) );
#4110 = PCURVE('',#4078,#4111);
#4111 = DEFINITIONAL_REPRESENTATION('',(#4112),#4116);
#4112 = LINE('',#4113,#4114);
#4113 = CARTESIAN_POINT('',(2.4E+03,0.));
#4114 = VECTOR('',#4115,1.);
#4115 = DIRECTION('',(0.,-1.));
#4116 = ( GEOMETRIC_REPRESENTATION_CONTEXT(2) 
PARAMETRIC_REPRESENTATION_CONTEXT() REPRESENTATION_CONTEXT('2D SPACE',''
  ) );
#4117 = ORIENTED_EDGE('',*,*,#4118,.F.);
#4118 = EDGE_CURVE('',#3868,#4096,#4119,.T.);
#4119 = SURFACE_CURVE('',#4120,(#4124,#4131),.PCURVE_S1.);
#4120 = LINE('',#4121,#4122);
#4121 = CARTESIAN_POINT('',(0.,50.,2.4E+03));
#4122 = VECTOR('',#4123,1.);
#4123 = DIRECTION('',(1.,0.,-0.));
#4124 = PCURVE('',#3909,#4125);
#4125 = DEFINITIONAL_REPRESENTATION('',(#4126),#4130);
#4126 = LINE('',#4127,#4128);
#4127 = CARTESIAN_POINT('',(0.,50.));
#4128 = VECTOR('',#4129,1.);
#4129 = DIRECTION('',(1.,0.));
#4130 = ( GEOMETRIC_REPRESENTATION_CONTEXT(2) 
PARAMETRIC_REPRESENTATION_CONTEXT() REPRESENTATION_CONTEXT('2D SPACE',''
  ) );
#4131 = PCURVE('',#3883,#4132);
#4132 = DEFINITIONAL_REPRESENTATION('',(#4133),#4137);
#4133 = LINE('',#4134,#4135);
#4134 = CARTESIAN_POINT('',(2.4E+03,0.));
#4135 = VECTOR('',#4136,1.);
#4136 = DIRECTION('',(0.,1.));
#4137 = ( GEOMETRIC_REPRESENTATION_CONTEXT(2) 
PARAMETRIC_REPRESENTATION_CONTEXT() REPRESENTATION_CONTEXT('2D SPACE',''
  ) );
#4138 = ADVANCED_FACE('',(#4139),#3855,.F.);
#4139 = FACE_BOUND('',#4140,.F.);
#4140 = EDGE_LOOP('',(#4141,#4142,#4143,#4166));
#4141 = ORIENTED_EDGE('',*,*,#3839,.F.);
#4142 = ORIENTED_EDGE('',*,*,#4017,.T.);
#4143 = ORIENTED_EDGE('',*,*,#4144,.T.);
#4144 = EDGE_CURVE('',#4018,#4145,#4147,.T.);
#4145 = VERTEX_POINT('',#4146);
#4146 = CARTESIAN_POINT('',(25.,50.,0.));
#4147 = SURFACE_CURVE('',#4148,(#4152,#4159),.PCURVE_S1.);
#4148 = LINE('',#4149,#4150);
#4149 = CARTESIAN_POINT('',(25.,0.,0.));
#4150 = VECTOR('',#4151,1.);
#4151 = DIRECTION('',(-0.,1.,0.));
#4152 = PCURVE('',#3855,#4153);
#4153 = DEFINITIONAL_REPRESENTATION('',(#4154),#4158);
#4154 = LINE('',#4155,#4156);
#4155 = CARTESIAN_POINT('',(25.,0.));
#4156 = VECTOR('',#4157,1.);
#4157 = DIRECTION('',(0.,1.));
#4158 = ( GEOMETRIC_REPRESENTATION_CONTEXT(2) 
PARAMETRIC_REPRESENTATION_CONTEXT() REPRESENTATION_CONTEXT('2D SPACE',''
  ) );
#4159 = PCURVE('',#4078,#4160);
#4160 = DEFINITIONAL_REPRESENTATION('',(#4161),#4165);
#4161 = LINE('',#4162,#4163);
#4162 = CARTESIAN_POINT('',(0.,0.));
#4163 = VECTOR('',#4164,1.);
#4164 = DIRECTION('',(0.,-1.));
#4165 = ( GEOMETRIC_REPRESENTATION_CONTEXT(2) 
PARAMETRIC_REPRESENTATION_CONTEXT() REPRESENTATION_CONTEXT('2D SPACE',''
  ) );
#4166 = ORIENTED_EDGE('',*,*,#4167,.F.);
#4167 = EDGE_CURVE('',#3840,#4145,#4168,.T.);
#4168 = SURFACE_CURVE('',#4169,(#4173,#4180),.PCURVE_S1.);
#4169 = LINE('',#4170,#4171);
#4170 = CARTESIAN_POINT('',(0.,50.,0.));
#4171 = VECTOR('',#4172,1.);
#4172 = DIRECTION('',(1.,0.,-0.));
#4173 = PCURVE('',#3855,#4174);
#4174 = DEFINITIONAL_REPRESENTATION('',(#4175),#4179);
#4175 = LINE('',#4176,#4177);
#4176 = CARTESIAN_POINT('',(0.,50.));
#4177 = VECTOR('',#4178,1.);
#4178 = DIRECTION('',(1.,0.));
#4179 = ( GEOMETRIC_REPRESENTATION_CONTEXT(2) 
PARAMETRIC_REPRESENTATION_CONTEXT() REPRESENTATION_CONTEXT('2D SPACE',''
  ) );
#4180 = PCURVE('',#3883,#4181);
#4181 = DEFINITIONAL_REPRESENTATION('',(#4182),#4186);
#4182 = LINE('',#4183,#4184);
#4183 = CARTESIAN_POINT('',(0.,0.));
#4184 = VECTOR('',#4185,1.);
#4185 = DIRECTION('',(0.,1.));
#4186 = ( GEOMETRIC_REPRESENTATION_CONTEXT(2) 
PARAMETRIC_REPRESENTATION_CONTEXT() REPRESENTATION_CONTEXT('2D SPACE',''
  ) );
#4187 = ADVANCED_FACE('',(#4188),#3883,.T.);
#4188 = FACE_BOUND('',#4189,.T.);
#4189 = EDGE_LOOP('',(#4190,#4191,#4192,#4193));
#4190 = ORIENTED_EDGE('',*,*,#4167,.F.);
#4191 = ORIENTED_EDGE('',*,*,#3867,.T.);
#4192 = ORIENTED_EDGE('',*,*,#4118,.T.);
#4193 = ORIENTED_EDGE('',*,*,#4194,.F.);
#4194 = EDGE_CURVE('',#4145,#4096,#4195,.T.);
#4195 = SURFACE_CURVE('',#4196,(#4200,#4207),.PCURVE_S1.);
#4196 = LINE('',#4197,#4198);
#4197 = CARTESIAN_POINT('',(25.,50.,0.));
#4198 = VECTOR('',#4199,1.);
#4199 = DIRECTION('',(0.,0.,1.));
#4200 = PCURVE('',#3883,#4201);
#4201 = DEFINITIONAL_REPRESENTATION('',(#4202),#4206);
#4202 = LINE('',#4203,#4204);
#4203 = CARTESIAN_POINT('',(0.,25.));
#4204 = VECTOR('',#4205,1.);
#4205 = DIRECTION('',(1.,0.));
#4206 = ( GEOMETRIC_REPRESENTATION_CONTEXT(2) 
PARAMETRIC_REPRESENTATION_CONTEXT() REPRESENTATION_CONTEXT('2D SPACE',''
  ) );
#4207 = PCURVE('',#4078,#4208);
#4208 = DEFINITIONAL_REPRESENTATION('',(#4209),#4213);
#4209 = LINE('',#4210,#4211);
#4210 = CARTESIAN_POINT('',(0.,-50.));
#4211 = VECTOR('',#4212,1.);
#4212 = DIRECTION('',(1.,0.));
#4213 = ( GEOMETRIC_REPRESENTATION_CONTEXT(2) 
PARAMETRIC_REPRESENTATION_CONTEXT() REPRESENTATION_CONTEXT('2D SPACE',''
  ) );
#4214 = ADVANCED_FACE('',(#4215),#3940,.F.);
#4215 = FACE_BOUND('',#4216,.F.);
#4216 = EDGE_LOOP('',(#4217,#4241,#4262,#4263));
#4217 = ORIENTED_EDGE('',*,*,#4218,.F.);
#4218 = EDGE_CURVE('',#4219,#4219,#4221,.T.);
#4219 = VERTEX_POINT('',#4220);
#4220 = CARTESIAN_POINT('',(25.,25.,294.5));
#4221 = SURFACE_CURVE('',#4222,(#4227,#4234),.PCURVE_S1.);
#4222 = CIRCLE('',#4223,5.5);
#4223 = AXIS2_PLACEMENT_3D('',#4224,#4225,#4226);
#4224 = CARTESIAN_POINT('',(25.,25.,300.));
#4225 = DIRECTION('',(1.,0.,1.110223024625E-16));
#4226 = DIRECTION('',(1.110223024625E-16,0.,-1.));
#4227 = PCURVE('',#3940,#4228);
#4228 = DEFINITIONAL_REPRESENTATION('',(#4229),#4233);
#4229 = LINE('',#4230,#4231);
#4230 = CARTESIAN_POINT('',(0.,26.));
#4231 = VECTOR('',#4232,1.);
#4232 = DIRECTION('',(1.,0.));
#4233 = ( GEOMETRIC_REPRESENTATION_CONTEXT(2) 
PARAMETRIC_REPRESENTATION_CONTEXT() REPRESENTATION_CONTEXT('2D SPACE',''
  ) );
#4234 = PCURVE('',#4078,#4235);
#4235 = DEFINITIONAL_REPRESENTATION('',(#4236),#4240);
#4236 = CIRCLE('',#4237,5.5);
#4237 = AXIS2_PLACEMENT_2D('',#4238,#4239);
#4238 = CARTESIAN_POINT('',(300.,-25.));
#4239 = DIRECTION('',(-1.,0.));
#4240 = ( GEOMETRIC_REPRESENTATION_CONTEXT(2) 
PARAMETRIC_REPRESENTATION_CONTEXT() REPRESENTATION_CONTEXT('2D SPACE',''
  ) );
#4241 = ORIENTED_EDGE('',*,*,#4242,.F.);
#4242 = EDGE_CURVE('',#3924,#4219,#4243,.T.);
#4243 = SEAM_CURVE('',#4244,(#4248,#4255),.PCURVE_S1.);
#4244 = LINE('',#4245,#4246);
#4245 = CARTESIAN_POINT('',(-1.,25.,294.5));
#4246 = VECTOR('',#4247,1.);
#4247 = DIRECTION('',(1.,0.,1.110223024625E-16));
#4248 = PCURVE('',#3940,#4249);
#4249 = DEFINITIONAL_REPRESENTATION('',(#4250),#4254);
#4250 = LINE('',#4251,#4252);
#4251 = CARTESIAN_POINT('',(6.28318530718,-0.));
#4252 = VECTOR('',#4253,1.);
#4253 = DIRECTION('',(0.,1.));
#4254 = ( GEOMETRIC_REPRESENTATION_CONTEXT(2) 
PARAMETRIC_REPRESENTATION_CONTEXT() REPRESENTATION_CONTEXT('2D SPACE',''
  ) );
#4255 = PCURVE('',#3940,#4256);
#4256 = DEFINITIONAL_REPRESENTATION('',(#4257),#4261);
#4257 = LINE('',#4258,#4259);
#4258 = CARTESIAN_POINT('',(0.,-0.));
#4259 = VECTOR('',#4260,1.);
#4260 = DIRECTION('',(0.,1.));
#4261 = ( GEOMETRIC_REPRESENTATION_CONTEXT(2) 
PARAMETRIC_REPRESENTATION_CONTEXT() REPRESENTATION_CONTEXT('2D SPACE',''
  ) );
#4262 = ORIENTED_EDGE('',*,*,#3923,.T.);
#4263 = ORIENTED_EDGE('',*,*,#4242,.T.);
#4264 = ADVANCED_FACE('',(#4265),#3971,.F.);
#4265 = FACE_BOUND('',#4266,.F.);
#4266 = EDGE_LOOP('',(#4267,#4291,#4312,#4313));
#4267 = ORIENTED_EDGE('',*,*,#4268,.F.);
#4268 = EDGE_CURVE('',#4269,#4269,#4271,.T.);
#4269 = VERTEX_POINT('',#4270);
#4270 = CARTESIAN_POINT('',(25.,25.,994.5));
#4271 = SURFACE_CURVE('',#4272,(#4277,#4284),.PCURVE_S1.);
#4272 = CIRCLE('',#4273,5.5);
#4273 = AXIS2_PLACEMENT_3D('',#4274,#4275,#4276);
#4274 = CARTESIAN_POINT('',(25.,25.,1.E+03));
#4275 = DIRECTION('',(1.,0.,1.110223024625E-16));
#4276 = DIRECTION('',(1.110223024625E-16,0.,-1.));
#4277 = PCURVE('',#3971,#4278);
#4278 = DEFINITIONAL_REPRESENTATION('',(#4279),#4283);
#4279 = LINE('',#4280,#4281);
#4280 = CARTESIAN_POINT('',(0.,26.));
#4281 = VECTOR('',#4282,1.);
#4282 = DIRECTION('',(1.,0.));
#4283 = ( GEOMETRIC_REPRESENTATION_CONTEXT(2) 
PARAMETRIC_REPRESENTATION_CONTEXT() REPRESENTATION_CONTEXT('2D SPACE',''
  ) );
#4284 = PCURVE('',#4078,#4285);
#4285 = DEFINITIONAL_REPRESENTATION('',(#4286),#4290);
#4286 = CIRCLE('',#4287,5.5);
#4287 = AXIS2_PLACEMENT_2D('',#4288,#4289);
#4288 = CARTESIAN_POINT('',(1.E+03,-25.));
#4289 = DIRECTION('',(-1.,0.));
#4290 = ( GEOMETRIC_REPRESENTATION_CONTEXT(2) 
PARAMETRIC_REPRESENTATION_CONTEXT() REPRESENTATION_CONTEXT('2D SPACE',''
  ) );
#4291 = ORIENTED_EDGE('',*,*,#4292,.F.);
#4292 = EDGE_CURVE('',#3955,#4269,#4293,.T.);
#4293 = SEAM_CURVE('',#4294,(#4298,#4305),.PCURVE_S1.);
#4294 = LINE('',#4295,#4296);
#4295 = CARTESIAN_POINT('',(-1.,25.,994.5));
#4296 = VECTOR('',#4297,1.);
#4297 = DIRECTION('',(1.,0.,1.110223024625E-16));
#4298 = PCURVE('',#3971,#4299);
#4299 = DEFINITIONAL_REPRESENTATION('',(#4300),#4304);
#4300 = LINE('',#4301,#4302);
#4301 = CARTESIAN_POINT('',(6.28318530718,-0.));
#4302 = VECTOR('',#4303,1.);
#4303 = DIRECTION('',(0.,1.));
#4304 = ( GEOMETRIC_REPRESENTATION_CONTEXT(2) 
PARAMETRIC_REPRESENTATION_CONTEXT() REPRESENTATION_CONTEXT('2D SPACE',''
  ) );
#4305 = PCURVE('',#3971,#4306);
#4306 = DEFINITIONAL_REPRESENTATION('',(#4307),#4311);
#4307 = LINE('',#4308,#4309);
#4308 = CARTESIAN_POINT('',(0.,-0.));
#4309 = VECTOR('',#4310,1.);
#4310 = DIRECTION('',(0.,1.));
#4311 = ( GEOMETRIC_REPRESENTATION_CONTEXT(2) 
PARAMETRIC_REPRESENTATION_CONTEXT() REPRESENTATION_CONTEXT('2D SPACE',''
  ) );
#4312 = ORIENTED_EDGE('',*,*,#3954,.T.);
#4313 = ORIENTED_EDGE('',*,*,#4292,.T.);
#4314 = ADVANCED_FACE('',(#4315),#4002,.F.);
#4315 = FACE_BOUND('',#4316,.F.);
#4316 = EDGE_LOOP('',(#4317,#4341,#4362,#4363));
#4317 = ORIENTED_EDGE('',*,*,#4318,.F.);
#4318 = EDGE_CURVE('',#4319,#4319,#4321,.T.);
#4319 = VERTEX_POINT('',#4320);
#4320 = CARTESIAN_POINT('',(25.,25.,1.6945E+03));
#4321 = SURFACE_CURVE('',#4322,(#4327,#4334),.PCURVE_S1.);
#4322 = CIRCLE('',#4323,5.5);
#4323 = AXIS2_PLACEMENT_3D('',#4324,#4325,#4326);
#4324 = CARTESIAN_POINT('',(25.,25.,1.7E+03));
#4325 = DIRECTION('',(1.,0.,1.110223024625E-16));
#4326 = DIRECTION('',(1.110223024625E-16,0.,-1.));
#4327 = PCURVE('',#4002,#4328);
#4328 = DEFINITIONAL_REPRESENTATION('',(#4329),#4333);
#4329 = LINE('',#4330,#4331);
#4330 = CARTESIAN_POINT('',(0.,26.));
#4331 = VECTOR('',#4332,1.);
#4332 = DIRECTION('',(1.,0.));
#4333 = ( GEOMETRIC_REPRESENTATION_CONTEXT(2) 
PARAMETRIC_REPRESENTATION_CONTEXT() REPRESENTATION_CONTEXT('2D SPACE',''
  ) );
#4334 = PCURVE('',#4078,#4335);
#4335 = DEFINITIONAL_REPRESENTATION('',(#4336),#4340);
#4336 = CIRCLE('',#4337,5.5);
#4337 = AXIS2_PLACEMENT_2D('',#4338,#4339);
#4338 = CARTESIAN_POINT('',(1.7E+03,-25.));
#4339 = DIRECTION('',(-1.,0.));
#4340 = ( GEOMETRIC_REPRESENTATION_CONTEXT(2) 
PARAMETRIC_REPRESENTATION_CONTEXT() REPRESENTATION_CONTEXT('2D SPACE',''
  ) );
#4341 = ORIENTED_EDGE('',*,*,#4342,.F.);
#4342 = EDGE_CURVE('',#3986,#4319,#4343,.T.);
#4343 = SEAM_CURVE('',#4344,(#4348,#4355),.PCURVE_S1.);
#4344 = LINE('',#4345,#4346);
#4345 = CARTESIAN_POINT('',(-1.,25.,1.6945E+03));
#4346 = VECTOR('',#4347,1.);
#4347 = DIRECTION('',(1.,0.,1.110223024625E-16));
#4348 = PCURVE('',#4002,#4349);
#4349 = DEFINITIONAL_REPRESENTATION('',(#4350),#4354);
#4350 = LINE('',#4351,#4352);
#4351 = CARTESIAN_POINT('',(6.28318530718,-0.));
#4352 = VECTOR('',#4353,1.);
#4353 = DIRECTION('',(0.,1.));
#4354 = ( GEOMETRIC_REPRESENTATION_CONTEXT(2) 
PARAMETRIC_REPRESENTATION_CONTEXT() REPRESENTATION_CONTEXT('2D SPACE',''
  ) );
#4355 = PCURVE('',#4002,#4356);
#4356 = DEFINITIONAL_REPRESENTATION('',(#4357),#4361);
#4357 = LINE('',#4358,#4359);
#4358 = CARTESIAN_POINT('',(0.,-0.));
#4359 = VECTOR('',#4360,1.);
#4360 = DIRECTION('',(0.,1.));
#4361 = ( GEOMETRIC_REPRESENTATION_CONTEXT(2) 
PARAMETRIC_REPRESENTATION_CONTEXT() REPRESENTATION_CONTEXT('2D SPACE',''
  ) );
#4362 = ORIENTED_EDGE('',*,*,#3985,.T.);
#4363 = ORIENTED_EDGE('',*,*,#4342,.T.);
#4364 = ADVANCED_FACE('',(#4365,#4371,#4374,#4377),#4078,.T.);
#4365 = FACE_BOUND('',#4366,.T.);
#4366 = EDGE_LOOP('',(#4367,#4368,#4369,#4370));
#4367 = ORIENTED_EDGE('',*,*,#4064,.F.);
#4368 = ORIENTED_EDGE('',*,*,#4144,.T.);
#4369 = ORIENTED_EDGE('',*,*,#4194,.T.);
#4370 = ORIENTED_EDGE('',*,*,#4095,.F.);
#4371 = FACE_BOUND('',#4372,.T.);
#4372 = EDGE_LOOP('',(#4373));
#4373 = ORIENTED_EDGE('',*,*,#4218,.F.);
#4374 = FACE_BOUND('',#4375,.T.);
#4375 = EDGE_LOOP('',(#4376));
#4376 = ORIENTED_EDGE('',*,*,#4268,.F.);
#4377 = FACE_BOUND('',#4378,.T.);
#4378 = EDGE_LOOP('',(#4379));
#4379 = ORIENTED_EDGE('',*,*,#4318,.F.);
#4380 = ( GEOMETRIC_REPRESENTATION_CONTEXT(3) 
GLOBAL_UNCERTAINTY_ASSIGNED_CONTEXT((#4384)) 
GLOBAL_UNIT_ASSIGNED_CONTEXT((#4381,#4382,#4383)) REPRESENTATION_CONTEXT
('Context #1','3D Context with UNIT and UNCERTAINTY') );
#4381 = ( LENGTH_UNIT() NAMED_UNIT(*) SI_UNIT(.MILLI.,.METRE.) );
#4382 = ( NAMED_UNIT(*) PLANE_ANGLE_UNIT() SI_UNIT($,.RADIAN.) );
#4383 = ( NAMED_UNIT(*) SI_UNIT($,.STERADIAN.) SOLID_ANGLE_UNIT() );
#4384 = UNCERTAINTY_MEASURE_WITH_UNIT(LENGTH_MEASURE(1.E-07),#4381,
  'distance_accuracy_value','confusion accuracy');
#4385 = CONTEXT_DEPENDENT_SHAPE_REPRESENTATION(#4386,#4388);
#4386 = ( REPRESENTATION_RELATIONSHIP('','',#3797,#10) 
REPRESENTATION_RELATIONSHIP_WITH_TRANSFORMATION(#4387) 
SHAPE_REPRESENTATION_RELATIONSHIP() );
#4387 = ITEM_DEFINED_TRANSFORMATION('','',#11,#35);
#4388 = PRODUCT_DEFINITION_SHAPE('Placement','Placement of an item',
  #4389);
#4389 = NEXT_ASSEMBLY_USAGE_OCCURRENCE('829',
  '\X2\04410442043E0439043A0430\X0\_\X2\0449043804420430\X0\_25\X2\0445\X0\50\X2\0445\X0\2400','',#5,
  #3792,$);
#4390 = PRODUCT_RELATED_PRODUCT_CATEGORY('part',$,(#3794));
#4391 = SHAPE_DEFINITION_REPRESENTATION(#4392,#4398);
#4392 = PRODUCT_DEFINITION_SHAPE('','',#4393);
#4393 = PRODUCT_DEFINITION('design','',#4394,#4397);
#4394 = PRODUCT_DEFINITION_FORMATION('','',#4395);
#4395 = PRODUCT(
  '\X2\04410442043E0439043A0430\X0\_\X2\0449043804420430\X0\_25\X2\0445\X0\50\X2\0445\X0\2400',
  '\X2\04410442043E0439043A0430\X0\_\X2\0449043804420430\X0\_25\X2\0445\X0\50\X2\0445\X0\2400','',(#4396
    ));
#4396 = PRODUCT_CONTEXT('',#2,'mechanical');
#4397 = PRODUCT_DEFINITION_CONTEXT('part definition',#2,'design');
#4398 = ADVANCED_BREP_SHAPE_REPRESENTATION('',(#11,#4399),#4981);
#4399 = MANIFOLD_SOLID_BREP('',#4400);
#4400 = CLOSED_SHELL('',(#4401,#4614,#4690,#4739,#4788,#4815,#4865,#4915
    ,#4965));
#4401 = ADVANCED_FACE('',(#4402,#4521,#4552,#4583),#4416,.F.);
#4402 = FACE_BOUND('',#4403,.F.);
#4403 = EDGE_LOOP('',(#4404,#4439,#4467,#4495));
#4404 = ORIENTED_EDGE('',*,*,#4405,.F.);
#4405 = EDGE_CURVE('',#4406,#4408,#4410,.T.);
#4406 = VERTEX_POINT('',#4407);
#4407 = CARTESIAN_POINT('',(972.,0.,0.));
#4408 = VERTEX_POINT('',#4409);
#4409 = CARTESIAN_POINT('',(972.,0.,2.4E+03));
#4410 = SURFACE_CURVE('',#4411,(#4415,#4427),.PCURVE_S1.);
#4411 = LINE('',#4412,#4413);
#4412 = CARTESIAN_POINT('',(972.,0.,0.));
#4413 = VECTOR('',#4414,1.);
#4414 = DIRECTION('',(0.,0.,1.));
#4415 = PCURVE('',#4416,#4421);
#4416 = PLANE('',#4417);
#4417 = AXIS2_PLACEMENT_3D('',#4418,#4419,#4420);
#4418 = CARTESIAN_POINT('',(972.,0.,0.));
#4419 = DIRECTION('',(1.,0.,-0.));
#4420 = DIRECTION('',(0.,0.,1.));
#4421 = DEFINITIONAL_REPRESENTATION('',(#4422),#4426);
#4422 = LINE('',#4423,#4424);
#4423 = CARTESIAN_POINT('',(0.,0.));
#4424 = VECTOR('',#4425,1.);
#4425 = DIRECTION('',(1.,0.));
#4426 = ( GEOMETRIC_REPRESENTATION_CONTEXT(2) 
PARAMETRIC_REPRESENTATION_CONTEXT() REPRESENTATION_CONTEXT('2D SPACE',''
  ) );
#4427 = PCURVE('',#4428,#4433);
#4428 = PLANE('',#4429);
#4429 = AXIS2_PLACEMENT_3D('',#4430,#4431,#4432);
#4430 = CARTESIAN_POINT('',(972.,0.,0.));
#4431 = DIRECTION('',(-0.,1.,0.));
#4432 = DIRECTION('',(0.,0.,1.));
#4433 = DEFINITIONAL_REPRESENTATION('',(#4434),#4438);
#4434 = LINE('',#4435,#4436);
#4435 = CARTESIAN_POINT('',(0.,0.));
#4436 = VECTOR('',#4437,1.);
#4437 = DIRECTION('',(1.,0.));
#4438 = ( GEOMETRIC_REPRESENTATION_CONTEXT(2) 
PARAMETRIC_REPRESENTATION_CONTEXT() REPRESENTATION_CONTEXT('2D SPACE',''
  ) );
#4439 = ORIENTED_EDGE('',*,*,#4440,.T.);
#4440 = EDGE_CURVE('',#4406,#4441,#4443,.T.);
#4441 = VERTEX_POINT('',#4442);
#4442 = CARTESIAN_POINT('',(972.,50.,0.));
#4443 = SURFACE_CURVE('',#4444,(#4448,#4455),.PCURVE_S1.);
#4444 = LINE('',#4445,#4446);
#4445 = CARTESIAN_POINT('',(972.,0.,0.));
#4446 = VECTOR('',#4447,1.);
#4447 = DIRECTION('',(-0.,1.,0.));
#4448 = PCURVE('',#4416,#4449);
#4449 = DEFINITIONAL_REPRESENTATION('',(#4450),#4454);
#4450 = LINE('',#4451,#4452);
#4451 = CARTESIAN_POINT('',(0.,0.));
#4452 = VECTOR('',#4453,1.);
#4453 = DIRECTION('',(0.,-1.));
#4454 = ( GEOMETRIC_REPRESENTATION_CONTEXT(2) 
PARAMETRIC_REPRESENTATION_CONTEXT() REPRESENTATION_CONTEXT('2D SPACE',''
  ) );
#4455 = PCURVE('',#4456,#4461);
#4456 = PLANE('',#4457);
#4457 = AXIS2_PLACEMENT_3D('',#4458,#4459,#4460);
#4458 = CARTESIAN_POINT('',(972.,0.,0.));
#4459 = DIRECTION('',(0.,0.,1.));
#4460 = DIRECTION('',(1.,0.,-0.));
#4461 = DEFINITIONAL_REPRESENTATION('',(#4462),#4466);
#4462 = LINE('',#4463,#4464);
#4463 = CARTESIAN_POINT('',(0.,0.));
#4464 = VECTOR('',#4465,1.);
#4465 = DIRECTION('',(0.,1.));
#4466 = ( GEOMETRIC_REPRESENTATION_CONTEXT(2) 
PARAMETRIC_REPRESENTATION_CONTEXT() REPRESENTATION_CONTEXT('2D SPACE',''
  ) );
#4467 = ORIENTED_EDGE('',*,*,#4468,.T.);
#4468 = EDGE_CURVE('',#4441,#4469,#4471,.T.);
#4469 = VERTEX_POINT('',#4470);
#4470 = CARTESIAN_POINT('',(972.,50.,2.4E+03));
#4471 = SURFACE_CURVE('',#4472,(#4476,#4483),.PCURVE_S1.);
#4472 = LINE('',#4473,#4474);
#4473 = CARTESIAN_POINT('',(972.,50.,0.));
#4474 = VECTOR('',#4475,1.);
#4475 = DIRECTION('',(0.,0.,1.));
#4476 = PCURVE('',#4416,#4477);
#4477 = DEFINITIONAL_REPRESENTATION('',(#4478),#4482);
#4478 = LINE('',#4479,#4480);
#4479 = CARTESIAN_POINT('',(0.,-50.));
#4480 = VECTOR('',#4481,1.);
#4481 = DIRECTION('',(1.,0.));
#4482 = ( GEOMETRIC_REPRESENTATION_CONTEXT(2) 
PARAMETRIC_REPRESENTATION_CONTEXT() REPRESENTATION_CONTEXT('2D SPACE',''
  ) );
#4483 = PCURVE('',#4484,#4489);
#4484 = PLANE('',#4485);
#4485 = AXIS2_PLACEMENT_3D('',#4486,#4487,#4488);
#4486 = CARTESIAN_POINT('',(972.,50.,0.));
#4487 = DIRECTION('',(-0.,1.,0.));
#4488 = DIRECTION('',(0.,0.,1.));
#4489 = DEFINITIONAL_REPRESENTATION('',(#4490),#4494);
#4490 = LINE('',#4491,#4492);
#4491 = CARTESIAN_POINT('',(0.,0.));
#4492 = VECTOR('',#4493,1.);
#4493 = DIRECTION('',(1.,0.));
#4494 = ( GEOMETRIC_REPRESENTATION_CONTEXT(2) 
PARAMETRIC_REPRESENTATION_CONTEXT() REPRESENTATION_CONTEXT('2D SPACE',''
  ) );
#4495 = ORIENTED_EDGE('',*,*,#4496,.F.);
#4496 = EDGE_CURVE('',#4408,#4469,#4497,.T.);
#4497 = SURFACE_CURVE('',#4498,(#4502,#4509),.PCURVE_S1.);
#4498 = LINE('',#4499,#4500);
#4499 = CARTESIAN_POINT('',(972.,0.,2.4E+03));
#4500 = VECTOR('',#4501,1.);
#4501 = DIRECTION('',(-0.,1.,0.));
#4502 = PCURVE('',#4416,#4503);
#4503 = DEFINITIONAL_REPRESENTATION('',(#4504),#4508);
#4504 = LINE('',#4505,#4506);
#4505 = CARTESIAN_POINT('',(2.4E+03,0.));
#4506 = VECTOR('',#4507,1.);
#4507 = DIRECTION('',(0.,-1.));
#4508 = ( GEOMETRIC_REPRESENTATION_CONTEXT(2) 
PARAMETRIC_REPRESENTATION_CONTEXT() REPRESENTATION_CONTEXT('2D SPACE',''
  ) );
#4509 = PCURVE('',#4510,#4515);
#4510 = PLANE('',#4511);
#4511 = AXIS2_PLACEMENT_3D('',#4512,#4513,#4514);
#4512 = CARTESIAN_POINT('',(972.,0.,2.4E+03));
#4513 = DIRECTION('',(0.,0.,1.));
#4514 = DIRECTION('',(1.,0.,-0.));
#4515 = DEFINITIONAL_REPRESENTATION('',(#4516),#4520);
#4516 = LINE('',#4517,#4518);
#4517 = CARTESIAN_POINT('',(0.,0.));
#4518 = VECTOR('',#4519,1.);
#4519 = DIRECTION('',(0.,1.));
#4520 = ( GEOMETRIC_REPRESENTATION_CONTEXT(2) 
PARAMETRIC_REPRESENTATION_CONTEXT() REPRESENTATION_CONTEXT('2D SPACE',''
  ) );
#4521 = FACE_BOUND('',#4522,.F.);
#4522 = EDGE_LOOP('',(#4523));
#4523 = ORIENTED_EDGE('',*,*,#4524,.F.);
#4524 = EDGE_CURVE('',#4525,#4525,#4527,.T.);
#4525 = VERTEX_POINT('',#4526);
#4526 = CARTESIAN_POINT('',(972.,25.,294.5));
#4527 = SURFACE_CURVE('',#4528,(#4533,#4540),.PCURVE_S1.);
#4528 = CIRCLE('',#4529,5.5);
#4529 = AXIS2_PLACEMENT_3D('',#4530,#4531,#4532);
#4530 = CARTESIAN_POINT('',(972.,25.,300.));
#4531 = DIRECTION('',(1.,0.,1.110223024625E-16));
#4532 = DIRECTION('',(1.110223024625E-16,0.,-1.));
#4533 = PCURVE('',#4416,#4534);
#4534 = DEFINITIONAL_REPRESENTATION('',(#4535),#4539);
#4535 = CIRCLE('',#4536,5.5);
#4536 = AXIS2_PLACEMENT_2D('',#4537,#4538);
#4537 = CARTESIAN_POINT('',(300.,-25.));
#4538 = DIRECTION('',(-1.,0.));
#4539 = ( GEOMETRIC_REPRESENTATION_CONTEXT(2) 
PARAMETRIC_REPRESENTATION_CONTEXT() REPRESENTATION_CONTEXT('2D SPACE',''
  ) );
#4540 = PCURVE('',#4541,#4546);
#4541 = CYLINDRICAL_SURFACE('',#4542,5.5);
#4542 = AXIS2_PLACEMENT_3D('',#4543,#4544,#4545);
#4543 = CARTESIAN_POINT('',(971.,25.,300.));
#4544 = DIRECTION('',(1.,0.,1.110223024625E-16));
#4545 = DIRECTION('',(1.110223024625E-16,0.,-1.));
#4546 = DEFINITIONAL_REPRESENTATION('',(#4547),#4551);
#4547 = LINE('',#4548,#4549);
#4548 = CARTESIAN_POINT('',(0.,1.));
#4549 = VECTOR('',#4550,1.);
#4550 = DIRECTION('',(1.,0.));
#4551 = ( GEOMETRIC_REPRESENTATION_CONTEXT(2) 
PARAMETRIC_REPRESENTATION_CONTEXT() REPRESENTATION_CONTEXT('2D SPACE',''
  ) );
#4552 = FACE_BOUND('',#4553,.F.);
#4553 = EDGE_LOOP('',(#4554));
#4554 = ORIENTED_EDGE('',*,*,#4555,.F.);
#4555 = EDGE_CURVE('',#4556,#4556,#4558,.T.);
#4556 = VERTEX_POINT('',#4557);
#4557 = CARTESIAN_POINT('',(972.,25.,994.5));
#4558 = SURFACE_CURVE('',#4559,(#4564,#4571),.PCURVE_S1.);
#4559 = CIRCLE('',#4560,5.5);
#4560 = AXIS2_PLACEMENT_3D('',#4561,#4562,#4563);
#4561 = CARTESIAN_POINT('',(972.,25.,1.E+03));
#4562 = DIRECTION('',(1.,0.,1.110223024625E-16));
#4563 = DIRECTION('',(1.110223024625E-16,0.,-1.));
#4564 = PCURVE('',#4416,#4565);
#4565 = DEFINITIONAL_REPRESENTATION('',(#4566),#4570);
#4566 = CIRCLE('',#4567,5.5);
#4567 = AXIS2_PLACEMENT_2D('',#4568,#4569);
#4568 = CARTESIAN_POINT('',(1.E+03,-25.));
#4569 = DIRECTION('',(-1.,0.));
#4570 = ( GEOMETRIC_REPRESENTATION_CONTEXT(2) 
PARAMETRIC_REPRESENTATION_CONTEXT() REPRESENTATION_CONTEXT('2D SPACE',''
  ) );
#4571 = PCURVE('',#4572,#4577);
#4572 = CYLINDRICAL_SURFACE('',#4573,5.5);
#4573 = AXIS2_PLACEMENT_3D('',#4574,#4575,#4576);
#4574 = CARTESIAN_POINT('',(971.,25.,1.E+03));
#4575 = DIRECTION('',(1.,0.,1.110223024625E-16));
#4576 = DIRECTION('',(1.110223024625E-16,0.,-1.));
#4577 = DEFINITIONAL_REPRESENTATION('',(#4578),#4582);
#4578 = LINE('',#4579,#4580);
#4579 = CARTESIAN_POINT('',(0.,1.));
#4580 = VECTOR('',#4581,1.);
#4581 = DIRECTION('',(1.,0.));
#4582 = ( GEOMETRIC_REPRESENTATION_CONTEXT(2) 
PARAMETRIC_REPRESENTATION_CONTEXT() REPRESENTATION_CONTEXT('2D SPACE',''
  ) );
#4583 = FACE_BOUND('',#4584,.F.);
#4584 = EDGE_LOOP('',(#4585));
#4585 = ORIENTED_EDGE('',*,*,#4586,.F.);
#4586 = EDGE_CURVE('',#4587,#4587,#4589,.T.);
#4587 = VERTEX_POINT('',#4588);
#4588 = CARTESIAN_POINT('',(972.,25.,1.6945E+03));
#4589 = SURFACE_CURVE('',#4590,(#4595,#4602),.PCURVE_S1.);
#4590 = CIRCLE('',#4591,5.5);
#4591 = AXIS2_PLACEMENT_3D('',#4592,#4593,#4594);
#4592 = CARTESIAN_POINT('',(972.,25.,1.7E+03));
#4593 = DIRECTION('',(1.,0.,1.110223024625E-16));
#4594 = DIRECTION('',(1.110223024625E-16,0.,-1.));
#4595 = PCURVE('',#4416,#4596);
#4596 = DEFINITIONAL_REPRESENTATION('',(#4597),#4601);
#4597 = CIRCLE('',#4598,5.5);
#4598 = AXIS2_PLACEMENT_2D('',#4599,#4600);
#4599 = CARTESIAN_POINT('',(1.7E+03,-25.));
#4600 = DIRECTION('',(-1.,0.));
#4601 = ( GEOMETRIC_REPRESENTATION_CONTEXT(2) 
PARAMETRIC_REPRESENTATION_CONTEXT() REPRESENTATION_CONTEXT('2D SPACE',''
  ) );
#4602 = PCURVE('',#4603,#4608);
#4603 = CYLINDRICAL_SURFACE('',#4604,5.5);
#4604 = AXIS2_PLACEMENT_3D('',#4605,#4606,#4607);
#4605 = CARTESIAN_POINT('',(971.,25.,1.7E+03));
#4606 = DIRECTION('',(1.,0.,1.110223024625E-16));
#4607 = DIRECTION('',(1.110223024625E-16,0.,-1.));
#4608 = DEFINITIONAL_REPRESENTATION('',(#4609),#4613);
#4609 = LINE('',#4610,#4611);
#4610 = CARTESIAN_POINT('',(0.,1.));
#4611 = VECTOR('',#4612,1.);
#4612 = DIRECTION('',(1.,0.));
#4613 = ( GEOMETRIC_REPRESENTATION_CONTEXT(2) 
PARAMETRIC_REPRESENTATION_CONTEXT() REPRESENTATION_CONTEXT('2D SPACE',''
  ) );
#4614 = ADVANCED_FACE('',(#4615),#4428,.F.);
#4615 = FACE_BOUND('',#4616,.F.);
#4616 = EDGE_LOOP('',(#4617,#4640,#4641,#4664));
#4617 = ORIENTED_EDGE('',*,*,#4618,.F.);
#4618 = EDGE_CURVE('',#4406,#4619,#4621,.T.);
#4619 = VERTEX_POINT('',#4620);
#4620 = CARTESIAN_POINT('',(997.,0.,0.));
#4621 = SURFACE_CURVE('',#4622,(#4626,#4633),.PCURVE_S1.);
#4622 = LINE('',#4623,#4624);
#4623 = CARTESIAN_POINT('',(972.,0.,0.));
#4624 = VECTOR('',#4625,1.);
#4625 = DIRECTION('',(1.,0.,-0.));
#4626 = PCURVE('',#4428,#4627);
#4627 = DEFINITIONAL_REPRESENTATION('',(#4628),#4632);
#4628 = LINE('',#4629,#4630);
#4629 = CARTESIAN_POINT('',(0.,0.));
#4630 = VECTOR('',#4631,1.);
#4631 = DIRECTION('',(0.,1.));
#4632 = ( GEOMETRIC_REPRESENTATION_CONTEXT(2) 
PARAMETRIC_REPRESENTATION_CONTEXT() REPRESENTATION_CONTEXT('2D SPACE',''
  ) );
#4633 = PCURVE('',#4456,#4634);
#4634 = DEFINITIONAL_REPRESENTATION('',(#4635),#4639);
#4635 = LINE('',#4636,#4637);
#4636 = CARTESIAN_POINT('',(0.,0.));
#4637 = VECTOR('',#4638,1.);
#4638 = DIRECTION('',(1.,0.));
#4639 = ( GEOMETRIC_REPRESENTATION_CONTEXT(2) 
PARAMETRIC_REPRESENTATION_CONTEXT() REPRESENTATION_CONTEXT('2D SPACE',''
  ) );
#4640 = ORIENTED_EDGE('',*,*,#4405,.T.);
#4641 = ORIENTED_EDGE('',*,*,#4642,.T.);
#4642 = EDGE_CURVE('',#4408,#4643,#4645,.T.);
#4643 = VERTEX_POINT('',#4644);
#4644 = CARTESIAN_POINT('',(997.,0.,2.4E+03));
#4645 = SURFACE_CURVE('',#4646,(#4650,#4657),.PCURVE_S1.);
#4646 = LINE('',#4647,#4648);
#4647 = CARTESIAN_POINT('',(972.,0.,2.4E+03));
#4648 = VECTOR('',#4649,1.);
#4649 = DIRECTION('',(1.,0.,-0.));
#4650 = PCURVE('',#4428,#4651);
#4651 = DEFINITIONAL_REPRESENTATION('',(#4652),#4656);
#4652 = LINE('',#4653,#4654);
#4653 = CARTESIAN_POINT('',(2.4E+03,0.));
#4654 = VECTOR('',#4655,1.);
#4655 = DIRECTION('',(0.,1.));
#4656 = ( GEOMETRIC_REPRESENTATION_CONTEXT(2) 
PARAMETRIC_REPRESENTATION_CONTEXT() REPRESENTATION_CONTEXT('2D SPACE',''
  ) );
#4657 = PCURVE('',#4510,#4658);
#4658 = DEFINITIONAL_REPRESENTATION('',(#4659),#4663);
#4659 = LINE('',#4660,#4661);
#4660 = CARTESIAN_POINT('',(0.,0.));
#4661 = VECTOR('',#4662,1.);
#4662 = DIRECTION('',(1.,0.));
#4663 = ( GEOMETRIC_REPRESENTATION_CONTEXT(2) 
PARAMETRIC_REPRESENTATION_CONTEXT() REPRESENTATION_CONTEXT('2D SPACE',''
  ) );
#4664 = ORIENTED_EDGE('',*,*,#4665,.F.);
#4665 = EDGE_CURVE('',#4619,#4643,#4666,.T.);
#4666 = SURFACE_CURVE('',#4667,(#4671,#4678),.PCURVE_S1.);
#4667 = LINE('',#4668,#4669);
#4668 = CARTESIAN_POINT('',(997.,0.,0.));
#4669 = VECTOR('',#4670,1.);
#4670 = DIRECTION('',(0.,0.,1.));
#4671 = PCURVE('',#4428,#4672);
#4672 = DEFINITIONAL_REPRESENTATION('',(#4673),#4677);
#4673 = LINE('',#4674,#4675);
#4674 = CARTESIAN_POINT('',(0.,25.));
#4675 = VECTOR('',#4676,1.);
#4676 = DIRECTION('',(1.,0.));
#4677 = ( GEOMETRIC_REPRESENTATION_CONTEXT(2) 
PARAMETRIC_REPRESENTATION_CONTEXT() REPRESENTATION_CONTEXT('2D SPACE',''
  ) );
#4678 = PCURVE('',#4679,#4684);
#4679 = PLANE('',#4680);
#4680 = AXIS2_PLACEMENT_3D('',#4681,#4682,#4683);
#4681 = CARTESIAN_POINT('',(997.,0.,0.));
#4682 = DIRECTION('',(1.,0.,-0.));
#4683 = DIRECTION('',(0.,0.,1.));
#4684 = DEFINITIONAL_REPRESENTATION('',(#4685),#4689);
#4685 = LINE('',#4686,#4687);
#4686 = CARTESIAN_POINT('',(0.,0.));
#4687 = VECTOR('',#4688,1.);
#4688 = DIRECTION('',(1.,0.));
#4689 = ( GEOMETRIC_REPRESENTATION_CONTEXT(2) 
PARAMETRIC_REPRESENTATION_CONTEXT() REPRESENTATION_CONTEXT('2D SPACE',''
  ) );
#4690 = ADVANCED_FACE('',(#4691),#4510,.T.);
#4691 = FACE_BOUND('',#4692,.T.);
#4692 = EDGE_LOOP('',(#4693,#4694,#4695,#4718));
#4693 = ORIENTED_EDGE('',*,*,#4496,.F.);
#4694 = ORIENTED_EDGE('',*,*,#4642,.T.);
#4695 = ORIENTED_EDGE('',*,*,#4696,.T.);
#4696 = EDGE_CURVE('',#4643,#4697,#4699,.T.);
#4697 = VERTEX_POINT('',#4698);
#4698 = CARTESIAN_POINT('',(997.,50.,2.4E+03));
#4699 = SURFACE_CURVE('',#4700,(#4704,#4711),.PCURVE_S1.);
#4700 = LINE('',#4701,#4702);
#4701 = CARTESIAN_POINT('',(997.,0.,2.4E+03));
#4702 = VECTOR('',#4703,1.);
#4703 = DIRECTION('',(-0.,1.,0.));
#4704 = PCURVE('',#4510,#4705);
#4705 = DEFINITIONAL_REPRESENTATION('',(#4706),#4710);
#4706 = LINE('',#4707,#4708);
#4707 = CARTESIAN_POINT('',(25.,0.));
#4708 = VECTOR('',#4709,1.);
#4709 = DIRECTION('',(0.,1.));
#4710 = ( GEOMETRIC_REPRESENTATION_CONTEXT(2) 
PARAMETRIC_REPRESENTATION_CONTEXT() REPRESENTATION_CONTEXT('2D SPACE',''
  ) );
#4711 = PCURVE('',#4679,#4712);
#4712 = DEFINITIONAL_REPRESENTATION('',(#4713),#4717);
#4713 = LINE('',#4714,#4715);
#4714 = CARTESIAN_POINT('',(2.4E+03,0.));
#4715 = VECTOR('',#4716,1.);
#4716 = DIRECTION('',(0.,-1.));
#4717 = ( GEOMETRIC_REPRESENTATION_CONTEXT(2) 
PARAMETRIC_REPRESENTATION_CONTEXT() REPRESENTATION_CONTEXT('2D SPACE',''
  ) );
#4718 = ORIENTED_EDGE('',*,*,#4719,.F.);
#4719 = EDGE_CURVE('',#4469,#4697,#4720,.T.);
#4720 = SURFACE_CURVE('',#4721,(#4725,#4732),.PCURVE_S1.);
#4721 = LINE('',#4722,#4723);
#4722 = CARTESIAN_POINT('',(972.,50.,2.4E+03));
#4723 = VECTOR('',#4724,1.);
#4724 = DIRECTION('',(1.,0.,-0.));
#4725 = PCURVE('',#4510,#4726);
#4726 = DEFINITIONAL_REPRESENTATION('',(#4727),#4731);
#4727 = LINE('',#4728,#4729);
#4728 = CARTESIAN_POINT('',(0.,50.));
#4729 = VECTOR('',#4730,1.);
#4730 = DIRECTION('',(1.,0.));
#4731 = ( GEOMETRIC_REPRESENTATION_CONTEXT(2) 
PARAMETRIC_REPRESENTATION_CONTEXT() REPRESENTATION_CONTEXT('2D SPACE',''
  ) );
#4732 = PCURVE('',#4484,#4733);
#4733 = DEFINITIONAL_REPRESENTATION('',(#4734),#4738);
#4734 = LINE('',#4735,#4736);
#4735 = CARTESIAN_POINT('',(2.4E+03,0.));
#4736 = VECTOR('',#4737,1.);
#4737 = DIRECTION('',(0.,1.));
#4738 = ( GEOMETRIC_REPRESENTATION_CONTEXT(2) 
PARAMETRIC_REPRESENTATION_CONTEXT() REPRESENTATION_CONTEXT('2D SPACE',''
  ) );
#4739 = ADVANCED_FACE('',(#4740),#4456,.F.);
#4740 = FACE_BOUND('',#4741,.F.);
#4741 = EDGE_LOOP('',(#4742,#4743,#4744,#4767));
#4742 = ORIENTED_EDGE('',*,*,#4440,.F.);
#4743 = ORIENTED_EDGE('',*,*,#4618,.T.);
#4744 = ORIENTED_EDGE('',*,*,#4745,.T.);
#4745 = EDGE_CURVE('',#4619,#4746,#4748,.T.);
#4746 = VERTEX_POINT('',#4747);
#4747 = CARTESIAN_POINT('',(997.,50.,0.));
#4748 = SURFACE_CURVE('',#4749,(#4753,#4760),.PCURVE_S1.);
#4749 = LINE('',#4750,#4751);
#4750 = CARTESIAN_POINT('',(997.,0.,0.));
#4751 = VECTOR('',#4752,1.);
#4752 = DIRECTION('',(-0.,1.,0.));
#4753 = PCURVE('',#4456,#4754);
#4754 = DEFINITIONAL_REPRESENTATION('',(#4755),#4759);
#4755 = LINE('',#4756,#4757);
#4756 = CARTESIAN_POINT('',(25.,0.));
#4757 = VECTOR('',#4758,1.);
#4758 = DIRECTION('',(0.,1.));
#4759 = ( GEOMETRIC_REPRESENTATION_CONTEXT(2) 
PARAMETRIC_REPRESENTATION_CONTEXT() REPRESENTATION_CONTEXT('2D SPACE',''
  ) );
#4760 = PCURVE('',#4679,#4761);
#4761 = DEFINITIONAL_REPRESENTATION('',(#4762),#4766);
#4762 = LINE('',#4763,#4764);
#4763 = CARTESIAN_POINT('',(0.,0.));
#4764 = VECTOR('',#4765,1.);
#4765 = DIRECTION('',(0.,-1.));
#4766 = ( GEOMETRIC_REPRESENTATION_CONTEXT(2) 
PARAMETRIC_REPRESENTATION_CONTEXT() REPRESENTATION_CONTEXT('2D SPACE',''
  ) );
#4767 = ORIENTED_EDGE('',*,*,#4768,.F.);
#4768 = EDGE_CURVE('',#4441,#4746,#4769,.T.);
#4769 = SURFACE_CURVE('',#4770,(#4774,#4781),.PCURVE_S1.);
#4770 = LINE('',#4771,#4772);
#4771 = CARTESIAN_POINT('',(972.,50.,0.));
#4772 = VECTOR('',#4773,1.);
#4773 = DIRECTION('',(1.,0.,-0.));
#4774 = PCURVE('',#4456,#4775);
#4775 = DEFINITIONAL_REPRESENTATION('',(#4776),#4780);
#4776 = LINE('',#4777,#4778);
#4777 = CARTESIAN_POINT('',(0.,50.));
#4778 = VECTOR('',#4779,1.);
#4779 = DIRECTION('',(1.,0.));
#4780 = ( GEOMETRIC_REPRESENTATION_CONTEXT(2) 
PARAMETRIC_REPRESENTATION_CONTEXT() REPRESENTATION_CONTEXT('2D SPACE',''
  ) );
#4781 = PCURVE('',#4484,#4782);
#4782 = DEFINITIONAL_REPRESENTATION('',(#4783),#4787);
#4783 = LINE('',#4784,#4785);
#4784 = CARTESIAN_POINT('',(0.,0.));
#4785 = VECTOR('',#4786,1.);
#4786 = DIRECTION('',(0.,1.));
#4787 = ( GEOMETRIC_REPRESENTATION_CONTEXT(2) 
PARAMETRIC_REPRESENTATION_CONTEXT() REPRESENTATION_CONTEXT('2D SPACE',''
  ) );
#4788 = ADVANCED_FACE('',(#4789),#4484,.T.);
#4789 = FACE_BOUND('',#4790,.T.);
#4790 = EDGE_LOOP('',(#4791,#4792,#4793,#4794));
#4791 = ORIENTED_EDGE('',*,*,#4768,.F.);
#4792 = ORIENTED_EDGE('',*,*,#4468,.T.);
#4793 = ORIENTED_EDGE('',*,*,#4719,.T.);
#4794 = ORIENTED_EDGE('',*,*,#4795,.F.);
#4795 = EDGE_CURVE('',#4746,#4697,#4796,.T.);
#4796 = SURFACE_CURVE('',#4797,(#4801,#4808),.PCURVE_S1.);
#4797 = LINE('',#4798,#4799);
#4798 = CARTESIAN_POINT('',(997.,50.,0.));
#4799 = VECTOR('',#4800,1.);
#4800 = DIRECTION('',(0.,0.,1.));
#4801 = PCURVE('',#4484,#4802);
#4802 = DEFINITIONAL_REPRESENTATION('',(#4803),#4807);
#4803 = LINE('',#4804,#4805);
#4804 = CARTESIAN_POINT('',(0.,25.));
#4805 = VECTOR('',#4806,1.);
#4806 = DIRECTION('',(1.,0.));
#4807 = ( GEOMETRIC_REPRESENTATION_CONTEXT(2) 
PARAMETRIC_REPRESENTATION_CONTEXT() REPRESENTATION_CONTEXT('2D SPACE',''
  ) );
#4808 = PCURVE('',#4679,#4809);
#4809 = DEFINITIONAL_REPRESENTATION('',(#4810),#4814);
#4810 = LINE('',#4811,#4812);
#4811 = CARTESIAN_POINT('',(0.,-50.));
#4812 = VECTOR('',#4813,1.);
#4813 = DIRECTION('',(1.,0.));
#4814 = ( GEOMETRIC_REPRESENTATION_CONTEXT(2) 
PARAMETRIC_REPRESENTATION_CONTEXT() REPRESENTATION_CONTEXT('2D SPACE',''
  ) );
#4815 = ADVANCED_FACE('',(#4816),#4541,.F.);
#4816 = FACE_BOUND('',#4817,.F.);
#4817 = EDGE_LOOP('',(#4818,#4842,#4863,#4864));
#4818 = ORIENTED_EDGE('',*,*,#4819,.F.);
#4819 = EDGE_CURVE('',#4820,#4820,#4822,.T.);
#4820 = VERTEX_POINT('',#4821);
#4821 = CARTESIAN_POINT('',(997.,25.,294.5));
#4822 = SURFACE_CURVE('',#4823,(#4828,#4835),.PCURVE_S1.);
#4823 = CIRCLE('',#4824,5.5);
#4824 = AXIS2_PLACEMENT_3D('',#4825,#4826,#4827);
#4825 = CARTESIAN_POINT('',(997.,25.,300.));
#4826 = DIRECTION('',(1.,0.,1.110223024625E-16));
#4827 = DIRECTION('',(1.110223024625E-16,0.,-1.));
#4828 = PCURVE('',#4541,#4829);
#4829 = DEFINITIONAL_REPRESENTATION('',(#4830),#4834);
#4830 = LINE('',#4831,#4832);
#4831 = CARTESIAN_POINT('',(0.,26.));
#4832 = VECTOR('',#4833,1.);
#4833 = DIRECTION('',(1.,0.));
#4834 = ( GEOMETRIC_REPRESENTATION_CONTEXT(2) 
PARAMETRIC_REPRESENTATION_CONTEXT() REPRESENTATION_CONTEXT('2D SPACE',''
  ) );
#4835 = PCURVE('',#4679,#4836);
#4836 = DEFINITIONAL_REPRESENTATION('',(#4837),#4841);
#4837 = CIRCLE('',#4838,5.5);
#4838 = AXIS2_PLACEMENT_2D('',#4839,#4840);
#4839 = CARTESIAN_POINT('',(300.,-25.));
#4840 = DIRECTION('',(-1.,0.));
#4841 = ( GEOMETRIC_REPRESENTATION_CONTEXT(2) 
PARAMETRIC_REPRESENTATION_CONTEXT() REPRESENTATION_CONTEXT('2D SPACE',''
  ) );
#4842 = ORIENTED_EDGE('',*,*,#4843,.F.);
#4843 = EDGE_CURVE('',#4525,#4820,#4844,.T.);
#4844 = SEAM_CURVE('',#4845,(#4849,#4856),.PCURVE_S1.);
#4845 = LINE('',#4846,#4847);
#4846 = CARTESIAN_POINT('',(971.,25.,294.5));
#4847 = VECTOR('',#4848,1.);
#4848 = DIRECTION('',(1.,0.,1.110223024625E-16));
#4849 = PCURVE('',#4541,#4850);
#4850 = DEFINITIONAL_REPRESENTATION('',(#4851),#4855);
#4851 = LINE('',#4852,#4853);
#4852 = CARTESIAN_POINT('',(6.28318530718,-0.));
#4853 = VECTOR('',#4854,1.);
#4854 = DIRECTION('',(0.,1.));
#4855 = ( GEOMETRIC_REPRESENTATION_CONTEXT(2) 
PARAMETRIC_REPRESENTATION_CONTEXT() REPRESENTATION_CONTEXT('2D SPACE',''
  ) );
#4856 = PCURVE('',#4541,#4857);
#4857 = DEFINITIONAL_REPRESENTATION('',(#4858),#4862);
#4858 = LINE('',#4859,#4860);
#4859 = CARTESIAN_POINT('',(0.,-0.));
#4860 = VECTOR('',#4861,1.);
#4861 = DIRECTION('',(0.,1.));
#4862 = ( GEOMETRIC_REPRESENTATION_CONTEXT(2) 
PARAMETRIC_REPRESENTATION_CONTEXT() REPRESENTATION_CONTEXT('2D SPACE',''
  ) );
#4863 = ORIENTED_EDGE('',*,*,#4524,.T.);
#4864 = ORIENTED_EDGE('',*,*,#4843,.T.);
#4865 = ADVANCED_FACE('',(#4866),#4572,.F.);
#4866 = FACE_BOUND('',#4867,.F.);
#4867 = EDGE_LOOP('',(#4868,#4892,#4913,#4914));
#4868 = ORIENTED_EDGE('',*,*,#4869,.F.);
#4869 = EDGE_CURVE('',#4870,#4870,#4872,.T.);
#4870 = VERTEX_POINT('',#4871);
#4871 = CARTESIAN_POINT('',(997.,25.,994.5));
#4872 = SURFACE_CURVE('',#4873,(#4878,#4885),.PCURVE_S1.);
#4873 = CIRCLE('',#4874,5.5);
#4874 = AXIS2_PLACEMENT_3D('',#4875,#4876,#4877);
#4875 = CARTESIAN_POINT('',(997.,25.,1.E+03));
#4876 = DIRECTION('',(1.,0.,1.110223024625E-16));
#4877 = DIRECTION('',(1.110223024625E-16,0.,-1.));
#4878 = PCURVE('',#4572,#4879);
#4879 = DEFINITIONAL_REPRESENTATION('',(#4880),#4884);
#4880 = LINE('',#4881,#4882);
#4881 = CARTESIAN_POINT('',(0.,26.));
#4882 = VECTOR('',#4883,1.);
#4883 = DIRECTION('',(1.,0.));
#4884 = ( GEOMETRIC_REPRESENTATION_CONTEXT(2) 
PARAMETRIC_REPRESENTATION_CONTEXT() REPRESENTATION_CONTEXT('2D SPACE',''
  ) );
#4885 = PCURVE('',#4679,#4886);
#4886 = DEFINITIONAL_REPRESENTATION('',(#4887),#4891);
#4887 = CIRCLE('',#4888,5.5);
#4888 = AXIS2_PLACEMENT_2D('',#4889,#4890);
#4889 = CARTESIAN_POINT('',(1.E+03,-25.));
#4890 = DIRECTION('',(-1.,0.));
#4891 = ( GEOMETRIC_REPRESENTATION_CONTEXT(2) 
PARAMETRIC_REPRESENTATION_CONTEXT() REPRESENTATION_CONTEXT('2D SPACE',''
  ) );
#4892 = ORIENTED_EDGE('',*,*,#4893,.F.);
#4893 = EDGE_CURVE('',#4556,#4870,#4894,.T.);
#4894 = SEAM_CURVE('',#4895,(#4899,#4906),.PCURVE_S1.);
#4895 = LINE('',#4896,#4897);
#4896 = CARTESIAN_POINT('',(971.,25.,994.5));
#4897 = VECTOR('',#4898,1.);
#4898 = DIRECTION('',(1.,0.,1.110223024625E-16));
#4899 = PCURVE('',#4572,#4900);
#4900 = DEFINITIONAL_REPRESENTATION('',(#4901),#4905);
#4901 = LINE('',#4902,#4903);
#4902 = CARTESIAN_POINT('',(6.28318530718,-0.));
#4903 = VECTOR('',#4904,1.);
#4904 = DIRECTION('',(0.,1.));
#4905 = ( GEOMETRIC_REPRESENTATION_CONTEXT(2) 
PARAMETRIC_REPRESENTATION_CONTEXT() REPRESENTATION_CONTEXT('2D SPACE',''
  ) );
#4906 = PCURVE('',#4572,#4907);
#4907 = DEFINITIONAL_REPRESENTATION('',(#4908),#4912);
#4908 = LINE('',#4909,#4910);
#4909 = CARTESIAN_POINT('',(0.,-0.));
#4910 = VECTOR('',#4911,1.);
#4911 = DIRECTION('',(0.,1.));
#4912 = ( GEOMETRIC_REPRESENTATION_CONTEXT(2) 
PARAMETRIC_REPRESENTATION_CONTEXT() REPRESENTATION_CONTEXT('2D SPACE',''
  ) );
#4913 = ORIENTED_EDGE('',*,*,#4555,.T.);
#4914 = ORIENTED_EDGE('',*,*,#4893,.T.);
#4915 = ADVANCED_FACE('',(#4916),#4603,.F.);
#4916 = FACE_BOUND('',#4917,.F.);
#4917 = EDGE_LOOP('',(#4918,#4942,#4963,#4964));
#4918 = ORIENTED_EDGE('',*,*,#4919,.F.);
#4919 = EDGE_CURVE('',#4920,#4920,#4922,.T.);
#4920 = VERTEX_POINT('',#4921);
#4921 = CARTESIAN_POINT('',(997.,25.,1.6945E+03));
#4922 = SURFACE_CURVE('',#4923,(#4928,#4935),.PCURVE_S1.);
#4923 = CIRCLE('',#4924,5.5);
#4924 = AXIS2_PLACEMENT_3D('',#4925,#4926,#4927);
#4925 = CARTESIAN_POINT('',(997.,25.,1.7E+03));
#4926 = DIRECTION('',(1.,0.,1.110223024625E-16));
#4927 = DIRECTION('',(1.110223024625E-16,0.,-1.));
#4928 = PCURVE('',#4603,#4929);
#4929 = DEFINITIONAL_REPRESENTATION('',(#4930),#4934);
#4930 = LINE('',#4931,#4932);
#4931 = CARTESIAN_POINT('',(0.,26.));
#4932 = VECTOR('',#4933,1.);
#4933 = DIRECTION('',(1.,0.));
#4934 = ( GEOMETRIC_REPRESENTATION_CONTEXT(2) 
PARAMETRIC_REPRESENTATION_CONTEXT() REPRESENTATION_CONTEXT('2D SPACE',''
  ) );
#4935 = PCURVE('',#4679,#4936);
#4936 = DEFINITIONAL_REPRESENTATION('',(#4937),#4941);
#4937 = CIRCLE('',#4938,5.5);
#4938 = AXIS2_PLACEMENT_2D('',#4939,#4940);
#4939 = CARTESIAN_POINT('',(1.7E+03,-25.));
#4940 = DIRECTION('',(-1.,0.));
#4941 = ( GEOMETRIC_REPRESENTATION_CONTEXT(2) 
PARAMETRIC_REPRESENTATION_CONTEXT() REPRESENTATION_CONTEXT('2D SPACE',''
  ) );
#4942 = ORIENTED_EDGE('',*,*,#4943,.F.);
#4943 = EDGE_CURVE('',#4587,#4920,#4944,.T.);
#4944 = SEAM_CURVE('',#4945,(#4949,#4956),.PCURVE_S1.);
#4945 = LINE('',#4946,#4947);
#4946 = CARTESIAN_POINT('',(971.,25.,1.6945E+03));
#4947 = VECTOR('',#4948,1.);
#4948 = DIRECTION('',(1.,0.,1.110223024625E-16));
#4949 = PCURVE('',#4603,#4950);
#4950 = DEFINITIONAL_REPRESENTATION('',(#4951),#4955);
#4951 = LINE('',#4952,#4953);
#4952 = CARTESIAN_POINT('',(6.28318530718,-0.));
#4953 = VECTOR('',#4954,1.);
#4954 = DIRECTION('',(0.,1.));
#4955 = ( GEOMETRIC_REPRESENTATION_CONTEXT(2) 
PARAMETRIC_REPRESENTATION_CONTEXT() REPRESENTATION_CONTEXT('2D SPACE',''
  ) );
#4956 = PCURVE('',#4603,#4957);
#4957 = DEFINITIONAL_REPRESENTATION('',(#4958),#4962);
#4958 = LINE('',#4959,#4960);
#4959 = CARTESIAN_POINT('',(0.,-0.));
#4960 = VECTOR('',#4961,1.);
#4961 = DIRECTION('',(0.,1.));
#4962 = ( GEOMETRIC_REPRESENTATION_CONTEXT(2) 
PARAMETRIC_REPRESENTATION_CONTEXT() REPRESENTATION_CONTEXT('2D SPACE',''
  ) );
#4963 = ORIENTED_EDGE('',*,*,#4586,.T.);
#4964 = ORIENTED_EDGE('',*,*,#4943,.T.);
#4965 = ADVANCED_FACE('',(#4966,#4972,#4975,#4978),#4679,.T.);
#4966 = FACE_BOUND('',#4967,.T.);
#4967 = EDGE_LOOP('',(#4968,#4969,#4970,#4971));
#4968 = ORIENTED_EDGE('',*,*,#4665,.F.);
#4969 = ORIENTED_EDGE('',*,*,#4745,.T.);
#4970 = ORIENTED_EDGE('',*,*,#4795,.T.);
#4971 = ORIENTED_EDGE('',*,*,#4696,.F.);
#4972 = FACE_BOUND('',#4973,.T.);
#4973 = EDGE_LOOP('',(#4974));
#4974 = ORIENTED_EDGE('',*,*,#4819,.F.);
#4975 = FACE_BOUND('',#4976,.T.);
#4976 = EDGE_LOOP('',(#4977));
#4977 = ORIENTED_EDGE('',*,*,#4869,.F.);
#4978 = FACE_BOUND('',#4979,.T.);
#4979 = EDGE_LOOP('',(#4980));
#4980 = ORIENTED_EDGE('',*,*,#4919,.F.);
#4981 = ( GEOMETRIC_REPRESENTATION_CONTEXT(3) 
GLOBAL_UNCERTAINTY_ASSIGNED_CONTEXT((#4985)) 
GLOBAL_UNIT_ASSIGNED_CONTEXT((#4982,#4983,#4984)) REPRESENTATION_CONTEXT
('Context #1','3D Context with UNIT and UNCERTAINTY') );
#4982 = ( LENGTH_UNIT() NAMED_UNIT(*) SI_UNIT(.MILLI.,.METRE.) );
#4983 = ( NAMED_UNIT(*) PLANE_ANGLE_UNIT() SI_UNIT($,.RADIAN.) );
#4984 = ( NAMED_UNIT(*) SI_UNIT($,.STERADIAN.) SOLID_ANGLE_UNIT() );
#4985 = UNCERTAINTY_MEASURE_WITH_UNIT(LENGTH_MEASURE(1.E-07),#4982,
  'distance_accuracy_value','confusion accuracy');
#4986 = CONTEXT_DEPENDENT_SHAPE_REPRESENTATION(#4987,#4989);
#4987 = ( REPRESENTATION_RELATIONSHIP('','',#4398,#10) 
REPRESENTATION_RELATIONSHIP_WITH_TRANSFORMATION(#4988) 
SHAPE_REPRESENTATION_RELATIONSHIP() );
#4988 = ITEM_DEFINED_TRANSFORMATION('','',#11,#39);
#4989 = PRODUCT_DEFINITION_SHAPE('Placement','Placement of an item',
  #4990);
#4990 = NEXT_ASSEMBLY_USAGE_OCCURRENCE('830',
  '\X2\04410442043E0439043A0430\X0\_\X2\0449043804420430\X0\_25\X2\0445\X0\50\X2\0445\X0\2400','',#5,
  #4393,$);
#4991 = PRODUCT_RELATED_PRODUCT_CATEGORY('part',$,(#4395));
#4992 = SHAPE_DEFINITION_REPRESENTATION(#4993,#4999);
#4993 = PRODUCT_DEFINITION_SHAPE('','',#4994);
#4994 = PRODUCT_DEFINITION('design','',#4995,#4998);
#4995 = PRODUCT_DEFINITION_FORMATION('','',#4996);
#4996 = PRODUCT('\X2\043F043504400435043C044B0447043A0430\X0\_25\X2\0445\X0\50\X2\0445\X0\947',
  '\X2\043F043504400435043C044B0447043A0430\X0\_25\X2\0445\X0\50\X2\0445\X0\947','',(#4997));
#4997 = PRODUCT_CONTEXT('',#2,'mechanical');
#4998 = PRODUCT_DEFINITION_CONTEXT('part definition',#2,'design');
#4999 = ADVANCED_BREP_SHAPE_REPRESENTATION('',(#11,#5000),#5330);
#5000 = MANIFOLD_SOLID_BREP('',#5001);
#5001 = CLOSED_SHELL('',(#5002,#5122,#5222,#5269,#5316,#5323));
#5002 = ADVANCED_FACE('',(#5003),#5017,.F.);
#5003 = FACE_BOUND('',#5004,.F.);
#5004 = EDGE_LOOP('',(#5005,#5040,#5068,#5096));
#5005 = ORIENTED_EDGE('',*,*,#5006,.F.);
#5006 = EDGE_CURVE('',#5007,#5009,#5011,.T.);
#5007 = VERTEX_POINT('',#5008);
#5008 = CARTESIAN_POINT('',(0.,0.,0.));
#5009 = VERTEX_POINT('',#5010);
#5010 = CARTESIAN_POINT('',(0.,0.,25.));
#5011 = SURFACE_CURVE('',#5012,(#5016,#5028),.PCURVE_S1.);
#5012 = LINE('',#5013,#5014);
#5013 = CARTESIAN_POINT('',(0.,0.,0.));
#5014 = VECTOR('',#5015,1.);
#5015 = DIRECTION('',(0.,0.,1.));
#5016 = PCURVE('',#5017,#5022);
#5017 = PLANE('',#5018);
#5018 = AXIS2_PLACEMENT_3D('',#5019,#5020,#5021);
#5019 = CARTESIAN_POINT('',(0.,0.,0.));
#5020 = DIRECTION('',(1.,0.,-0.));
#5021 = DIRECTION('',(0.,0.,1.));
#5022 = DEFINITIONAL_REPRESENTATION('',(#5023),#5027);
#5023 = LINE('',#5024,#5025);
#5024 = CARTESIAN_POINT('',(0.,0.));
#5025 = VECTOR('',#5026,1.);
#5026 = DIRECTION('',(1.,0.));
#5027 = ( GEOMETRIC_REPRESENTATION_CONTEXT(2) 
PARAMETRIC_REPRESENTATION_CONTEXT() REPRESENTATION_CONTEXT('2D SPACE',''
  ) );
#5028 = PCURVE('',#5029,#5034);
#5029 = PLANE('',#5030);
#5030 = AXIS2_PLACEMENT_3D('',#5031,#5032,#5033);
#5031 = CARTESIAN_POINT('',(0.,0.,0.));
#5032 = DIRECTION('',(-0.,1.,0.));
#5033 = DIRECTION('',(0.,0.,1.));
#5034 = DEFINITIONAL_REPRESENTATION('',(#5035),#5039);
#5035 = LINE('',#5036,#5037);
#5036 = CARTESIAN_POINT('',(0.,0.));
#5037 = VECTOR('',#5038,1.);
#5038 = DIRECTION('',(1.,0.));
#5039 = ( GEOMETRIC_REPRESENTATION_CONTEXT(2) 
PARAMETRIC_REPRESENTATION_CONTEXT() REPRESENTATION_CONTEXT('2D SPACE',''
  ) );
#5040 = ORIENTED_EDGE('',*,*,#5041,.T.);
#5041 = EDGE_CURVE('',#5007,#5042,#5044,.T.);
#5042 = VERTEX_POINT('',#5043);
#5043 = CARTESIAN_POINT('',(0.,50.,0.));
#5044 = SURFACE_CURVE('',#5045,(#5049,#5056),.PCURVE_S1.);
#5045 = LINE('',#5046,#5047);
#5046 = CARTESIAN_POINT('',(0.,0.,0.));
#5047 = VECTOR('',#5048,1.);
#5048 = DIRECTION('',(-0.,1.,0.));
#5049 = PCURVE('',#5017,#5050);
#5050 = DEFINITIONAL_REPRESENTATION('',(#5051),#5055);
#5051 = LINE('',#5052,#5053);
#5052 = CARTESIAN_POINT('',(0.,0.));
#5053 = VECTOR('',#5054,1.);
#5054 = DIRECTION('',(0.,-1.));
#5055 = ( GEOMETRIC_REPRESENTATION_CONTEXT(2) 
PARAMETRIC_REPRESENTATION_CONTEXT() REPRESENTATION_CONTEXT('2D SPACE',''
  ) );
#5056 = PCURVE('',#5057,#5062);
#5057 = PLANE('',#5058);
#5058 = AXIS2_PLACEMENT_3D('',#5059,#5060,#5061);
#5059 = CARTESIAN_POINT('',(0.,0.,0.));
#5060 = DIRECTION('',(0.,0.,1.));
#5061 = DIRECTION('',(1.,0.,-0.));
#5062 = DEFINITIONAL_REPRESENTATION('',(#5063),#5067);
#5063 = LINE('',#5064,#5065);
#5064 = CARTESIAN_POINT('',(0.,0.));
#5065 = VECTOR('',#5066,1.);
#5066 = DIRECTION('',(0.,1.));
#5067 = ( GEOMETRIC_REPRESENTATION_CONTEXT(2) 
PARAMETRIC_REPRESENTATION_CONTEXT() REPRESENTATION_CONTEXT('2D SPACE',''
  ) );
#5068 = ORIENTED_EDGE('',*,*,#5069,.T.);
#5069 = EDGE_CURVE('',#5042,#5070,#5072,.T.);
#5070 = VERTEX_POINT('',#5071);
#5071 = CARTESIAN_POINT('',(0.,50.,25.));
#5072 = SURFACE_CURVE('',#5073,(#5077,#5084),.PCURVE_S1.);
#5073 = LINE('',#5074,#5075);
#5074 = CARTESIAN_POINT('',(0.,50.,0.));
#5075 = VECTOR('',#5076,1.);
#5076 = DIRECTION('',(0.,0.,1.));
#5077 = PCURVE('',#5017,#5078);
#5078 = DEFINITIONAL_REPRESENTATION('',(#5079),#5083);
#5079 = LINE('',#5080,#5081);
#5080 = CARTESIAN_POINT('',(0.,-50.));
#5081 = VECTOR('',#5082,1.);
#5082 = DIRECTION('',(1.,0.));
#5083 = ( GEOMETRIC_REPRESENTATION_CONTEXT(2) 
PARAMETRIC_REPRESENTATION_CONTEXT() REPRESENTATION_CONTEXT('2D SPACE',''
  ) );
#5084 = PCURVE('',#5085,#5090);
#5085 = PLANE('',#5086);
#5086 = AXIS2_PLACEMENT_3D('',#5087,#5088,#5089);
#5087 = CARTESIAN_POINT('',(0.,50.,0.));
#5088 = DIRECTION('',(-0.,1.,0.));
#5089 = DIRECTION('',(0.,0.,1.));
#5090 = DEFINITIONAL_REPRESENTATION('',(#5091),#5095);
#5091 = LINE('',#5092,#5093);
#5092 = CARTESIAN_POINT('',(0.,0.));
#5093 = VECTOR('',#5094,1.);
#5094 = DIRECTION('',(1.,0.));
#5095 = ( GEOMETRIC_REPRESENTATION_CONTEXT(2) 
PARAMETRIC_REPRESENTATION_CONTEXT() REPRESENTATION_CONTEXT('2D SPACE',''
  ) );
#5096 = ORIENTED_EDGE('',*,*,#5097,.F.);
#5097 = EDGE_CURVE('',#5009,#5070,#5098,.T.);
#5098 = SURFACE_CURVE('',#5099,(#5103,#5110),.PCURVE_S1.);
#5099 = LINE('',#5100,#5101);
#5100 = CARTESIAN_POINT('',(0.,0.,25.));
#5101 = VECTOR('',#5102,1.);
#5102 = DIRECTION('',(-0.,1.,0.));
#5103 = PCURVE('',#5017,#5104);
#5104 = DEFINITIONAL_REPRESENTATION('',(#5105),#5109);
#5105 = LINE('',#5106,#5107);
#5106 = CARTESIAN_POINT('',(25.,0.));
#5107 = VECTOR('',#5108,1.);
#5108 = DIRECTION('',(0.,-1.));
#5109 = ( GEOMETRIC_REPRESENTATION_CONTEXT(2) 
PARAMETRIC_REPRESENTATION_CONTEXT() REPRESENTATION_CONTEXT('2D SPACE',''
  ) );
#5110 = PCURVE('',#5111,#5116);
#5111 = PLANE('',#5112);
#5112 = AXIS2_PLACEMENT_3D('',#5113,#5114,#5115);
#5113 = CARTESIAN_POINT('',(0.,0.,25.));
#5114 = DIRECTION('',(0.,0.,1.));
#5115 = DIRECTION('',(1.,0.,-0.));
#5116 = DEFINITIONAL_REPRESENTATION('',(#5117),#5121);
#5117 = LINE('',#5118,#5119);
#5118 = CARTESIAN_POINT('',(0.,0.));
#5119 = VECTOR('',#5120,1.);
#5120 = DIRECTION('',(0.,1.));
#5121 = ( GEOMETRIC_REPRESENTATION_CONTEXT(2) 
PARAMETRIC_REPRESENTATION_CONTEXT() REPRESENTATION_CONTEXT('2D SPACE',''
  ) );
#5122 = ADVANCED_FACE('',(#5123),#5137,.T.);
#5123 = FACE_BOUND('',#5124,.T.);
#5124 = EDGE_LOOP('',(#5125,#5155,#5178,#5201));
#5125 = ORIENTED_EDGE('',*,*,#5126,.F.);
#5126 = EDGE_CURVE('',#5127,#5129,#5131,.T.);
#5127 = VERTEX_POINT('',#5128);
#5128 = CARTESIAN_POINT('',(947.,0.,0.));
#5129 = VERTEX_POINT('',#5130);
#5130 = CARTESIAN_POINT('',(947.,0.,25.));
#5131 = SURFACE_CURVE('',#5132,(#5136,#5148),.PCURVE_S1.);
#5132 = LINE('',#5133,#5134);
#5133 = CARTESIAN_POINT('',(947.,0.,0.));
#5134 = VECTOR('',#5135,1.);
#5135 = DIRECTION('',(0.,0.,1.));
#5136 = PCURVE('',#5137,#5142);
#5137 = PLANE('',#5138);
#5138 = AXIS2_PLACEMENT_3D('',#5139,#5140,#5141);
#5139 = CARTESIAN_POINT('',(947.,0.,0.));
#5140 = DIRECTION('',(1.,0.,-0.));
#5141 = DIRECTION('',(0.,0.,1.));
#5142 = DEFINITIONAL_REPRESENTATION('',(#5143),#5147);
#5143 = LINE('',#5144,#5145);
#5144 = CARTESIAN_POINT('',(0.,0.));
#5145 = VECTOR('',#5146,1.);
#5146 = DIRECTION('',(1.,0.));
#5147 = ( GEOMETRIC_REPRESENTATION_CONTEXT(2) 
PARAMETRIC_REPRESENTATION_CONTEXT() REPRESENTATION_CONTEXT('2D SPACE',''
  ) );
#5148 = PCURVE('',#5029,#5149);
#5149 = DEFINITIONAL_REPRESENTATION('',(#5150),#5154);
#5150 = LINE('',#5151,#5152);
#5151 = CARTESIAN_POINT('',(0.,947.));
#5152 = VECTOR('',#5153,1.);
#5153 = DIRECTION('',(1.,0.));
#5154 = ( GEOMETRIC_REPRESENTATION_CONTEXT(2) 
PARAMETRIC_REPRESENTATION_CONTEXT() REPRESENTATION_CONTEXT('2D SPACE',''
  ) );
#5155 = ORIENTED_EDGE('',*,*,#5156,.T.);
#5156 = EDGE_CURVE('',#5127,#5157,#5159,.T.);
#5157 = VERTEX_POINT('',#5158);
#5158 = CARTESIAN_POINT('',(947.,50.,0.));
#5159 = SURFACE_CURVE('',#5160,(#5164,#5171),.PCURVE_S1.);
#5160 = LINE('',#5161,#5162);
#5161 = CARTESIAN_POINT('',(947.,0.,0.));
#5162 = VECTOR('',#5163,1.);
#5163 = DIRECTION('',(-0.,1.,0.));
#5164 = PCURVE('',#5137,#5165);
#5165 = DEFINITIONAL_REPRESENTATION('',(#5166),#5170);
#5166 = LINE('',#5167,#5168);
#5167 = CARTESIAN_POINT('',(0.,0.));
#5168 = VECTOR('',#5169,1.);
#5169 = DIRECTION('',(0.,-1.));
#5170 = ( GEOMETRIC_REPRESENTATION_CONTEXT(2) 
PARAMETRIC_REPRESENTATION_CONTEXT() REPRESENTATION_CONTEXT('2D SPACE',''
  ) );
#5171 = PCURVE('',#5057,#5172);
#5172 = DEFINITIONAL_REPRESENTATION('',(#5173),#5177);
#5173 = LINE('',#5174,#5175);
#5174 = CARTESIAN_POINT('',(947.,0.));
#5175 = VECTOR('',#5176,1.);
#5176 = DIRECTION('',(0.,1.));
#5177 = ( GEOMETRIC_REPRESENTATION_CONTEXT(2) 
PARAMETRIC_REPRESENTATION_CONTEXT() REPRESENTATION_CONTEXT('2D SPACE',''
  ) );
#5178 = ORIENTED_EDGE('',*,*,#5179,.T.);
#5179 = EDGE_CURVE('',#5157,#5180,#5182,.T.);
#5180 = VERTEX_POINT('',#5181);
#5181 = CARTESIAN_POINT('',(947.,50.,25.));
#5182 = SURFACE_CURVE('',#5183,(#5187,#5194),.PCURVE_S1.);
#5183 = LINE('',#5184,#5185);
#5184 = CARTESIAN_POINT('',(947.,50.,0.));
#5185 = VECTOR('',#5186,1.);
#5186 = DIRECTION('',(0.,0.,1.));
#5187 = PCURVE('',#5137,#5188);
#5188 = DEFINITIONAL_REPRESENTATION('',(#5189),#5193);
#5189 = LINE('',#5190,#5191);
#5190 = CARTESIAN_POINT('',(0.,-50.));
#5191 = VECTOR('',#5192,1.);
#5192 = DIRECTION('',(1.,0.));
#5193 = ( GEOMETRIC_REPRESENTATION_CONTEXT(2) 
PARAMETRIC_REPRESENTATION_CONTEXT() REPRESENTATION_CONTEXT('2D SPACE',''
  ) );
#5194 = PCURVE('',#5085,#5195);
#5195 = DEFINITIONAL_REPRESENTATION('',(#5196),#5200);
#5196 = LINE('',#5197,#5198);
#5197 = CARTESIAN_POINT('',(0.,947.));
#5198 = VECTOR('',#5199,1.);
#5199 = DIRECTION('',(1.,0.));
#5200 = ( GEOMETRIC_REPRESENTATION_CONTEXT(2) 
PARAMETRIC_REPRESENTATION_CONTEXT() REPRESENTATION_CONTEXT('2D SPACE',''
  ) );
#5201 = ORIENTED_EDGE('',*,*,#5202,.F.);
#5202 = EDGE_CURVE('',#5129,#5180,#5203,.T.);
#5203 = SURFACE_CURVE('',#5204,(#5208,#5215),.PCURVE_S1.);
#5204 = LINE('',#5205,#5206);
#5205 = CARTESIAN_POINT('',(947.,0.,25.));
#5206 = VECTOR('',#5207,1.);
#5207 = DIRECTION('',(-0.,1.,0.));
#5208 = PCURVE('',#5137,#5209);
#5209 = DEFINITIONAL_REPRESENTATION('',(#5210),#5214);
#5210 = LINE('',#5211,#5212);
#5211 = CARTESIAN_POINT('',(25.,0.));
#5212 = VECTOR('',#5213,1.);
#5213 = DIRECTION('',(0.,-1.));
#5214 = ( GEOMETRIC_REPRESENTATION_CONTEXT(2) 
PARAMETRIC_REPRESENTATION_CONTEXT() REPRESENTATION_CONTEXT('2D SPACE',''
  ) );
#5215 = PCURVE('',#5111,#5216);
#5216 = DEFINITIONAL_REPRESENTATION('',(#5217),#5221);
#5217 = LINE('',#5218,#5219);
#5218 = CARTESIAN_POINT('',(947.,0.));
#5219 = VECTOR('',#5220,1.);
#5220 = DIRECTION('',(0.,1.));
#5221 = ( GEOMETRIC_REPRESENTATION_CONTEXT(2) 
PARAMETRIC_REPRESENTATION_CONTEXT() REPRESENTATION_CONTEXT('2D SPACE',''
  ) );
#5222 = ADVANCED_FACE('',(#5223),#5029,.F.);
#5223 = FACE_BOUND('',#5224,.F.);
#5224 = EDGE_LOOP('',(#5225,#5246,#5247,#5268));
#5225 = ORIENTED_EDGE('',*,*,#5226,.F.);
#5226 = EDGE_CURVE('',#5007,#5127,#5227,.T.);
#5227 = SURFACE_CURVE('',#5228,(#5232,#5239),.PCURVE_S1.);
#5228 = LINE('',#5229,#5230);
#5229 = CARTESIAN_POINT('',(0.,0.,0.));
#5230 = VECTOR('',#5231,1.);
#5231 = DIRECTION('',(1.,0.,-0.));
#5232 = PCURVE('',#5029,#5233);
#5233 = DEFINITIONAL_REPRESENTATION('',(#5234),#5238);
#5234 = LINE('',#5235,#5236);
#5235 = CARTESIAN_POINT('',(0.,0.));
#5236 = VECTOR('',#5237,1.);
#5237 = DIRECTION('',(0.,1.));
#5238 = ( GEOMETRIC_REPRESENTATION_CONTEXT(2) 
PARAMETRIC_REPRESENTATION_CONTEXT() REPRESENTATION_CONTEXT('2D SPACE',''
  ) );
#5239 = PCURVE('',#5057,#5240);
#5240 = DEFINITIONAL_REPRESENTATION('',(#5241),#5245);
#5241 = LINE('',#5242,#5243);
#5242 = CARTESIAN_POINT('',(0.,0.));
#5243 = VECTOR('',#5244,1.);
#5244 = DIRECTION('',(1.,0.));
#5245 = ( GEOMETRIC_REPRESENTATION_CONTEXT(2) 
PARAMETRIC_REPRESENTATION_CONTEXT() REPRESENTATION_CONTEXT('2D SPACE',''
  ) );
#5246 = ORIENTED_EDGE('',*,*,#5006,.T.);
#5247 = ORIENTED_EDGE('',*,*,#5248,.T.);
#5248 = EDGE_CURVE('',#5009,#5129,#5249,.T.);
#5249 = SURFACE_CURVE('',#5250,(#5254,#5261),.PCURVE_S1.);
#5250 = LINE('',#5251,#5252);
#5251 = CARTESIAN_POINT('',(0.,0.,25.));
#5252 = VECTOR('',#5253,1.);
#5253 = DIRECTION('',(1.,0.,-0.));
#5254 = PCURVE('',#5029,#5255);
#5255 = DEFINITIONAL_REPRESENTATION('',(#5256),#5260);
#5256 = LINE('',#5257,#5258);
#5257 = CARTESIAN_POINT('',(25.,0.));
#5258 = VECTOR('',#5259,1.);
#5259 = DIRECTION('',(0.,1.));
#5260 = ( GEOMETRIC_REPRESENTATION_CONTEXT(2) 
PARAMETRIC_REPRESENTATION_CONTEXT() REPRESENTATION_CONTEXT('2D SPACE',''
  ) );
#5261 = PCURVE('',#5111,#5262);
#5262 = DEFINITIONAL_REPRESENTATION('',(#5263),#5267);
#5263 = LINE('',#5264,#5265);
#5264 = CARTESIAN_POINT('',(0.,0.));
#5265 = VECTOR('',#5266,1.);
#5266 = DIRECTION('',(1.,0.));
#5267 = ( GEOMETRIC_REPRESENTATION_CONTEXT(2) 
PARAMETRIC_REPRESENTATION_CONTEXT() REPRESENTATION_CONTEXT('2D SPACE',''
  ) );
#5268 = ORIENTED_EDGE('',*,*,#5126,.F.);
#5269 = ADVANCED_FACE('',(#5270),#5085,.T.);
#5270 = FACE_BOUND('',#5271,.T.);
#5271 = EDGE_LOOP('',(#5272,#5293,#5294,#5315));
#5272 = ORIENTED_EDGE('',*,*,#5273,.F.);
#5273 = EDGE_CURVE('',#5042,#5157,#5274,.T.);
#5274 = SURFACE_CURVE('',#5275,(#5279,#5286),.PCURVE_S1.);
#5275 = LINE('',#5276,#5277);
#5276 = CARTESIAN_POINT('',(0.,50.,0.));
#5277 = VECTOR('',#5278,1.);
#5278 = DIRECTION('',(1.,0.,-0.));
#5279 = PCURVE('',#5085,#5280);
#5280 = DEFINITIONAL_REPRESENTATION('',(#5281),#5285);
#5281 = LINE('',#5282,#5283);
#5282 = CARTESIAN_POINT('',(0.,0.));
#5283 = VECTOR('',#5284,1.);
#5284 = DIRECTION('',(0.,1.));
#5285 = ( GEOMETRIC_REPRESENTATION_CONTEXT(2) 
PARAMETRIC_REPRESENTATION_CONTEXT() REPRESENTATION_CONTEXT('2D SPACE',''
  ) );
#5286 = PCURVE('',#5057,#5287);
#5287 = DEFINITIONAL_REPRESENTATION('',(#5288),#5292);
#5288 = LINE('',#5289,#5290);
#5289 = CARTESIAN_POINT('',(0.,50.));
#5290 = VECTOR('',#5291,1.);
#5291 = DIRECTION('',(1.,0.));
#5292 = ( GEOMETRIC_REPRESENTATION_CONTEXT(2) 
PARAMETRIC_REPRESENTATION_CONTEXT() REPRESENTATION_CONTEXT('2D SPACE',''
  ) );
#5293 = ORIENTED_EDGE('',*,*,#5069,.T.);
#5294 = ORIENTED_EDGE('',*,*,#5295,.T.);
#5295 = EDGE_CURVE('',#5070,#5180,#5296,.T.);
#5296 = SURFACE_CURVE('',#5297,(#5301,#5308),.PCURVE_S1.);
#5297 = LINE('',#5298,#5299);
#5298 = CARTESIAN_POINT('',(0.,50.,25.));
#5299 = VECTOR('',#5300,1.);
#5300 = DIRECTION('',(1.,0.,-0.));
#5301 = PCURVE('',#5085,#5302);
#5302 = DEFINITIONAL_REPRESENTATION('',(#5303),#5307);
#5303 = LINE('',#5304,#5305);
#5304 = CARTESIAN_POINT('',(25.,0.));
#5305 = VECTOR('',#5306,1.);
#5306 = DIRECTION('',(0.,1.));
#5307 = ( GEOMETRIC_REPRESENTATION_CONTEXT(2) 
PARAMETRIC_REPRESENTATION_CONTEXT() REPRESENTATION_CONTEXT('2D SPACE',''
  ) );
#5308 = PCURVE('',#5111,#5309);
#5309 = DEFINITIONAL_REPRESENTATION('',(#5310),#5314);
#5310 = LINE('',#5311,#5312);
#5311 = CARTESIAN_POINT('',(0.,50.));
#5312 = VECTOR('',#5313,1.);
#5313 = DIRECTION('',(1.,0.));
#5314 = ( GEOMETRIC_REPRESENTATION_CONTEXT(2) 
PARAMETRIC_REPRESENTATION_CONTEXT() REPRESENTATION_CONTEXT('2D SPACE',''
  ) );
#5315 = ORIENTED_EDGE('',*,*,#5179,.F.);
#5316 = ADVANCED_FACE('',(#5317),#5057,.F.);
#5317 = FACE_BOUND('',#5318,.F.);
#5318 = EDGE_LOOP('',(#5319,#5320,#5321,#5322));
#5319 = ORIENTED_EDGE('',*,*,#5041,.F.);
#5320 = ORIENTED_EDGE('',*,*,#5226,.T.);
#5321 = ORIENTED_EDGE('',*,*,#5156,.T.);
#5322 = ORIENTED_EDGE('',*,*,#5273,.F.);
#5323 = ADVANCED_FACE('',(#5324),#5111,.T.);
#5324 = FACE_BOUND('',#5325,.T.);
#5325 = EDGE_LOOP('',(#5326,#5327,#5328,#5329));
#5326 = ORIENTED_EDGE('',*,*,#5097,.F.);
#5327 = ORIENTED_EDGE('',*,*,#5248,.T.);
#5328 = ORIENTED_EDGE('',*,*,#5202,.T.);
#5329 = ORIENTED_EDGE('',*,*,#5295,.F.);
#5330 = ( GEOMETRIC_REPRESENTATION_CONTEXT(3) 
GLOBAL_UNCERTAINTY_ASSIGNED_CONTEXT((#5334)) 
GLOBAL_UNIT_ASSIGNED_CONTEXT((#5331,#5332,#5333)) REPRESENTATION_CONTEXT
('Context #1','3D Context with UNIT and UNCERTAINTY') );
#5331 = ( LENGTH_UNIT() NAMED_UNIT(*) SI_UNIT(.MILLI.,.METRE.) );
#5332 = ( NAMED_UNIT(*) PLANE_ANGLE_UNIT() SI_UNIT($,.RADIAN.) );
#5333 = ( NAMED_UNIT(*) SI_UNIT($,.STERADIAN.) SOLID_ANGLE_UNIT() );
#5334 = UNCERTAINTY_MEASURE_WITH_UNIT(LENGTH_MEASURE(1.E-07),#5331,
  'distance_accuracy_value','confusion accuracy');
#5335 = CONTEXT_DEPENDENT_SHAPE_REPRESENTATION(#5336,#5338);
#5336 = ( REPRESENTATION_RELATIONSHIP('','',#4999,#10) 
REPRESENTATION_RELATIONSHIP_WITH_TRANSFORMATION(#5337) 
SHAPE_REPRESENTATION_RELATIONSHIP() );
#5337 = ITEM_DEFINED_TRANSFORMATION('','',#11,#43);
#5338 = PRODUCT_DEFINITION_SHAPE('Placement','Placement of an item',
  #5339);
#5339 = NEXT_ASSEMBLY_USAGE_OCCURRENCE('831',
  '\X2\043F043504400435043C044B0447043A0430\X0\_25\X2\0445\X0\50\X2\0445\X0\947','',#5,#4994,$);
#5340 = PRODUCT_RELATED_PRODUCT_CATEGORY('part',$,(#4996));
#5341 = SHAPE_DEFINITION_REPRESENTATION(#5342,#5348);
#5342 = PRODUCT_DEFINITION_SHAPE('','',#5343);
#5343 = PRODUCT_DEFINITION('design','',#5344,#5347);
#5344 = PRODUCT_DEFINITION_FORMATION('','',#5345);
#5345 = PRODUCT('\X2\043F043504400435043C044B0447043A0430\X0\_25\X2\0445\X0\50\X2\0445\X0\947',
  '\X2\043F043504400435043C044B0447043A0430\X0\_25\X2\0445\X0\50\X2\0445\X0\947','',(#5346));
#5346 = PRODUCT_CONTEXT('',#2,'mechanical');
#5347 = PRODUCT_DEFINITION_CONTEXT('part definition',#2,'design');
#5348 = ADVANCED_BREP_SHAPE_REPRESENTATION('',(#11,#5349),#5679);
#5349 = MANIFOLD_SOLID_BREP('',#5350);
#5350 = CLOSED_SHELL('',(#5351,#5471,#5571,#5618,#5665,#5672));
#5351 = ADVANCED_FACE('',(#5352),#5366,.F.);
#5352 = FACE_BOUND('',#5353,.F.);
#5353 = EDGE_LOOP('',(#5354,#5389,#5417,#5445));
#5354 = ORIENTED_EDGE('',*,*,#5355,.F.);
#5355 = EDGE_CURVE('',#5356,#5358,#5360,.T.);
#5356 = VERTEX_POINT('',#5357);
#5357 = CARTESIAN_POINT('',(0.,0.,0.));
#5358 = VERTEX_POINT('',#5359);
#5359 = CARTESIAN_POINT('',(0.,0.,25.));
#5360 = SURFACE_CURVE('',#5361,(#5365,#5377),.PCURVE_S1.);
#5361 = LINE('',#5362,#5363);
#5362 = CARTESIAN_POINT('',(0.,0.,0.));
#5363 = VECTOR('',#5364,1.);
#5364 = DIRECTION('',(0.,0.,1.));
#5365 = PCURVE('',#5366,#5371);
#5366 = PLANE('',#5367);
#5367 = AXIS2_PLACEMENT_3D('',#5368,#5369,#5370);
#5368 = CARTESIAN_POINT('',(0.,0.,0.));
#5369 = DIRECTION('',(1.,0.,-0.));
#5370 = DIRECTION('',(0.,0.,1.));
#5371 = DEFINITIONAL_REPRESENTATION('',(#5372),#5376);
#5372 = LINE('',#5373,#5374);
#5373 = CARTESIAN_POINT('',(0.,0.));
#5374 = VECTOR('',#5375,1.);
#5375 = DIRECTION('',(1.,0.));
#5376 = ( GEOMETRIC_REPRESENTATION_CONTEXT(2) 
PARAMETRIC_REPRESENTATION_CONTEXT() REPRESENTATION_CONTEXT('2D SPACE',''
  ) );
#5377 = PCURVE('',#5378,#5383);
#5378 = PLANE('',#5379);
#5379 = AXIS2_PLACEMENT_3D('',#5380,#5381,#5382);
#5380 = CARTESIAN_POINT('',(0.,0.,0.));
#5381 = DIRECTION('',(-0.,1.,0.));
#5382 = DIRECTION('',(0.,0.,1.));
#5383 = DEFINITIONAL_REPRESENTATION('',(#5384),#5388);
#5384 = LINE('',#5385,#5386);
#5385 = CARTESIAN_POINT('',(0.,0.));
#5386 = VECTOR('',#5387,1.);
#5387 = DIRECTION('',(1.,0.));
#5388 = ( GEOMETRIC_REPRESENTATION_CONTEXT(2) 
PARAMETRIC_REPRESENTATION_CONTEXT() REPRESENTATION_CONTEXT('2D SPACE',''
  ) );
#5389 = ORIENTED_EDGE('',*,*,#5390,.T.);
#5390 = EDGE_CURVE('',#5356,#5391,#5393,.T.);
#5391 = VERTEX_POINT('',#5392);
#5392 = CARTESIAN_POINT('',(0.,50.,0.));
#5393 = SURFACE_CURVE('',#5394,(#5398,#5405),.PCURVE_S1.);
#5394 = LINE('',#5395,#5396);
#5395 = CARTESIAN_POINT('',(0.,0.,0.));
#5396 = VECTOR('',#5397,1.);
#5397 = DIRECTION('',(-0.,1.,0.));
#5398 = PCURVE('',#5366,#5399);
#5399 = DEFINITIONAL_REPRESENTATION('',(#5400),#5404);
#5400 = LINE('',#5401,#5402);
#5401 = CARTESIAN_POINT('',(0.,0.));
#5402 = VECTOR('',#5403,1.);
#5403 = DIRECTION('',(0.,-1.));
#5404 = ( GEOMETRIC_REPRESENTATION_CONTEXT(2) 
PARAMETRIC_REPRESENTATION_CONTEXT() REPRESENTATION_CONTEXT('2D SPACE',''
  ) );
#5405 = PCURVE('',#5406,#5411);
#5406 = PLANE('',#5407);
#5407 = AXIS2_PLACEMENT_3D('',#5408,#5409,#5410);
#5408 = CARTESIAN_POINT('',(0.,0.,0.));
#5409 = DIRECTION('',(0.,0.,1.));
#5410 = DIRECTION('',(1.,0.,-0.));
#5411 = DEFINITIONAL_REPRESENTATION('',(#5412),#5416);
#5412 = LINE('',#5413,#5414);
#5413 = CARTESIAN_POINT('',(0.,0.));
#5414 = VECTOR('',#5415,1.);
#5415 = DIRECTION('',(0.,1.));
#5416 = ( GEOMETRIC_REPRESENTATION_CONTEXT(2) 
PARAMETRIC_REPRESENTATION_CONTEXT() REPRESENTATION_CONTEXT('2D SPACE',''
  ) );
#5417 = ORIENTED_EDGE('',*,*,#5418,.T.);
#5418 = EDGE_CURVE('',#5391,#5419,#5421,.T.);
#5419 = VERTEX_POINT('',#5420);
#5420 = CARTESIAN_POINT('',(0.,50.,25.));
#5421 = SURFACE_CURVE('',#5422,(#5426,#5433),.PCURVE_S1.);
#5422 = LINE('',#5423,#5424);
#5423 = CARTESIAN_POINT('',(0.,50.,0.));
#5424 = VECTOR('',#5425,1.);
#5425 = DIRECTION('',(0.,0.,1.));
#5426 = PCURVE('',#5366,#5427);
#5427 = DEFINITIONAL_REPRESENTATION('',(#5428),#5432);
#5428 = LINE('',#5429,#5430);
#5429 = CARTESIAN_POINT('',(0.,-50.));
#5430 = VECTOR('',#5431,1.);
#5431 = DIRECTION('',(1.,0.));
#5432 = ( GEOMETRIC_REPRESENTATION_CONTEXT(2) 
PARAMETRIC_REPRESENTATION_CONTEXT() REPRESENTATION_CONTEXT('2D SPACE',''
  ) );
#5433 = PCURVE('',#5434,#5439);
#5434 = PLANE('',#5435);
#5435 = AXIS2_PLACEMENT_3D('',#5436,#5437,#5438);
#5436 = CARTESIAN_POINT('',(0.,50.,0.));
#5437 = DIRECTION('',(-0.,1.,0.));
#5438 = DIRECTION('',(0.,0.,1.));
#5439 = DEFINITIONAL_REPRESENTATION('',(#5440),#5444);
#5440 = LINE('',#5441,#5442);
#5441 = CARTESIAN_POINT('',(0.,0.));
#5442 = VECTOR('',#5443,1.);
#5443 = DIRECTION('',(1.,0.));
#5444 = ( GEOMETRIC_REPRESENTATION_CONTEXT(2) 
PARAMETRIC_REPRESENTATION_CONTEXT() REPRESENTATION_CONTEXT('2D SPACE',''
  ) );
#5445 = ORIENTED_EDGE('',*,*,#5446,.F.);
#5446 = EDGE_CURVE('',#5358,#5419,#5447,.T.);
#5447 = SURFACE_CURVE('',#5448,(#5452,#5459),.PCURVE_S1.);
#5448 = LINE('',#5449,#5450);
#5449 = CARTESIAN_POINT('',(0.,0.,25.));
#5450 = VECTOR('',#5451,1.);
#5451 = DIRECTION('',(-0.,1.,0.));
#5452 = PCURVE('',#5366,#5453);
#5453 = DEFINITIONAL_REPRESENTATION('',(#5454),#5458);
#5454 = LINE('',#5455,#5456);
#5455 = CARTESIAN_POINT('',(25.,0.));
#5456 = VECTOR('',#5457,1.);
#5457 = DIRECTION('',(0.,-1.));
#5458 = ( GEOMETRIC_REPRESENTATION_CONTEXT(2) 
PARAMETRIC_REPRESENTATION_CONTEXT() REPRESENTATION_CONTEXT('2D SPACE',''
  ) );
#5459 = PCURVE('',#5460,#5465);
#5460 = PLANE('',#5461);
#5461 = AXIS2_PLACEMENT_3D('',#5462,#5463,#5464);
#5462 = CARTESIAN_POINT('',(0.,0.,25.));
#5463 = DIRECTION('',(0.,0.,1.));
#5464 = DIRECTION('',(1.,0.,-0.));
#5465 = DEFINITIONAL_REPRESENTATION('',(#5466),#5470);
#5466 = LINE('',#5467,#5468);
#5467 = CARTESIAN_POINT('',(0.,0.));
#5468 = VECTOR('',#5469,1.);
#5469 = DIRECTION('',(0.,1.));
#5470 = ( GEOMETRIC_REPRESENTATION_CONTEXT(2) 
PARAMETRIC_REPRESENTATION_CONTEXT() REPRESENTATION_CONTEXT('2D SPACE',''
  ) );
#5471 = ADVANCED_FACE('',(#5472),#5486,.T.);
#5472 = FACE_BOUND('',#5473,.T.);
#5473 = EDGE_LOOP('',(#5474,#5504,#5527,#5550));
#5474 = ORIENTED_EDGE('',*,*,#5475,.F.);
#5475 = EDGE_CURVE('',#5476,#5478,#5480,.T.);
#5476 = VERTEX_POINT('',#5477);
#5477 = CARTESIAN_POINT('',(947.,0.,0.));
#5478 = VERTEX_POINT('',#5479);
#5479 = CARTESIAN_POINT('',(947.,0.,25.));
#5480 = SURFACE_CURVE('',#5481,(#5485,#5497),.PCURVE_S1.);
#5481 = LINE('',#5482,#5483);
#5482 = CARTESIAN_POINT('',(947.,0.,0.));
#5483 = VECTOR('',#5484,1.);
#5484 = DIRECTION('',(0.,0.,1.));
#5485 = PCURVE('',#5486,#5491);
#5486 = PLANE('',#5487);
#5487 = AXIS2_PLACEMENT_3D('',#5488,#5489,#5490);
#5488 = CARTESIAN_POINT('',(947.,0.,0.));
#5489 = DIRECTION('',(1.,0.,-0.));
#5490 = DIRECTION('',(0.,0.,1.));
#5491 = DEFINITIONAL_REPRESENTATION('',(#5492),#5496);
#5492 = LINE('',#5493,#5494);
#5493 = CARTESIAN_POINT('',(0.,0.));
#5494 = VECTOR('',#5495,1.);
#5495 = DIRECTION('',(1.,0.));
#5496 = ( GEOMETRIC_REPRESENTATION_CONTEXT(2) 
PARAMETRIC_REPRESENTATION_CONTEXT() REPRESENTATION_CONTEXT('2D SPACE',''
  ) );
#5497 = PCURVE('',#5378,#5498);
#5498 = DEFINITIONAL_REPRESENTATION('',(#5499),#5503);
#5499 = LINE('',#5500,#5501);
#5500 = CARTESIAN_POINT('',(0.,947.));
#5501 = VECTOR('',#5502,1.);
#5502 = DIRECTION('',(1.,0.));
#5503 = ( GEOMETRIC_REPRESENTATION_CONTEXT(2) 
PARAMETRIC_REPRESENTATION_CONTEXT() REPRESENTATION_CONTEXT('2D SPACE',''
  ) );
#5504 = ORIENTED_EDGE('',*,*,#5505,.T.);
#5505 = EDGE_CURVE('',#5476,#5506,#5508,.T.);
#5506 = VERTEX_POINT('',#5507);
#5507 = CARTESIAN_POINT('',(947.,50.,0.));
#5508 = SURFACE_CURVE('',#5509,(#5513,#5520),.PCURVE_S1.);
#5509 = LINE('',#5510,#5511);
#5510 = CARTESIAN_POINT('',(947.,0.,0.));
#5511 = VECTOR('',#5512,1.);
#5512 = DIRECTION('',(-0.,1.,0.));
#5513 = PCURVE('',#5486,#5514);
#5514 = DEFINITIONAL_REPRESENTATION('',(#5515),#5519);
#5515 = LINE('',#5516,#5517);
#5516 = CARTESIAN_POINT('',(0.,0.));
#5517 = VECTOR('',#5518,1.);
#5518 = DIRECTION('',(0.,-1.));
#5519 = ( GEOMETRIC_REPRESENTATION_CONTEXT(2) 
PARAMETRIC_REPRESENTATION_CONTEXT() REPRESENTATION_CONTEXT('2D SPACE',''
  ) );
#5520 = PCURVE('',#5406,#5521);
#5521 = DEFINITIONAL_REPRESENTATION('',(#5522),#5526);
#5522 = LINE('',#5523,#5524);
#5523 = CARTESIAN_POINT('',(947.,0.));
#5524 = VECTOR('',#5525,1.);
#5525 = DIRECTION('',(0.,1.));
#5526 = ( GEOMETRIC_REPRESENTATION_CONTEXT(2) 
PARAMETRIC_REPRESENTATION_CONTEXT() REPRESENTATION_CONTEXT('2D SPACE',''
  ) );
#5527 = ORIENTED_EDGE('',*,*,#5528,.T.);
#5528 = EDGE_CURVE('',#5506,#5529,#5531,.T.);
#5529 = VERTEX_POINT('',#5530);
#5530 = CARTESIAN_POINT('',(947.,50.,25.));
#5531 = SURFACE_CURVE('',#5532,(#5536,#5543),.PCURVE_S1.);
#5532 = LINE('',#5533,#5534);
#5533 = CARTESIAN_POINT('',(947.,50.,0.));
#5534 = VECTOR('',#5535,1.);
#5535 = DIRECTION('',(0.,0.,1.));
#5536 = PCURVE('',#5486,#5537);
#5537 = DEFINITIONAL_REPRESENTATION('',(#5538),#5542);
#5538 = LINE('',#5539,#5540);
#5539 = CARTESIAN_POINT('',(0.,-50.));
#5540 = VECTOR('',#5541,1.);
#5541 = DIRECTION('',(1.,0.));
#5542 = ( GEOMETRIC_REPRESENTATION_CONTEXT(2) 
PARAMETRIC_REPRESENTATION_CONTEXT() REPRESENTATION_CONTEXT('2D SPACE',''
  ) );
#5543 = PCURVE('',#5434,#5544);
#5544 = DEFINITIONAL_REPRESENTATION('',(#5545),#5549);
#5545 = LINE('',#5546,#5547);
#5546 = CARTESIAN_POINT('',(0.,947.));
#5547 = VECTOR('',#5548,1.);
#5548 = DIRECTION('',(1.,0.));
#5549 = ( GEOMETRIC_REPRESENTATION_CONTEXT(2) 
PARAMETRIC_REPRESENTATION_CONTEXT() REPRESENTATION_CONTEXT('2D SPACE',''
  ) );
#5550 = ORIENTED_EDGE('',*,*,#5551,.F.);
#5551 = EDGE_CURVE('',#5478,#5529,#5552,.T.);
#5552 = SURFACE_CURVE('',#5553,(#5557,#5564),.PCURVE_S1.);
#5553 = LINE('',#5554,#5555);
#5554 = CARTESIAN_POINT('',(947.,0.,25.));
#5555 = VECTOR('',#5556,1.);
#5556 = DIRECTION('',(-0.,1.,0.));
#5557 = PCURVE('',#5486,#5558);
#5558 = DEFINITIONAL_REPRESENTATION('',(#5559),#5563);
#5559 = LINE('',#5560,#5561);
#5560 = CARTESIAN_POINT('',(25.,0.));
#5561 = VECTOR('',#5562,1.);
#5562 = DIRECTION('',(0.,-1.));
#5563 = ( GEOMETRIC_REPRESENTATION_CONTEXT(2) 
PARAMETRIC_REPRESENTATION_CONTEXT() REPRESENTATION_CONTEXT('2D SPACE',''
  ) );
#5564 = PCURVE('',#5460,#5565);
#5565 = DEFINITIONAL_REPRESENTATION('',(#5566),#5570);
#5566 = LINE('',#5567,#5568);
#5567 = CARTESIAN_POINT('',(947.,0.));
#5568 = VECTOR('',#5569,1.);
#5569 = DIRECTION('',(0.,1.));
#5570 = ( GEOMETRIC_REPRESENTATION_CONTEXT(2) 
PARAMETRIC_REPRESENTATION_CONTEXT() REPRESENTATION_CONTEXT('2D SPACE',''
  ) );
#5571 = ADVANCED_FACE('',(#5572),#5378,.F.);
#5572 = FACE_BOUND('',#5573,.F.);
#5573 = EDGE_LOOP('',(#5574,#5595,#5596,#5617));
#5574 = ORIENTED_EDGE('',*,*,#5575,.F.);
#5575 = EDGE_CURVE('',#5356,#5476,#5576,.T.);
#5576 = SURFACE_CURVE('',#5577,(#5581,#5588),.PCURVE_S1.);
#5577 = LINE('',#5578,#5579);
#5578 = CARTESIAN_POINT('',(0.,0.,0.));
#5579 = VECTOR('',#5580,1.);
#5580 = DIRECTION('',(1.,0.,-0.));
#5581 = PCURVE('',#5378,#5582);
#5582 = DEFINITIONAL_REPRESENTATION('',(#5583),#5587);
#5583 = LINE('',#5584,#5585);
#5584 = CARTESIAN_POINT('',(0.,0.));
#5585 = VECTOR('',#5586,1.);
#5586 = DIRECTION('',(0.,1.));
#5587 = ( GEOMETRIC_REPRESENTATION_CONTEXT(2) 
PARAMETRIC_REPRESENTATION_CONTEXT() REPRESENTATION_CONTEXT('2D SPACE',''
  ) );
#5588 = PCURVE('',#5406,#5589);
#5589 = DEFINITIONAL_REPRESENTATION('',(#5590),#5594);
#5590 = LINE('',#5591,#5592);
#5591 = CARTESIAN_POINT('',(0.,0.));
#5592 = VECTOR('',#5593,1.);
#5593 = DIRECTION('',(1.,0.));
#5594 = ( GEOMETRIC_REPRESENTATION_CONTEXT(2) 
PARAMETRIC_REPRESENTATION_CONTEXT() REPRESENTATION_CONTEXT('2D SPACE',''
  ) );
#5595 = ORIENTED_EDGE('',*,*,#5355,.T.);
#5596 = ORIENTED_EDGE('',*,*,#5597,.T.);
#5597 = EDGE_CURVE('',#5358,#5478,#5598,.T.);
#5598 = SURFACE_CURVE('',#5599,(#5603,#5610),.PCURVE_S1.);
#5599 = LINE('',#5600,#5601);
#5600 = CARTESIAN_POINT('',(0.,0.,25.));
#5601 = VECTOR('',#5602,1.);
#5602 = DIRECTION('',(1.,0.,-0.));
#5603 = PCURVE('',#5378,#5604);
#5604 = DEFINITIONAL_REPRESENTATION('',(#5605),#5609);
#5605 = LINE('',#5606,#5607);
#5606 = CARTESIAN_POINT('',(25.,0.));
#5607 = VECTOR('',#5608,1.);
#5608 = DIRECTION('',(0.,1.));
#5609 = ( GEOMETRIC_REPRESENTATION_CONTEXT(2) 
PARAMETRIC_REPRESENTATION_CONTEXT() REPRESENTATION_CONTEXT('2D SPACE',''
  ) );
#5610 = PCURVE('',#5460,#5611);
#5611 = DEFINITIONAL_REPRESENTATION('',(#5612),#5616);
#5612 = LINE('',#5613,#5614);
#5613 = CARTESIAN_POINT('',(0.,0.));
#5614 = VECTOR('',#5615,1.);
#5615 = DIRECTION('',(1.,0.));
#5616 = ( GEOMETRIC_REPRESENTATION_CONTEXT(2) 
PARAMETRIC_REPRESENTATION_CONTEXT() REPRESENTATION_CONTEXT('2D SPACE',''
  ) );
#5617 = ORIENTED_EDGE('',*,*,#5475,.F.);
#5618 = ADVANCED_FACE('',(#5619),#5434,.T.);
#5619 = FACE_BOUND('',#5620,.T.);
#5620 = EDGE_LOOP('',(#5621,#5642,#5643,#5664));
#5621 = ORIENTED_EDGE('',*,*,#5622,.F.);
#5622 = EDGE_CURVE('',#5391,#5506,#5623,.T.);
#5623 = SURFACE_CURVE('',#5624,(#5628,#5635),.PCURVE_S1.);
#5624 = LINE('',#5625,#5626);
#5625 = CARTESIAN_POINT('',(0.,50.,0.));
#5626 = VECTOR('',#5627,1.);
#5627 = DIRECTION('',(1.,0.,-0.));
#5628 = PCURVE('',#5434,#5629);
#5629 = DEFINITIONAL_REPRESENTATION('',(#5630),#5634);
#5630 = LINE('',#5631,#5632);
#5631 = CARTESIAN_POINT('',(0.,0.));
#5632 = VECTOR('',#5633,1.);
#5633 = DIRECTION('',(0.,1.));
#5634 = ( GEOMETRIC_REPRESENTATION_CONTEXT(2) 
PARAMETRIC_REPRESENTATION_CONTEXT() REPRESENTATION_CONTEXT('2D SPACE',''
  ) );
#5635 = PCURVE('',#5406,#5636);
#5636 = DEFINITIONAL_REPRESENTATION('',(#5637),#5641);
#5637 = LINE('',#5638,#5639);
#5638 = CARTESIAN_POINT('',(0.,50.));
#5639 = VECTOR('',#5640,1.);
#5640 = DIRECTION('',(1.,0.));
#5641 = ( GEOMETRIC_REPRESENTATION_CONTEXT(2) 
PARAMETRIC_REPRESENTATION_CONTEXT() REPRESENTATION_CONTEXT('2D SPACE',''
  ) );
#5642 = ORIENTED_EDGE('',*,*,#5418,.T.);
#5643 = ORIENTED_EDGE('',*,*,#5644,.T.);
#5644 = EDGE_CURVE('',#5419,#5529,#5645,.T.);
#5645 = SURFACE_CURVE('',#5646,(#5650,#5657),.PCURVE_S1.);
#5646 = LINE('',#5647,#5648);
#5647 = CARTESIAN_POINT('',(0.,50.,25.));
#5648 = VECTOR('',#5649,1.);
#5649 = DIRECTION('',(1.,0.,-0.));
#5650 = PCURVE('',#5434,#5651);
#5651 = DEFINITIONAL_REPRESENTATION('',(#5652),#5656);
#5652 = LINE('',#5653,#5654);
#5653 = CARTESIAN_POINT('',(25.,0.));
#5654 = VECTOR('',#5655,1.);
#5655 = DIRECTION('',(0.,1.));
#5656 = ( GEOMETRIC_REPRESENTATION_CONTEXT(2) 
PARAMETRIC_REPRESENTATION_CONTEXT() REPRESENTATION_CONTEXT('2D SPACE',''
  ) );
#5657 = PCURVE('',#5460,#5658);
#5658 = DEFINITIONAL_REPRESENTATION('',(#5659),#5663);
#5659 = LINE('',#5660,#5661);
#5660 = CARTESIAN_POINT('',(0.,50.));
#5661 = VECTOR('',#5662,1.);
#5662 = DIRECTION('',(1.,0.));
#5663 = ( GEOMETRIC_REPRESENTATION_CONTEXT(2) 
PARAMETRIC_REPRESENTATION_CONTEXT() REPRESENTATION_CONTEXT('2D SPACE',''
  ) );
#5664 = ORIENTED_EDGE('',*,*,#5528,.F.);
#5665 = ADVANCED_FACE('',(#5666),#5406,.F.);
#5666 = FACE_BOUND('',#5667,.F.);
#5667 = EDGE_LOOP('',(#5668,#5669,#5670,#5671));
#5668 = ORIENTED_EDGE('',*,*,#5390,.F.);
#5669 = ORIENTED_EDGE('',*,*,#5575,.T.);
#5670 = ORIENTED_EDGE('',*,*,#5505,.T.);
#5671 = ORIENTED_EDGE('',*,*,#5622,.F.);
#5672 = ADVANCED_FACE('',(#5673),#5460,.T.);
#5673 = FACE_BOUND('',#5674,.T.);
#5674 = EDGE_LOOP('',(#5675,#5676,#5677,#5678));
#5675 = ORIENTED_EDGE('',*,*,#5446,.F.);
#5676 = ORIENTED_EDGE('',*,*,#5597,.T.);
#5677 = ORIENTED_EDGE('',*,*,#5551,.T.);
#5678 = ORIENTED_EDGE('',*,*,#5644,.F.);
#5679 = ( GEOMETRIC_REPRESENTATION_CONTEXT(3) 
GLOBAL_UNCERTAINTY_ASSIGNED_CONTEXT((#5683)) 
GLOBAL_UNIT_ASSIGNED_CONTEXT((#5680,#5681,#5682)) REPRESENTATION_CONTEXT
('Context #1','3D Context with UNIT and UNCERTAINTY') );
#5680 = ( LENGTH_UNIT() NAMED_UNIT(*) SI_UNIT(.MILLI.,.METRE.) );
#5681 = ( NAMED_UNIT(*) PLANE_ANGLE_UNIT() SI_UNIT($,.RADIAN.) );
#5682 = ( NAMED_UNIT(*) SI_UNIT($,.STERADIAN.) SOLID_ANGLE_UNIT() );
#5683 = UNCERTAINTY_MEASURE_WITH_UNIT(LENGTH_MEASURE(1.E-07),#5680,
  'distance_accuracy_value','confusion accuracy');
#5684 = CONTEXT_DEPENDENT_SHAPE_REPRESENTATION(#5685,#5687);
#5685 = ( REPRESENTATION_RELATIONSHIP('','',#5348,#10) 
REPRESENTATION_RELATIONSHIP_WITH_TRANSFORMATION(#5686) 
SHAPE_REPRESENTATION_RELATIONSHIP() );
#5686 = ITEM_DEFINED_TRANSFORMATION('','',#11,#47);
#5687 = PRODUCT_DEFINITION_SHAPE('Placement','Placement of an item',
  #5688);
#5688 = NEXT_ASSEMBLY_USAGE_OCCURRENCE('832',
  '\X2\043F043504400435043C044B0447043A0430\X0\_25\X2\0445\X0\50\X2\0445\X0\947','',#5,#5343,$);
#5689 = PRODUCT_RELATED_PRODUCT_CATEGORY('part',$,(#5345));
#5690 = SHAPE_DEFINITION_REPRESENTATION(#5691,#5697);
#5691 = PRODUCT_DEFINITION_SHAPE('','',#5692);
#5692 = PRODUCT_DEFINITION('design','',#5693,#5696);
#5693 = PRODUCT_DEFINITION_FORMATION('','',#5694);
#5694 = PRODUCT('\X2\043F043504400435043C044B0447043A0430\X0\_25\X2\0445\X0\50\X2\0445\X0\947',
  '\X2\043F043504400435043C044B0447043A0430\X0\_25\X2\0445\X0\50\X2\0445\X0\947','',(#5695));
#5695 = PRODUCT_CONTEXT('',#2,'mechanical');
#5696 = PRODUCT_DEFINITION_CONTEXT('part definition',#2,'design');
#5697 = ADVANCED_BREP_SHAPE_REPRESENTATION('',(#11,#5698),#6028);
#5698 = MANIFOLD_SOLID_BREP('',#5699);
#5699 = CLOSED_SHELL('',(#5700,#5820,#5920,#5967,#6014,#6021));
#5700 = ADVANCED_FACE('',(#5701),#5715,.F.);
#5701 = FACE_BOUND('',#5702,.F.);
#5702 = EDGE_LOOP('',(#5703,#5738,#5766,#5794));
#5703 = ORIENTED_EDGE('',*,*,#5704,.F.);
#5704 = EDGE_CURVE('',#5705,#5707,#5709,.T.);
#5705 = VERTEX_POINT('',#5706);
#5706 = CARTESIAN_POINT('',(0.,0.,0.));
#5707 = VERTEX_POINT('',#5708);
#5708 = CARTESIAN_POINT('',(0.,0.,25.));
#5709 = SURFACE_CURVE('',#5710,(#5714,#5726),.PCURVE_S1.);
#5710 = LINE('',#5711,#5712);
#5711 = CARTESIAN_POINT('',(0.,0.,0.));
#5712 = VECTOR('',#5713,1.);
#5713 = DIRECTION('',(0.,0.,1.));
#5714 = PCURVE('',#5715,#5720);
#5715 = PLANE('',#5716);
#5716 = AXIS2_PLACEMENT_3D('',#5717,#5718,#5719);
#5717 = CARTESIAN_POINT('',(0.,0.,0.));
#5718 = DIRECTION('',(1.,0.,-0.));
#5719 = DIRECTION('',(0.,0.,1.));
#5720 = DEFINITIONAL_REPRESENTATION('',(#5721),#5725);
#5721 = LINE('',#5722,#5723);
#5722 = CARTESIAN_POINT('',(0.,0.));
#5723 = VECTOR('',#5724,1.);
#5724 = DIRECTION('',(1.,0.));
#5725 = ( GEOMETRIC_REPRESENTATION_CONTEXT(2) 
PARAMETRIC_REPRESENTATION_CONTEXT() REPRESENTATION_CONTEXT('2D SPACE',''
  ) );
#5726 = PCURVE('',#5727,#5732);
#5727 = PLANE('',#5728);
#5728 = AXIS2_PLACEMENT_3D('',#5729,#5730,#5731);
#5729 = CARTESIAN_POINT('',(0.,0.,0.));
#5730 = DIRECTION('',(-0.,1.,0.));
#5731 = DIRECTION('',(0.,0.,1.));
#5732 = DEFINITIONAL_REPRESENTATION('',(#5733),#5737);
#5733 = LINE('',#5734,#5735);
#5734 = CARTESIAN_POINT('',(0.,0.));
#5735 = VECTOR('',#5736,1.);
#5736 = DIRECTION('',(1.,0.));
#5737 = ( GEOMETRIC_REPRESENTATION_CONTEXT(2) 
PARAMETRIC_REPRESENTATION_CONTEXT() REPRESENTATION_CONTEXT('2D SPACE',''
  ) );
#5738 = ORIENTED_EDGE('',*,*,#5739,.T.);
#5739 = EDGE_CURVE('',#5705,#5740,#5742,.T.);
#5740 = VERTEX_POINT('',#5741);
#5741 = CARTESIAN_POINT('',(0.,50.,0.));
#5742 = SURFACE_CURVE('',#5743,(#5747,#5754),.PCURVE_S1.);
#5743 = LINE('',#5744,#5745);
#5744 = CARTESIAN_POINT('',(0.,0.,0.));
#5745 = VECTOR('',#5746,1.);
#5746 = DIRECTION('',(-0.,1.,0.));
#5747 = PCURVE('',#5715,#5748);
#5748 = DEFINITIONAL_REPRESENTATION('',(#5749),#5753);
#5749 = LINE('',#5750,#5751);
#5750 = CARTESIAN_POINT('',(0.,0.));
#5751 = VECTOR('',#5752,1.);
#5752 = DIRECTION('',(0.,-1.));
#5753 = ( GEOMETRIC_REPRESENTATION_CONTEXT(2) 
PARAMETRIC_REPRESENTATION_CONTEXT() REPRESENTATION_CONTEXT('2D SPACE',''
  ) );
#5754 = PCURVE('',#5755,#5760);
#5755 = PLANE('',#5756);
#5756 = AXIS2_PLACEMENT_3D('',#5757,#5758,#5759);
#5757 = CARTESIAN_POINT('',(0.,0.,0.));
#5758 = DIRECTION('',(0.,0.,1.));
#5759 = DIRECTION('',(1.,0.,-0.));
#5760 = DEFINITIONAL_REPRESENTATION('',(#5761),#5765);
#5761 = LINE('',#5762,#5763);
#5762 = CARTESIAN_POINT('',(0.,0.));
#5763 = VECTOR('',#5764,1.);
#5764 = DIRECTION('',(0.,1.));
#5765 = ( GEOMETRIC_REPRESENTATION_CONTEXT(2) 
PARAMETRIC_REPRESENTATION_CONTEXT() REPRESENTATION_CONTEXT('2D SPACE',''
  ) );
#5766 = ORIENTED_EDGE('',*,*,#5767,.T.);
#5767 = EDGE_CURVE('',#5740,#5768,#5770,.T.);
#5768 = VERTEX_POINT('',#5769);
#5769 = CARTESIAN_POINT('',(0.,50.,25.));
#5770 = SURFACE_CURVE('',#5771,(#5775,#5782),.PCURVE_S1.);
#5771 = LINE('',#5772,#5773);
#5772 = CARTESIAN_POINT('',(0.,50.,0.));
#5773 = VECTOR('',#5774,1.);
#5774 = DIRECTION('',(0.,0.,1.));
#5775 = PCURVE('',#5715,#5776);
#5776 = DEFINITIONAL_REPRESENTATION('',(#5777),#5781);
#5777 = LINE('',#5778,#5779);
#5778 = CARTESIAN_POINT('',(0.,-50.));
#5779 = VECTOR('',#5780,1.);
#5780 = DIRECTION('',(1.,0.));
#5781 = ( GEOMETRIC_REPRESENTATION_CONTEXT(2) 
PARAMETRIC_REPRESENTATION_CONTEXT() REPRESENTATION_CONTEXT('2D SPACE',''
  ) );
#5782 = PCURVE('',#5783,#5788);
#5783 = PLANE('',#5784);
#5784 = AXIS2_PLACEMENT_3D('',#5785,#5786,#5787);
#5785 = CARTESIAN_POINT('',(0.,50.,0.));
#5786 = DIRECTION('',(-0.,1.,0.));
#5787 = DIRECTION('',(0.,0.,1.));
#5788 = DEFINITIONAL_REPRESENTATION('',(#5789),#5793);
#5789 = LINE('',#5790,#5791);
#5790 = CARTESIAN_POINT('',(0.,0.));
#5791 = VECTOR('',#5792,1.);
#5792 = DIRECTION('',(1.,0.));
#5793 = ( GEOMETRIC_REPRESENTATION_CONTEXT(2) 
PARAMETRIC_REPRESENTATION_CONTEXT() REPRESENTATION_CONTEXT('2D SPACE',''
  ) );
#5794 = ORIENTED_EDGE('',*,*,#5795,.F.);
#5795 = EDGE_CURVE('',#5707,#5768,#5796,.T.);
#5796 = SURFACE_CURVE('',#5797,(#5801,#5808),.PCURVE_S1.);
#5797 = LINE('',#5798,#5799);
#5798 = CARTESIAN_POINT('',(0.,0.,25.));
#5799 = VECTOR('',#5800,1.);
#5800 = DIRECTION('',(-0.,1.,0.));
#5801 = PCURVE('',#5715,#5802);
#5802 = DEFINITIONAL_REPRESENTATION('',(#5803),#5807);
#5803 = LINE('',#5804,#5805);
#5804 = CARTESIAN_POINT('',(25.,0.));
#5805 = VECTOR('',#5806,1.);
#5806 = DIRECTION('',(0.,-1.));
#5807 = ( GEOMETRIC_REPRESENTATION_CONTEXT(2) 
PARAMETRIC_REPRESENTATION_CONTEXT() REPRESENTATION_CONTEXT('2D SPACE',''
  ) );
#5808 = PCURVE('',#5809,#5814);
#5809 = PLANE('',#5810);
#5810 = AXIS2_PLACEMENT_3D('',#5811,#5812,#5813);
#5811 = CARTESIAN_POINT('',(0.,0.,25.));
#5812 = DIRECTION('',(0.,0.,1.));
#5813 = DIRECTION('',(1.,0.,-0.));
#5814 = DEFINITIONAL_REPRESENTATION('',(#5815),#5819);
#5815 = LINE('',#5816,#5817);
#5816 = CARTESIAN_POINT('',(0.,0.));
#5817 = VECTOR('',#5818,1.);
#5818 = DIRECTION('',(0.,1.));
#5819 = ( GEOMETRIC_REPRESENTATION_CONTEXT(2) 
PARAMETRIC_REPRESENTATION_CONTEXT() REPRESENTATION_CONTEXT('2D SPACE',''
  ) );
#5820 = ADVANCED_FACE('',(#5821),#5835,.T.);
#5821 = FACE_BOUND('',#5822,.T.);
#5822 = EDGE_LOOP('',(#5823,#5853,#5876,#5899));
#5823 = ORIENTED_EDGE('',*,*,#5824,.F.);
#5824 = EDGE_CURVE('',#5825,#5827,#5829,.T.);
#5825 = VERTEX_POINT('',#5826);
#5826 = CARTESIAN_POINT('',(947.,0.,0.));
#5827 = VERTEX_POINT('',#5828);
#5828 = CARTESIAN_POINT('',(947.,0.,25.));
#5829 = SURFACE_CURVE('',#5830,(#5834,#5846),.PCURVE_S1.);
#5830 = LINE('',#5831,#5832);
#5831 = CARTESIAN_POINT('',(947.,0.,0.));
#5832 = VECTOR('',#5833,1.);
#5833 = DIRECTION('',(0.,0.,1.));
#5834 = PCURVE('',#5835,#5840);
#5835 = PLANE('',#5836);
#5836 = AXIS2_PLACEMENT_3D('',#5837,#5838,#5839);
#5837 = CARTESIAN_POINT('',(947.,0.,0.));
#5838 = DIRECTION('',(1.,0.,-0.));
#5839 = DIRECTION('',(0.,0.,1.));
#5840 = DEFINITIONAL_REPRESENTATION('',(#5841),#5845);
#5841 = LINE('',#5842,#5843);
#5842 = CARTESIAN_POINT('',(0.,0.));
#5843 = VECTOR('',#5844,1.);
#5844 = DIRECTION('',(1.,0.));
#5845 = ( GEOMETRIC_REPRESENTATION_CONTEXT(2) 
PARAMETRIC_REPRESENTATION_CONTEXT() REPRESENTATION_CONTEXT('2D SPACE',''
  ) );
#5846 = PCURVE('',#5727,#5847);
#5847 = DEFINITIONAL_REPRESENTATION('',(#5848),#5852);
#5848 = LINE('',#5849,#5850);
#5849 = CARTESIAN_POINT('',(0.,947.));
#5850 = VECTOR('',#5851,1.);
#5851 = DIRECTION('',(1.,0.));
#5852 = ( GEOMETRIC_REPRESENTATION_CONTEXT(2) 
PARAMETRIC_REPRESENTATION_CONTEXT() REPRESENTATION_CONTEXT('2D SPACE',''
  ) );
#5853 = ORIENTED_EDGE('',*,*,#5854,.T.);
#5854 = EDGE_CURVE('',#5825,#5855,#5857,.T.);
#5855 = VERTEX_POINT('',#5856);
#5856 = CARTESIAN_POINT('',(947.,50.,0.));
#5857 = SURFACE_CURVE('',#5858,(#5862,#5869),.PCURVE_S1.);
#5858 = LINE('',#5859,#5860);
#5859 = CARTESIAN_POINT('',(947.,0.,0.));
#5860 = VECTOR('',#5861,1.);
#5861 = DIRECTION('',(-0.,1.,0.));
#5862 = PCURVE('',#5835,#5863);
#5863 = DEFINITIONAL_REPRESENTATION('',(#5864),#5868);
#5864 = LINE('',#5865,#5866);
#5865 = CARTESIAN_POINT('',(0.,0.));
#5866 = VECTOR('',#5867,1.);
#5867 = DIRECTION('',(0.,-1.));
#5868 = ( GEOMETRIC_REPRESENTATION_CONTEXT(2) 
PARAMETRIC_REPRESENTATION_CONTEXT() REPRESENTATION_CONTEXT('2D SPACE',''
  ) );
#5869 = PCURVE('',#5755,#5870);
#5870 = DEFINITIONAL_REPRESENTATION('',(#5871),#5875);
#5871 = LINE('',#5872,#5873);
#5872 = CARTESIAN_POINT('',(947.,0.));
#5873 = VECTOR('',#5874,1.);
#5874 = DIRECTION('',(0.,1.));
#5875 = ( GEOMETRIC_REPRESENTATION_CONTEXT(2) 
PARAMETRIC_REPRESENTATION_CONTEXT() REPRESENTATION_CONTEXT('2D SPACE',''
  ) );
#5876 = ORIENTED_EDGE('',*,*,#5877,.T.);
#5877 = EDGE_CURVE('',#5855,#5878,#5880,.T.);
#5878 = VERTEX_POINT('',#5879);
#5879 = CARTESIAN_POINT('',(947.,50.,25.));
#5880 = SURFACE_CURVE('',#5881,(#5885,#5892),.PCURVE_S1.);
#5881 = LINE('',#5882,#5883);
#5882 = CARTESIAN_POINT('',(947.,50.,0.));
#5883 = VECTOR('',#5884,1.);
#5884 = DIRECTION('',(0.,0.,1.));
#5885 = PCURVE('',#5835,#5886);
#5886 = DEFINITIONAL_REPRESENTATION('',(#5887),#5891);
#5887 = LINE('',#5888,#5889);
#5888 = CARTESIAN_POINT('',(0.,-50.));
#5889 = VECTOR('',#5890,1.);
#5890 = DIRECTION('',(1.,0.));
#5891 = ( GEOMETRIC_REPRESENTATION_CONTEXT(2) 
PARAMETRIC_REPRESENTATION_CONTEXT() REPRESENTATION_CONTEXT('2D SPACE',''
  ) );
#5892 = PCURVE('',#5783,#5893);
#5893 = DEFINITIONAL_REPRESENTATION('',(#5894),#5898);
#5894 = LINE('',#5895,#5896);
#5895 = CARTESIAN_POINT('',(0.,947.));
#5896 = VECTOR('',#5897,1.);
#5897 = DIRECTION('',(1.,0.));
#5898 = ( GEOMETRIC_REPRESENTATION_CONTEXT(2) 
PARAMETRIC_REPRESENTATION_CONTEXT() REPRESENTATION_CONTEXT('2D SPACE',''
  ) );
#5899 = ORIENTED_EDGE('',*,*,#5900,.F.);
#5900 = EDGE_CURVE('',#5827,#5878,#5901,.T.);
#5901 = SURFACE_CURVE('',#5902,(#5906,#5913),.PCURVE_S1.);
#5902 = LINE('',#5903,#5904);
#5903 = CARTESIAN_POINT('',(947.,0.,25.));
#5904 = VECTOR('',#5905,1.);
#5905 = DIRECTION('',(-0.,1.,0.));
#5906 = PCURVE('',#5835,#5907);
#5907 = DEFINITIONAL_REPRESENTATION('',(#5908),#5912);
#5908 = LINE('',#5909,#5910);
#5909 = CARTESIAN_POINT('',(25.,0.));
#5910 = VECTOR('',#5911,1.);
#5911 = DIRECTION('',(0.,-1.));
#5912 = ( GEOMETRIC_REPRESENTATION_CONTEXT(2) 
PARAMETRIC_REPRESENTATION_CONTEXT() REPRESENTATION_CONTEXT('2D SPACE',''
  ) );
#5913 = PCURVE('',#5809,#5914);
#5914 = DEFINITIONAL_REPRESENTATION('',(#5915),#5919);
#5915 = LINE('',#5916,#5917);
#5916 = CARTESIAN_POINT('',(947.,0.));
#5917 = VECTOR('',#5918,1.);
#5918 = DIRECTION('',(0.,1.));
#5919 = ( GEOMETRIC_REPRESENTATION_CONTEXT(2) 
PARAMETRIC_REPRESENTATION_CONTEXT() REPRESENTATION_CONTEXT('2D SPACE',''
  ) );
#5920 = ADVANCED_FACE('',(#5921),#5727,.F.);
#5921 = FACE_BOUND('',#5922,.F.);
#5922 = EDGE_LOOP('',(#5923,#5944,#5945,#5966));
#5923 = ORIENTED_EDGE('',*,*,#5924,.F.);
#5924 = EDGE_CURVE('',#5705,#5825,#5925,.T.);
#5925 = SURFACE_CURVE('',#5926,(#5930,#5937),.PCURVE_S1.);
#5926 = LINE('',#5927,#5928);
#5927 = CARTESIAN_POINT('',(0.,0.,0.));
#5928 = VECTOR('',#5929,1.);
#5929 = DIRECTION('',(1.,0.,-0.));
#5930 = PCURVE('',#5727,#5931);
#5931 = DEFINITIONAL_REPRESENTATION('',(#5932),#5936);
#5932 = LINE('',#5933,#5934);
#5933 = CARTESIAN_POINT('',(0.,0.));
#5934 = VECTOR('',#5935,1.);
#5935 = DIRECTION('',(0.,1.));
#5936 = ( GEOMETRIC_REPRESENTATION_CONTEXT(2) 
PARAMETRIC_REPRESENTATION_CONTEXT() REPRESENTATION_CONTEXT('2D SPACE',''
  ) );
#5937 = PCURVE('',#5755,#5938);
#5938 = DEFINITIONAL_REPRESENTATION('',(#5939),#5943);
#5939 = LINE('',#5940,#5941);
#5940 = CARTESIAN_POINT('',(0.,0.));
#5941 = VECTOR('',#5942,1.);
#5942 = DIRECTION('',(1.,0.));
#5943 = ( GEOMETRIC_REPRESENTATION_CONTEXT(2) 
PARAMETRIC_REPRESENTATION_CONTEXT() REPRESENTATION_CONTEXT('2D SPACE',''
  ) );
#5944 = ORIENTED_EDGE('',*,*,#5704,.T.);
#5945 = ORIENTED_EDGE('',*,*,#5946,.T.);
#5946 = EDGE_CURVE('',#5707,#5827,#5947,.T.);
#5947 = SURFACE_CURVE('',#5948,(#5952,#5959),.PCURVE_S1.);
#5948 = LINE('',#5949,#5950);
#5949 = CARTESIAN_POINT('',(0.,0.,25.));
#5950 = VECTOR('',#5951,1.);
#5951 = DIRECTION('',(1.,0.,-0.));
#5952 = PCURVE('',#5727,#5953);
#5953 = DEFINITIONAL_REPRESENTATION('',(#5954),#5958);
#5954 = LINE('',#5955,#5956);
#5955 = CARTESIAN_POINT('',(25.,0.));
#5956 = VECTOR('',#5957,1.);
#5957 = DIRECTION('',(0.,1.));
#5958 = ( GEOMETRIC_REPRESENTATION_CONTEXT(2) 
PARAMETRIC_REPRESENTATION_CONTEXT() REPRESENTATION_CONTEXT('2D SPACE',''
  ) );
#5959 = PCURVE('',#5809,#5960);
#5960 = DEFINITIONAL_REPRESENTATION('',(#5961),#5965);
#5961 = LINE('',#5962,#5963);
#5962 = CARTESIAN_POINT('',(0.,0.));
#5963 = VECTOR('',#5964,1.);
#5964 = DIRECTION('',(1.,0.));
#5965 = ( GEOMETRIC_REPRESENTATION_CONTEXT(2) 
PARAMETRIC_REPRESENTATION_CONTEXT() REPRESENTATION_CONTEXT('2D SPACE',''
  ) );
#5966 = ORIENTED_EDGE('',*,*,#5824,.F.);
#5967 = ADVANCED_FACE('',(#5968),#5783,.T.);
#5968 = FACE_BOUND('',#5969,.T.);
#5969 = EDGE_LOOP('',(#5970,#5991,#5992,#6013));
#5970 = ORIENTED_EDGE('',*,*,#5971,.F.);
#5971 = EDGE_CURVE('',#5740,#5855,#5972,.T.);
#5972 = SURFACE_CURVE('',#5973,(#5977,#5984),.PCURVE_S1.);
#5973 = LINE('',#5974,#5975);
#5974 = CARTESIAN_POINT('',(0.,50.,0.));
#5975 = VECTOR('',#5976,1.);
#5976 = DIRECTION('',(1.,0.,-0.));
#5977 = PCURVE('',#5783,#5978);
#5978 = DEFINITIONAL_REPRESENTATION('',(#5979),#5983);
#5979 = LINE('',#5980,#5981);
#5980 = CARTESIAN_POINT('',(0.,0.));
#5981 = VECTOR('',#5982,1.);
#5982 = DIRECTION('',(0.,1.));
#5983 = ( GEOMETRIC_REPRESENTATION_CONTEXT(2) 
PARAMETRIC_REPRESENTATION_CONTEXT() REPRESENTATION_CONTEXT('2D SPACE',''
  ) );
#5984 = PCURVE('',#5755,#5985);
#5985 = DEFINITIONAL_REPRESENTATION('',(#5986),#5990);
#5986 = LINE('',#5987,#5988);
#5987 = CARTESIAN_POINT('',(0.,50.));
#5988 = VECTOR('',#5989,1.);
#5989 = DIRECTION('',(1.,0.));
#5990 = ( GEOMETRIC_REPRESENTATION_CONTEXT(2) 
PARAMETRIC_REPRESENTATION_CONTEXT() REPRESENTATION_CONTEXT('2D SPACE',''
  ) );
#5991 = ORIENTED_EDGE('',*,*,#5767,.T.);
#5992 = ORIENTED_EDGE('',*,*,#5993,.T.);
#5993 = EDGE_CURVE('',#5768,#5878,#5994,.T.);
#5994 = SURFACE_CURVE('',#5995,(#5999,#6006),.PCURVE_S1.);
#5995 = LINE('',#5996,#5997);
#5996 = CARTESIAN_POINT('',(0.,50.,25.));
#5997 = VECTOR('',#5998,1.);
#5998 = DIRECTION('',(1.,0.,-0.));
#5999 = PCURVE('',#5783,#6000);
#6000 = DEFINITIONAL_REPRESENTATION('',(#6001),#6005);
#6001 = LINE('',#6002,#6003);
#6002 = CARTESIAN_POINT('',(25.,0.));
#6003 = VECTOR('',#6004,1.);
#6004 = DIRECTION('',(0.,1.));
#6005 = ( GEOMETRIC_REPRESENTATION_CONTEXT(2) 
PARAMETRIC_REPRESENTATION_CONTEXT() REPRESENTATION_CONTEXT('2D SPACE',''
  ) );
#6006 = PCURVE('',#5809,#6007);
#6007 = DEFINITIONAL_REPRESENTATION('',(#6008),#6012);
#6008 = LINE('',#6009,#6010);
#6009 = CARTESIAN_POINT('',(0.,50.));
#6010 = VECTOR('',#6011,1.);
#6011 = DIRECTION('',(1.,0.));
#6012 = ( GEOMETRIC_REPRESENTATION_CONTEXT(2) 
PARAMETRIC_REPRESENTATION_CONTEXT() REPRESENTATION_CONTEXT('2D SPACE',''
  ) );
#6013 = ORIENTED_EDGE('',*,*,#5877,.F.);
#6014 = ADVANCED_FACE('',(#6015),#5755,.F.);
#6015 = FACE_BOUND('',#6016,.F.);
#6016 = EDGE_LOOP('',(#6017,#6018,#6019,#6020));
#6017 = ORIENTED_EDGE('',*,*,#5739,.F.);
#6018 = ORIENTED_EDGE('',*,*,#5924,.T.);
#6019 = ORIENTED_EDGE('',*,*,#5854,.T.);
#6020 = ORIENTED_EDGE('',*,*,#5971,.F.);
#6021 = ADVANCED_FACE('',(#6022),#5809,.T.);
#6022 = FACE_BOUND('',#6023,.T.);
#6023 = EDGE_LOOP('',(#6024,#6025,#6026,#6027));
#6024 = ORIENTED_EDGE('',*,*,#5795,.F.);
#6025 = ORIENTED_EDGE('',*,*,#5946,.T.);
#6026 = ORIENTED_EDGE('',*,*,#5900,.T.);
#6027 = ORIENTED_EDGE('',*,*,#5993,.F.);
#6028 = ( GEOMETRIC_REPRESENTATION_CONTEXT(3) 
GLOBAL_UNCERTAINTY_ASSIGNED_CONTEXT((#6032)) 
GLOBAL_UNIT_ASSIGNED_CONTEXT((#6029,#6030,#6031)) REPRESENTATION_CONTEXT
('Context #1','3D Context with UNIT and UNCERTAINTY') );
#6029 = ( LENGTH_UNIT() NAMED_UNIT(*) SI_UNIT(.MILLI.,.METRE.) );
#6030 = ( NAMED_UNIT(*) PLANE_ANGLE_UNIT() SI_UNIT($,.RADIAN.) );
#6031 = ( NAMED_UNIT(*) SI_UNIT($,.STERADIAN.) SOLID_ANGLE_UNIT() );
#6032 = UNCERTAINTY_MEASURE_WITH_UNIT(LENGTH_MEASURE(1.E-07),#6029,
  'distance_accuracy_value','confusion accuracy');
#6033 = CONTEXT_DEPENDENT_SHAPE_REPRESENTATION(#6034,#6036);
#6034 = ( REPRESENTATION_RELATIONSHIP('','',#5697,#10) 
REPRESENTATION_RELATIONSHIP_WITH_TRANSFORMATION(#6035) 
SHAPE_REPRESENTATION_RELATIONSHIP() );
#6035 = ITEM_DEFINED_TRANSFORMATION('','',#11,#51);
#6036 = PRODUCT_DEFINITION_SHAPE('Placement','Placement of an item',
  #6037);
#6037 = NEXT_ASSEMBLY_USAGE_OCCURRENCE('833',
  '\X2\043F043504400435043C044B0447043A0430\X0\_25\X2\0445\X0\50\X2\0445\X0\947','',#5,#5692,$);
#6038 = PRODUCT_RELATED_PRODUCT_CATEGORY('part',$,(#5694));
#6039 = SHAPE_DEFINITION_REPRESENTATION(#6040,#6046);
#6040 = PRODUCT_DEFINITION_SHAPE('','',#6041);
#6041 = PRODUCT_DEFINITION('design','',#6042,#6045);
#6042 = PRODUCT_DEFINITION_FORMATION('','',#6043);
#6043 = PRODUCT('\X2\043F043504400435043C044B0447043A0430\X0\_25\X2\0445\X0\50\X2\0445\X0\947',
  '\X2\043F043504400435043C044B0447043A0430\X0\_25\X2\0445\X0\50\X2\0445\X0\947','',(#6044));
#6044 = PRODUCT_CONTEXT('',#2,'mechanical');
#6045 = PRODUCT_DEFINITION_CONTEXT('part definition',#2,'design');
#6046 = ADVANCED_BREP_SHAPE_REPRESENTATION('',(#11,#6047),#6377);
#6047 = MANIFOLD_SOLID_BREP('',#6048);
#6048 = CLOSED_SHELL('',(#6049,#6169,#6269,#6316,#6363,#6370));
#6049 = ADVANCED_FACE('',(#6050),#6064,.F.);
#6050 = FACE_BOUND('',#6051,.F.);
#6051 = EDGE_LOOP('',(#6052,#6087,#6115,#6143));
#6052 = ORIENTED_EDGE('',*,*,#6053,.F.);
#6053 = EDGE_CURVE('',#6054,#6056,#6058,.T.);
#6054 = VERTEX_POINT('',#6055);
#6055 = CARTESIAN_POINT('',(0.,0.,0.));
#6056 = VERTEX_POINT('',#6057);
#6057 = CARTESIAN_POINT('',(0.,0.,25.));
#6058 = SURFACE_CURVE('',#6059,(#6063,#6075),.PCURVE_S1.);
#6059 = LINE('',#6060,#6061);
#6060 = CARTESIAN_POINT('',(0.,0.,0.));
#6061 = VECTOR('',#6062,1.);
#6062 = DIRECTION('',(0.,0.,1.));
#6063 = PCURVE('',#6064,#6069);
#6064 = PLANE('',#6065);
#6065 = AXIS2_PLACEMENT_3D('',#6066,#6067,#6068);
#6066 = CARTESIAN_POINT('',(0.,0.,0.));
#6067 = DIRECTION('',(1.,0.,-0.));
#6068 = DIRECTION('',(0.,0.,1.));
#6069 = DEFINITIONAL_REPRESENTATION('',(#6070),#6074);
#6070 = LINE('',#6071,#6072);
#6071 = CARTESIAN_POINT('',(0.,0.));
#6072 = VECTOR('',#6073,1.);
#6073 = DIRECTION('',(1.,0.));
#6074 = ( GEOMETRIC_REPRESENTATION_CONTEXT(2) 
PARAMETRIC_REPRESENTATION_CONTEXT() REPRESENTATION_CONTEXT('2D SPACE',''
  ) );
#6075 = PCURVE('',#6076,#6081);
#6076 = PLANE('',#6077);
#6077 = AXIS2_PLACEMENT_3D('',#6078,#6079,#6080);
#6078 = CARTESIAN_POINT('',(0.,0.,0.));
#6079 = DIRECTION('',(-0.,1.,0.));
#6080 = DIRECTION('',(0.,0.,1.));
#6081 = DEFINITIONAL_REPRESENTATION('',(#6082),#6086);
#6082 = LINE('',#6083,#6084);
#6083 = CARTESIAN_POINT('',(0.,0.));
#6084 = VECTOR('',#6085,1.);
#6085 = DIRECTION('',(1.,0.));
#6086 = ( GEOMETRIC_REPRESENTATION_CONTEXT(2) 
PARAMETRIC_REPRESENTATION_CONTEXT() REPRESENTATION_CONTEXT('2D SPACE',''
  ) );
#6087 = ORIENTED_EDGE('',*,*,#6088,.T.);
#6088 = EDGE_CURVE('',#6054,#6089,#6091,.T.);
#6089 = VERTEX_POINT('',#6090);
#6090 = CARTESIAN_POINT('',(0.,50.,0.));
#6091 = SURFACE_CURVE('',#6092,(#6096,#6103),.PCURVE_S1.);
#6092 = LINE('',#6093,#6094);
#6093 = CARTESIAN_POINT('',(0.,0.,0.));
#6094 = VECTOR('',#6095,1.);
#6095 = DIRECTION('',(-0.,1.,0.));
#6096 = PCURVE('',#6064,#6097);
#6097 = DEFINITIONAL_REPRESENTATION('',(#6098),#6102);
#6098 = LINE('',#6099,#6100);
#6099 = CARTESIAN_POINT('',(0.,0.));
#6100 = VECTOR('',#6101,1.);
#6101 = DIRECTION('',(0.,-1.));
#6102 = ( GEOMETRIC_REPRESENTATION_CONTEXT(2) 
PARAMETRIC_REPRESENTATION_CONTEXT() REPRESENTATION_CONTEXT('2D SPACE',''
  ) );
#6103 = PCURVE('',#6104,#6109);
#6104 = PLANE('',#6105);
#6105 = AXIS2_PLACEMENT_3D('',#6106,#6107,#6108);
#6106 = CARTESIAN_POINT('',(0.,0.,0.));
#6107 = DIRECTION('',(0.,0.,1.));
#6108 = DIRECTION('',(1.,0.,-0.));
#6109 = DEFINITIONAL_REPRESENTATION('',(#6110),#6114);
#6110 = LINE('',#6111,#6112);
#6111 = CARTESIAN_POINT('',(0.,0.));
#6112 = VECTOR('',#6113,1.);
#6113 = DIRECTION('',(0.,1.));
#6114 = ( GEOMETRIC_REPRESENTATION_CONTEXT(2) 
PARAMETRIC_REPRESENTATION_CONTEXT() REPRESENTATION_CONTEXT('2D SPACE',''
  ) );
#6115 = ORIENTED_EDGE('',*,*,#6116,.T.);
#6116 = EDGE_CURVE('',#6089,#6117,#6119,.T.);
#6117 = VERTEX_POINT('',#6118);
#6118 = CARTESIAN_POINT('',(0.,50.,25.));
#6119 = SURFACE_CURVE('',#6120,(#6124,#6131),.PCURVE_S1.);
#6120 = LINE('',#6121,#6122);
#6121 = CARTESIAN_POINT('',(0.,50.,0.));
#6122 = VECTOR('',#6123,1.);
#6123 = DIRECTION('',(0.,0.,1.));
#6124 = PCURVE('',#6064,#6125);
#6125 = DEFINITIONAL_REPRESENTATION('',(#6126),#6130);
#6126 = LINE('',#6127,#6128);
#6127 = CARTESIAN_POINT('',(0.,-50.));
#6128 = VECTOR('',#6129,1.);
#6129 = DIRECTION('',(1.,0.));
#6130 = ( GEOMETRIC_REPRESENTATION_CONTEXT(2) 
PARAMETRIC_REPRESENTATION_CONTEXT() REPRESENTATION_CONTEXT('2D SPACE',''
  ) );
#6131 = PCURVE('',#6132,#6137);
#6132 = PLANE('',#6133);
#6133 = AXIS2_PLACEMENT_3D('',#6134,#6135,#6136);
#6134 = CARTESIAN_POINT('',(0.,50.,0.));
#6135 = DIRECTION('',(-0.,1.,0.));
#6136 = DIRECTION('',(0.,0.,1.));
#6137 = DEFINITIONAL_REPRESENTATION('',(#6138),#6142);
#6138 = LINE('',#6139,#6140);
#6139 = CARTESIAN_POINT('',(0.,0.));
#6140 = VECTOR('',#6141,1.);
#6141 = DIRECTION('',(1.,0.));
#6142 = ( GEOMETRIC_REPRESENTATION_CONTEXT(2) 
PARAMETRIC_REPRESENTATION_CONTEXT() REPRESENTATION_CONTEXT('2D SPACE',''
  ) );
#6143 = ORIENTED_EDGE('',*,*,#6144,.F.);
#6144 = EDGE_CURVE('',#6056,#6117,#6145,.T.);
#6145 = SURFACE_CURVE('',#6146,(#6150,#6157),.PCURVE_S1.);
#6146 = LINE('',#6147,#6148);
#6147 = CARTESIAN_POINT('',(0.,0.,25.));
#6148 = VECTOR('',#6149,1.);
#6149 = DIRECTION('',(-0.,1.,0.));
#6150 = PCURVE('',#6064,#6151);
#6151 = DEFINITIONAL_REPRESENTATION('',(#6152),#6156);
#6152 = LINE('',#6153,#6154);
#6153 = CARTESIAN_POINT('',(25.,0.));
#6154 = VECTOR('',#6155,1.);
#6155 = DIRECTION('',(0.,-1.));
#6156 = ( GEOMETRIC_REPRESENTATION_CONTEXT(2) 
PARAMETRIC_REPRESENTATION_CONTEXT() REPRESENTATION_CONTEXT('2D SPACE',''
  ) );
#6157 = PCURVE('',#6158,#6163);
#6158 = PLANE('',#6159);
#6159 = AXIS2_PLACEMENT_3D('',#6160,#6161,#6162);
#6160 = CARTESIAN_POINT('',(0.,0.,25.));
#6161 = DIRECTION('',(0.,0.,1.));
#6162 = DIRECTION('',(1.,0.,-0.));
#6163 = DEFINITIONAL_REPRESENTATION('',(#6164),#6168);
#6164 = LINE('',#6165,#6166);
#6165 = CARTESIAN_POINT('',(0.,0.));
#6166 = VECTOR('',#6167,1.);
#6167 = DIRECTION('',(0.,1.));
#6168 = ( GEOMETRIC_REPRESENTATION_CONTEXT(2) 
PARAMETRIC_REPRESENTATION_CONTEXT() REPRESENTATION_CONTEXT('2D SPACE',''
  ) );
#6169 = ADVANCED_FACE('',(#6170),#6184,.T.);
#6170 = FACE_BOUND('',#6171,.T.);
#6171 = EDGE_LOOP('',(#6172,#6202,#6225,#6248));
#6172 = ORIENTED_EDGE('',*,*,#6173,.F.);
#6173 = EDGE_CURVE('',#6174,#6176,#6178,.T.);
#6174 = VERTEX_POINT('',#6175);
#6175 = CARTESIAN_POINT('',(947.,0.,0.));
#6176 = VERTEX_POINT('',#6177);
#6177 = CARTESIAN_POINT('',(947.,0.,25.));
#6178 = SURFACE_CURVE('',#6179,(#6183,#6195),.PCURVE_S1.);
#6179 = LINE('',#6180,#6181);
#6180 = CARTESIAN_POINT('',(947.,0.,0.));
#6181 = VECTOR('',#6182,1.);
#6182 = DIRECTION('',(0.,0.,1.));
#6183 = PCURVE('',#6184,#6189);
#6184 = PLANE('',#6185);
#6185 = AXIS2_PLACEMENT_3D('',#6186,#6187,#6188);
#6186 = CARTESIAN_POINT('',(947.,0.,0.));
#6187 = DIRECTION('',(1.,0.,-0.));
#6188 = DIRECTION('',(0.,0.,1.));
#6189 = DEFINITIONAL_REPRESENTATION('',(#6190),#6194);
#6190 = LINE('',#6191,#6192);
#6191 = CARTESIAN_POINT('',(0.,0.));
#6192 = VECTOR('',#6193,1.);
#6193 = DIRECTION('',(1.,0.));
#6194 = ( GEOMETRIC_REPRESENTATION_CONTEXT(2) 
PARAMETRIC_REPRESENTATION_CONTEXT() REPRESENTATION_CONTEXT('2D SPACE',''
  ) );
#6195 = PCURVE('',#6076,#6196);
#6196 = DEFINITIONAL_REPRESENTATION('',(#6197),#6201);
#6197 = LINE('',#6198,#6199);
#6198 = CARTESIAN_POINT('',(0.,947.));
#6199 = VECTOR('',#6200,1.);
#6200 = DIRECTION('',(1.,0.));
#6201 = ( GEOMETRIC_REPRESENTATION_CONTEXT(2) 
PARAMETRIC_REPRESENTATION_CONTEXT() REPRESENTATION_CONTEXT('2D SPACE',''
  ) );
#6202 = ORIENTED_EDGE('',*,*,#6203,.T.);
#6203 = EDGE_CURVE('',#6174,#6204,#6206,.T.);
#6204 = VERTEX_POINT('',#6205);
#6205 = CARTESIAN_POINT('',(947.,50.,0.));
#6206 = SURFACE_CURVE('',#6207,(#6211,#6218),.PCURVE_S1.);
#6207 = LINE('',#6208,#6209);
#6208 = CARTESIAN_POINT('',(947.,0.,0.));
#6209 = VECTOR('',#6210,1.);
#6210 = DIRECTION('',(-0.,1.,0.));
#6211 = PCURVE('',#6184,#6212);
#6212 = DEFINITIONAL_REPRESENTATION('',(#6213),#6217);
#6213 = LINE('',#6214,#6215);
#6214 = CARTESIAN_POINT('',(0.,0.));
#6215 = VECTOR('',#6216,1.);
#6216 = DIRECTION('',(0.,-1.));
#6217 = ( GEOMETRIC_REPRESENTATION_CONTEXT(2) 
PARAMETRIC_REPRESENTATION_CONTEXT() REPRESENTATION_CONTEXT('2D SPACE',''
  ) );
#6218 = PCURVE('',#6104,#6219);
#6219 = DEFINITIONAL_REPRESENTATION('',(#6220),#6224);
#6220 = LINE('',#6221,#6222);
#6221 = CARTESIAN_POINT('',(947.,0.));
#6222 = VECTOR('',#6223,1.);
#6223 = DIRECTION('',(0.,1.));
#6224 = ( GEOMETRIC_REPRESENTATION_CONTEXT(2) 
PARAMETRIC_REPRESENTATION_CONTEXT() REPRESENTATION_CONTEXT('2D SPACE',''
  ) );
#6225 = ORIENTED_EDGE('',*,*,#6226,.T.);
#6226 = EDGE_CURVE('',#6204,#6227,#6229,.T.);
#6227 = VERTEX_POINT('',#6228);
#6228 = CARTESIAN_POINT('',(947.,50.,25.));
#6229 = SURFACE_CURVE('',#6230,(#6234,#6241),.PCURVE_S1.);
#6230 = LINE('',#6231,#6232);
#6231 = CARTESIAN_POINT('',(947.,50.,0.));
#6232 = VECTOR('',#6233,1.);
#6233 = DIRECTION('',(0.,0.,1.));
#6234 = PCURVE('',#6184,#6235);
#6235 = DEFINITIONAL_REPRESENTATION('',(#6236),#6240);
#6236 = LINE('',#6237,#6238);
#6237 = CARTESIAN_POINT('',(0.,-50.));
#6238 = VECTOR('',#6239,1.);
#6239 = DIRECTION('',(1.,0.));
#6240 = ( GEOMETRIC_REPRESENTATION_CONTEXT(2) 
PARAMETRIC_REPRESENTATION_CONTEXT() REPRESENTATION_CONTEXT('2D SPACE',''
  ) );
#6241 = PCURVE('',#6132,#6242);
#6242 = DEFINITIONAL_REPRESENTATION('',(#6243),#6247);
#6243 = LINE('',#6244,#6245);
#6244 = CARTESIAN_POINT('',(0.,947.));
#6245 = VECTOR('',#6246,1.);
#6246 = DIRECTION('',(1.,0.));
#6247 = ( GEOMETRIC_REPRESENTATION_CONTEXT(2) 
PARAMETRIC_REPRESENTATION_CONTEXT() REPRESENTATION_CONTEXT('2D SPACE',''
  ) );
#6248 = ORIENTED_EDGE('',*,*,#6249,.F.);
#6249 = EDGE_CURVE('',#6176,#6227,#6250,.T.);
#6250 = SURFACE_CURVE('',#6251,(#6255,#6262),.PCURVE_S1.);
#6251 = LINE('',#6252,#6253);
#6252 = CARTESIAN_POINT('',(947.,0.,25.));
#6253 = VECTOR('',#6254,1.);
#6254 = DIRECTION('',(-0.,1.,0.));
#6255 = PCURVE('',#6184,#6256);
#6256 = DEFINITIONAL_REPRESENTATION('',(#6257),#6261);
#6257 = LINE('',#6258,#6259);
#6258 = CARTESIAN_POINT('',(25.,0.));
#6259 = VECTOR('',#6260,1.);
#6260 = DIRECTION('',(0.,-1.));
#6261 = ( GEOMETRIC_REPRESENTATION_CONTEXT(2) 
PARAMETRIC_REPRESENTATION_CONTEXT() REPRESENTATION_CONTEXT('2D SPACE',''
  ) );
#6262 = PCURVE('',#6158,#6263);
#6263 = DEFINITIONAL_REPRESENTATION('',(#6264),#6268);
#6264 = LINE('',#6265,#6266);
#6265 = CARTESIAN_POINT('',(947.,0.));
#6266 = VECTOR('',#6267,1.);
#6267 = DIRECTION('',(0.,1.));
#6268 = ( GEOMETRIC_REPRESENTATION_CONTEXT(2) 
PARAMETRIC_REPRESENTATION_CONTEXT() REPRESENTATION_CONTEXT('2D SPACE',''
  ) );
#6269 = ADVANCED_FACE('',(#6270),#6076,.F.);
#6270 = FACE_BOUND('',#6271,.F.);
#6271 = EDGE_LOOP('',(#6272,#6293,#6294,#6315));
#6272 = ORIENTED_EDGE('',*,*,#6273,.F.);
#6273 = EDGE_CURVE('',#6054,#6174,#6274,.T.);
#6274 = SURFACE_CURVE('',#6275,(#6279,#6286),.PCURVE_S1.);
#6275 = LINE('',#6276,#6277);
#6276 = CARTESIAN_POINT('',(0.,0.,0.));
#6277 = VECTOR('',#6278,1.);
#6278 = DIRECTION('',(1.,0.,-0.));
#6279 = PCURVE('',#6076,#6280);
#6280 = DEFINITIONAL_REPRESENTATION('',(#6281),#6285);
#6281 = LINE('',#6282,#6283);
#6282 = CARTESIAN_POINT('',(0.,0.));
#6283 = VECTOR('',#6284,1.);
#6284 = DIRECTION('',(0.,1.));
#6285 = ( GEOMETRIC_REPRESENTATION_CONTEXT(2) 
PARAMETRIC_REPRESENTATION_CONTEXT() REPRESENTATION_CONTEXT('2D SPACE',''
  ) );
#6286 = PCURVE('',#6104,#6287);
#6287 = DEFINITIONAL_REPRESENTATION('',(#6288),#6292);
#6288 = LINE('',#6289,#6290);
#6289 = CARTESIAN_POINT('',(0.,0.));
#6290 = VECTOR('',#6291,1.);
#6291 = DIRECTION('',(1.,0.));
#6292 = ( GEOMETRIC_REPRESENTATION_CONTEXT(2) 
PARAMETRIC_REPRESENTATION_CONTEXT() REPRESENTATION_CONTEXT('2D SPACE',''
  ) );
#6293 = ORIENTED_EDGE('',*,*,#6053,.T.);
#6294 = ORIENTED_EDGE('',*,*,#6295,.T.);
#6295 = EDGE_CURVE('',#6056,#6176,#6296,.T.);
#6296 = SURFACE_CURVE('',#6297,(#6301,#6308),.PCURVE_S1.);
#6297 = LINE('',#6298,#6299);
#6298 = CARTESIAN_POINT('',(0.,0.,25.));
#6299 = VECTOR('',#6300,1.);
#6300 = DIRECTION('',(1.,0.,-0.));
#6301 = PCURVE('',#6076,#6302);
#6302 = DEFINITIONAL_REPRESENTATION('',(#6303),#6307);
#6303 = LINE('',#6304,#6305);
#6304 = CARTESIAN_POINT('',(25.,0.));
#6305 = VECTOR('',#6306,1.);
#6306 = DIRECTION('',(0.,1.));
#6307 = ( GEOMETRIC_REPRESENTATION_CONTEXT(2) 
PARAMETRIC_REPRESENTATION_CONTEXT() REPRESENTATION_CONTEXT('2D SPACE',''
  ) );
#6308 = PCURVE('',#6158,#6309);
#6309 = DEFINITIONAL_REPRESENTATION('',(#6310),#6314);
#6310 = LINE('',#6311,#6312);
#6311 = CARTESIAN_POINT('',(0.,0.));
#6312 = VECTOR('',#6313,1.);
#6313 = DIRECTION('',(1.,0.));
#6314 = ( GEOMETRIC_REPRESENTATION_CONTEXT(2) 
PARAMETRIC_REPRESENTATION_CONTEXT() REPRESENTATION_CONTEXT('2D SPACE',''
  ) );
#6315 = ORIENTED_EDGE('',*,*,#6173,.F.);
#6316 = ADVANCED_FACE('',(#6317),#6132,.T.);
#6317 = FACE_BOUND('',#6318,.T.);
#6318 = EDGE_LOOP('',(#6319,#6340,#6341,#6362));
#6319 = ORIENTED_EDGE('',*,*,#6320,.F.);
#6320 = EDGE_CURVE('',#6089,#6204,#6321,.T.);
#6321 = SURFACE_CURVE('',#6322,(#6326,#6333),.PCURVE_S1.);
#6322 = LINE('',#6323,#6324);
#6323 = CARTESIAN_POINT('',(0.,50.,0.));
#6324 = VECTOR('',#6325,1.);
#6325 = DIRECTION('',(1.,0.,-0.));
#6326 = PCURVE('',#6132,#6327);
#6327 = DEFINITIONAL_REPRESENTATION('',(#6328),#6332);
#6328 = LINE('',#6329,#6330);
#6329 = CARTESIAN_POINT('',(0.,0.));
#6330 = VECTOR('',#6331,1.);
#6331 = DIRECTION('',(0.,1.));
#6332 = ( GEOMETRIC_REPRESENTATION_CONTEXT(2) 
PARAMETRIC_REPRESENTATION_CONTEXT() REPRESENTATION_CONTEXT('2D SPACE',''
  ) );
#6333 = PCURVE('',#6104,#6334);
#6334 = DEFINITIONAL_REPRESENTATION('',(#6335),#6339);
#6335 = LINE('',#6336,#6337);
#6336 = CARTESIAN_POINT('',(0.,50.));
#6337 = VECTOR('',#6338,1.);
#6338 = DIRECTION('',(1.,0.));
#6339 = ( GEOMETRIC_REPRESENTATION_CONTEXT(2) 
PARAMETRIC_REPRESENTATION_CONTEXT() REPRESENTATION_CONTEXT('2D SPACE',''
  ) );
#6340 = ORIENTED_EDGE('',*,*,#6116,.T.);
#6341 = ORIENTED_EDGE('',*,*,#6342,.T.);
#6342 = EDGE_CURVE('',#6117,#6227,#6343,.T.);
#6343 = SURFACE_CURVE('',#6344,(#6348,#6355),.PCURVE_S1.);
#6344 = LINE('',#6345,#6346);
#6345 = CARTESIAN_POINT('',(0.,50.,25.));
#6346 = VECTOR('',#6347,1.);
#6347 = DIRECTION('',(1.,0.,-0.));
#6348 = PCURVE('',#6132,#6349);
#6349 = DEFINITIONAL_REPRESENTATION('',(#6350),#6354);
#6350 = LINE('',#6351,#6352);
#6351 = CARTESIAN_POINT('',(25.,0.));
#6352 = VECTOR('',#6353,1.);
#6353 = DIRECTION('',(0.,1.));
#6354 = ( GEOMETRIC_REPRESENTATION_CONTEXT(2) 
PARAMETRIC_REPRESENTATION_CONTEXT() REPRESENTATION_CONTEXT('2D SPACE',''
  ) );
#6355 = PCURVE('',#6158,#6356);
#6356 = DEFINITIONAL_REPRESENTATION('',(#6357),#6361);
#6357 = LINE('',#6358,#6359);
#6358 = CARTESIAN_POINT('',(0.,50.));
#6359 = VECTOR('',#6360,1.);
#6360 = DIRECTION('',(1.,0.));
#6361 = ( GEOMETRIC_REPRESENTATION_CONTEXT(2) 
PARAMETRIC_REPRESENTATION_CONTEXT() REPRESENTATION_CONTEXT('2D SPACE',''
  ) );
#6362 = ORIENTED_EDGE('',*,*,#6226,.F.);
#6363 = ADVANCED_FACE('',(#6364),#6104,.F.);
#6364 = FACE_BOUND('',#6365,.F.);
#6365 = EDGE_LOOP('',(#6366,#6367,#6368,#6369));
#6366 = ORIENTED_EDGE('',*,*,#6088,.F.);
#6367 = ORIENTED_EDGE('',*,*,#6273,.T.);
#6368 = ORIENTED_EDGE('',*,*,#6203,.T.);
#6369 = ORIENTED_EDGE('',*,*,#6320,.F.);
#6370 = ADVANCED_FACE('',(#6371),#6158,.T.);
#6371 = FACE_BOUND('',#6372,.T.);
#6372 = EDGE_LOOP('',(#6373,#6374,#6375,#6376));
#6373 = ORIENTED_EDGE('',*,*,#6144,.F.);
#6374 = ORIENTED_EDGE('',*,*,#6295,.T.);
#6375 = ORIENTED_EDGE('',*,*,#6249,.T.);
#6376 = ORIENTED_EDGE('',*,*,#6342,.F.);
#6377 = ( GEOMETRIC_REPRESENTATION_CONTEXT(3) 
GLOBAL_UNCERTAINTY_ASSIGNED_CONTEXT((#6381)) 
GLOBAL_UNIT_ASSIGNED_CONTEXT((#6378,#6379,#6380)) REPRESENTATION_CONTEXT
('Context #1','3D Context with UNIT and UNCERTAINTY') );
#6378 = ( LENGTH_UNIT() NAMED_UNIT(*) SI_UNIT(.MILLI.,.METRE.) );
#6379 = ( NAMED_UNIT(*) PLANE_ANGLE_UNIT() SI_UNIT($,.RADIAN.) );
#6380 = ( NAMED_UNIT(*) SI_UNIT($,.STERADIAN.) SOLID_ANGLE_UNIT() );
#6381 = UNCERTAINTY_MEASURE_WITH_UNIT(LENGTH_MEASURE(1.E-07),#6378,
  'distance_accuracy_value','confusion accuracy');
#6382 = CONTEXT_DEPENDENT_SHAPE_REPRESENTATION(#6383,#6385);
#6383 = ( REPRESENTATION_RELATIONSHIP('','',#6046,#10) 
REPRESENTATION_RELATIONSHIP_WITH_TRANSFORMATION(#6384) 
SHAPE_REPRESENTATION_RELATIONSHIP() );
#6384 = ITEM_DEFINED_TRANSFORMATION('','',#11,#55);
#6385 = PRODUCT_DEFINITION_SHAPE('Placement','Placement of an item',
  #6386);
#6386 = NEXT_ASSEMBLY_USAGE_OCCURRENCE('834',
  '\X2\043F043504400435043C044B0447043A0430\X0\_25\X2\0445\X0\50\X2\0445\X0\947','',#5,#6041,$);
#6387 = PRODUCT_RELATED_PRODUCT_CATEGORY('part',$,(#6043));
#6388 = SHAPE_DEFINITION_REPRESENTATION(#6389,#6395);
#6389 = PRODUCT_DEFINITION_SHAPE('','',#6390);
#6390 = PRODUCT_DEFINITION('design','',#6391,#6394);
#6391 = PRODUCT_DEFINITION_FORMATION('','',#6392);
#6392 = PRODUCT(
'\X2\043E0431044804380432043A0430\X0\_\X2\04440430043D043504400430\X0\_3\X2\043C043C\X0\_
997\X2\0445\X0\2400',
'\X2\043E0431044804380432043A0430\X0\_\X2\04440430043D043504400430\X0\_3\X2\043C043C\X0\_
997\X2\0445\X0\2400','',(#6393));
#6393 = PRODUCT_CONTEXT('',#2,'mechanical');
#6394 = PRODUCT_DEFINITION_CONTEXT('part definition',#2,'design');
#6395 = ADVANCED_BREP_SHAPE_REPRESENTATION('',(#11,#6396),#7026);
#6396 = MANIFOLD_SOLID_BREP('',#6397);
#6397 = CLOSED_SHELL('',(#6398,#6518,#6700,#6749,#6884,#6911,#6918,#6965
    ,#6992,#7019));
#6398 = ADVANCED_FACE('',(#6399),#6413,.F.);
#6399 = FACE_BOUND('',#6400,.F.);
#6400 = EDGE_LOOP('',(#6401,#6436,#6464,#6492));
#6401 = ORIENTED_EDGE('',*,*,#6402,.F.);
#6402 = EDGE_CURVE('',#6403,#6405,#6407,.T.);
#6403 = VERTEX_POINT('',#6404);
#6404 = CARTESIAN_POINT('',(0.,-3.,0.));
#6405 = VERTEX_POINT('',#6406);
#6406 = CARTESIAN_POINT('',(0.,-3.,2.4E+03));
#6407 = SURFACE_CURVE('',#6408,(#6412,#6424),.PCURVE_S1.);
#6408 = LINE('',#6409,#6410);
#6409 = CARTESIAN_POINT('',(0.,-3.,0.));
#6410 = VECTOR('',#6411,1.);
#6411 = DIRECTION('',(0.,0.,1.));
#6412 = PCURVE('',#6413,#6418);
#6413 = PLANE('',#6414);
#6414 = AXIS2_PLACEMENT_3D('',#6415,#6416,#6417);
#6415 = CARTESIAN_POINT('',(0.,-3.,0.));
#6416 = DIRECTION('',(1.,0.,-0.));
#6417 = DIRECTION('',(0.,0.,1.));
#6418 = DEFINITIONAL_REPRESENTATION('',(#6419),#6423);
#6419 = LINE('',#6420,#6421);
#6420 = CARTESIAN_POINT('',(0.,0.));
#6421 = VECTOR('',#6422,1.);
#6422 = DIRECTION('',(1.,0.));
#6423 = ( GEOMETRIC_REPRESENTATION_CONTEXT(2) 
PARAMETRIC_REPRESENTATION_CONTEXT() REPRESENTATION_CONTEXT('2D SPACE',''
  ) );
#6424 = PCURVE('',#6425,#6430);
#6425 = PLANE('',#6426);
#6426 = AXIS2_PLACEMENT_3D('',#6427,#6428,#6429);
#6427 = CARTESIAN_POINT('',(0.,-3.,0.));
#6428 = DIRECTION('',(-0.,1.,0.));
#6429 = DIRECTION('',(0.,0.,1.));
#6430 = DEFINITIONAL_REPRESENTATION('',(#6431),#6435);
#6431 = LINE('',#6432,#6433);
#6432 = CARTESIAN_POINT('',(0.,0.));
#6433 = VECTOR('',#6434,1.);
#6434 = DIRECTION('',(1.,0.));
#6435 = ( GEOMETRIC_REPRESENTATION_CONTEXT(2) 
PARAMETRIC_REPRESENTATION_CONTEXT() REPRESENTATION_CONTEXT('2D SPACE',''
  ) );
#6436 = ORIENTED_EDGE('',*,*,#6437,.T.);
#6437 = EDGE_CURVE('',#6403,#6438,#6440,.T.);
#6438 = VERTEX_POINT('',#6439);
#6439 = CARTESIAN_POINT('',(0.,0.,0.));
#6440 = SURFACE_CURVE('',#6441,(#6445,#6452),.PCURVE_S1.);
#6441 = LINE('',#6442,#6443);
#6442 = CARTESIAN_POINT('',(0.,-3.,0.));
#6443 = VECTOR('',#6444,1.);
#6444 = DIRECTION('',(-0.,1.,0.));
#6445 = PCURVE('',#6413,#6446);
#6446 = DEFINITIONAL_REPRESENTATION('',(#6447),#6451);
#6447 = LINE('',#6448,#6449);
#6448 = CARTESIAN_POINT('',(0.,0.));
#6449 = VECTOR('',#6450,1.);
#6450 = DIRECTION('',(0.,-1.));
#6451 = ( GEOMETRIC_REPRESENTATION_CONTEXT(2) 
PARAMETRIC_REPRESENTATION_CONTEXT() REPRESENTATION_CONTEXT('2D SPACE',''
  ) );
#6452 = PCURVE('',#6453,#6458);
#6453 = PLANE('',#6454);
#6454 = AXIS2_PLACEMENT_3D('',#6455,#6456,#6457);
#6455 = CARTESIAN_POINT('',(0.,-3.,0.));
#6456 = DIRECTION('',(0.,0.,1.));
#6457 = DIRECTION('',(1.,0.,-0.));
#6458 = DEFINITIONAL_REPRESENTATION('',(#6459),#6463);
#6459 = LINE('',#6460,#6461);
#6460 = CARTESIAN_POINT('',(0.,0.));
#6461 = VECTOR('',#6462,1.);
#6462 = DIRECTION('',(0.,1.));
#6463 = ( GEOMETRIC_REPRESENTATION_CONTEXT(2) 
PARAMETRIC_REPRESENTATION_CONTEXT() REPRESENTATION_CONTEXT('2D SPACE',''
  ) );
#6464 = ORIENTED_EDGE('',*,*,#6465,.T.);
#6465 = EDGE_CURVE('',#6438,#6466,#6468,.T.);
#6466 = VERTEX_POINT('',#6467);
#6467 = CARTESIAN_POINT('',(0.,0.,2.4E+03));
#6468 = SURFACE_CURVE('',#6469,(#6473,#6480),.PCURVE_S1.);
#6469 = LINE('',#6470,#6471);
#6470 = CARTESIAN_POINT('',(0.,0.,0.));
#6471 = VECTOR('',#6472,1.);
#6472 = DIRECTION('',(0.,0.,1.));
#6473 = PCURVE('',#6413,#6474);
#6474 = DEFINITIONAL_REPRESENTATION('',(#6475),#6479);
#6475 = LINE('',#6476,#6477);
#6476 = CARTESIAN_POINT('',(0.,-3.));
#6477 = VECTOR('',#6478,1.);
#6478 = DIRECTION('',(1.,0.));
#6479 = ( GEOMETRIC_REPRESENTATION_CONTEXT(2) 
PARAMETRIC_REPRESENTATION_CONTEXT() REPRESENTATION_CONTEXT('2D SPACE',''
  ) );
#6480 = PCURVE('',#6481,#6486);
#6481 = PLANE('',#6482);
#6482 = AXIS2_PLACEMENT_3D('',#6483,#6484,#6485);
#6483 = CARTESIAN_POINT('',(0.,0.,0.));
#6484 = DIRECTION('',(-0.,1.,0.));
#6485 = DIRECTION('',(0.,0.,1.));
#6486 = DEFINITIONAL_REPRESENTATION('',(#6487),#6491);
#6487 = LINE('',#6488,#6489);
#6488 = CARTESIAN_POINT('',(0.,0.));
#6489 = VECTOR('',#6490,1.);
#6490 = DIRECTION('',(1.,0.));
#6491 = ( GEOMETRIC_REPRESENTATION_CONTEXT(2) 
PARAMETRIC_REPRESENTATION_CONTEXT() REPRESENTATION_CONTEXT('2D SPACE',''
  ) );
#6492 = ORIENTED_EDGE('',*,*,#6493,.F.);
#6493 = EDGE_CURVE('',#6405,#6466,#6494,.T.);
#6494 = SURFACE_CURVE('',#6495,(#6499,#6506),.PCURVE_S1.);
#6495 = LINE('',#6496,#6497);
#6496 = CARTESIAN_POINT('',(0.,-3.,2.4E+03));
#6497 = VECTOR('',#6498,1.);
#6498 = DIRECTION('',(-0.,1.,0.));
#6499 = PCURVE('',#6413,#6500);
#6500 = DEFINITIONAL_REPRESENTATION('',(#6501),#6505);
#6501 = LINE('',#6502,#6503);
#6502 = CARTESIAN_POINT('',(2.4E+03,0.));
#6503 = VECTOR('',#6504,1.);
#6504 = DIRECTION('',(0.,-1.));
#6505 = ( GEOMETRIC_REPRESENTATION_CONTEXT(2) 
PARAMETRIC_REPRESENTATION_CONTEXT() REPRESENTATION_CONTEXT('2D SPACE',''
  ) );
#6506 = PCURVE('',#6507,#6512);
#6507 = PLANE('',#6508);
#6508 = AXIS2_PLACEMENT_3D('',#6509,#6510,#6511);
#6509 = CARTESIAN_POINT('',(0.,-3.,2.4E+03));
#6510 = DIRECTION('',(0.,0.,1.));
#6511 = DIRECTION('',(1.,0.,-0.));
#6512 = DEFINITIONAL_REPRESENTATION('',(#6513),#6517);
#6513 = LINE('',#6514,#6515);
#6514 = CARTESIAN_POINT('',(0.,0.));
#6515 = VECTOR('',#6516,1.);
#6516 = DIRECTION('',(0.,1.));
#6517 = ( GEOMETRIC_REPRESENTATION_CONTEXT(2) 
PARAMETRIC_REPRESENTATION_CONTEXT() REPRESENTATION_CONTEXT('2D SPACE',''
  ) );
#6518 = ADVANCED_FACE('',(#6519,#6594),#6425,.F.);
#6519 = FACE_BOUND('',#6520,.F.);
#6520 = EDGE_LOOP('',(#6521,#6544,#6545,#6568));
#6521 = ORIENTED_EDGE('',*,*,#6522,.F.);
#6522 = EDGE_CURVE('',#6403,#6523,#6525,.T.);
#6523 = VERTEX_POINT('',#6524);
#6524 = CARTESIAN_POINT('',(997.,-3.,0.));
#6525 = SURFACE_CURVE('',#6526,(#6530,#6537),.PCURVE_S1.);
#6526 = LINE('',#6527,#6528);
#6527 = CARTESIAN_POINT('',(0.,-3.,0.));
#6528 = VECTOR('',#6529,1.);
#6529 = DIRECTION('',(1.,0.,-0.));
#6530 = PCURVE('',#6425,#6531);
#6531 = DEFINITIONAL_REPRESENTATION('',(#6532),#6536);
#6532 = LINE('',#6533,#6534);
#6533 = CARTESIAN_POINT('',(0.,0.));
#6534 = VECTOR('',#6535,1.);
#6535 = DIRECTION('',(0.,1.));
#6536 = ( GEOMETRIC_REPRESENTATION_CONTEXT(2) 
PARAMETRIC_REPRESENTATION_CONTEXT() REPRESENTATION_CONTEXT('2D SPACE',''
  ) );
#6537 = PCURVE('',#6453,#6538);
#6538 = DEFINITIONAL_REPRESENTATION('',(#6539),#6543);
#6539 = LINE('',#6540,#6541);
#6540 = CARTESIAN_POINT('',(0.,0.));
#6541 = VECTOR('',#6542,1.);
#6542 = DIRECTION('',(1.,0.));
#6543 = ( GEOMETRIC_REPRESENTATION_CONTEXT(2) 
PARAMETRIC_REPRESENTATION_CONTEXT() REPRESENTATION_CONTEXT('2D SPACE',''
  ) );
#6544 = ORIENTED_EDGE('',*,*,#6402,.T.);
#6545 = ORIENTED_EDGE('',*,*,#6546,.T.);
#6546 = EDGE_CURVE('',#6405,#6547,#6549,.T.);
#6547 = VERTEX_POINT('',#6548);
#6548 = CARTESIAN_POINT('',(997.,-3.,2.4E+03));
#6549 = SURFACE_CURVE('',#6550,(#6554,#6561),.PCURVE_S1.);
#6550 = LINE('',#6551,#6552);
#6551 = CARTESIAN_POINT('',(0.,-3.,2.4E+03));
#6552 = VECTOR('',#6553,1.);
#6553 = DIRECTION('',(1.,0.,-0.));
#6554 = PCURVE('',#6425,#6555);
#6555 = DEFINITIONAL_REPRESENTATION('',(#6556),#6560);
#6556 = LINE('',#6557,#6558);
#6557 = CARTESIAN_POINT('',(2.4E+03,0.));
#6558 = VECTOR('',#6559,1.);
#6559 = DIRECTION('',(0.,1.));
#6560 = ( GEOMETRIC_REPRESENTATION_CONTEXT(2) 
PARAMETRIC_REPRESENTATION_CONTEXT() REPRESENTATION_CONTEXT('2D SPACE',''
  ) );
#6561 = PCURVE('',#6507,#6562);
#6562 = DEFINITIONAL_REPRESENTATION('',(#6563),#6567);
#6563 = LINE('',#6564,#6565);
#6564 = CARTESIAN_POINT('',(0.,0.));
#6565 = VECTOR('',#6566,1.);
#6566 = DIRECTION('',(1.,0.));
#6567 = ( GEOMETRIC_REPRESENTATION_CONTEXT(2) 
PARAMETRIC_REPRESENTATION_CONTEXT() REPRESENTATION_CONTEXT('2D SPACE',''
  ) );
#6568 = ORIENTED_EDGE('',*,*,#6569,.F.);
#6569 = EDGE_CURVE('',#6523,#6547,#6570,.T.);
#6570 = SURFACE_CURVE('',#6571,(#6575,#6582),.PCURVE_S1.);
#6571 = LINE('',#6572,#6573);
#6572 = CARTESIAN_POINT('',(997.,-3.,0.));
#6573 = VECTOR('',#6574,1.);
#6574 = DIRECTION('',(0.,0.,1.));
#6575 = PCURVE('',#6425,#6576);
#6576 = DEFINITIONAL_REPRESENTATION('',(#6577),#6581);
#6577 = LINE('',#6578,#6579);
#6578 = CARTESIAN_POINT('',(0.,997.));
#6579 = VECTOR('',#6580,1.);
#6580 = DIRECTION('',(1.,0.));
#6581 = ( GEOMETRIC_REPRESENTATION_CONTEXT(2) 
PARAMETRIC_REPRESENTATION_CONTEXT() REPRESENTATION_CONTEXT('2D SPACE',''
  ) );
#6582 = PCURVE('',#6583,#6588);
#6583 = PLANE('',#6584);
#6584 = AXIS2_PLACEMENT_3D('',#6585,#6586,#6587);
#6585 = CARTESIAN_POINT('',(997.,-3.,0.));
#6586 = DIRECTION('',(1.,0.,-0.));
#6587 = DIRECTION('',(0.,0.,1.));
#6588 = DEFINITIONAL_REPRESENTATION('',(#6589),#6593);
#6589 = LINE('',#6590,#6591);
#6590 = CARTESIAN_POINT('',(0.,0.));
#6591 = VECTOR('',#6592,1.);
#6592 = DIRECTION('',(1.,0.));
#6593 = ( GEOMETRIC_REPRESENTATION_CONTEXT(2) 
PARAMETRIC_REPRESENTATION_CONTEXT() REPRESENTATION_CONTEXT('2D SPACE',''
  ) );
#6594 = FACE_BOUND('',#6595,.F.);
#6595 = EDGE_LOOP('',(#6596,#6624,#6650,#6676));
#6596 = ORIENTED_EDGE('',*,*,#6597,.F.);
#6597 = EDGE_CURVE('',#6598,#6600,#6602,.T.);
#6598 = VERTEX_POINT('',#6599);
#6599 = CARTESIAN_POINT('',(25.,-3.,2.1875E+03));
#6600 = VERTEX_POINT('',#6601);
#6601 = CARTESIAN_POINT('',(972.,-3.,2.1875E+03));
#6602 = SURFACE_CURVE('',#6603,(#6607,#6613),.PCURVE_S1.);
#6603 = LINE('',#6604,#6605);
#6604 = CARTESIAN_POINT('',(12.5,-3.,2.1875E+03));
#6605 = VECTOR('',#6606,1.);
#6606 = DIRECTION('',(1.,0.,-0.));
#6607 = PCURVE('',#6425,#6608);
#6608 = DEFINITIONAL_REPRESENTATION('',(#6609),#6612);
#6609 = B_SPLINE_CURVE_WITH_KNOTS('',1,(#6610,#6611),.UNSPECIFIED.,.F.,
  .F.,(2,2),(12.5,959.5),.PIECEWISE_BEZIER_KNOTS.);
#6610 = CARTESIAN_POINT('',(2.1875E+03,25.));
#6611 = CARTESIAN_POINT('',(2.1875E+03,972.));
#6612 = ( GEOMETRIC_REPRESENTATION_CONTEXT(2) 
PARAMETRIC_REPRESENTATION_CONTEXT() REPRESENTATION_CONTEXT('2D SPACE',''
  ) );
#6613 = PCURVE('',#6614,#6619);
#6614 = PLANE('',#6615);
#6615 = AXIS2_PLACEMENT_3D('',#6616,#6617,#6618);
#6616 = CARTESIAN_POINT('',(25.,-4.,2.1875E+03));
#6617 = DIRECTION('',(0.,0.,1.));
#6618 = DIRECTION('',(1.,0.,-0.));
#6619 = DEFINITIONAL_REPRESENTATION('',(#6620),#6623);
#6620 = B_SPLINE_CURVE_WITH_KNOTS('',1,(#6621,#6622),.UNSPECIFIED.,.F.,
  .F.,(2,2),(12.5,959.5),.PIECEWISE_BEZIER_KNOTS.);
#6621 = CARTESIAN_POINT('',(0.,1.));
#6622 = CARTESIAN_POINT('',(947.,1.));
#6623 = ( GEOMETRIC_REPRESENTATION_CONTEXT(2) 
PARAMETRIC_REPRESENTATION_CONTEXT() REPRESENTATION_CONTEXT('2D SPACE',''
  ) );
#6624 = ORIENTED_EDGE('',*,*,#6625,.T.);
#6625 = EDGE_CURVE('',#6598,#6626,#6628,.T.);
#6626 = VERTEX_POINT('',#6627);
#6627 = CARTESIAN_POINT('',(25.,-3.,1.2125E+03));
#6628 = SURFACE_CURVE('',#6629,(#6633,#6639),.PCURVE_S1.);
#6629 = LINE('',#6630,#6631);
#6630 = CARTESIAN_POINT('',(25.,-3.,606.25));
#6631 = VECTOR('',#6632,1.);
#6632 = DIRECTION('',(-0.,0.,-1.));
#6633 = PCURVE('',#6425,#6634);
#6634 = DEFINITIONAL_REPRESENTATION('',(#6635),#6638);
#6635 = B_SPLINE_CURVE_WITH_KNOTS('',1,(#6636,#6637),.UNSPECIFIED.,.F.,
  .F.,(2,2),(-1.58125E+03,-606.25),.PIECEWISE_BEZIER_KNOTS.);
#6636 = CARTESIAN_POINT('',(2.1875E+03,25.));
#6637 = CARTESIAN_POINT('',(1.2125E+03,25.));
#6638 = ( GEOMETRIC_REPRESENTATION_CONTEXT(2) 
PARAMETRIC_REPRESENTATION_CONTEXT() REPRESENTATION_CONTEXT('2D SPACE',''
  ) );
#6639 = PCURVE('',#6640,#6645);
#6640 = PLANE('',#6641);
#6641 = AXIS2_PLACEMENT_3D('',#6642,#6643,#6644);
#6642 = CARTESIAN_POINT('',(25.,-4.,1.2125E+03));
#6643 = DIRECTION('',(1.,0.,-0.));
#6644 = DIRECTION('',(0.,0.,1.));
#6645 = DEFINITIONAL_REPRESENTATION('',(#6646),#6649);
#6646 = B_SPLINE_CURVE_WITH_KNOTS('',1,(#6647,#6648),.UNSPECIFIED.,.F.,
  .F.,(2,2),(-1.58125E+03,-606.25),.PIECEWISE_BEZIER_KNOTS.);
#6647 = CARTESIAN_POINT('',(975.,-1.));
#6648 = CARTESIAN_POINT('',(0.,-1.));
#6649 = ( GEOMETRIC_REPRESENTATION_CONTEXT(2) 
PARAMETRIC_REPRESENTATION_CONTEXT() REPRESENTATION_CONTEXT('2D SPACE',''
  ) );
#6650 = ORIENTED_EDGE('',*,*,#6651,.T.);
#6651 = EDGE_CURVE('',#6626,#6652,#6654,.T.);
#6652 = VERTEX_POINT('',#6653);
#6653 = CARTESIAN_POINT('',(972.,-3.,1.2125E+03));
#6654 = SURFACE_CURVE('',#6655,(#6659,#6665),.PCURVE_S1.);
#6655 = LINE('',#6656,#6657);
#6656 = CARTESIAN_POINT('',(12.5,-3.,1.2125E+03));
#6657 = VECTOR('',#6658,1.);
#6658 = DIRECTION('',(1.,0.,-0.));
#6659 = PCURVE('',#6425,#6660);
#6660 = DEFINITIONAL_REPRESENTATION('',(#6661),#6664);
#6661 = B_SPLINE_CURVE_WITH_KNOTS('',1,(#6662,#6663),.UNSPECIFIED.,.F.,
  .F.,(2,2),(12.5,959.5),.PIECEWISE_BEZIER_KNOTS.);
#6662 = CARTESIAN_POINT('',(1.2125E+03,25.));
#6663 = CARTESIAN_POINT('',(1.2125E+03,972.));
#6664 = ( GEOMETRIC_REPRESENTATION_CONTEXT(2) 
PARAMETRIC_REPRESENTATION_CONTEXT() REPRESENTATION_CONTEXT('2D SPACE',''
  ) );
#6665 = PCURVE('',#6666,#6671);
#6666 = PLANE('',#6667);
#6667 = AXIS2_PLACEMENT_3D('',#6668,#6669,#6670);
#6668 = CARTESIAN_POINT('',(25.,-4.,1.2125E+03));
#6669 = DIRECTION('',(0.,0.,1.));
#6670 = DIRECTION('',(1.,0.,-0.));
#6671 = DEFINITIONAL_REPRESENTATION('',(#6672),#6675);
#6672 = B_SPLINE_CURVE_WITH_KNOTS('',1,(#6673,#6674),.UNSPECIFIED.,.F.,
  .F.,(2,2),(12.5,959.5),.PIECEWISE_BEZIER_KNOTS.);
#6673 = CARTESIAN_POINT('',(0.,1.));
#6674 = CARTESIAN_POINT('',(947.,1.));
#6675 = ( GEOMETRIC_REPRESENTATION_CONTEXT(2) 
PARAMETRIC_REPRESENTATION_CONTEXT() REPRESENTATION_CONTEXT('2D SPACE',''
  ) );
#6676 = ORIENTED_EDGE('',*,*,#6677,.F.);
#6677 = EDGE_CURVE('',#6600,#6652,#6678,.T.);
#6678 = SURFACE_CURVE('',#6679,(#6683,#6689),.PCURVE_S1.);
#6679 = LINE('',#6680,#6681);
#6680 = CARTESIAN_POINT('',(972.,-3.,606.25));
#6681 = VECTOR('',#6682,1.);
#6682 = DIRECTION('',(-0.,0.,-1.));
#6683 = PCURVE('',#6425,#6684);
#6684 = DEFINITIONAL_REPRESENTATION('',(#6685),#6688);
#6685 = B_SPLINE_CURVE_WITH_KNOTS('',1,(#6686,#6687),.UNSPECIFIED.,.F.,
  .F.,(2,2),(-1.58125E+03,-606.25),.PIECEWISE_BEZIER_KNOTS.);
#6686 = CARTESIAN_POINT('',(2.1875E+03,972.));
#6687 = CARTESIAN_POINT('',(1.2125E+03,972.));
#6688 = ( GEOMETRIC_REPRESENTATION_CONTEXT(2) 
PARAMETRIC_REPRESENTATION_CONTEXT() REPRESENTATION_CONTEXT('2D SPACE',''
  ) );
#6689 = PCURVE('',#6690,#6695);
#6690 = PLANE('',#6691);
#6691 = AXIS2_PLACEMENT_3D('',#6692,#6693,#6694);
#6692 = CARTESIAN_POINT('',(972.,-4.,1.2125E+03));
#6693 = DIRECTION('',(1.,0.,-0.));
#6694 = DIRECTION('',(0.,0.,1.));
#6695 = DEFINITIONAL_REPRESENTATION('',(#6696),#6699);
#6696 = B_SPLINE_CURVE_WITH_KNOTS('',1,(#6697,#6698),.UNSPECIFIED.,.F.,
  .F.,(2,2),(-1.58125E+03,-606.25),.PIECEWISE_BEZIER_KNOTS.);
#6697 = CARTESIAN_POINT('',(975.,-1.));
#6698 = CARTESIAN_POINT('',(0.,-1.));
#6699 = ( GEOMETRIC_REPRESENTATION_CONTEXT(2) 
PARAMETRIC_REPRESENTATION_CONTEXT() REPRESENTATION_CONTEXT('2D SPACE',''
  ) );
#6700 = ADVANCED_FACE('',(#6701),#6507,.T.);
#6701 = FACE_BOUND('',#6702,.T.);
#6702 = EDGE_LOOP('',(#6703,#6704,#6705,#6728));
#6703 = ORIENTED_EDGE('',*,*,#6493,.F.);
#6704 = ORIENTED_EDGE('',*,*,#6546,.T.);
#6705 = ORIENTED_EDGE('',*,*,#6706,.T.);
#6706 = EDGE_CURVE('',#6547,#6707,#6709,.T.);
#6707 = VERTEX_POINT('',#6708);
#6708 = CARTESIAN_POINT('',(997.,0.,2.4E+03));
#6709 = SURFACE_CURVE('',#6710,(#6714,#6721),.PCURVE_S1.);
#6710 = LINE('',#6711,#6712);
#6711 = CARTESIAN_POINT('',(997.,-3.,2.4E+03));
#6712 = VECTOR('',#6713,1.);
#6713 = DIRECTION('',(-0.,1.,0.));
#6714 = PCURVE('',#6507,#6715);
#6715 = DEFINITIONAL_REPRESENTATION('',(#6716),#6720);
#6716 = LINE('',#6717,#6718);
#6717 = CARTESIAN_POINT('',(997.,0.));
#6718 = VECTOR('',#6719,1.);
#6719 = DIRECTION('',(0.,1.));
#6720 = ( GEOMETRIC_REPRESENTATION_CONTEXT(2) 
PARAMETRIC_REPRESENTATION_CONTEXT() REPRESENTATION_CONTEXT('2D SPACE',''
  ) );
#6721 = PCURVE('',#6583,#6722);
#6722 = DEFINITIONAL_REPRESENTATION('',(#6723),#6727);
#6723 = LINE('',#6724,#6725);
#6724 = CARTESIAN_POINT('',(2.4E+03,0.));
#6725 = VECTOR('',#6726,1.);
#6726 = DIRECTION('',(0.,-1.));
#6727 = ( GEOMETRIC_REPRESENTATION_CONTEXT(2) 
PARAMETRIC_REPRESENTATION_CONTEXT() REPRESENTATION_CONTEXT('2D SPACE',''
  ) );
#6728 = ORIENTED_EDGE('',*,*,#6729,.F.);
#6729 = EDGE_CURVE('',#6466,#6707,#6730,.T.);
#6730 = SURFACE_CURVE('',#6731,(#6735,#6742),.PCURVE_S1.);
#6731 = LINE('',#6732,#6733);
#6732 = CARTESIAN_POINT('',(0.,0.,2.4E+03));
#6733 = VECTOR('',#6734,1.);
#6734 = DIRECTION('',(1.,0.,-0.));
#6735 = PCURVE('',#6507,#6736);
#6736 = DEFINITIONAL_REPRESENTATION('',(#6737),#6741);
#6737 = LINE('',#6738,#6739);
#6738 = CARTESIAN_POINT('',(0.,3.));
#6739 = VECTOR('',#6740,1.);
#6740 = DIRECTION('',(1.,0.));
#6741 = ( GEOMETRIC_REPRESENTATION_CONTEXT(2) 
PARAMETRIC_REPRESENTATION_CONTEXT() REPRESENTATION_CONTEXT('2D SPACE',''
  ) );
#6742 = PCURVE('',#6481,#6743);
#6743 = DEFINITIONAL_REPRESENTATION('',(#6744),#6748);
#6744 = LINE('',#6745,#6746);
#6745 = CARTESIAN_POINT('',(2.4E+03,0.));
#6746 = VECTOR('',#6747,1.);
#6747 = DIRECTION('',(0.,1.));
#6748 = ( GEOMETRIC_REPRESENTATION_CONTEXT(2) 
PARAMETRIC_REPRESENTATION_CONTEXT() REPRESENTATION_CONTEXT('2D SPACE',''
  ) );
#6749 = ADVANCED_FACE('',(#6750,#6798),#6481,.T.);
#6750 = FACE_BOUND('',#6751,.T.);
#6751 = EDGE_LOOP('',(#6752,#6775,#6776,#6777));
#6752 = ORIENTED_EDGE('',*,*,#6753,.F.);
#6753 = EDGE_CURVE('',#6438,#6754,#6756,.T.);
#6754 = VERTEX_POINT('',#6755);
#6755 = CARTESIAN_POINT('',(997.,0.,0.));
#6756 = SURFACE_CURVE('',#6757,(#6761,#6768),.PCURVE_S1.);
#6757 = LINE('',#6758,#6759);
#6758 = CARTESIAN_POINT('',(0.,0.,0.));
#6759 = VECTOR('',#6760,1.);
#6760 = DIRECTION('',(1.,0.,-0.));
#6761 = PCURVE('',#6481,#6762);
#6762 = DEFINITIONAL_REPRESENTATION('',(#6763),#6767);
#6763 = LINE('',#6764,#6765);
#6764 = CARTESIAN_POINT('',(0.,0.));
#6765 = VECTOR('',#6766,1.);
#6766 = DIRECTION('',(0.,1.));
#6767 = ( GEOMETRIC_REPRESENTATION_CONTEXT(2) 
PARAMETRIC_REPRESENTATION_CONTEXT() REPRESENTATION_CONTEXT('2D SPACE',''
  ) );
#6768 = PCURVE('',#6453,#6769);
#6769 = DEFINITIONAL_REPRESENTATION('',(#6770),#6774);
#6770 = LINE('',#6771,#6772);
#6771 = CARTESIAN_POINT('',(0.,3.));
#6772 = VECTOR('',#6773,1.);
#6773 = DIRECTION('',(1.,0.));
#6774 = ( GEOMETRIC_REPRESENTATION_CONTEXT(2) 
PARAMETRIC_REPRESENTATION_CONTEXT() REPRESENTATION_CONTEXT('2D SPACE',''
  ) );
#6775 = ORIENTED_EDGE('',*,*,#6465,.T.);
#6776 = ORIENTED_EDGE('',*,*,#6729,.T.);
#6777 = ORIENTED_EDGE('',*,*,#6778,.F.);
#6778 = EDGE_CURVE('',#6754,#6707,#6779,.T.);
#6779 = SURFACE_CURVE('',#6780,(#6784,#6791),.PCURVE_S1.);
#6780 = LINE('',#6781,#6782);
#6781 = CARTESIAN_POINT('',(997.,0.,0.));
#6782 = VECTOR('',#6783,1.);
#6783 = DIRECTION('',(0.,0.,1.));
#6784 = PCURVE('',#6481,#6785);
#6785 = DEFINITIONAL_REPRESENTATION('',(#6786),#6790);
#6786 = LINE('',#6787,#6788);
#6787 = CARTESIAN_POINT('',(0.,997.));
#6788 = VECTOR('',#6789,1.);
#6789 = DIRECTION('',(1.,0.));
#6790 = ( GEOMETRIC_REPRESENTATION_CONTEXT(2) 
PARAMETRIC_REPRESENTATION_CONTEXT() REPRESENTATION_CONTEXT('2D SPACE',''
  ) );
#6791 = PCURVE('',#6583,#6792);
#6792 = DEFINITIONAL_REPRESENTATION('',(#6793),#6797);
#6793 = LINE('',#6794,#6795);
#6794 = CARTESIAN_POINT('',(0.,-3.));
#6795 = VECTOR('',#6796,1.);
#6796 = DIRECTION('',(1.,0.));
#6797 = ( GEOMETRIC_REPRESENTATION_CONTEXT(2) 
PARAMETRIC_REPRESENTATION_CONTEXT() REPRESENTATION_CONTEXT('2D SPACE',''
  ) );
#6798 = FACE_BOUND('',#6799,.T.);
#6799 = EDGE_LOOP('',(#6800,#6823,#6844,#6865));
#6800 = ORIENTED_EDGE('',*,*,#6801,.F.);
#6801 = EDGE_CURVE('',#6802,#6804,#6806,.T.);
#6802 = VERTEX_POINT('',#6803);
#6803 = CARTESIAN_POINT('',(25.,0.,2.1875E+03));
#6804 = VERTEX_POINT('',#6805);
#6805 = CARTESIAN_POINT('',(972.,0.,2.1875E+03));
#6806 = SURFACE_CURVE('',#6807,(#6811,#6817),.PCURVE_S1.);
#6807 = LINE('',#6808,#6809);
#6808 = CARTESIAN_POINT('',(12.5,0.,2.1875E+03));
#6809 = VECTOR('',#6810,1.);
#6810 = DIRECTION('',(1.,0.,-0.));
#6811 = PCURVE('',#6481,#6812);
#6812 = DEFINITIONAL_REPRESENTATION('',(#6813),#6816);
#6813 = B_SPLINE_CURVE_WITH_KNOTS('',1,(#6814,#6815),.UNSPECIFIED.,.F.,
  .F.,(2,2),(12.5,959.5),.PIECEWISE_BEZIER_KNOTS.);
#6814 = CARTESIAN_POINT('',(2.1875E+03,25.));
#6815 = CARTESIAN_POINT('',(2.1875E+03,972.));
#6816 = ( GEOMETRIC_REPRESENTATION_CONTEXT(2) 
PARAMETRIC_REPRESENTATION_CONTEXT() REPRESENTATION_CONTEXT('2D SPACE',''
  ) );
#6817 = PCURVE('',#6614,#6818);
#6818 = DEFINITIONAL_REPRESENTATION('',(#6819),#6822);
#6819 = B_SPLINE_CURVE_WITH_KNOTS('',1,(#6820,#6821),.UNSPECIFIED.,.F.,
  .F.,(2,2),(12.5,959.5),.PIECEWISE_BEZIER_KNOTS.);
#6820 = CARTESIAN_POINT('',(0.,4.));
#6821 = CARTESIAN_POINT('',(947.,4.));
#6822 = ( GEOMETRIC_REPRESENTATION_CONTEXT(2) 
PARAMETRIC_REPRESENTATION_CONTEXT() REPRESENTATION_CONTEXT('2D SPACE',''
  ) );
#6823 = ORIENTED_EDGE('',*,*,#6824,.T.);
#6824 = EDGE_CURVE('',#6802,#6825,#6827,.T.);
#6825 = VERTEX_POINT('',#6826);
#6826 = CARTESIAN_POINT('',(25.,0.,1.2125E+03));
#6827 = SURFACE_CURVE('',#6828,(#6832,#6838),.PCURVE_S1.);
#6828 = LINE('',#6829,#6830);
#6829 = CARTESIAN_POINT('',(25.,0.,606.25));
#6830 = VECTOR('',#6831,1.);
#6831 = DIRECTION('',(-0.,0.,-1.));
#6832 = PCURVE('',#6481,#6833);
#6833 = DEFINITIONAL_REPRESENTATION('',(#6834),#6837);
#6834 = B_SPLINE_CURVE_WITH_KNOTS('',1,(#6835,#6836),.UNSPECIFIED.,.F.,
  .F.,(2,2),(-1.58125E+03,-606.25),.PIECEWISE_BEZIER_KNOTS.);
#6835 = CARTESIAN_POINT('',(2.1875E+03,25.));
#6836 = CARTESIAN_POINT('',(1.2125E+03,25.));
#6837 = ( GEOMETRIC_REPRESENTATION_CONTEXT(2) 
PARAMETRIC_REPRESENTATION_CONTEXT() REPRESENTATION_CONTEXT('2D SPACE',''
  ) );
#6838 = PCURVE('',#6640,#6839);
#6839 = DEFINITIONAL_REPRESENTATION('',(#6840),#6843);
#6840 = B_SPLINE_CURVE_WITH_KNOTS('',1,(#6841,#6842),.UNSPECIFIED.,.F.,
  .F.,(2,2),(-1.58125E+03,-606.25),.PIECEWISE_BEZIER_KNOTS.);
#6841 = CARTESIAN_POINT('',(975.,-4.));
#6842 = CARTESIAN_POINT('',(0.,-4.));
#6843 = ( GEOMETRIC_REPRESENTATION_CONTEXT(2) 
PARAMETRIC_REPRESENTATION_CONTEXT() REPRESENTATION_CONTEXT('2D SPACE',''
  ) );
#6844 = ORIENTED_EDGE('',*,*,#6845,.T.);
#6845 = EDGE_CURVE('',#6825,#6846,#6848,.T.);
#6846 = VERTEX_POINT('',#6847);
#6847 = CARTESIAN_POINT('',(972.,0.,1.2125E+03));
#6848 = SURFACE_CURVE('',#6849,(#6853,#6859),.PCURVE_S1.);
#6849 = LINE('',#6850,#6851);
#6850 = CARTESIAN_POINT('',(12.5,0.,1.2125E+03));
#6851 = VECTOR('',#6852,1.);
#6852 = DIRECTION('',(1.,0.,-0.));
#6853 = PCURVE('',#6481,#6854);
#6854 = DEFINITIONAL_REPRESENTATION('',(#6855),#6858);
#6855 = B_SPLINE_CURVE_WITH_KNOTS('',1,(#6856,#6857),.UNSPECIFIED.,.F.,
  .F.,(2,2),(12.5,959.5),.PIECEWISE_BEZIER_KNOTS.);
#6856 = CARTESIAN_POINT('',(1.2125E+03,25.));
#6857 = CARTESIAN_POINT('',(1.2125E+03,972.));
#6858 = ( GEOMETRIC_REPRESENTATION_CONTEXT(2) 
PARAMETRIC_REPRESENTATION_CONTEXT() REPRESENTATION_CONTEXT('2D SPACE',''
  ) );
#6859 = PCURVE('',#6666,#6860);
#6860 = DEFINITIONAL_REPRESENTATION('',(#6861),#6864);
#6861 = B_SPLINE_CURVE_WITH_KNOTS('',1,(#6862,#6863),.UNSPECIFIED.,.F.,
  .F.,(2,2),(12.5,959.5),.PIECEWISE_BEZIER_KNOTS.);
#6862 = CARTESIAN_POINT('',(0.,4.));
#6863 = CARTESIAN_POINT('',(947.,4.));
#6864 = ( GEOMETRIC_REPRESENTATION_CONTEXT(2) 
PARAMETRIC_REPRESENTATION_CONTEXT() REPRESENTATION_CONTEXT('2D SPACE',''
  ) );
#6865 = ORIENTED_EDGE('',*,*,#6866,.F.);
#6866 = EDGE_CURVE('',#6804,#6846,#6867,.T.);
#6867 = SURFACE_CURVE('',#6868,(#6872,#6878),.PCURVE_S1.);
#6868 = LINE('',#6869,#6870);
#6869 = CARTESIAN_POINT('',(972.,0.,606.25));
#6870 = VECTOR('',#6871,1.);
#6871 = DIRECTION('',(-0.,0.,-1.));
#6872 = PCURVE('',#6481,#6873);
#6873 = DEFINITIONAL_REPRESENTATION('',(#6874),#6877);
#6874 = B_SPLINE_CURVE_WITH_KNOTS('',1,(#6875,#6876),.UNSPECIFIED.,.F.,
  .F.,(2,2),(-1.58125E+03,-606.25),.PIECEWISE_BEZIER_KNOTS.);
#6875 = CARTESIAN_POINT('',(2.1875E+03,972.));
#6876 = CARTESIAN_POINT('',(1.2125E+03,972.));
#6877 = ( GEOMETRIC_REPRESENTATION_CONTEXT(2) 
PARAMETRIC_REPRESENTATION_CONTEXT() REPRESENTATION_CONTEXT('2D SPACE',''
  ) );
#6878 = PCURVE('',#6690,#6879);
#6879 = DEFINITIONAL_REPRESENTATION('',(#6880),#6883);
#6880 = B_SPLINE_CURVE_WITH_KNOTS('',1,(#6881,#6882),.UNSPECIFIED.,.F.,
  .F.,(2,2),(-1.58125E+03,-606.25),.PIECEWISE_BEZIER_KNOTS.);
#6881 = CARTESIAN_POINT('',(975.,-4.));
#6882 = CARTESIAN_POINT('',(0.,-4.));
#6883 = ( GEOMETRIC_REPRESENTATION_CONTEXT(2) 
PARAMETRIC_REPRESENTATION_CONTEXT() REPRESENTATION_CONTEXT('2D SPACE',''
  ) );
#6884 = ADVANCED_FACE('',(#6885),#6453,.F.);
#6885 = FACE_BOUND('',#6886,.F.);
#6886 = EDGE_LOOP('',(#6887,#6888,#6889,#6910));
#6887 = ORIENTED_EDGE('',*,*,#6437,.F.);
#6888 = ORIENTED_EDGE('',*,*,#6522,.T.);
#6889 = ORIENTED_EDGE('',*,*,#6890,.T.);
#6890 = EDGE_CURVE('',#6523,#6754,#6891,.T.);
#6891 = SURFACE_CURVE('',#6892,(#6896,#6903),.PCURVE_S1.);
#6892 = LINE('',#6893,#6894);
#6893 = CARTESIAN_POINT('',(997.,-3.,0.));
#6894 = VECTOR('',#6895,1.);
#6895 = DIRECTION('',(-0.,1.,0.));
#6896 = PCURVE('',#6453,#6897);
#6897 = DEFINITIONAL_REPRESENTATION('',(#6898),#6902);
#6898 = LINE('',#6899,#6900);
#6899 = CARTESIAN_POINT('',(997.,0.));
#6900 = VECTOR('',#6901,1.);
#6901 = DIRECTION('',(0.,1.));
#6902 = ( GEOMETRIC_REPRESENTATION_CONTEXT(2) 
PARAMETRIC_REPRESENTATION_CONTEXT() REPRESENTATION_CONTEXT('2D SPACE',''
  ) );
#6903 = PCURVE('',#6583,#6904);
#6904 = DEFINITIONAL_REPRESENTATION('',(#6905),#6909);
#6905 = LINE('',#6906,#6907);
#6906 = CARTESIAN_POINT('',(0.,0.));
#6907 = VECTOR('',#6908,1.);
#6908 = DIRECTION('',(0.,-1.));
#6909 = ( GEOMETRIC_REPRESENTATION_CONTEXT(2) 
PARAMETRIC_REPRESENTATION_CONTEXT() REPRESENTATION_CONTEXT('2D SPACE',''
  ) );
#6910 = ORIENTED_EDGE('',*,*,#6753,.F.);
#6911 = ADVANCED_FACE('',(#6912),#6583,.T.);
#6912 = FACE_BOUND('',#6913,.T.);
#6913 = EDGE_LOOP('',(#6914,#6915,#6916,#6917));
#6914 = ORIENTED_EDGE('',*,*,#6569,.F.);
#6915 = ORIENTED_EDGE('',*,*,#6890,.T.);
#6916 = ORIENTED_EDGE('',*,*,#6778,.T.);
#6917 = ORIENTED_EDGE('',*,*,#6706,.F.);
#6918 = ADVANCED_FACE('',(#6919),#6614,.F.);
#6919 = FACE_BOUND('',#6920,.F.);
#6920 = EDGE_LOOP('',(#6921,#6942,#6943,#6964));
#6921 = ORIENTED_EDGE('',*,*,#6922,.F.);
#6922 = EDGE_CURVE('',#6598,#6802,#6923,.T.);
#6923 = SURFACE_CURVE('',#6924,(#6928,#6935),.PCURVE_S1.);
#6924 = LINE('',#6925,#6926);
#6925 = CARTESIAN_POINT('',(25.,-4.,2.1875E+03));
#6926 = VECTOR('',#6927,1.);
#6927 = DIRECTION('',(-0.,1.,0.));
#6928 = PCURVE('',#6614,#6929);
#6929 = DEFINITIONAL_REPRESENTATION('',(#6930),#6934);
#6930 = LINE('',#6931,#6932);
#6931 = CARTESIAN_POINT('',(0.,0.));
#6932 = VECTOR('',#6933,1.);
#6933 = DIRECTION('',(0.,1.));
#6934 = ( GEOMETRIC_REPRESENTATION_CONTEXT(2) 
PARAMETRIC_REPRESENTATION_CONTEXT() REPRESENTATION_CONTEXT('2D SPACE',''
  ) );
#6935 = PCURVE('',#6640,#6936);
#6936 = DEFINITIONAL_REPRESENTATION('',(#6937),#6941);
#6937 = LINE('',#6938,#6939);
#6938 = CARTESIAN_POINT('',(975.,0.));
#6939 = VECTOR('',#6940,1.);
#6940 = DIRECTION('',(0.,-1.));
#6941 = ( GEOMETRIC_REPRESENTATION_CONTEXT(2) 
PARAMETRIC_REPRESENTATION_CONTEXT() REPRESENTATION_CONTEXT('2D SPACE',''
  ) );
#6942 = ORIENTED_EDGE('',*,*,#6597,.T.);
#6943 = ORIENTED_EDGE('',*,*,#6944,.T.);
#6944 = EDGE_CURVE('',#6600,#6804,#6945,.T.);
#6945 = SURFACE_CURVE('',#6946,(#6950,#6957),.PCURVE_S1.);
#6946 = LINE('',#6947,#6948);
#6947 = CARTESIAN_POINT('',(972.,-4.,2.1875E+03));
#6948 = VECTOR('',#6949,1.);
#6949 = DIRECTION('',(-0.,1.,0.));
#6950 = PCURVE('',#6614,#6951);
#6951 = DEFINITIONAL_REPRESENTATION('',(#6952),#6956);
#6952 = LINE('',#6953,#6954);
#6953 = CARTESIAN_POINT('',(947.,0.));
#6954 = VECTOR('',#6955,1.);
#6955 = DIRECTION('',(0.,1.));
#6956 = ( GEOMETRIC_REPRESENTATION_CONTEXT(2) 
PARAMETRIC_REPRESENTATION_CONTEXT() REPRESENTATION_CONTEXT('2D SPACE',''
  ) );
#6957 = PCURVE('',#6690,#6958);
#6958 = DEFINITIONAL_REPRESENTATION('',(#6959),#6963);
#6959 = LINE('',#6960,#6961);
#6960 = CARTESIAN_POINT('',(975.,0.));
#6961 = VECTOR('',#6962,1.);
#6962 = DIRECTION('',(0.,-1.));
#6963 = ( GEOMETRIC_REPRESENTATION_CONTEXT(2) 
PARAMETRIC_REPRESENTATION_CONTEXT() REPRESENTATION_CONTEXT('2D SPACE',''
  ) );
#6964 = ORIENTED_EDGE('',*,*,#6801,.F.);
#6965 = ADVANCED_FACE('',(#6966),#6690,.F.);
#6966 = FACE_BOUND('',#6967,.F.);
#6967 = EDGE_LOOP('',(#6968,#6969,#6970,#6991));
#6968 = ORIENTED_EDGE('',*,*,#6944,.F.);
#6969 = ORIENTED_EDGE('',*,*,#6677,.T.);
#6970 = ORIENTED_EDGE('',*,*,#6971,.T.);
#6971 = EDGE_CURVE('',#6652,#6846,#6972,.T.);
#6972 = SURFACE_CURVE('',#6973,(#6977,#6984),.PCURVE_S1.);
#6973 = LINE('',#6974,#6975);
#6974 = CARTESIAN_POINT('',(972.,-4.,1.2125E+03));
#6975 = VECTOR('',#6976,1.);
#6976 = DIRECTION('',(-0.,1.,0.));
#6977 = PCURVE('',#6690,#6978);
#6978 = DEFINITIONAL_REPRESENTATION('',(#6979),#6983);
#6979 = LINE('',#6980,#6981);
#6980 = CARTESIAN_POINT('',(0.,0.));
#6981 = VECTOR('',#6982,1.);
#6982 = DIRECTION('',(0.,-1.));
#6983 = ( GEOMETRIC_REPRESENTATION_CONTEXT(2) 
PARAMETRIC_REPRESENTATION_CONTEXT() REPRESENTATION_CONTEXT('2D SPACE',''
  ) );
#6984 = PCURVE('',#6666,#6985);
#6985 = DEFINITIONAL_REPRESENTATION('',(#6986),#6990);
#6986 = LINE('',#6987,#6988);
#6987 = CARTESIAN_POINT('',(947.,0.));
#6988 = VECTOR('',#6989,1.);
#6989 = DIRECTION('',(0.,1.));
#6990 = ( GEOMETRIC_REPRESENTATION_CONTEXT(2) 
PARAMETRIC_REPRESENTATION_CONTEXT() REPRESENTATION_CONTEXT('2D SPACE',''
  ) );
#6991 = ORIENTED_EDGE('',*,*,#6866,.F.);
#6992 = ADVANCED_FACE('',(#6993),#6666,.T.);
#6993 = FACE_BOUND('',#6994,.T.);
#6994 = EDGE_LOOP('',(#6995,#7016,#7017,#7018));
#6995 = ORIENTED_EDGE('',*,*,#6996,.F.);
#6996 = EDGE_CURVE('',#6626,#6825,#6997,.T.);
#6997 = SURFACE_CURVE('',#6998,(#7002,#7009),.PCURVE_S1.);
#6998 = LINE('',#6999,#7000);
#6999 = CARTESIAN_POINT('',(25.,-4.,1.2125E+03));
#7000 = VECTOR('',#7001,1.);
#7001 = DIRECTION('',(-0.,1.,0.));
#7002 = PCURVE('',#6666,#7003);
#7003 = DEFINITIONAL_REPRESENTATION('',(#7004),#7008);
#7004 = LINE('',#7005,#7006);
#7005 = CARTESIAN_POINT('',(0.,0.));
#7006 = VECTOR('',#7007,1.);
#7007 = DIRECTION('',(0.,1.));
#7008 = ( GEOMETRIC_REPRESENTATION_CONTEXT(2) 
PARAMETRIC_REPRESENTATION_CONTEXT() REPRESENTATION_CONTEXT('2D SPACE',''
  ) );
#7009 = PCURVE('',#6640,#7010);
#7010 = DEFINITIONAL_REPRESENTATION('',(#7011),#7015);
#7011 = LINE('',#7012,#7013);
#7012 = CARTESIAN_POINT('',(0.,0.));
#7013 = VECTOR('',#7014,1.);
#7014 = DIRECTION('',(0.,-1.));
#7015 = ( GEOMETRIC_REPRESENTATION_CONTEXT(2) 
PARAMETRIC_REPRESENTATION_CONTEXT() REPRESENTATION_CONTEXT('2D SPACE',''
  ) );
#7016 = ORIENTED_EDGE('',*,*,#6651,.T.);
#7017 = ORIENTED_EDGE('',*,*,#6971,.T.);
#7018 = ORIENTED_EDGE('',*,*,#6845,.F.);
#7019 = ADVANCED_FACE('',(#7020),#6640,.T.);
#7020 = FACE_BOUND('',#7021,.T.);
#7021 = EDGE_LOOP('',(#7022,#7023,#7024,#7025));
#7022 = ORIENTED_EDGE('',*,*,#6922,.F.);
#7023 = ORIENTED_EDGE('',*,*,#6625,.T.);
#7024 = ORIENTED_EDGE('',*,*,#6996,.T.);
#7025 = ORIENTED_EDGE('',*,*,#6824,.F.);
#7026 = ( GEOMETRIC_REPRESENTATION_CONTEXT(3) 
GLOBAL_UNCERTAINTY_ASSIGNED_CONTEXT((#7030)) 
GLOBAL_UNIT_ASSIGNED_CONTEXT((#7027,#7028,#7029)) REPRESENTATION_CONTEXT
('Context #1','3D Context with UNIT and UNCERTAINTY') );
#7027 = ( LENGTH_UNIT() NAMED_UNIT(*) SI_UNIT(.MILLI.,.METRE.) );
#7028 = ( NAMED_UNIT(*) PLANE_ANGLE_UNIT() SI_UNIT($,.RADIAN.) );
#7029 = ( NAMED_UNIT(*) SI_UNIT($,.STERADIAN.) SOLID_ANGLE_UNIT() );
#7030 = UNCERTAINTY_MEASURE_WITH_UNIT(LENGTH_MEASURE(1.E-07),#7027,
  'distance_accuracy_value','confusion accuracy');
#7031 = CONTEXT_DEPENDENT_SHAPE_REPRESENTATION(#7032,#7034);
#7032 = ( REPRESENTATION_RELATIONSHIP('','',#6395,#10) 
REPRESENTATION_RELATIONSHIP_WITH_TRANSFORMATION(#7033) 
SHAPE_REPRESENTATION_RELATIONSHIP() );
#7033 = ITEM_DEFINED_TRANSFORMATION('','',#11,#59);
#7034 = PRODUCT_DEFINITION_SHAPE('Placement','Placement of an item',
  #7035);
#7035 = NEXT_ASSEMBLY_USAGE_OCCURRENCE('835',
'\X2\043E0431044804380432043A0430\X0\_\X2\04440430043D043504400430\X0\_3\X2\043C043C\X0\_
997\X2\0445\X0\2400','',#5,#6390,$);
#7036 = PRODUCT_RELATED_PRODUCT_CATEGORY('part',$,(#6392));
#7037 = SHAPE_DEFINITION_REPRESENTATION(#7038,#7044);
#7038 = PRODUCT_DEFINITION_SHAPE('','',#7039);
#7039 = PRODUCT_DEFINITION('design','',#7040,#7043);
#7040 = PRODUCT_DEFINITION_FORMATION('','',#7041);
#7041 = PRODUCT(
  '\X2\04410442043E0439043A0430\X0\_\X2\0449043804420430\X0\_25\X2\0445\X0\50\X2\0445\X0\2400',
  '\X2\04410442043E0439043A0430\X0\_\X2\0449043804420430\X0\_25\X2\0445\X0\50\X2\0445\X0\2400','',(#7042
    ));
#7042 = PRODUCT_CONTEXT('',#2,'mechanical');
#7043 = PRODUCT_DEFINITION_CONTEXT('part definition',#2,'design');
#7044 = ADVANCED_BREP_SHAPE_REPRESENTATION('',(#11,#7045),#8299);
#7045 = MANIFOLD_SOLID_BREP('',#7046);
#7046 = CLOSED_SHELL('',(#7047,#7508,#7584,#7633,#7682,#7709,#7759,#7809
    ,#7859,#7909,#7959,#8009,#8059,#8109,#8159,#8209,#8259));
#7047 = ADVANCED_FACE('',(#7048,#7167,#7198,#7229,#7260,#7291,#7322,
    #7353,#7384,#7415,#7446,#7477),#7062,.F.);
#7048 = FACE_BOUND('',#7049,.F.);
#7049 = EDGE_LOOP('',(#7050,#7085,#7113,#7141));
#7050 = ORIENTED_EDGE('',*,*,#7051,.F.);
#7051 = EDGE_CURVE('',#7052,#7054,#7056,.T.);
#7052 = VERTEX_POINT('',#7053);
#7053 = CARTESIAN_POINT('',(0.,0.,0.));
#7054 = VERTEX_POINT('',#7055);
#7055 = CARTESIAN_POINT('',(0.,0.,2.4E+03));
#7056 = SURFACE_CURVE('',#7057,(#7061,#7073),.PCURVE_S1.);
#7057 = LINE('',#7058,#7059);
#7058 = CARTESIAN_POINT('',(0.,0.,0.));
#7059 = VECTOR('',#7060,1.);
#7060 = DIRECTION('',(0.,0.,1.));
#7061 = PCURVE('',#7062,#7067);
#7062 = PLANE('',#7063);
#7063 = AXIS2_PLACEMENT_3D('',#7064,#7065,#7066);
#7064 = CARTESIAN_POINT('',(0.,0.,0.));
#7065 = DIRECTION('',(1.,0.,-0.));
#7066 = DIRECTION('',(0.,0.,1.));
#7067 = DEFINITIONAL_REPRESENTATION('',(#7068),#7072);
#7068 = LINE('',#7069,#7070);
#7069 = CARTESIAN_POINT('',(0.,0.));
#7070 = VECTOR('',#7071,1.);
#7071 = DIRECTION('',(1.,0.));
#7072 = ( GEOMETRIC_REPRESENTATION_CONTEXT(2) 
PARAMETRIC_REPRESENTATION_CONTEXT() REPRESENTATION_CONTEXT('2D SPACE',''
  ) );
#7073 = PCURVE('',#7074,#7079);
#7074 = PLANE('',#7075);
#7075 = AXIS2_PLACEMENT_3D('',#7076,#7077,#7078);
#7076 = CARTESIAN_POINT('',(0.,0.,0.));
#7077 = DIRECTION('',(-0.,1.,0.));
#7078 = DIRECTION('',(0.,0.,1.));
#7079 = DEFINITIONAL_REPRESENTATION('',(#7080),#7084);
#7080 = LINE('',#7081,#7082);
#7081 = CARTESIAN_POINT('',(0.,0.));
#7082 = VECTOR('',#7083,1.);
#7083 = DIRECTION('',(1.,0.));
#7084 = ( GEOMETRIC_REPRESENTATION_CONTEXT(2) 
PARAMETRIC_REPRESENTATION_CONTEXT() REPRESENTATION_CONTEXT('2D SPACE',''
  ) );
#7085 = ORIENTED_EDGE('',*,*,#7086,.T.);
#7086 = EDGE_CURVE('',#7052,#7087,#7089,.T.);
#7087 = VERTEX_POINT('',#7088);
#7088 = CARTESIAN_POINT('',(0.,50.,0.));
#7089 = SURFACE_CURVE('',#7090,(#7094,#7101),.PCURVE_S1.);
#7090 = LINE('',#7091,#7092);
#7091 = CARTESIAN_POINT('',(0.,0.,0.));
#7092 = VECTOR('',#7093,1.);
#7093 = DIRECTION('',(-0.,1.,0.));
#7094 = PCURVE('',#7062,#7095);
#7095 = DEFINITIONAL_REPRESENTATION('',(#7096),#7100);
#7096 = LINE('',#7097,#7098);
#7097 = CARTESIAN_POINT('',(0.,0.));
#7098 = VECTOR('',#7099,1.);
#7099 = DIRECTION('',(0.,-1.));
#7100 = ( GEOMETRIC_REPRESENTATION_CONTEXT(2) 
PARAMETRIC_REPRESENTATION_CONTEXT() REPRESENTATION_CONTEXT('2D SPACE',''
  ) );
#7101 = PCURVE('',#7102,#7107);
#7102 = PLANE('',#7103);
#7103 = AXIS2_PLACEMENT_3D('',#7104,#7105,#7106);
#7104 = CARTESIAN_POINT('',(0.,0.,0.));
#7105 = DIRECTION('',(0.,0.,1.));
#7106 = DIRECTION('',(1.,0.,-0.));
#7107 = DEFINITIONAL_REPRESENTATION('',(#7108),#7112);
#7108 = LINE('',#7109,#7110);
#7109 = CARTESIAN_POINT('',(0.,0.));
#7110 = VECTOR('',#7111,1.);
#7111 = DIRECTION('',(0.,1.));
#7112 = ( GEOMETRIC_REPRESENTATION_CONTEXT(2) 
PARAMETRIC_REPRESENTATION_CONTEXT() REPRESENTATION_CONTEXT('2D SPACE',''
  ) );
#7113 = ORIENTED_EDGE('',*,*,#7114,.T.);
#7114 = EDGE_CURVE('',#7087,#7115,#7117,.T.);
#7115 = VERTEX_POINT('',#7116);
#7116 = CARTESIAN_POINT('',(0.,50.,2.4E+03));
#7117 = SURFACE_CURVE('',#7118,(#7122,#7129),.PCURVE_S1.);
#7118 = LINE('',#7119,#7120);
#7119 = CARTESIAN_POINT('',(0.,50.,0.));
#7120 = VECTOR('',#7121,1.);
#7121 = DIRECTION('',(0.,0.,1.));
#7122 = PCURVE('',#7062,#7123);
#7123 = DEFINITIONAL_REPRESENTATION('',(#7124),#7128);
#7124 = LINE('',#7125,#7126);
#7125 = CARTESIAN_POINT('',(0.,-50.));
#7126 = VECTOR('',#7127,1.);
#7127 = DIRECTION('',(1.,0.));
#7128 = ( GEOMETRIC_REPRESENTATION_CONTEXT(2) 
PARAMETRIC_REPRESENTATION_CONTEXT() REPRESENTATION_CONTEXT('2D SPACE',''
  ) );
#7129 = PCURVE('',#7130,#7135);
#7130 = PLANE('',#7131);
#7131 = AXIS2_PLACEMENT_3D('',#7132,#7133,#7134);
#7132 = CARTESIAN_POINT('',(0.,50.,0.));
#7133 = DIRECTION('',(-0.,1.,0.));
#7134 = DIRECTION('',(0.,0.,1.));
#7135 = DEFINITIONAL_REPRESENTATION('',(#7136),#7140);
#7136 = LINE('',#7137,#7138);
#7137 = CARTESIAN_POINT('',(0.,0.));
#7138 = VECTOR('',#7139,1.);
#7139 = DIRECTION('',(1.,0.));
#7140 = ( GEOMETRIC_REPRESENTATION_CONTEXT(2) 
PARAMETRIC_REPRESENTATION_CONTEXT() REPRESENTATION_CONTEXT('2D SPACE',''
  ) );
#7141 = ORIENTED_EDGE('',*,*,#7142,.F.);
#7142 = EDGE_CURVE('',#7054,#7115,#7143,.T.);
#7143 = SURFACE_CURVE('',#7144,(#7148,#7155),.PCURVE_S1.);
#7144 = LINE('',#7145,#7146);
#7145 = CARTESIAN_POINT('',(0.,0.,2.4E+03));
#7146 = VECTOR('',#7147,1.);
#7147 = DIRECTION('',(-0.,1.,0.));
#7148 = PCURVE('',#7062,#7149);
#7149 = DEFINITIONAL_REPRESENTATION('',(#7150),#7154);
#7150 = LINE('',#7151,#7152);
#7151 = CARTESIAN_POINT('',(2.4E+03,0.));
#7152 = VECTOR('',#7153,1.);
#7153 = DIRECTION('',(0.,-1.));
#7154 = ( GEOMETRIC_REPRESENTATION_CONTEXT(2) 
PARAMETRIC_REPRESENTATION_CONTEXT() REPRESENTATION_CONTEXT('2D SPACE',''
  ) );
#7155 = PCURVE('',#7156,#7161);
#7156 = PLANE('',#7157);
#7157 = AXIS2_PLACEMENT_3D('',#7158,#7159,#7160);
#7158 = CARTESIAN_POINT('',(0.,0.,2.4E+03));
#7159 = DIRECTION('',(0.,0.,1.));
#7160 = DIRECTION('',(1.,0.,-0.));
#7161 = DEFINITIONAL_REPRESENTATION('',(#7162),#7166);
#7162 = LINE('',#7163,#7164);
#7163 = CARTESIAN_POINT('',(0.,0.));
#7164 = VECTOR('',#7165,1.);
#7165 = DIRECTION('',(0.,1.));
#7166 = ( GEOMETRIC_REPRESENTATION_CONTEXT(2) 
PARAMETRIC_REPRESENTATION_CONTEXT() REPRESENTATION_CONTEXT('2D SPACE',''
  ) );
#7167 = FACE_BOUND('',#7168,.F.);
#7168 = EDGE_LOOP('',(#7169));
#7169 = ORIENTED_EDGE('',*,*,#7170,.F.);
#7170 = EDGE_CURVE('',#7171,#7171,#7173,.T.);
#7171 = VERTEX_POINT('',#7172);
#7172 = CARTESIAN_POINT('',(0.,25.,294.5));
#7173 = SURFACE_CURVE('',#7174,(#7179,#7186),.PCURVE_S1.);
#7174 = CIRCLE('',#7175,5.5);
#7175 = AXIS2_PLACEMENT_3D('',#7176,#7177,#7178);
#7176 = CARTESIAN_POINT('',(0.,25.,300.));
#7177 = DIRECTION('',(1.,0.,1.110223024625E-16));
#7178 = DIRECTION('',(1.110223024625E-16,0.,-1.));
#7179 = PCURVE('',#7062,#7180);
#7180 = DEFINITIONAL_REPRESENTATION('',(#7181),#7185);
#7181 = CIRCLE('',#7182,5.5);
#7182 = AXIS2_PLACEMENT_2D('',#7183,#7184);
#7183 = CARTESIAN_POINT('',(300.,-25.));
#7184 = DIRECTION('',(-1.,0.));
#7185 = ( GEOMETRIC_REPRESENTATION_CONTEXT(2) 
PARAMETRIC_REPRESENTATION_CONTEXT() REPRESENTATION_CONTEXT('2D SPACE',''
  ) );
#7186 = PCURVE('',#7187,#7192);
#7187 = CYLINDRICAL_SURFACE('',#7188,5.5);
#7188 = AXIS2_PLACEMENT_3D('',#7189,#7190,#7191);
#7189 = CARTESIAN_POINT('',(-1.,25.,300.));
#7190 = DIRECTION('',(1.,0.,1.110223024625E-16));
#7191 = DIRECTION('',(1.110223024625E-16,0.,-1.));
#7192 = DEFINITIONAL_REPRESENTATION('',(#7193),#7197);
#7193 = LINE('',#7194,#7195);
#7194 = CARTESIAN_POINT('',(0.,1.));
#7195 = VECTOR('',#7196,1.);
#7196 = DIRECTION('',(1.,0.));
#7197 = ( GEOMETRIC_REPRESENTATION_CONTEXT(2) 
PARAMETRIC_REPRESENTATION_CONTEXT() REPRESENTATION_CONTEXT('2D SPACE',''
  ) );
#7198 = FACE_BOUND('',#7199,.F.);
#7199 = EDGE_LOOP('',(#7200));
#7200 = ORIENTED_EDGE('',*,*,#7201,.F.);
#7201 = EDGE_CURVE('',#7202,#7202,#7204,.T.);
#7202 = VERTEX_POINT('',#7203);
#7203 = CARTESIAN_POINT('',(0.,25.,394.5));
#7204 = SURFACE_CURVE('',#7205,(#7210,#7217),.PCURVE_S1.);
#7205 = CIRCLE('',#7206,5.5);
#7206 = AXIS2_PLACEMENT_3D('',#7207,#7208,#7209);
#7207 = CARTESIAN_POINT('',(0.,25.,400.));
#7208 = DIRECTION('',(1.,0.,1.110223024625E-16));
#7209 = DIRECTION('',(1.110223024625E-16,0.,-1.));
#7210 = PCURVE('',#7062,#7211);
#7211 = DEFINITIONAL_REPRESENTATION('',(#7212),#7216);
#7212 = CIRCLE('',#7213,5.5);
#7213 = AXIS2_PLACEMENT_2D('',#7214,#7215);
#7214 = CARTESIAN_POINT('',(400.,-25.));
#7215 = DIRECTION('',(-1.,0.));
#7216 = ( GEOMETRIC_REPRESENTATION_CONTEXT(2) 
PARAMETRIC_REPRESENTATION_CONTEXT() REPRESENTATION_CONTEXT('2D SPACE',''
  ) );
#7217 = PCURVE('',#7218,#7223);
#7218 = CYLINDRICAL_SURFACE('',#7219,5.5);
#7219 = AXIS2_PLACEMENT_3D('',#7220,#7221,#7222);
#7220 = CARTESIAN_POINT('',(-1.,25.,400.));
#7221 = DIRECTION('',(1.,0.,1.110223024625E-16));
#7222 = DIRECTION('',(1.110223024625E-16,0.,-1.));
#7223 = DEFINITIONAL_REPRESENTATION('',(#7224),#7228);
#7224 = LINE('',#7225,#7226);
#7225 = CARTESIAN_POINT('',(0.,1.));
#7226 = VECTOR('',#7227,1.);
#7227 = DIRECTION('',(1.,0.));
#7228 = ( GEOMETRIC_REPRESENTATION_CONTEXT(2) 
PARAMETRIC_REPRESENTATION_CONTEXT() REPRESENTATION_CONTEXT('2D SPACE',''
  ) );
#7229 = FACE_BOUND('',#7230,.F.);
#7230 = EDGE_LOOP('',(#7231));
#7231 = ORIENTED_EDGE('',*,*,#7232,.F.);
#7232 = EDGE_CURVE('',#7233,#7233,#7235,.T.);
#7233 = VERTEX_POINT('',#7234);
#7234 = CARTESIAN_POINT('',(0.,25.,494.5));
#7235 = SURFACE_CURVE('',#7236,(#7241,#7248),.PCURVE_S1.);
#7236 = CIRCLE('',#7237,5.5);
#7237 = AXIS2_PLACEMENT_3D('',#7238,#7239,#7240);
#7238 = CARTESIAN_POINT('',(0.,25.,500.));
#7239 = DIRECTION('',(1.,0.,1.110223024625E-16));
#7240 = DIRECTION('',(1.110223024625E-16,0.,-1.));
#7241 = PCURVE('',#7062,#7242);
#7242 = DEFINITIONAL_REPRESENTATION('',(#7243),#7247);
#7243 = CIRCLE('',#7244,5.5);
#7244 = AXIS2_PLACEMENT_2D('',#7245,#7246);
#7245 = CARTESIAN_POINT('',(500.,-25.));
#7246 = DIRECTION('',(-1.,0.));
#7247 = ( GEOMETRIC_REPRESENTATION_CONTEXT(2) 
PARAMETRIC_REPRESENTATION_CONTEXT() REPRESENTATION_CONTEXT('2D SPACE',''
  ) );
#7248 = PCURVE('',#7249,#7254);
#7249 = CYLINDRICAL_SURFACE('',#7250,5.5);
#7250 = AXIS2_PLACEMENT_3D('',#7251,#7252,#7253);
#7251 = CARTESIAN_POINT('',(-1.,25.,500.));
#7252 = DIRECTION('',(1.,0.,1.110223024625E-16));
#7253 = DIRECTION('',(1.110223024625E-16,0.,-1.));
#7254 = DEFINITIONAL_REPRESENTATION('',(#7255),#7259);
#7255 = LINE('',#7256,#7257);
#7256 = CARTESIAN_POINT('',(0.,1.));
#7257 = VECTOR('',#7258,1.);
#7258 = DIRECTION('',(1.,0.));
#7259 = ( GEOMETRIC_REPRESENTATION_CONTEXT(2) 
PARAMETRIC_REPRESENTATION_CONTEXT() REPRESENTATION_CONTEXT('2D SPACE',''
  ) );
#7260 = FACE_BOUND('',#7261,.F.);
#7261 = EDGE_LOOP('',(#7262));
#7262 = ORIENTED_EDGE('',*,*,#7263,.F.);
#7263 = EDGE_CURVE('',#7264,#7264,#7266,.T.);
#7264 = VERTEX_POINT('',#7265);
#7265 = CARTESIAN_POINT('',(0.,25.,594.5));
#7266 = SURFACE_CURVE('',#7267,(#7272,#7279),.PCURVE_S1.);
#7267 = CIRCLE('',#7268,5.5);
#7268 = AXIS2_PLACEMENT_3D('',#7269,#7270,#7271);
#7269 = CARTESIAN_POINT('',(0.,25.,600.));
#7270 = DIRECTION('',(1.,0.,1.110223024625E-16));
#7271 = DIRECTION('',(1.110223024625E-16,0.,-1.));
#7272 = PCURVE('',#7062,#7273);
#7273 = DEFINITIONAL_REPRESENTATION('',(#7274),#7278);
#7274 = CIRCLE('',#7275,5.5);
#7275 = AXIS2_PLACEMENT_2D('',#7276,#7277);
#7276 = CARTESIAN_POINT('',(600.,-25.));
#7277 = DIRECTION('',(-1.,0.));
#7278 = ( GEOMETRIC_REPRESENTATION_CONTEXT(2) 
PARAMETRIC_REPRESENTATION_CONTEXT() REPRESENTATION_CONTEXT('2D SPACE',''
  ) );
#7279 = PCURVE('',#7280,#7285);
#7280 = CYLINDRICAL_SURFACE('',#7281,5.5);
#7281 = AXIS2_PLACEMENT_3D('',#7282,#7283,#7284);
#7282 = CARTESIAN_POINT('',(-1.,25.,600.));
#7283 = DIRECTION('',(1.,0.,1.110223024625E-16));
#7284 = DIRECTION('',(1.110223024625E-16,0.,-1.));
#7285 = DEFINITIONAL_REPRESENTATION('',(#7286),#7290);
#7286 = LINE('',#7287,#7288);
#7287 = CARTESIAN_POINT('',(0.,1.));
#7288 = VECTOR('',#7289,1.);
#7289 = DIRECTION('',(1.,0.));
#7290 = ( GEOMETRIC_REPRESENTATION_CONTEXT(2) 
PARAMETRIC_REPRESENTATION_CONTEXT() REPRESENTATION_CONTEXT('2D SPACE',''
  ) );
#7291 = FACE_BOUND('',#7292,.F.);
#7292 = EDGE_LOOP('',(#7293));
#7293 = ORIENTED_EDGE('',*,*,#7294,.F.);
#7294 = EDGE_CURVE('',#7295,#7295,#7297,.T.);
#7295 = VERTEX_POINT('',#7296);
#7296 = CARTESIAN_POINT('',(0.,25.,694.5));
#7297 = SURFACE_CURVE('',#7298,(#7303,#7310),.PCURVE_S1.);
#7298 = CIRCLE('',#7299,5.5);
#7299 = AXIS2_PLACEMENT_3D('',#7300,#7301,#7302);
#7300 = CARTESIAN_POINT('',(0.,25.,700.));
#7301 = DIRECTION('',(1.,0.,1.110223024625E-16));
#7302 = DIRECTION('',(1.110223024625E-16,0.,-1.));
#7303 = PCURVE('',#7062,#7304);
#7304 = DEFINITIONAL_REPRESENTATION('',(#7305),#7309);
#7305 = CIRCLE('',#7306,5.5);
#7306 = AXIS2_PLACEMENT_2D('',#7307,#7308);
#7307 = CARTESIAN_POINT('',(700.,-25.));
#7308 = DIRECTION('',(-1.,0.));
#7309 = ( GEOMETRIC_REPRESENTATION_CONTEXT(2) 
PARAMETRIC_REPRESENTATION_CONTEXT() REPRESENTATION_CONTEXT('2D SPACE',''
  ) );
#7310 = PCURVE('',#7311,#7316);
#7311 = CYLINDRICAL_SURFACE('',#7312,5.5);
#7312 = AXIS2_PLACEMENT_3D('',#7313,#7314,#7315);
#7313 = CARTESIAN_POINT('',(-1.,25.,700.));
#7314 = DIRECTION('',(1.,0.,1.110223024625E-16));
#7315 = DIRECTION('',(1.110223024625E-16,0.,-1.));
#7316 = DEFINITIONAL_REPRESENTATION('',(#7317),#7321);
#7317 = LINE('',#7318,#7319);
#7318 = CARTESIAN_POINT('',(0.,1.));
#7319 = VECTOR('',#7320,1.);
#7320 = DIRECTION('',(1.,0.));
#7321 = ( GEOMETRIC_REPRESENTATION_CONTEXT(2) 
PARAMETRIC_REPRESENTATION_CONTEXT() REPRESENTATION_CONTEXT('2D SPACE',''
  ) );
#7322 = FACE_BOUND('',#7323,.F.);
#7323 = EDGE_LOOP('',(#7324));
#7324 = ORIENTED_EDGE('',*,*,#7325,.F.);
#7325 = EDGE_CURVE('',#7326,#7326,#7328,.T.);
#7326 = VERTEX_POINT('',#7327);
#7327 = CARTESIAN_POINT('',(0.,25.,994.5));
#7328 = SURFACE_CURVE('',#7329,(#7334,#7341),.PCURVE_S1.);
#7329 = CIRCLE('',#7330,5.5);
#7330 = AXIS2_PLACEMENT_3D('',#7331,#7332,#7333);
#7331 = CARTESIAN_POINT('',(0.,25.,1.E+03));
#7332 = DIRECTION('',(1.,0.,1.110223024625E-16));
#7333 = DIRECTION('',(1.110223024625E-16,0.,-1.));
#7334 = PCURVE('',#7062,#7335);
#7335 = DEFINITIONAL_REPRESENTATION('',(#7336),#7340);
#7336 = CIRCLE('',#7337,5.5);
#7337 = AXIS2_PLACEMENT_2D('',#7338,#7339);
#7338 = CARTESIAN_POINT('',(1.E+03,-25.));
#7339 = DIRECTION('',(-1.,0.));
#7340 = ( GEOMETRIC_REPRESENTATION_CONTEXT(2) 
PARAMETRIC_REPRESENTATION_CONTEXT() REPRESENTATION_CONTEXT('2D SPACE',''
  ) );
#7341 = PCURVE('',#7342,#7347);
#7342 = CYLINDRICAL_SURFACE('',#7343,5.5);
#7343 = AXIS2_PLACEMENT_3D('',#7344,#7345,#7346);
#7344 = CARTESIAN_POINT('',(-1.,25.,1.E+03));
#7345 = DIRECTION('',(1.,0.,1.110223024625E-16));
#7346 = DIRECTION('',(1.110223024625E-16,0.,-1.));
#7347 = DEFINITIONAL_REPRESENTATION('',(#7348),#7352);
#7348 = LINE('',#7349,#7350);
#7349 = CARTESIAN_POINT('',(0.,1.));
#7350 = VECTOR('',#7351,1.);
#7351 = DIRECTION('',(1.,0.));
#7352 = ( GEOMETRIC_REPRESENTATION_CONTEXT(2) 
PARAMETRIC_REPRESENTATION_CONTEXT() REPRESENTATION_CONTEXT('2D SPACE',''
  ) );
#7353 = FACE_BOUND('',#7354,.F.);
#7354 = EDGE_LOOP('',(#7355));
#7355 = ORIENTED_EDGE('',*,*,#7356,.F.);
#7356 = EDGE_CURVE('',#7357,#7357,#7359,.T.);
#7357 = VERTEX_POINT('',#7358);
#7358 = CARTESIAN_POINT('',(0.,25.,1.1945E+03));
#7359 = SURFACE_CURVE('',#7360,(#7365,#7372),.PCURVE_S1.);
#7360 = CIRCLE('',#7361,5.5);
#7361 = AXIS2_PLACEMENT_3D('',#7362,#7363,#7364);
#7362 = CARTESIAN_POINT('',(0.,25.,1.2E+03));
#7363 = DIRECTION('',(1.,0.,1.110223024625E-16));
#7364 = DIRECTION('',(1.110223024625E-16,0.,-1.));
#7365 = PCURVE('',#7062,#7366);
#7366 = DEFINITIONAL_REPRESENTATION('',(#7367),#7371);
#7367 = CIRCLE('',#7368,5.5);
#7368 = AXIS2_PLACEMENT_2D('',#7369,#7370);
#7369 = CARTESIAN_POINT('',(1.2E+03,-25.));
#7370 = DIRECTION('',(-1.,0.));
#7371 = ( GEOMETRIC_REPRESENTATION_CONTEXT(2) 
PARAMETRIC_REPRESENTATION_CONTEXT() REPRESENTATION_CONTEXT('2D SPACE',''
  ) );
#7372 = PCURVE('',#7373,#7378);
#7373 = CYLINDRICAL_SURFACE('',#7374,5.5);
#7374 = AXIS2_PLACEMENT_3D('',#7375,#7376,#7377);
#7375 = CARTESIAN_POINT('',(-1.,25.,1.2E+03));
#7376 = DIRECTION('',(1.,0.,1.110223024625E-16));
#7377 = DIRECTION('',(1.110223024625E-16,0.,-1.));
#7378 = DEFINITIONAL_REPRESENTATION('',(#7379),#7383);
#7379 = LINE('',#7380,#7381);
#7380 = CARTESIAN_POINT('',(0.,1.));
#7381 = VECTOR('',#7382,1.);
#7382 = DIRECTION('',(1.,0.));
#7383 = ( GEOMETRIC_REPRESENTATION_CONTEXT(2) 
PARAMETRIC_REPRESENTATION_CONTEXT() REPRESENTATION_CONTEXT('2D SPACE',''
  ) );
#7384 = FACE_BOUND('',#7385,.F.);
#7385 = EDGE_LOOP('',(#7386));
#7386 = ORIENTED_EDGE('',*,*,#7387,.F.);
#7387 = EDGE_CURVE('',#7388,#7388,#7390,.T.);
#7388 = VERTEX_POINT('',#7389);
#7389 = CARTESIAN_POINT('',(0.,25.,1.2945E+03));
#7390 = SURFACE_CURVE('',#7391,(#7396,#7403),.PCURVE_S1.);
#7391 = CIRCLE('',#7392,5.5);
#7392 = AXIS2_PLACEMENT_3D('',#7393,#7394,#7395);
#7393 = CARTESIAN_POINT('',(0.,25.,1.3E+03));
#7394 = DIRECTION('',(1.,0.,1.110223024625E-16));
#7395 = DIRECTION('',(1.110223024625E-16,0.,-1.));
#7396 = PCURVE('',#7062,#7397);
#7397 = DEFINITIONAL_REPRESENTATION('',(#7398),#7402);
#7398 = CIRCLE('',#7399,5.5);
#7399 = AXIS2_PLACEMENT_2D('',#7400,#7401);
#7400 = CARTESIAN_POINT('',(1.3E+03,-25.));
#7401 = DIRECTION('',(-1.,0.));
#7402 = ( GEOMETRIC_REPRESENTATION_CONTEXT(2) 
PARAMETRIC_REPRESENTATION_CONTEXT() REPRESENTATION_CONTEXT('2D SPACE',''
  ) );
#7403 = PCURVE('',#7404,#7409);
#7404 = CYLINDRICAL_SURFACE('',#7405,5.5);
#7405 = AXIS2_PLACEMENT_3D('',#7406,#7407,#7408);
#7406 = CARTESIAN_POINT('',(-1.,25.,1.3E+03));
#7407 = DIRECTION('',(1.,0.,1.110223024625E-16));
#7408 = DIRECTION('',(1.110223024625E-16,0.,-1.));
#7409 = DEFINITIONAL_REPRESENTATION('',(#7410),#7414);
#7410 = LINE('',#7411,#7412);
#7411 = CARTESIAN_POINT('',(0.,1.));
#7412 = VECTOR('',#7413,1.);
#7413 = DIRECTION('',(1.,0.));
#7414 = ( GEOMETRIC_REPRESENTATION_CONTEXT(2) 
PARAMETRIC_REPRESENTATION_CONTEXT() REPRESENTATION_CONTEXT('2D SPACE',''
  ) );
#7415 = FACE_BOUND('',#7416,.F.);
#7416 = EDGE_LOOP('',(#7417));
#7417 = ORIENTED_EDGE('',*,*,#7418,.F.);
#7418 = EDGE_CURVE('',#7419,#7419,#7421,.T.);
#7419 = VERTEX_POINT('',#7420);
#7420 = CARTESIAN_POINT('',(0.,25.,1.6945E+03));
#7421 = SURFACE_CURVE('',#7422,(#7427,#7434),.PCURVE_S1.);
#7422 = CIRCLE('',#7423,5.5);
#7423 = AXIS2_PLACEMENT_3D('',#7424,#7425,#7426);
#7424 = CARTESIAN_POINT('',(0.,25.,1.7E+03));
#7425 = DIRECTION('',(1.,0.,1.110223024625E-16));
#7426 = DIRECTION('',(1.110223024625E-16,0.,-1.));
#7427 = PCURVE('',#7062,#7428);
#7428 = DEFINITIONAL_REPRESENTATION('',(#7429),#7433);
#7429 = CIRCLE('',#7430,5.5);
#7430 = AXIS2_PLACEMENT_2D('',#7431,#7432);
#7431 = CARTESIAN_POINT('',(1.7E+03,-25.));
#7432 = DIRECTION('',(-1.,0.));
#7433 = ( GEOMETRIC_REPRESENTATION_CONTEXT(2) 
PARAMETRIC_REPRESENTATION_CONTEXT() REPRESENTATION_CONTEXT('2D SPACE',''
  ) );
#7434 = PCURVE('',#7435,#7440);
#7435 = CYLINDRICAL_SURFACE('',#7436,5.5);
#7436 = AXIS2_PLACEMENT_3D('',#7437,#7438,#7439);
#7437 = CARTESIAN_POINT('',(-1.,25.,1.7E+03));
#7438 = DIRECTION('',(1.,0.,1.110223024625E-16));
#7439 = DIRECTION('',(1.110223024625E-16,0.,-1.));
#7440 = DEFINITIONAL_REPRESENTATION('',(#7441),#7445);
#7441 = LINE('',#7442,#7443);
#7442 = CARTESIAN_POINT('',(0.,1.));
#7443 = VECTOR('',#7444,1.);
#7444 = DIRECTION('',(1.,0.));
#7445 = ( GEOMETRIC_REPRESENTATION_CONTEXT(2) 
PARAMETRIC_REPRESENTATION_CONTEXT() REPRESENTATION_CONTEXT('2D SPACE',''
  ) );
#7446 = FACE_BOUND('',#7447,.F.);
#7447 = EDGE_LOOP('',(#7448));
#7448 = ORIENTED_EDGE('',*,*,#7449,.F.);
#7449 = EDGE_CURVE('',#7450,#7450,#7452,.T.);
#7450 = VERTEX_POINT('',#7451);
#7451 = CARTESIAN_POINT('',(0.,25.,1.7945E+03));
#7452 = SURFACE_CURVE('',#7453,(#7458,#7465),.PCURVE_S1.);
#7453 = CIRCLE('',#7454,5.5);
#7454 = AXIS2_PLACEMENT_3D('',#7455,#7456,#7457);
#7455 = CARTESIAN_POINT('',(0.,25.,1.8E+03));
#7456 = DIRECTION('',(1.,0.,1.110223024625E-16));
#7457 = DIRECTION('',(1.110223024625E-16,0.,-1.));
#7458 = PCURVE('',#7062,#7459);
#7459 = DEFINITIONAL_REPRESENTATION('',(#7460),#7464);
#7460 = CIRCLE('',#7461,5.5);
#7461 = AXIS2_PLACEMENT_2D('',#7462,#7463);
#7462 = CARTESIAN_POINT('',(1.8E+03,-25.));
#7463 = DIRECTION('',(-1.,0.));
#7464 = ( GEOMETRIC_REPRESENTATION_CONTEXT(2) 
PARAMETRIC_REPRESENTATION_CONTEXT() REPRESENTATION_CONTEXT('2D SPACE',''
  ) );
#7465 = PCURVE('',#7466,#7471);
#7466 = CYLINDRICAL_SURFACE('',#7467,5.5);
#7467 = AXIS2_PLACEMENT_3D('',#7468,#7469,#7470);
#7468 = CARTESIAN_POINT('',(-1.,25.,1.8E+03));
#7469 = DIRECTION('',(1.,0.,1.110223024625E-16));
#7470 = DIRECTION('',(1.110223024625E-16,0.,-1.));
#7471 = DEFINITIONAL_REPRESENTATION('',(#7472),#7476);
#7472 = LINE('',#7473,#7474);
#7473 = CARTESIAN_POINT('',(0.,1.));
#7474 = VECTOR('',#7475,1.);
#7475 = DIRECTION('',(1.,0.));
#7476 = ( GEOMETRIC_REPRESENTATION_CONTEXT(2) 
PARAMETRIC_REPRESENTATION_CONTEXT() REPRESENTATION_CONTEXT('2D SPACE',''
  ) );
#7477 = FACE_BOUND('',#7478,.F.);
#7478 = EDGE_LOOP('',(#7479));
#7479 = ORIENTED_EDGE('',*,*,#7480,.F.);
#7480 = EDGE_CURVE('',#7481,#7481,#7483,.T.);
#7481 = VERTEX_POINT('',#7482);
#7482 = CARTESIAN_POINT('',(0.,25.,1.8945E+03));
#7483 = SURFACE_CURVE('',#7484,(#7489,#7496),.PCURVE_S1.);
#7484 = CIRCLE('',#7485,5.5);
#7485 = AXIS2_PLACEMENT_3D('',#7486,#7487,#7488);
#7486 = CARTESIAN_POINT('',(0.,25.,1.9E+03));
#7487 = DIRECTION('',(1.,0.,1.110223024625E-16));
#7488 = DIRECTION('',(1.110223024625E-16,0.,-1.));
#7489 = PCURVE('',#7062,#7490);
#7490 = DEFINITIONAL_REPRESENTATION('',(#7491),#7495);
#7491 = CIRCLE('',#7492,5.5);
#7492 = AXIS2_PLACEMENT_2D('',#7493,#7494);
#7493 = CARTESIAN_POINT('',(1.9E+03,-25.));
#7494 = DIRECTION('',(-1.,0.));
#7495 = ( GEOMETRIC_REPRESENTATION_CONTEXT(2) 
PARAMETRIC_REPRESENTATION_CONTEXT() REPRESENTATION_CONTEXT('2D SPACE',''
  ) );
#7496 = PCURVE('',#7497,#7502);
#7497 = CYLINDRICAL_SURFACE('',#7498,5.5);
#7498 = AXIS2_PLACEMENT_3D('',#7499,#7500,#7501);
#7499 = CARTESIAN_POINT('',(-1.,25.,1.9E+03));
#7500 = DIRECTION('',(1.,0.,1.110223024625E-16));
#7501 = DIRECTION('',(1.110223024625E-16,0.,-1.));
#7502 = DEFINITIONAL_REPRESENTATION('',(#7503),#7507);
#7503 = LINE('',#7504,#7505);
#7504 = CARTESIAN_POINT('',(0.,1.));
#7505 = VECTOR('',#7506,1.);
#7506 = DIRECTION('',(1.,0.));
#7507 = ( GEOMETRIC_REPRESENTATION_CONTEXT(2) 
PARAMETRIC_REPRESENTATION_CONTEXT() REPRESENTATION_CONTEXT('2D SPACE',''
  ) );
#7508 = ADVANCED_FACE('',(#7509),#7074,.F.);
#7509 = FACE_BOUND('',#7510,.F.);
#7510 = EDGE_LOOP('',(#7511,#7534,#7535,#7558));
#7511 = ORIENTED_EDGE('',*,*,#7512,.F.);
#7512 = EDGE_CURVE('',#7052,#7513,#7515,.T.);
#7513 = VERTEX_POINT('',#7514);
#7514 = CARTESIAN_POINT('',(25.,0.,0.));
#7515 = SURFACE_CURVE('',#7516,(#7520,#7527),.PCURVE_S1.);
#7516 = LINE('',#7517,#7518);
#7517 = CARTESIAN_POINT('',(0.,0.,0.));
#7518 = VECTOR('',#7519,1.);
#7519 = DIRECTION('',(1.,0.,-0.));
#7520 = PCURVE('',#7074,#7521);
#7521 = DEFINITIONAL_REPRESENTATION('',(#7522),#7526);
#7522 = LINE('',#7523,#7524);
#7523 = CARTESIAN_POINT('',(0.,0.));
#7524 = VECTOR('',#7525,1.);
#7525 = DIRECTION('',(0.,1.));
#7526 = ( GEOMETRIC_REPRESENTATION_CONTEXT(2) 
PARAMETRIC_REPRESENTATION_CONTEXT() REPRESENTATION_CONTEXT('2D SPACE',''
  ) );
#7527 = PCURVE('',#7102,#7528);
#7528 = DEFINITIONAL_REPRESENTATION('',(#7529),#7533);
#7529 = LINE('',#7530,#7531);
#7530 = CARTESIAN_POINT('',(0.,0.));
#7531 = VECTOR('',#7532,1.);
#7532 = DIRECTION('',(1.,0.));
#7533 = ( GEOMETRIC_REPRESENTATION_CONTEXT(2) 
PARAMETRIC_REPRESENTATION_CONTEXT() REPRESENTATION_CONTEXT('2D SPACE',''
  ) );
#7534 = ORIENTED_EDGE('',*,*,#7051,.T.);
#7535 = ORIENTED_EDGE('',*,*,#7536,.T.);
#7536 = EDGE_CURVE('',#7054,#7537,#7539,.T.);
#7537 = VERTEX_POINT('',#7538);
#7538 = CARTESIAN_POINT('',(25.,0.,2.4E+03));
#7539 = SURFACE_CURVE('',#7540,(#7544,#7551),.PCURVE_S1.);
#7540 = LINE('',#7541,#7542);
#7541 = CARTESIAN_POINT('',(0.,0.,2.4E+03));
#7542 = VECTOR('',#7543,1.);
#7543 = DIRECTION('',(1.,0.,-0.));
#7544 = PCURVE('',#7074,#7545);
#7545 = DEFINITIONAL_REPRESENTATION('',(#7546),#7550);
#7546 = LINE('',#7547,#7548);
#7547 = CARTESIAN_POINT('',(2.4E+03,0.));
#7548 = VECTOR('',#7549,1.);
#7549 = DIRECTION('',(0.,1.));
#7550 = ( GEOMETRIC_REPRESENTATION_CONTEXT(2) 
PARAMETRIC_REPRESENTATION_CONTEXT() REPRESENTATION_CONTEXT('2D SPACE',''
  ) );
#7551 = PCURVE('',#7156,#7552);
#7552 = DEFINITIONAL_REPRESENTATION('',(#7553),#7557);
#7553 = LINE('',#7554,#7555);
#7554 = CARTESIAN_POINT('',(0.,0.));
#7555 = VECTOR('',#7556,1.);
#7556 = DIRECTION('',(1.,0.));
#7557 = ( GEOMETRIC_REPRESENTATION_CONTEXT(2) 
PARAMETRIC_REPRESENTATION_CONTEXT() REPRESENTATION_CONTEXT('2D SPACE',''
  ) );
#7558 = ORIENTED_EDGE('',*,*,#7559,.F.);
#7559 = EDGE_CURVE('',#7513,#7537,#7560,.T.);
#7560 = SURFACE_CURVE('',#7561,(#7565,#7572),.PCURVE_S1.);
#7561 = LINE('',#7562,#7563);
#7562 = CARTESIAN_POINT('',(25.,0.,0.));
#7563 = VECTOR('',#7564,1.);
#7564 = DIRECTION('',(0.,0.,1.));
#7565 = PCURVE('',#7074,#7566);
#7566 = DEFINITIONAL_REPRESENTATION('',(#7567),#7571);
#7567 = LINE('',#7568,#7569);
#7568 = CARTESIAN_POINT('',(0.,25.));
#7569 = VECTOR('',#7570,1.);
#7570 = DIRECTION('',(1.,0.));
#7571 = ( GEOMETRIC_REPRESENTATION_CONTEXT(2) 
PARAMETRIC_REPRESENTATION_CONTEXT() REPRESENTATION_CONTEXT('2D SPACE',''
  ) );
#7572 = PCURVE('',#7573,#7578);
#7573 = PLANE('',#7574);
#7574 = AXIS2_PLACEMENT_3D('',#7575,#7576,#7577);
#7575 = CARTESIAN_POINT('',(25.,0.,0.));
#7576 = DIRECTION('',(1.,0.,-0.));
#7577 = DIRECTION('',(0.,0.,1.));
#7578 = DEFINITIONAL_REPRESENTATION('',(#7579),#7583);
#7579 = LINE('',#7580,#7581);
#7580 = CARTESIAN_POINT('',(0.,0.));
#7581 = VECTOR('',#7582,1.);
#7582 = DIRECTION('',(1.,0.));
#7583 = ( GEOMETRIC_REPRESENTATION_CONTEXT(2) 
PARAMETRIC_REPRESENTATION_CONTEXT() REPRESENTATION_CONTEXT('2D SPACE',''
  ) );
#7584 = ADVANCED_FACE('',(#7585),#7156,.T.);
#7585 = FACE_BOUND('',#7586,.T.);
#7586 = EDGE_LOOP('',(#7587,#7588,#7589,#7612));
#7587 = ORIENTED_EDGE('',*,*,#7142,.F.);
#7588 = ORIENTED_EDGE('',*,*,#7536,.T.);
#7589 = ORIENTED_EDGE('',*,*,#7590,.T.);
#7590 = EDGE_CURVE('',#7537,#7591,#7593,.T.);
#7591 = VERTEX_POINT('',#7592);
#7592 = CARTESIAN_POINT('',(25.,50.,2.4E+03));
#7593 = SURFACE_CURVE('',#7594,(#7598,#7605),.PCURVE_S1.);
#7594 = LINE('',#7595,#7596);
#7595 = CARTESIAN_POINT('',(25.,0.,2.4E+03));
#7596 = VECTOR('',#7597,1.);
#7597 = DIRECTION('',(-0.,1.,0.));
#7598 = PCURVE('',#7156,#7599);
#7599 = DEFINITIONAL_REPRESENTATION('',(#7600),#7604);
#7600 = LINE('',#7601,#7602);
#7601 = CARTESIAN_POINT('',(25.,0.));
#7602 = VECTOR('',#7603,1.);
#7603 = DIRECTION('',(0.,1.));
#7604 = ( GEOMETRIC_REPRESENTATION_CONTEXT(2) 
PARAMETRIC_REPRESENTATION_CONTEXT() REPRESENTATION_CONTEXT('2D SPACE',''
  ) );
#7605 = PCURVE('',#7573,#7606);
#7606 = DEFINITIONAL_REPRESENTATION('',(#7607),#7611);
#7607 = LINE('',#7608,#7609);
#7608 = CARTESIAN_POINT('',(2.4E+03,0.));
#7609 = VECTOR('',#7610,1.);
#7610 = DIRECTION('',(0.,-1.));
#7611 = ( GEOMETRIC_REPRESENTATION_CONTEXT(2) 
PARAMETRIC_REPRESENTATION_CONTEXT() REPRESENTATION_CONTEXT('2D SPACE',''
  ) );
#7612 = ORIENTED_EDGE('',*,*,#7613,.F.);
#7613 = EDGE_CURVE('',#7115,#7591,#7614,.T.);
#7614 = SURFACE_CURVE('',#7615,(#7619,#7626),.PCURVE_S1.);
#7615 = LINE('',#7616,#7617);
#7616 = CARTESIAN_POINT('',(0.,50.,2.4E+03));
#7617 = VECTOR('',#7618,1.);
#7618 = DIRECTION('',(1.,0.,-0.));
#7619 = PCURVE('',#7156,#7620);
#7620 = DEFINITIONAL_REPRESENTATION('',(#7621),#7625);
#7621 = LINE('',#7622,#7623);
#7622 = CARTESIAN_POINT('',(0.,50.));
#7623 = VECTOR('',#7624,1.);
#7624 = DIRECTION('',(1.,0.));
#7625 = ( GEOMETRIC_REPRESENTATION_CONTEXT(2) 
PARAMETRIC_REPRESENTATION_CONTEXT() REPRESENTATION_CONTEXT('2D SPACE',''
  ) );
#7626 = PCURVE('',#7130,#7627);
#7627 = DEFINITIONAL_REPRESENTATION('',(#7628),#7632);
#7628 = LINE('',#7629,#7630);
#7629 = CARTESIAN_POINT('',(2.4E+03,0.));
#7630 = VECTOR('',#7631,1.);
#7631 = DIRECTION('',(0.,1.));
#7632 = ( GEOMETRIC_REPRESENTATION_CONTEXT(2) 
PARAMETRIC_REPRESENTATION_CONTEXT() REPRESENTATION_CONTEXT('2D SPACE',''
  ) );
#7633 = ADVANCED_FACE('',(#7634),#7102,.F.);
#7634 = FACE_BOUND('',#7635,.F.);
#7635 = EDGE_LOOP('',(#7636,#7637,#7638,#7661));
#7636 = ORIENTED_EDGE('',*,*,#7086,.F.);
#7637 = ORIENTED_EDGE('',*,*,#7512,.T.);
#7638 = ORIENTED_EDGE('',*,*,#7639,.T.);
#7639 = EDGE_CURVE('',#7513,#7640,#7642,.T.);
#7640 = VERTEX_POINT('',#7641);
#7641 = CARTESIAN_POINT('',(25.,50.,0.));
#7642 = SURFACE_CURVE('',#7643,(#7647,#7654),.PCURVE_S1.);
#7643 = LINE('',#7644,#7645);
#7644 = CARTESIAN_POINT('',(25.,0.,0.));
#7645 = VECTOR('',#7646,1.);
#7646 = DIRECTION('',(-0.,1.,0.));
#7647 = PCURVE('',#7102,#7648);
#7648 = DEFINITIONAL_REPRESENTATION('',(#7649),#7653);
#7649 = LINE('',#7650,#7651);
#7650 = CARTESIAN_POINT('',(25.,0.));
#7651 = VECTOR('',#7652,1.);
#7652 = DIRECTION('',(0.,1.));
#7653 = ( GEOMETRIC_REPRESENTATION_CONTEXT(2) 
PARAMETRIC_REPRESENTATION_CONTEXT() REPRESENTATION_CONTEXT('2D SPACE',''
  ) );
#7654 = PCURVE('',#7573,#7655);
#7655 = DEFINITIONAL_REPRESENTATION('',(#7656),#7660);
#7656 = LINE('',#7657,#7658);
#7657 = CARTESIAN_POINT('',(0.,0.));
#7658 = VECTOR('',#7659,1.);
#7659 = DIRECTION('',(0.,-1.));
#7660 = ( GEOMETRIC_REPRESENTATION_CONTEXT(2) 
PARAMETRIC_REPRESENTATION_CONTEXT() REPRESENTATION_CONTEXT('2D SPACE',''
  ) );
#7661 = ORIENTED_EDGE('',*,*,#7662,.F.);
#7662 = EDGE_CURVE('',#7087,#7640,#7663,.T.);
#7663 = SURFACE_CURVE('',#7664,(#7668,#7675),.PCURVE_S1.);
#7664 = LINE('',#7665,#7666);
#7665 = CARTESIAN_POINT('',(0.,50.,0.));
#7666 = VECTOR('',#7667,1.);
#7667 = DIRECTION('',(1.,0.,-0.));
#7668 = PCURVE('',#7102,#7669);
#7669 = DEFINITIONAL_REPRESENTATION('',(#7670),#7674);
#7670 = LINE('',#7671,#7672);
#7671 = CARTESIAN_POINT('',(0.,50.));
#7672 = VECTOR('',#7673,1.);
#7673 = DIRECTION('',(1.,0.));
#7674 = ( GEOMETRIC_REPRESENTATION_CONTEXT(2) 
PARAMETRIC_REPRESENTATION_CONTEXT() REPRESENTATION_CONTEXT('2D SPACE',''
  ) );
#7675 = PCURVE('',#7130,#7676);
#7676 = DEFINITIONAL_REPRESENTATION('',(#7677),#7681);
#7677 = LINE('',#7678,#7679);
#7678 = CARTESIAN_POINT('',(0.,0.));
#7679 = VECTOR('',#7680,1.);
#7680 = DIRECTION('',(0.,1.));
#7681 = ( GEOMETRIC_REPRESENTATION_CONTEXT(2) 
PARAMETRIC_REPRESENTATION_CONTEXT() REPRESENTATION_CONTEXT('2D SPACE',''
  ) );
#7682 = ADVANCED_FACE('',(#7683),#7130,.T.);
#7683 = FACE_BOUND('',#7684,.T.);
#7684 = EDGE_LOOP('',(#7685,#7686,#7687,#7688));
#7685 = ORIENTED_EDGE('',*,*,#7662,.F.);
#7686 = ORIENTED_EDGE('',*,*,#7114,.T.);
#7687 = ORIENTED_EDGE('',*,*,#7613,.T.);
#7688 = ORIENTED_EDGE('',*,*,#7689,.F.);
#7689 = EDGE_CURVE('',#7640,#7591,#7690,.T.);
#7690 = SURFACE_CURVE('',#7691,(#7695,#7702),.PCURVE_S1.);
#7691 = LINE('',#7692,#7693);
#7692 = CARTESIAN_POINT('',(25.,50.,0.));
#7693 = VECTOR('',#7694,1.);
#7694 = DIRECTION('',(0.,0.,1.));
#7695 = PCURVE('',#7130,#7696);
#7696 = DEFINITIONAL_REPRESENTATION('',(#7697),#7701);
#7697 = LINE('',#7698,#7699);
#7698 = CARTESIAN_POINT('',(0.,25.));
#7699 = VECTOR('',#7700,1.);
#7700 = DIRECTION('',(1.,0.));
#7701 = ( GEOMETRIC_REPRESENTATION_CONTEXT(2) 
PARAMETRIC_REPRESENTATION_CONTEXT() REPRESENTATION_CONTEXT('2D SPACE',''
  ) );
#7702 = PCURVE('',#7573,#7703);
#7703 = DEFINITIONAL_REPRESENTATION('',(#7704),#7708);
#7704 = LINE('',#7705,#7706);
#7705 = CARTESIAN_POINT('',(0.,-50.));
#7706 = VECTOR('',#7707,1.);
#7707 = DIRECTION('',(1.,0.));
#7708 = ( GEOMETRIC_REPRESENTATION_CONTEXT(2) 
PARAMETRIC_REPRESENTATION_CONTEXT() REPRESENTATION_CONTEXT('2D SPACE',''
  ) );
#7709 = ADVANCED_FACE('',(#7710),#7187,.F.);
#7710 = FACE_BOUND('',#7711,.F.);
#7711 = EDGE_LOOP('',(#7712,#7736,#7757,#7758));
#7712 = ORIENTED_EDGE('',*,*,#7713,.F.);
#7713 = EDGE_CURVE('',#7714,#7714,#7716,.T.);
#7714 = VERTEX_POINT('',#7715);
#7715 = CARTESIAN_POINT('',(25.,25.,294.5));
#7716 = SURFACE_CURVE('',#7717,(#7722,#7729),.PCURVE_S1.);
#7717 = CIRCLE('',#7718,5.5);
#7718 = AXIS2_PLACEMENT_3D('',#7719,#7720,#7721);
#7719 = CARTESIAN_POINT('',(25.,25.,300.));
#7720 = DIRECTION('',(1.,0.,1.110223024625E-16));
#7721 = DIRECTION('',(1.110223024625E-16,0.,-1.));
#7722 = PCURVE('',#7187,#7723);
#7723 = DEFINITIONAL_REPRESENTATION('',(#7724),#7728);
#7724 = LINE('',#7725,#7726);
#7725 = CARTESIAN_POINT('',(0.,26.));
#7726 = VECTOR('',#7727,1.);
#7727 = DIRECTION('',(1.,0.));
#7728 = ( GEOMETRIC_REPRESENTATION_CONTEXT(2) 
PARAMETRIC_REPRESENTATION_CONTEXT() REPRESENTATION_CONTEXT('2D SPACE',''
  ) );
#7729 = PCURVE('',#7573,#7730);
#7730 = DEFINITIONAL_REPRESENTATION('',(#7731),#7735);
#7731 = CIRCLE('',#7732,5.5);
#7732 = AXIS2_PLACEMENT_2D('',#7733,#7734);
#7733 = CARTESIAN_POINT('',(300.,-25.));
#7734 = DIRECTION('',(-1.,0.));
#7735 = ( GEOMETRIC_REPRESENTATION_CONTEXT(2) 
PARAMETRIC_REPRESENTATION_CONTEXT() REPRESENTATION_CONTEXT('2D SPACE',''
  ) );
#7736 = ORIENTED_EDGE('',*,*,#7737,.F.);
#7737 = EDGE_CURVE('',#7171,#7714,#7738,.T.);
#7738 = SEAM_CURVE('',#7739,(#7743,#7750),.PCURVE_S1.);
#7739 = LINE('',#7740,#7741);
#7740 = CARTESIAN_POINT('',(-1.,25.,294.5));
#7741 = VECTOR('',#7742,1.);
#7742 = DIRECTION('',(1.,0.,1.110223024625E-16));
#7743 = PCURVE('',#7187,#7744);
#7744 = DEFINITIONAL_REPRESENTATION('',(#7745),#7749);
#7745 = LINE('',#7746,#7747);
#7746 = CARTESIAN_POINT('',(6.28318530718,-0.));
#7747 = VECTOR('',#7748,1.);
#7748 = DIRECTION('',(0.,1.));
#7749 = ( GEOMETRIC_REPRESENTATION_CONTEXT(2) 
PARAMETRIC_REPRESENTATION_CONTEXT() REPRESENTATION_CONTEXT('2D SPACE',''
  ) );
#7750 = PCURVE('',#7187,#7751);
#7751 = DEFINITIONAL_REPRESENTATION('',(#7752),#7756);
#7752 = LINE('',#7753,#7754);
#7753 = CARTESIAN_POINT('',(0.,-0.));
#7754 = VECTOR('',#7755,1.);
#7755 = DIRECTION('',(0.,1.));
#7756 = ( GEOMETRIC_REPRESENTATION_CONTEXT(2) 
PARAMETRIC_REPRESENTATION_CONTEXT() REPRESENTATION_CONTEXT('2D SPACE',''
  ) );
#7757 = ORIENTED_EDGE('',*,*,#7170,.T.);
#7758 = ORIENTED_EDGE('',*,*,#7737,.T.);
#7759 = ADVANCED_FACE('',(#7760),#7218,.F.);
#7760 = FACE_BOUND('',#7761,.F.);
#7761 = EDGE_LOOP('',(#7762,#7786,#7807,#7808));
#7762 = ORIENTED_EDGE('',*,*,#7763,.F.);
#7763 = EDGE_CURVE('',#7764,#7764,#7766,.T.);
#7764 = VERTEX_POINT('',#7765);
#7765 = CARTESIAN_POINT('',(25.,25.,394.5));
#7766 = SURFACE_CURVE('',#7767,(#7772,#7779),.PCURVE_S1.);
#7767 = CIRCLE('',#7768,5.5);
#7768 = AXIS2_PLACEMENT_3D('',#7769,#7770,#7771);
#7769 = CARTESIAN_POINT('',(25.,25.,400.));
#7770 = DIRECTION('',(1.,0.,1.110223024625E-16));
#7771 = DIRECTION('',(1.110223024625E-16,0.,-1.));
#7772 = PCURVE('',#7218,#7773);
#7773 = DEFINITIONAL_REPRESENTATION('',(#7774),#7778);
#7774 = LINE('',#7775,#7776);
#7775 = CARTESIAN_POINT('',(0.,26.));
#7776 = VECTOR('',#7777,1.);
#7777 = DIRECTION('',(1.,0.));
#7778 = ( GEOMETRIC_REPRESENTATION_CONTEXT(2) 
PARAMETRIC_REPRESENTATION_CONTEXT() REPRESENTATION_CONTEXT('2D SPACE',''
  ) );
#7779 = PCURVE('',#7573,#7780);
#7780 = DEFINITIONAL_REPRESENTATION('',(#7781),#7785);
#7781 = CIRCLE('',#7782,5.5);
#7782 = AXIS2_PLACEMENT_2D('',#7783,#7784);
#7783 = CARTESIAN_POINT('',(400.,-25.));
#7784 = DIRECTION('',(-1.,0.));
#7785 = ( GEOMETRIC_REPRESENTATION_CONTEXT(2) 
PARAMETRIC_REPRESENTATION_CONTEXT() REPRESENTATION_CONTEXT('2D SPACE',''
  ) );
#7786 = ORIENTED_EDGE('',*,*,#7787,.F.);
#7787 = EDGE_CURVE('',#7202,#7764,#7788,.T.);
#7788 = SEAM_CURVE('',#7789,(#7793,#7800),.PCURVE_S1.);
#7789 = LINE('',#7790,#7791);
#7790 = CARTESIAN_POINT('',(-1.,25.,394.5));
#7791 = VECTOR('',#7792,1.);
#7792 = DIRECTION('',(1.,0.,1.110223024625E-16));
#7793 = PCURVE('',#7218,#7794);
#7794 = DEFINITIONAL_REPRESENTATION('',(#7795),#7799);
#7795 = LINE('',#7796,#7797);
#7796 = CARTESIAN_POINT('',(6.28318530718,-0.));
#7797 = VECTOR('',#7798,1.);
#7798 = DIRECTION('',(0.,1.));
#7799 = ( GEOMETRIC_REPRESENTATION_CONTEXT(2) 
PARAMETRIC_REPRESENTATION_CONTEXT() REPRESENTATION_CONTEXT('2D SPACE',''
  ) );
#7800 = PCURVE('',#7218,#7801);
#7801 = DEFINITIONAL_REPRESENTATION('',(#7802),#7806);
#7802 = LINE('',#7803,#7804);
#7803 = CARTESIAN_POINT('',(0.,-0.));
#7804 = VECTOR('',#7805,1.);
#7805 = DIRECTION('',(0.,1.));
#7806 = ( GEOMETRIC_REPRESENTATION_CONTEXT(2) 
PARAMETRIC_REPRESENTATION_CONTEXT() REPRESENTATION_CONTEXT('2D SPACE',''
  ) );
#7807 = ORIENTED_EDGE('',*,*,#7201,.T.);
#7808 = ORIENTED_EDGE('',*,*,#7787,.T.);
#7809 = ADVANCED_FACE('',(#7810),#7249,.F.);
#7810 = FACE_BOUND('',#7811,.F.);
#7811 = EDGE_LOOP('',(#7812,#7836,#7857,#7858));
#7812 = ORIENTED_EDGE('',*,*,#7813,.F.);
#7813 = EDGE_CURVE('',#7814,#7814,#7816,.T.);
#7814 = VERTEX_POINT('',#7815);
#7815 = CARTESIAN_POINT('',(25.,25.,494.5));
#7816 = SURFACE_CURVE('',#7817,(#7822,#7829),.PCURVE_S1.);
#7817 = CIRCLE('',#7818,5.5);
#7818 = AXIS2_PLACEMENT_3D('',#7819,#7820,#7821);
#7819 = CARTESIAN_POINT('',(25.,25.,500.));
#7820 = DIRECTION('',(1.,0.,1.110223024625E-16));
#7821 = DIRECTION('',(1.110223024625E-16,0.,-1.));
#7822 = PCURVE('',#7249,#7823);
#7823 = DEFINITIONAL_REPRESENTATION('',(#7824),#7828);
#7824 = LINE('',#7825,#7826);
#7825 = CARTESIAN_POINT('',(0.,26.));
#7826 = VECTOR('',#7827,1.);
#7827 = DIRECTION('',(1.,0.));
#7828 = ( GEOMETRIC_REPRESENTATION_CONTEXT(2) 
PARAMETRIC_REPRESENTATION_CONTEXT() REPRESENTATION_CONTEXT('2D SPACE',''
  ) );
#7829 = PCURVE('',#7573,#7830);
#7830 = DEFINITIONAL_REPRESENTATION('',(#7831),#7835);
#7831 = CIRCLE('',#7832,5.5);
#7832 = AXIS2_PLACEMENT_2D('',#7833,#7834);
#7833 = CARTESIAN_POINT('',(500.,-25.));
#7834 = DIRECTION('',(-1.,0.));
#7835 = ( GEOMETRIC_REPRESENTATION_CONTEXT(2) 
PARAMETRIC_REPRESENTATION_CONTEXT() REPRESENTATION_CONTEXT('2D SPACE',''
  ) );
#7836 = ORIENTED_EDGE('',*,*,#7837,.F.);
#7837 = EDGE_CURVE('',#7233,#7814,#7838,.T.);
#7838 = SEAM_CURVE('',#7839,(#7843,#7850),.PCURVE_S1.);
#7839 = LINE('',#7840,#7841);
#7840 = CARTESIAN_POINT('',(-1.,25.,494.5));
#7841 = VECTOR('',#7842,1.);
#7842 = DIRECTION('',(1.,0.,1.110223024625E-16));
#7843 = PCURVE('',#7249,#7844);
#7844 = DEFINITIONAL_REPRESENTATION('',(#7845),#7849);
#7845 = LINE('',#7846,#7847);
#7846 = CARTESIAN_POINT('',(6.28318530718,-0.));
#7847 = VECTOR('',#7848,1.);
#7848 = DIRECTION('',(0.,1.));
#7849 = ( GEOMETRIC_REPRESENTATION_CONTEXT(2) 
PARAMETRIC_REPRESENTATION_CONTEXT() REPRESENTATION_CONTEXT('2D SPACE',''
  ) );
#7850 = PCURVE('',#7249,#7851);
#7851 = DEFINITIONAL_REPRESENTATION('',(#7852),#7856);
#7852 = LINE('',#7853,#7854);
#7853 = CARTESIAN_POINT('',(0.,-0.));
#7854 = VECTOR('',#7855,1.);
#7855 = DIRECTION('',(0.,1.));
#7856 = ( GEOMETRIC_REPRESENTATION_CONTEXT(2) 
PARAMETRIC_REPRESENTATION_CONTEXT() REPRESENTATION_CONTEXT('2D SPACE',''
  ) );
#7857 = ORIENTED_EDGE('',*,*,#7232,.T.);
#7858 = ORIENTED_EDGE('',*,*,#7837,.T.);
#7859 = ADVANCED_FACE('',(#7860),#7280,.F.);
#7860 = FACE_BOUND('',#7861,.F.);
#7861 = EDGE_LOOP('',(#7862,#7886,#7907,#7908));
#7862 = ORIENTED_EDGE('',*,*,#7863,.F.);
#7863 = EDGE_CURVE('',#7864,#7864,#7866,.T.);
#7864 = VERTEX_POINT('',#7865);
#7865 = CARTESIAN_POINT('',(25.,25.,594.5));
#7866 = SURFACE_CURVE('',#7867,(#7872,#7879),.PCURVE_S1.);
#7867 = CIRCLE('',#7868,5.5);
#7868 = AXIS2_PLACEMENT_3D('',#7869,#7870,#7871);
#7869 = CARTESIAN_POINT('',(25.,25.,600.));
#7870 = DIRECTION('',(1.,0.,1.110223024625E-16));
#7871 = DIRECTION('',(1.110223024625E-16,0.,-1.));
#7872 = PCURVE('',#7280,#7873);
#7873 = DEFINITIONAL_REPRESENTATION('',(#7874),#7878);
#7874 = LINE('',#7875,#7876);
#7875 = CARTESIAN_POINT('',(0.,26.));
#7876 = VECTOR('',#7877,1.);
#7877 = DIRECTION('',(1.,0.));
#7878 = ( GEOMETRIC_REPRESENTATION_CONTEXT(2) 
PARAMETRIC_REPRESENTATION_CONTEXT() REPRESENTATION_CONTEXT('2D SPACE',''
  ) );
#7879 = PCURVE('',#7573,#7880);
#7880 = DEFINITIONAL_REPRESENTATION('',(#7881),#7885);
#7881 = CIRCLE('',#7882,5.5);
#7882 = AXIS2_PLACEMENT_2D('',#7883,#7884);
#7883 = CARTESIAN_POINT('',(600.,-25.));
#7884 = DIRECTION('',(-1.,0.));
#7885 = ( GEOMETRIC_REPRESENTATION_CONTEXT(2) 
PARAMETRIC_REPRESENTATION_CONTEXT() REPRESENTATION_CONTEXT('2D SPACE',''
  ) );
#7886 = ORIENTED_EDGE('',*,*,#7887,.F.);
#7887 = EDGE_CURVE('',#7264,#7864,#7888,.T.);
#7888 = SEAM_CURVE('',#7889,(#7893,#7900),.PCURVE_S1.);
#7889 = LINE('',#7890,#7891);
#7890 = CARTESIAN_POINT('',(-1.,25.,594.5));
#7891 = VECTOR('',#7892,1.);
#7892 = DIRECTION('',(1.,0.,1.110223024625E-16));
#7893 = PCURVE('',#7280,#7894);
#7894 = DEFINITIONAL_REPRESENTATION('',(#7895),#7899);
#7895 = LINE('',#7896,#7897);
#7896 = CARTESIAN_POINT('',(6.28318530718,-0.));
#7897 = VECTOR('',#7898,1.);
#7898 = DIRECTION('',(0.,1.));
#7899 = ( GEOMETRIC_REPRESENTATION_CONTEXT(2) 
PARAMETRIC_REPRESENTATION_CONTEXT() REPRESENTATION_CONTEXT('2D SPACE',''
  ) );
#7900 = PCURVE('',#7280,#7901);
#7901 = DEFINITIONAL_REPRESENTATION('',(#7902),#7906);
#7902 = LINE('',#7903,#7904);
#7903 = CARTESIAN_POINT('',(0.,-0.));
#7904 = VECTOR('',#7905,1.);
#7905 = DIRECTION('',(0.,1.));
#7906 = ( GEOMETRIC_REPRESENTATION_CONTEXT(2) 
PARAMETRIC_REPRESENTATION_CONTEXT() REPRESENTATION_CONTEXT('2D SPACE',''
  ) );
#7907 = ORIENTED_EDGE('',*,*,#7263,.T.);
#7908 = ORIENTED_EDGE('',*,*,#7887,.T.);
#7909 = ADVANCED_FACE('',(#7910),#7311,.F.);
#7910 = FACE_BOUND('',#7911,.F.);
#7911 = EDGE_LOOP('',(#7912,#7936,#7957,#7958));
#7912 = ORIENTED_EDGE('',*,*,#7913,.F.);
#7913 = EDGE_CURVE('',#7914,#7914,#7916,.T.);
#7914 = VERTEX_POINT('',#7915);
#7915 = CARTESIAN_POINT('',(25.,25.,694.5));
#7916 = SURFACE_CURVE('',#7917,(#7922,#7929),.PCURVE_S1.);
#7917 = CIRCLE('',#7918,5.5);
#7918 = AXIS2_PLACEMENT_3D('',#7919,#7920,#7921);
#7919 = CARTESIAN_POINT('',(25.,25.,700.));
#7920 = DIRECTION('',(1.,0.,1.110223024625E-16));
#7921 = DIRECTION('',(1.110223024625E-16,0.,-1.));
#7922 = PCURVE('',#7311,#7923);
#7923 = DEFINITIONAL_REPRESENTATION('',(#7924),#7928);
#7924 = LINE('',#7925,#7926);
#7925 = CARTESIAN_POINT('',(0.,26.));
#7926 = VECTOR('',#7927,1.);
#7927 = DIRECTION('',(1.,0.));
#7928 = ( GEOMETRIC_REPRESENTATION_CONTEXT(2) 
PARAMETRIC_REPRESENTATION_CONTEXT() REPRESENTATION_CONTEXT('2D SPACE',''
  ) );
#7929 = PCURVE('',#7573,#7930);
#7930 = DEFINITIONAL_REPRESENTATION('',(#7931),#7935);
#7931 = CIRCLE('',#7932,5.5);
#7932 = AXIS2_PLACEMENT_2D('',#7933,#7934);
#7933 = CARTESIAN_POINT('',(700.,-25.));
#7934 = DIRECTION('',(-1.,0.));
#7935 = ( GEOMETRIC_REPRESENTATION_CONTEXT(2) 
PARAMETRIC_REPRESENTATION_CONTEXT() REPRESENTATION_CONTEXT('2D SPACE',''
  ) );
#7936 = ORIENTED_EDGE('',*,*,#7937,.F.);
#7937 = EDGE_CURVE('',#7295,#7914,#7938,.T.);
#7938 = SEAM_CURVE('',#7939,(#7943,#7950),.PCURVE_S1.);
#7939 = LINE('',#7940,#7941);
#7940 = CARTESIAN_POINT('',(-1.,25.,694.5));
#7941 = VECTOR('',#7942,1.);
#7942 = DIRECTION('',(1.,0.,1.110223024625E-16));
#7943 = PCURVE('',#7311,#7944);
#7944 = DEFINITIONAL_REPRESENTATION('',(#7945),#7949);
#7945 = LINE('',#7946,#7947);
#7946 = CARTESIAN_POINT('',(6.28318530718,-0.));
#7947 = VECTOR('',#7948,1.);
#7948 = DIRECTION('',(0.,1.));
#7949 = ( GEOMETRIC_REPRESENTATION_CONTEXT(2) 
PARAMETRIC_REPRESENTATION_CONTEXT() REPRESENTATION_CONTEXT('2D SPACE',''
  ) );
#7950 = PCURVE('',#7311,#7951);
#7951 = DEFINITIONAL_REPRESENTATION('',(#7952),#7956);
#7952 = LINE('',#7953,#7954);
#7953 = CARTESIAN_POINT('',(0.,-0.));
#7954 = VECTOR('',#7955,1.);
#7955 = DIRECTION('',(0.,1.));
#7956 = ( GEOMETRIC_REPRESENTATION_CONTEXT(2) 
PARAMETRIC_REPRESENTATION_CONTEXT() REPRESENTATION_CONTEXT('2D SPACE',''
  ) );
#7957 = ORIENTED_EDGE('',*,*,#7294,.T.);
#7958 = ORIENTED_EDGE('',*,*,#7937,.T.);
#7959 = ADVANCED_FACE('',(#7960),#7342,.F.);
#7960 = FACE_BOUND('',#7961,.F.);
#7961 = EDGE_LOOP('',(#7962,#7986,#8007,#8008));
#7962 = ORIENTED_EDGE('',*,*,#7963,.F.);
#7963 = EDGE_CURVE('',#7964,#7964,#7966,.T.);
#7964 = VERTEX_POINT('',#7965);
#7965 = CARTESIAN_POINT('',(25.,25.,994.5));
#7966 = SURFACE_CURVE('',#7967,(#7972,#7979),.PCURVE_S1.);
#7967 = CIRCLE('',#7968,5.5);
#7968 = AXIS2_PLACEMENT_3D('',#7969,#7970,#7971);
#7969 = CARTESIAN_POINT('',(25.,25.,1.E+03));
#7970 = DIRECTION('',(1.,0.,1.110223024625E-16));
#7971 = DIRECTION('',(1.110223024625E-16,0.,-1.));
#7972 = PCURVE('',#7342,#7973);
#7973 = DEFINITIONAL_REPRESENTATION('',(#7974),#7978);
#7974 = LINE('',#7975,#7976);
#7975 = CARTESIAN_POINT('',(0.,26.));
#7976 = VECTOR('',#7977,1.);
#7977 = DIRECTION('',(1.,0.));
#7978 = ( GEOMETRIC_REPRESENTATION_CONTEXT(2) 
PARAMETRIC_REPRESENTATION_CONTEXT() REPRESENTATION_CONTEXT('2D SPACE',''
  ) );
#7979 = PCURVE('',#7573,#7980);
#7980 = DEFINITIONAL_REPRESENTATION('',(#7981),#7985);
#7981 = CIRCLE('',#7982,5.5);
#7982 = AXIS2_PLACEMENT_2D('',#7983,#7984);
#7983 = CARTESIAN_POINT('',(1.E+03,-25.));
#7984 = DIRECTION('',(-1.,0.));
#7985 = ( GEOMETRIC_REPRESENTATION_CONTEXT(2) 
PARAMETRIC_REPRESENTATION_CONTEXT() REPRESENTATION_CONTEXT('2D SPACE',''
  ) );
#7986 = ORIENTED_EDGE('',*,*,#7987,.F.);
#7987 = EDGE_CURVE('',#7326,#7964,#7988,.T.);
#7988 = SEAM_CURVE('',#7989,(#7993,#8000),.PCURVE_S1.);
#7989 = LINE('',#7990,#7991);
#7990 = CARTESIAN_POINT('',(-1.,25.,994.5));
#7991 = VECTOR('',#7992,1.);
#7992 = DIRECTION('',(1.,0.,1.110223024625E-16));
#7993 = PCURVE('',#7342,#7994);
#7994 = DEFINITIONAL_REPRESENTATION('',(#7995),#7999);
#7995 = LINE('',#7996,#7997);
#7996 = CARTESIAN_POINT('',(6.28318530718,-0.));
#7997 = VECTOR('',#7998,1.);
#7998 = DIRECTION('',(0.,1.));
#7999 = ( GEOMETRIC_REPRESENTATION_CONTEXT(2) 
PARAMETRIC_REPRESENTATION_CONTEXT() REPRESENTATION_CONTEXT('2D SPACE',''
  ) );
#8000 = PCURVE('',#7342,#8001);
#8001 = DEFINITIONAL_REPRESENTATION('',(#8002),#8006);
#8002 = LINE('',#8003,#8004);
#8003 = CARTESIAN_POINT('',(0.,-0.));
#8004 = VECTOR('',#8005,1.);
#8005 = DIRECTION('',(0.,1.));
#8006 = ( GEOMETRIC_REPRESENTATION_CONTEXT(2) 
PARAMETRIC_REPRESENTATION_CONTEXT() REPRESENTATION_CONTEXT('2D SPACE',''
  ) );
#8007 = ORIENTED_EDGE('',*,*,#7325,.T.);
#8008 = ORIENTED_EDGE('',*,*,#7987,.T.);
#8009 = ADVANCED_FACE('',(#8010),#7373,.F.);
#8010 = FACE_BOUND('',#8011,.F.);
#8011 = EDGE_LOOP('',(#8012,#8036,#8057,#8058));
#8012 = ORIENTED_EDGE('',*,*,#8013,.F.);
#8013 = EDGE_CURVE('',#8014,#8014,#8016,.T.);
#8014 = VERTEX_POINT('',#8015);
#8015 = CARTESIAN_POINT('',(25.,25.,1.1945E+03));
#8016 = SURFACE_CURVE('',#8017,(#8022,#8029),.PCURVE_S1.);
#8017 = CIRCLE('',#8018,5.5);
#8018 = AXIS2_PLACEMENT_3D('',#8019,#8020,#8021);
#8019 = CARTESIAN_POINT('',(25.,25.,1.2E+03));
#8020 = DIRECTION('',(1.,0.,1.110223024625E-16));
#8021 = DIRECTION('',(1.110223024625E-16,0.,-1.));
#8022 = PCURVE('',#7373,#8023);
#8023 = DEFINITIONAL_REPRESENTATION('',(#8024),#8028);
#8024 = LINE('',#8025,#8026);
#8025 = CARTESIAN_POINT('',(0.,26.));
#8026 = VECTOR('',#8027,1.);
#8027 = DIRECTION('',(1.,0.));
#8028 = ( GEOMETRIC_REPRESENTATION_CONTEXT(2) 
PARAMETRIC_REPRESENTATION_CONTEXT() REPRESENTATION_CONTEXT('2D SPACE',''
  ) );
#8029 = PCURVE('',#7573,#8030);
#8030 = DEFINITIONAL_REPRESENTATION('',(#8031),#8035);
#8031 = CIRCLE('',#8032,5.5);
#8032 = AXIS2_PLACEMENT_2D('',#8033,#8034);
#8033 = CARTESIAN_POINT('',(1.2E+03,-25.));
#8034 = DIRECTION('',(-1.,0.));
#8035 = ( GEOMETRIC_REPRESENTATION_CONTEXT(2) 
PARAMETRIC_REPRESENTATION_CONTEXT() REPRESENTATION_CONTEXT('2D SPACE',''
  ) );
#8036 = ORIENTED_EDGE('',*,*,#8037,.F.);
#8037 = EDGE_CURVE('',#7357,#8014,#8038,.T.);
#8038 = SEAM_CURVE('',#8039,(#8043,#8050),.PCURVE_S1.);
#8039 = LINE('',#8040,#8041);
#8040 = CARTESIAN_POINT('',(-1.,25.,1.1945E+03));
#8041 = VECTOR('',#8042,1.);
#8042 = DIRECTION('',(1.,0.,1.110223024625E-16));
#8043 = PCURVE('',#7373,#8044);
#8044 = DEFINITIONAL_REPRESENTATION('',(#8045),#8049);
#8045 = LINE('',#8046,#8047);
#8046 = CARTESIAN_POINT('',(6.28318530718,-0.));
#8047 = VECTOR('',#8048,1.);
#8048 = DIRECTION('',(0.,1.));
#8049 = ( GEOMETRIC_REPRESENTATION_CONTEXT(2) 
PARAMETRIC_REPRESENTATION_CONTEXT() REPRESENTATION_CONTEXT('2D SPACE',''
  ) );
#8050 = PCURVE('',#7373,#8051);
#8051 = DEFINITIONAL_REPRESENTATION('',(#8052),#8056);
#8052 = LINE('',#8053,#8054);
#8053 = CARTESIAN_POINT('',(0.,-0.));
#8054 = VECTOR('',#8055,1.);
#8055 = DIRECTION('',(0.,1.));
#8056 = ( GEOMETRIC_REPRESENTATION_CONTEXT(2) 
PARAMETRIC_REPRESENTATION_CONTEXT() REPRESENTATION_CONTEXT('2D SPACE',''
  ) );
#8057 = ORIENTED_EDGE('',*,*,#7356,.T.);
#8058 = ORIENTED_EDGE('',*,*,#8037,.T.);
#8059 = ADVANCED_FACE('',(#8060),#7404,.F.);
#8060 = FACE_BOUND('',#8061,.F.);
#8061 = EDGE_LOOP('',(#8062,#8086,#8107,#8108));
#8062 = ORIENTED_EDGE('',*,*,#8063,.F.);
#8063 = EDGE_CURVE('',#8064,#8064,#8066,.T.);
#8064 = VERTEX_POINT('',#8065);
#8065 = CARTESIAN_POINT('',(25.,25.,1.2945E+03));
#8066 = SURFACE_CURVE('',#8067,(#8072,#8079),.PCURVE_S1.);
#8067 = CIRCLE('',#8068,5.5);
#8068 = AXIS2_PLACEMENT_3D('',#8069,#8070,#8071);
#8069 = CARTESIAN_POINT('',(25.,25.,1.3E+03));
#8070 = DIRECTION('',(1.,0.,1.110223024625E-16));
#8071 = DIRECTION('',(1.110223024625E-16,0.,-1.));
#8072 = PCURVE('',#7404,#8073);
#8073 = DEFINITIONAL_REPRESENTATION('',(#8074),#8078);
#8074 = LINE('',#8075,#8076);
#8075 = CARTESIAN_POINT('',(0.,26.));
#8076 = VECTOR('',#8077,1.);
#8077 = DIRECTION('',(1.,0.));
#8078 = ( GEOMETRIC_REPRESENTATION_CONTEXT(2) 
PARAMETRIC_REPRESENTATION_CONTEXT() REPRESENTATION_CONTEXT('2D SPACE',''
  ) );
#8079 = PCURVE('',#7573,#8080);
#8080 = DEFINITIONAL_REPRESENTATION('',(#8081),#8085);
#8081 = CIRCLE('',#8082,5.5);
#8082 = AXIS2_PLACEMENT_2D('',#8083,#8084);
#8083 = CARTESIAN_POINT('',(1.3E+03,-25.));
#8084 = DIRECTION('',(-1.,0.));
#8085 = ( GEOMETRIC_REPRESENTATION_CONTEXT(2) 
PARAMETRIC_REPRESENTATION_CONTEXT() REPRESENTATION_CONTEXT('2D SPACE',''
  ) );
#8086 = ORIENTED_EDGE('',*,*,#8087,.F.);
#8087 = EDGE_CURVE('',#7388,#8064,#8088,.T.);
#8088 = SEAM_CURVE('',#8089,(#8093,#8100),.PCURVE_S1.);
#8089 = LINE('',#8090,#8091);
#8090 = CARTESIAN_POINT('',(-1.,25.,1.2945E+03));
#8091 = VECTOR('',#8092,1.);
#8092 = DIRECTION('',(1.,0.,1.110223024625E-16));
#8093 = PCURVE('',#7404,#8094);
#8094 = DEFINITIONAL_REPRESENTATION('',(#8095),#8099);
#8095 = LINE('',#8096,#8097);
#8096 = CARTESIAN_POINT('',(6.28318530718,-0.));
#8097 = VECTOR('',#8098,1.);
#8098 = DIRECTION('',(0.,1.));
#8099 = ( GEOMETRIC_REPRESENTATION_CONTEXT(2) 
PARAMETRIC_REPRESENTATION_CONTEXT() REPRESENTATION_CONTEXT('2D SPACE',''
  ) );
#8100 = PCURVE('',#7404,#8101);
#8101 = DEFINITIONAL_REPRESENTATION('',(#8102),#8106);
#8102 = LINE('',#8103,#8104);
#8103 = CARTESIAN_POINT('',(0.,-0.));
#8104 = VECTOR('',#8105,1.);
#8105 = DIRECTION('',(0.,1.));
#8106 = ( GEOMETRIC_REPRESENTATION_CONTEXT(2) 
PARAMETRIC_REPRESENTATION_CONTEXT() REPRESENTATION_CONTEXT('2D SPACE',''
  ) );
#8107 = ORIENTED_EDGE('',*,*,#7387,.T.);
#8108 = ORIENTED_EDGE('',*,*,#8087,.T.);
#8109 = ADVANCED_FACE('',(#8110),#7435,.F.);
#8110 = FACE_BOUND('',#8111,.F.);
#8111 = EDGE_LOOP('',(#8112,#8136,#8157,#8158));
#8112 = ORIENTED_EDGE('',*,*,#8113,.F.);
#8113 = EDGE_CURVE('',#8114,#8114,#8116,.T.);
#8114 = VERTEX_POINT('',#8115);
#8115 = CARTESIAN_POINT('',(25.,25.,1.6945E+03));
#8116 = SURFACE_CURVE('',#8117,(#8122,#8129),.PCURVE_S1.);
#8117 = CIRCLE('',#8118,5.5);
#8118 = AXIS2_PLACEMENT_3D('',#8119,#8120,#8121);
#8119 = CARTESIAN_POINT('',(25.,25.,1.7E+03));
#8120 = DIRECTION('',(1.,0.,1.110223024625E-16));
#8121 = DIRECTION('',(1.110223024625E-16,0.,-1.));
#8122 = PCURVE('',#7435,#8123);
#8123 = DEFINITIONAL_REPRESENTATION('',(#8124),#8128);
#8124 = LINE('',#8125,#8126);
#8125 = CARTESIAN_POINT('',(0.,26.));
#8126 = VECTOR('',#8127,1.);
#8127 = DIRECTION('',(1.,0.));
#8128 = ( GEOMETRIC_REPRESENTATION_CONTEXT(2) 
PARAMETRIC_REPRESENTATION_CONTEXT() REPRESENTATION_CONTEXT('2D SPACE',''
  ) );
#8129 = PCURVE('',#7573,#8130);
#8130 = DEFINITIONAL_REPRESENTATION('',(#8131),#8135);
#8131 = CIRCLE('',#8132,5.5);
#8132 = AXIS2_PLACEMENT_2D('',#8133,#8134);
#8133 = CARTESIAN_POINT('',(1.7E+03,-25.));
#8134 = DIRECTION('',(-1.,0.));
#8135 = ( GEOMETRIC_REPRESENTATION_CONTEXT(2) 
PARAMETRIC_REPRESENTATION_CONTEXT() REPRESENTATION_CONTEXT('2D SPACE',''
  ) );
#8136 = ORIENTED_EDGE('',*,*,#8137,.F.);
#8137 = EDGE_CURVE('',#7419,#8114,#8138,.T.);
#8138 = SEAM_CURVE('',#8139,(#8143,#8150),.PCURVE_S1.);
#8139 = LINE('',#8140,#8141);
#8140 = CARTESIAN_POINT('',(-1.,25.,1.6945E+03));
#8141 = VECTOR('',#8142,1.);
#8142 = DIRECTION('',(1.,0.,1.110223024625E-16));
#8143 = PCURVE('',#7435,#8144);
#8144 = DEFINITIONAL_REPRESENTATION('',(#8145),#8149);
#8145 = LINE('',#8146,#8147);
#8146 = CARTESIAN_POINT('',(6.28318530718,-0.));
#8147 = VECTOR('',#8148,1.);
#8148 = DIRECTION('',(0.,1.));
#8149 = ( GEOMETRIC_REPRESENTATION_CONTEXT(2) 
PARAMETRIC_REPRESENTATION_CONTEXT() REPRESENTATION_CONTEXT('2D SPACE',''
  ) );
#8150 = PCURVE('',#7435,#8151);
#8151 = DEFINITIONAL_REPRESENTATION('',(#8152),#8156);
#8152 = LINE('',#8153,#8154);
#8153 = CARTESIAN_POINT('',(0.,-0.));
#8154 = VECTOR('',#8155,1.);
#8155 = DIRECTION('',(0.,1.));
#8156 = ( GEOMETRIC_REPRESENTATION_CONTEXT(2) 
PARAMETRIC_REPRESENTATION_CONTEXT() REPRESENTATION_CONTEXT('2D SPACE',''
  ) );
#8157 = ORIENTED_EDGE('',*,*,#7418,.T.);
#8158 = ORIENTED_EDGE('',*,*,#8137,.T.);
#8159 = ADVANCED_FACE('',(#8160),#7466,.F.);
#8160 = FACE_BOUND('',#8161,.F.);
#8161 = EDGE_LOOP('',(#8162,#8186,#8207,#8208));
#8162 = ORIENTED_EDGE('',*,*,#8163,.F.);
#8163 = EDGE_CURVE('',#8164,#8164,#8166,.T.);
#8164 = VERTEX_POINT('',#8165);
#8165 = CARTESIAN_POINT('',(25.,25.,1.7945E+03));
#8166 = SURFACE_CURVE('',#8167,(#8172,#8179),.PCURVE_S1.);
#8167 = CIRCLE('',#8168,5.5);
#8168 = AXIS2_PLACEMENT_3D('',#8169,#8170,#8171);
#8169 = CARTESIAN_POINT('',(25.,25.,1.8E+03));
#8170 = DIRECTION('',(1.,0.,1.110223024625E-16));
#8171 = DIRECTION('',(1.110223024625E-16,0.,-1.));
#8172 = PCURVE('',#7466,#8173);
#8173 = DEFINITIONAL_REPRESENTATION('',(#8174),#8178);
#8174 = LINE('',#8175,#8176);
#8175 = CARTESIAN_POINT('',(0.,26.));
#8176 = VECTOR('',#8177,1.);
#8177 = DIRECTION('',(1.,0.));
#8178 = ( GEOMETRIC_REPRESENTATION_CONTEXT(2) 
PARAMETRIC_REPRESENTATION_CONTEXT() REPRESENTATION_CONTEXT('2D SPACE',''
  ) );
#8179 = PCURVE('',#7573,#8180);
#8180 = DEFINITIONAL_REPRESENTATION('',(#8181),#8185);
#8181 = CIRCLE('',#8182,5.5);
#8182 = AXIS2_PLACEMENT_2D('',#8183,#8184);
#8183 = CARTESIAN_POINT('',(1.8E+03,-25.));
#8184 = DIRECTION('',(-1.,0.));
#8185 = ( GEOMETRIC_REPRESENTATION_CONTEXT(2) 
PARAMETRIC_REPRESENTATION_CONTEXT() REPRESENTATION_CONTEXT('2D SPACE',''
  ) );
#8186 = ORIENTED_EDGE('',*,*,#8187,.F.);
#8187 = EDGE_CURVE('',#7450,#8164,#8188,.T.);
#8188 = SEAM_CURVE('',#8189,(#8193,#8200),.PCURVE_S1.);
#8189 = LINE('',#8190,#8191);
#8190 = CARTESIAN_POINT('',(-1.,25.,1.7945E+03));
#8191 = VECTOR('',#8192,1.);
#8192 = DIRECTION('',(1.,0.,1.110223024625E-16));
#8193 = PCURVE('',#7466,#8194);
#8194 = DEFINITIONAL_REPRESENTATION('',(#8195),#8199);
#8195 = LINE('',#8196,#8197);
#8196 = CARTESIAN_POINT('',(6.28318530718,-0.));
#8197 = VECTOR('',#8198,1.);
#8198 = DIRECTION('',(0.,1.));
#8199 = ( GEOMETRIC_REPRESENTATION_CONTEXT(2) 
PARAMETRIC_REPRESENTATION_CONTEXT() REPRESENTATION_CONTEXT('2D SPACE',''
  ) );
#8200 = PCURVE('',#7466,#8201);
#8201 = DEFINITIONAL_REPRESENTATION('',(#8202),#8206);
#8202 = LINE('',#8203,#8204);
#8203 = CARTESIAN_POINT('',(0.,-0.));
#8204 = VECTOR('',#8205,1.);
#8205 = DIRECTION('',(0.,1.));
#8206 = ( GEOMETRIC_REPRESENTATION_CONTEXT(2) 
PARAMETRIC_REPRESENTATION_CONTEXT() REPRESENTATION_CONTEXT('2D SPACE',''
  ) );
#8207 = ORIENTED_EDGE('',*,*,#7449,.T.);
#8208 = ORIENTED_EDGE('',*,*,#8187,.T.);
#8209 = ADVANCED_FACE('',(#8210),#7497,.F.);
#8210 = FACE_BOUND('',#8211,.F.);
#8211 = EDGE_LOOP('',(#8212,#8236,#8257,#8258));
#8212 = ORIENTED_EDGE('',*,*,#8213,.F.);
#8213 = EDGE_CURVE('',#8214,#8214,#8216,.T.);
#8214 = VERTEX_POINT('',#8215);
#8215 = CARTESIAN_POINT('',(25.,25.,1.8945E+03));
#8216 = SURFACE_CURVE('',#8217,(#8222,#8229),.PCURVE_S1.);
#8217 = CIRCLE('',#8218,5.5);
#8218 = AXIS2_PLACEMENT_3D('',#8219,#8220,#8221);
#8219 = CARTESIAN_POINT('',(25.,25.,1.9E+03));
#8220 = DIRECTION('',(1.,0.,1.110223024625E-16));
#8221 = DIRECTION('',(1.110223024625E-16,0.,-1.));
#8222 = PCURVE('',#7497,#8223);
#8223 = DEFINITIONAL_REPRESENTATION('',(#8224),#8228);
#8224 = LINE('',#8225,#8226);
#8225 = CARTESIAN_POINT('',(0.,26.));
#8226 = VECTOR('',#8227,1.);
#8227 = DIRECTION('',(1.,0.));
#8228 = ( GEOMETRIC_REPRESENTATION_CONTEXT(2) 
PARAMETRIC_REPRESENTATION_CONTEXT() REPRESENTATION_CONTEXT('2D SPACE',''
  ) );
#8229 = PCURVE('',#7573,#8230);
#8230 = DEFINITIONAL_REPRESENTATION('',(#8231),#8235);
#8231 = CIRCLE('',#8232,5.5);
#8232 = AXIS2_PLACEMENT_2D('',#8233,#8234);
#8233 = CARTESIAN_POINT('',(1.9E+03,-25.));
#8234 = DIRECTION('',(-1.,0.));
#8235 = ( GEOMETRIC_REPRESENTATION_CONTEXT(2) 
PARAMETRIC_REPRESENTATION_CONTEXT() REPRESENTATION_CONTEXT('2D SPACE',''
  ) );
#8236 = ORIENTED_EDGE('',*,*,#8237,.F.);
#8237 = EDGE_CURVE('',#7481,#8214,#8238,.T.);
#8238 = SEAM_CURVE('',#8239,(#8243,#8250),.PCURVE_S1.);
#8239 = LINE('',#8240,#8241);
#8240 = CARTESIAN_POINT('',(-1.,25.,1.8945E+03));
#8241 = VECTOR('',#8242,1.);
#8242 = DIRECTION('',(1.,0.,1.110223024625E-16));
#8243 = PCURVE('',#7497,#8244);
#8244 = DEFINITIONAL_REPRESENTATION('',(#8245),#8249);
#8245 = LINE('',#8246,#8247);
#8246 = CARTESIAN_POINT('',(6.28318530718,-0.));
#8247 = VECTOR('',#8248,1.);
#8248 = DIRECTION('',(0.,1.));
#8249 = ( GEOMETRIC_REPRESENTATION_CONTEXT(2) 
PARAMETRIC_REPRESENTATION_CONTEXT() REPRESENTATION_CONTEXT('2D SPACE',''
  ) );
#8250 = PCURVE('',#7497,#8251);
#8251 = DEFINITIONAL_REPRESENTATION('',(#8252),#8256);
#8252 = LINE('',#8253,#8254);
#8253 = CARTESIAN_POINT('',(0.,-0.));
#8254 = VECTOR('',#8255,1.);
#8255 = DIRECTION('',(0.,1.));
#8256 = ( GEOMETRIC_REPRESENTATION_CONTEXT(2) 
PARAMETRIC_REPRESENTATION_CONTEXT() REPRESENTATION_CONTEXT('2D SPACE',''
  ) );
#8257 = ORIENTED_EDGE('',*,*,#7480,.T.);
#8258 = ORIENTED_EDGE('',*,*,#8237,.T.);
#8259 = ADVANCED_FACE('',(#8260,#8266,#8269,#8272,#8275,#8278,#8281,
    #8284,#8287,#8290,#8293,#8296),#7573,.T.);
#8260 = FACE_BOUND('',#8261,.T.);
#8261 = EDGE_LOOP('',(#8262,#8263,#8264,#8265));
#8262 = ORIENTED_EDGE('',*,*,#7559,.F.);
#8263 = ORIENTED_EDGE('',*,*,#7639,.T.);
#8264 = ORIENTED_EDGE('',*,*,#7689,.T.);
#8265 = ORIENTED_EDGE('',*,*,#7590,.F.);
#8266 = FACE_BOUND('',#8267,.T.);
#8267 = EDGE_LOOP('',(#8268));
#8268 = ORIENTED_EDGE('',*,*,#7713,.F.);
#8269 = FACE_BOUND('',#8270,.T.);
#8270 = EDGE_LOOP('',(#8271));
#8271 = ORIENTED_EDGE('',*,*,#7763,.F.);
#8272 = FACE_BOUND('',#8273,.T.);
#8273 = EDGE_LOOP('',(#8274));
#8274 = ORIENTED_EDGE('',*,*,#7813,.F.);
#8275 = FACE_BOUND('',#8276,.T.);
#8276 = EDGE_LOOP('',(#8277));
#8277 = ORIENTED_EDGE('',*,*,#7863,.F.);
#8278 = FACE_BOUND('',#8279,.T.);
#8279 = EDGE_LOOP('',(#8280));
#8280 = ORIENTED_EDGE('',*,*,#7913,.F.);
#8281 = FACE_BOUND('',#8282,.T.);
#8282 = EDGE_LOOP('',(#8283));
#8283 = ORIENTED_EDGE('',*,*,#7963,.F.);
#8284 = FACE_BOUND('',#8285,.T.);
#8285 = EDGE_LOOP('',(#8286));
#8286 = ORIENTED_EDGE('',*,*,#8013,.F.);
#8287 = FACE_BOUND('',#8288,.T.);
#8288 = EDGE_LOOP('',(#8289));
#8289 = ORIENTED_EDGE('',*,*,#8063,.F.);
#8290 = FACE_BOUND('',#8291,.T.);
#8291 = EDGE_LOOP('',(#8292));
#8292 = ORIENTED_EDGE('',*,*,#8113,.F.);
#8293 = FACE_BOUND('',#8294,.T.);
#8294 = EDGE_LOOP('',(#8295));
#8295 = ORIENTED_EDGE('',*,*,#8163,.F.);
#8296 = FACE_BOUND('',#8297,.T.);
#8297 = EDGE_LOOP('',(#8298));
#8298 = ORIENTED_EDGE('',*,*,#8213,.F.);
#8299 = ( GEOMETRIC_REPRESENTATION_CONTEXT(3) 
GLOBAL_UNCERTAINTY_ASSIGNED_CONTEXT((#8303)) 
GLOBAL_UNIT_ASSIGNED_CONTEXT((#8300,#8301,#8302)) REPRESENTATION_CONTEXT
('Context #1','3D Context with UNIT and UNCERTAINTY') );
#8300 = ( LENGTH_UNIT() NAMED_UNIT(*) SI_UNIT(.MILLI.,.METRE.) );
#8301 = ( NAMED_UNIT(*) PLANE_ANGLE_UNIT() SI_UNIT($,.RADIAN.) );
#8302 = ( NAMED_UNIT(*) SI_UNIT($,.STERADIAN.) SOLID_ANGLE_UNIT() );
#8303 = UNCERTAINTY_MEASURE_WITH_UNIT(LENGTH_MEASURE(1.E-07),#8300,
  'distance_accuracy_value','confusion accuracy');
#8304 = CONTEXT_DEPENDENT_SHAPE_REPRESENTATION(#8305,#8307);
#8305 = ( REPRESENTATION_RELATIONSHIP('','',#7044,#10) 
REPRESENTATION_RELATIONSHIP_WITH_TRANSFORMATION(#8306) 
SHAPE_REPRESENTATION_RELATIONSHIP() );
#8306 = ITEM_DEFINED_TRANSFORMATION('','',#11,#63);
#8307 = PRODUCT_DEFINITION_SHAPE('Placement','Placement of an item',
  #8308);
#8308 = NEXT_ASSEMBLY_USAGE_OCCURRENCE('836',
  '\X2\04410442043E0439043A0430\X0\_\X2\0449043804420430\X0\_25\X2\0445\X0\50\X2\0445\X0\2400','',#5,
  #7039,$);
#8309 = PRODUCT_RELATED_PRODUCT_CATEGORY('part',$,(#7041));
#8310 = SHAPE_DEFINITION_REPRESENTATION(#8311,#8317);
#8311 = PRODUCT_DEFINITION_SHAPE('','',#8312);
#8312 = PRODUCT_DEFINITION('design','',#8313,#8316);
#8313 = PRODUCT_DEFINITION_FORMATION('','',#8314);
#8314 = PRODUCT(
  '\X2\04410442043E0439043A0430\X0\_\X2\0449043804420430\X0\_25\X2\0445\X0\50\X2\0445\X0\2400',
  '\X2\04410442043E0439043A0430\X0\_\X2\0449043804420430\X0\_25\X2\0445\X0\50\X2\0445\X0\2400','',(#8315
    ));
#8315 = PRODUCT_CONTEXT('',#2,'mechanical');
#8316 = PRODUCT_DEFINITION_CONTEXT('part definition',#2,'design');
#8317 = ADVANCED_BREP_SHAPE_REPRESENTATION('',(#11,#8318),#9572);
#8318 = MANIFOLD_SOLID_BREP('',#8319);
#8319 = CLOSED_SHELL('',(#8320,#8781,#8857,#8906,#8955,#8982,#9032,#9082
    ,#9132,#9182,#9232,#9282,#9332,#9382,#9432,#9482,#9532));
#8320 = ADVANCED_FACE('',(#8321,#8440,#8471,#8502,#8533,#8564,#8595,
    #8626,#8657,#8688,#8719,#8750),#8335,.F.);
#8321 = FACE_BOUND('',#8322,.F.);
#8322 = EDGE_LOOP('',(#8323,#8358,#8386,#8414));
#8323 = ORIENTED_EDGE('',*,*,#8324,.F.);
#8324 = EDGE_CURVE('',#8325,#8327,#8329,.T.);
#8325 = VERTEX_POINT('',#8326);
#8326 = CARTESIAN_POINT('',(972.,0.,0.));
#8327 = VERTEX_POINT('',#8328);
#8328 = CARTESIAN_POINT('',(972.,0.,2.4E+03));
#8329 = SURFACE_CURVE('',#8330,(#8334,#8346),.PCURVE_S1.);
#8330 = LINE('',#8331,#8332);
#8331 = CARTESIAN_POINT('',(972.,0.,0.));
#8332 = VECTOR('',#8333,1.);
#8333 = DIRECTION('',(0.,0.,1.));
#8334 = PCURVE('',#8335,#8340);
#8335 = PLANE('',#8336);
#8336 = AXIS2_PLACEMENT_3D('',#8337,#8338,#8339);
#8337 = CARTESIAN_POINT('',(972.,0.,0.));
#8338 = DIRECTION('',(1.,0.,-0.));
#8339 = DIRECTION('',(0.,0.,1.));
#8340 = DEFINITIONAL_REPRESENTATION('',(#8341),#8345);
#8341 = LINE('',#8342,#8343);
#8342 = CARTESIAN_POINT('',(0.,0.));
#8343 = VECTOR('',#8344,1.);
#8344 = DIRECTION('',(1.,0.));
#8345 = ( GEOMETRIC_REPRESENTATION_CONTEXT(2) 
PARAMETRIC_REPRESENTATION_CONTEXT() REPRESENTATION_CONTEXT('2D SPACE',''
  ) );
#8346 = PCURVE('',#8347,#8352);
#8347 = PLANE('',#8348);
#8348 = AXIS2_PLACEMENT_3D('',#8349,#8350,#8351);
#8349 = CARTESIAN_POINT('',(972.,0.,0.));
#8350 = DIRECTION('',(-0.,1.,0.));
#8351 = DIRECTION('',(0.,0.,1.));
#8352 = DEFINITIONAL_REPRESENTATION('',(#8353),#8357);
#8353 = LINE('',#8354,#8355);
#8354 = CARTESIAN_POINT('',(0.,0.));
#8355 = VECTOR('',#8356,1.);
#8356 = DIRECTION('',(1.,0.));
#8357 = ( GEOMETRIC_REPRESENTATION_CONTEXT(2) 
PARAMETRIC_REPRESENTATION_CONTEXT() REPRESENTATION_CONTEXT('2D SPACE',''
  ) );
#8358 = ORIENTED_EDGE('',*,*,#8359,.T.);
#8359 = EDGE_CURVE('',#8325,#8360,#8362,.T.);
#8360 = VERTEX_POINT('',#8361);
#8361 = CARTESIAN_POINT('',(972.,50.,0.));
#8362 = SURFACE_CURVE('',#8363,(#8367,#8374),.PCURVE_S1.);
#8363 = LINE('',#8364,#8365);
#8364 = CARTESIAN_POINT('',(972.,0.,0.));
#8365 = VECTOR('',#8366,1.);
#8366 = DIRECTION('',(-0.,1.,0.));
#8367 = PCURVE('',#8335,#8368);
#8368 = DEFINITIONAL_REPRESENTATION('',(#8369),#8373);
#8369 = LINE('',#8370,#8371);
#8370 = CARTESIAN_POINT('',(0.,0.));
#8371 = VECTOR('',#8372,1.);
#8372 = DIRECTION('',(0.,-1.));
#8373 = ( GEOMETRIC_REPRESENTATION_CONTEXT(2) 
PARAMETRIC_REPRESENTATION_CONTEXT() REPRESENTATION_CONTEXT('2D SPACE',''
  ) );
#8374 = PCURVE('',#8375,#8380);
#8375 = PLANE('',#8376);
#8376 = AXIS2_PLACEMENT_3D('',#8377,#8378,#8379);
#8377 = CARTESIAN_POINT('',(972.,0.,0.));
#8378 = DIRECTION('',(0.,0.,1.));
#8379 = DIRECTION('',(1.,0.,-0.));
#8380 = DEFINITIONAL_REPRESENTATION('',(#8381),#8385);
#8381 = LINE('',#8382,#8383);
#8382 = CARTESIAN_POINT('',(0.,0.));
#8383 = VECTOR('',#8384,1.);
#8384 = DIRECTION('',(0.,1.));
#8385 = ( GEOMETRIC_REPRESENTATION_CONTEXT(2) 
PARAMETRIC_REPRESENTATION_CONTEXT() REPRESENTATION_CONTEXT('2D SPACE',''
  ) );
#8386 = ORIENTED_EDGE('',*,*,#8387,.T.);
#8387 = EDGE_CURVE('',#8360,#8388,#8390,.T.);
#8388 = VERTEX_POINT('',#8389);
#8389 = CARTESIAN_POINT('',(972.,50.,2.4E+03));
#8390 = SURFACE_CURVE('',#8391,(#8395,#8402),.PCURVE_S1.);
#8391 = LINE('',#8392,#8393);
#8392 = CARTESIAN_POINT('',(972.,50.,0.));
#8393 = VECTOR('',#8394,1.);
#8394 = DIRECTION('',(0.,0.,1.));
#8395 = PCURVE('',#8335,#8396);
#8396 = DEFINITIONAL_REPRESENTATION('',(#8397),#8401);
#8397 = LINE('',#8398,#8399);
#8398 = CARTESIAN_POINT('',(0.,-50.));
#8399 = VECTOR('',#8400,1.);
#8400 = DIRECTION('',(1.,0.));
#8401 = ( GEOMETRIC_REPRESENTATION_CONTEXT(2) 
PARAMETRIC_REPRESENTATION_CONTEXT() REPRESENTATION_CONTEXT('2D SPACE',''
  ) );
#8402 = PCURVE('',#8403,#8408);
#8403 = PLANE('',#8404);
#8404 = AXIS2_PLACEMENT_3D('',#8405,#8406,#8407);
#8405 = CARTESIAN_POINT('',(972.,50.,0.));
#8406 = DIRECTION('',(-0.,1.,0.));
#8407 = DIRECTION('',(0.,0.,1.));
#8408 = DEFINITIONAL_REPRESENTATION('',(#8409),#8413);
#8409 = LINE('',#8410,#8411);
#8410 = CARTESIAN_POINT('',(0.,0.));
#8411 = VECTOR('',#8412,1.);
#8412 = DIRECTION('',(1.,0.));
#8413 = ( GEOMETRIC_REPRESENTATION_CONTEXT(2) 
PARAMETRIC_REPRESENTATION_CONTEXT() REPRESENTATION_CONTEXT('2D SPACE',''
  ) );
#8414 = ORIENTED_EDGE('',*,*,#8415,.F.);
#8415 = EDGE_CURVE('',#8327,#8388,#8416,.T.);
#8416 = SURFACE_CURVE('',#8417,(#8421,#8428),.PCURVE_S1.);
#8417 = LINE('',#8418,#8419);
#8418 = CARTESIAN_POINT('',(972.,0.,2.4E+03));
#8419 = VECTOR('',#8420,1.);
#8420 = DIRECTION('',(-0.,1.,0.));
#8421 = PCURVE('',#8335,#8422);
#8422 = DEFINITIONAL_REPRESENTATION('',(#8423),#8427);
#8423 = LINE('',#8424,#8425);
#8424 = CARTESIAN_POINT('',(2.4E+03,0.));
#8425 = VECTOR('',#8426,1.);
#8426 = DIRECTION('',(0.,-1.));
#8427 = ( GEOMETRIC_REPRESENTATION_CONTEXT(2) 
PARAMETRIC_REPRESENTATION_CONTEXT() REPRESENTATION_CONTEXT('2D SPACE',''
  ) );
#8428 = PCURVE('',#8429,#8434);
#8429 = PLANE('',#8430);
#8430 = AXIS2_PLACEMENT_3D('',#8431,#8432,#8433);
#8431 = CARTESIAN_POINT('',(972.,0.,2.4E+03));
#8432 = DIRECTION('',(0.,0.,1.));
#8433 = DIRECTION('',(1.,0.,-0.));
#8434 = DEFINITIONAL_REPRESENTATION('',(#8435),#8439);
#8435 = LINE('',#8436,#8437);
#8436 = CARTESIAN_POINT('',(0.,0.));
#8437 = VECTOR('',#8438,1.);
#8438 = DIRECTION('',(0.,1.));
#8439 = ( GEOMETRIC_REPRESENTATION_CONTEXT(2) 
PARAMETRIC_REPRESENTATION_CONTEXT() REPRESENTATION_CONTEXT('2D SPACE',''
  ) );
#8440 = FACE_BOUND('',#8441,.F.);
#8441 = EDGE_LOOP('',(#8442));
#8442 = ORIENTED_EDGE('',*,*,#8443,.F.);
#8443 = EDGE_CURVE('',#8444,#8444,#8446,.T.);
#8444 = VERTEX_POINT('',#8445);
#8445 = CARTESIAN_POINT('',(972.,25.,294.5));
#8446 = SURFACE_CURVE('',#8447,(#8452,#8459),.PCURVE_S1.);
#8447 = CIRCLE('',#8448,5.5);
#8448 = AXIS2_PLACEMENT_3D('',#8449,#8450,#8451);
#8449 = CARTESIAN_POINT('',(972.,25.,300.));
#8450 = DIRECTION('',(1.,0.,1.110223024625E-16));
#8451 = DIRECTION('',(1.110223024625E-16,0.,-1.));
#8452 = PCURVE('',#8335,#8453);
#8453 = DEFINITIONAL_REPRESENTATION('',(#8454),#8458);
#8454 = CIRCLE('',#8455,5.5);
#8455 = AXIS2_PLACEMENT_2D('',#8456,#8457);
#8456 = CARTESIAN_POINT('',(300.,-25.));
#8457 = DIRECTION('',(-1.,0.));
#8458 = ( GEOMETRIC_REPRESENTATION_CONTEXT(2) 
PARAMETRIC_REPRESENTATION_CONTEXT() REPRESENTATION_CONTEXT('2D SPACE',''
  ) );
#8459 = PCURVE('',#8460,#8465);
#8460 = CYLINDRICAL_SURFACE('',#8461,5.5);
#8461 = AXIS2_PLACEMENT_3D('',#8462,#8463,#8464);
#8462 = CARTESIAN_POINT('',(971.,25.,300.));
#8463 = DIRECTION('',(1.,0.,1.110223024625E-16));
#8464 = DIRECTION('',(1.110223024625E-16,0.,-1.));
#8465 = DEFINITIONAL_REPRESENTATION('',(#8466),#8470);
#8466 = LINE('',#8467,#8468);
#8467 = CARTESIAN_POINT('',(0.,1.));
#8468 = VECTOR('',#8469,1.);
#8469 = DIRECTION('',(1.,0.));
#8470 = ( GEOMETRIC_REPRESENTATION_CONTEXT(2) 
PARAMETRIC_REPRESENTATION_CONTEXT() REPRESENTATION_CONTEXT('2D SPACE',''
  ) );
#8471 = FACE_BOUND('',#8472,.F.);
#8472 = EDGE_LOOP('',(#8473));
#8473 = ORIENTED_EDGE('',*,*,#8474,.F.);
#8474 = EDGE_CURVE('',#8475,#8475,#8477,.T.);
#8475 = VERTEX_POINT('',#8476);
#8476 = CARTESIAN_POINT('',(972.,25.,394.5));
#8477 = SURFACE_CURVE('',#8478,(#8483,#8490),.PCURVE_S1.);
#8478 = CIRCLE('',#8479,5.5);
#8479 = AXIS2_PLACEMENT_3D('',#8480,#8481,#8482);
#8480 = CARTESIAN_POINT('',(972.,25.,400.));
#8481 = DIRECTION('',(1.,0.,1.110223024625E-16));
#8482 = DIRECTION('',(1.110223024625E-16,0.,-1.));
#8483 = PCURVE('',#8335,#8484);
#8484 = DEFINITIONAL_REPRESENTATION('',(#8485),#8489);
#8485 = CIRCLE('',#8486,5.5);
#8486 = AXIS2_PLACEMENT_2D('',#8487,#8488);
#8487 = CARTESIAN_POINT('',(400.,-25.));
#8488 = DIRECTION('',(-1.,0.));
#8489 = ( GEOMETRIC_REPRESENTATION_CONTEXT(2) 
PARAMETRIC_REPRESENTATION_CONTEXT() REPRESENTATION_CONTEXT('2D SPACE',''
  ) );
#8490 = PCURVE('',#8491,#8496);
#8491 = CYLINDRICAL_SURFACE('',#8492,5.5);
#8492 = AXIS2_PLACEMENT_3D('',#8493,#8494,#8495);
#8493 = CARTESIAN_POINT('',(971.,25.,400.));
#8494 = DIRECTION('',(1.,0.,1.110223024625E-16));
#8495 = DIRECTION('',(1.110223024625E-16,0.,-1.));
#8496 = DEFINITIONAL_REPRESENTATION('',(#8497),#8501);
#8497 = LINE('',#8498,#8499);
#8498 = CARTESIAN_POINT('',(0.,1.));
#8499 = VECTOR('',#8500,1.);
#8500 = DIRECTION('',(1.,0.));
#8501 = ( GEOMETRIC_REPRESENTATION_CONTEXT(2) 
PARAMETRIC_REPRESENTATION_CONTEXT() REPRESENTATION_CONTEXT('2D SPACE',''
  ) );
#8502 = FACE_BOUND('',#8503,.F.);
#8503 = EDGE_LOOP('',(#8504));
#8504 = ORIENTED_EDGE('',*,*,#8505,.F.);
#8505 = EDGE_CURVE('',#8506,#8506,#8508,.T.);
#8506 = VERTEX_POINT('',#8507);
#8507 = CARTESIAN_POINT('',(972.,25.,494.5));
#8508 = SURFACE_CURVE('',#8509,(#8514,#8521),.PCURVE_S1.);
#8509 = CIRCLE('',#8510,5.5);
#8510 = AXIS2_PLACEMENT_3D('',#8511,#8512,#8513);
#8511 = CARTESIAN_POINT('',(972.,25.,500.));
#8512 = DIRECTION('',(1.,0.,1.110223024625E-16));
#8513 = DIRECTION('',(1.110223024625E-16,0.,-1.));
#8514 = PCURVE('',#8335,#8515);
#8515 = DEFINITIONAL_REPRESENTATION('',(#8516),#8520);
#8516 = CIRCLE('',#8517,5.5);
#8517 = AXIS2_PLACEMENT_2D('',#8518,#8519);
#8518 = CARTESIAN_POINT('',(500.,-25.));
#8519 = DIRECTION('',(-1.,0.));
#8520 = ( GEOMETRIC_REPRESENTATION_CONTEXT(2) 
PARAMETRIC_REPRESENTATION_CONTEXT() REPRESENTATION_CONTEXT('2D SPACE',''
  ) );
#8521 = PCURVE('',#8522,#8527);
#8522 = CYLINDRICAL_SURFACE('',#8523,5.5);
#8523 = AXIS2_PLACEMENT_3D('',#8524,#8525,#8526);
#8524 = CARTESIAN_POINT('',(971.,25.,500.));
#8525 = DIRECTION('',(1.,0.,1.110223024625E-16));
#8526 = DIRECTION('',(1.110223024625E-16,0.,-1.));
#8527 = DEFINITIONAL_REPRESENTATION('',(#8528),#8532);
#8528 = LINE('',#8529,#8530);
#8529 = CARTESIAN_POINT('',(0.,1.));
#8530 = VECTOR('',#8531,1.);
#8531 = DIRECTION('',(1.,0.));
#8532 = ( GEOMETRIC_REPRESENTATION_CONTEXT(2) 
PARAMETRIC_REPRESENTATION_CONTEXT() REPRESENTATION_CONTEXT('2D SPACE',''
  ) );
#8533 = FACE_BOUND('',#8534,.F.);
#8534 = EDGE_LOOP('',(#8535));
#8535 = ORIENTED_EDGE('',*,*,#8536,.F.);
#8536 = EDGE_CURVE('',#8537,#8537,#8539,.T.);
#8537 = VERTEX_POINT('',#8538);
#8538 = CARTESIAN_POINT('',(972.,25.,594.5));
#8539 = SURFACE_CURVE('',#8540,(#8545,#8552),.PCURVE_S1.);
#8540 = CIRCLE('',#8541,5.5);
#8541 = AXIS2_PLACEMENT_3D('',#8542,#8543,#8544);
#8542 = CARTESIAN_POINT('',(972.,25.,600.));
#8543 = DIRECTION('',(1.,0.,1.110223024625E-16));
#8544 = DIRECTION('',(1.110223024625E-16,0.,-1.));
#8545 = PCURVE('',#8335,#8546);
#8546 = DEFINITIONAL_REPRESENTATION('',(#8547),#8551);
#8547 = CIRCLE('',#8548,5.5);
#8548 = AXIS2_PLACEMENT_2D('',#8549,#8550);
#8549 = CARTESIAN_POINT('',(600.,-25.));
#8550 = DIRECTION('',(-1.,0.));
#8551 = ( GEOMETRIC_REPRESENTATION_CONTEXT(2) 
PARAMETRIC_REPRESENTATION_CONTEXT() REPRESENTATION_CONTEXT('2D SPACE',''
  ) );
#8552 = PCURVE('',#8553,#8558);
#8553 = CYLINDRICAL_SURFACE('',#8554,5.5);
#8554 = AXIS2_PLACEMENT_3D('',#8555,#8556,#8557);
#8555 = CARTESIAN_POINT('',(971.,25.,600.));
#8556 = DIRECTION('',(1.,0.,1.110223024625E-16));
#8557 = DIRECTION('',(1.110223024625E-16,0.,-1.));
#8558 = DEFINITIONAL_REPRESENTATION('',(#8559),#8563);
#8559 = LINE('',#8560,#8561);
#8560 = CARTESIAN_POINT('',(0.,1.));
#8561 = VECTOR('',#8562,1.);
#8562 = DIRECTION('',(1.,0.));
#8563 = ( GEOMETRIC_REPRESENTATION_CONTEXT(2) 
PARAMETRIC_REPRESENTATION_CONTEXT() REPRESENTATION_CONTEXT('2D SPACE',''
  ) );
#8564 = FACE_BOUND('',#8565,.F.);
#8565 = EDGE_LOOP('',(#8566));
#8566 = ORIENTED_EDGE('',*,*,#8567,.F.);
#8567 = EDGE_CURVE('',#8568,#8568,#8570,.T.);
#8568 = VERTEX_POINT('',#8569);
#8569 = CARTESIAN_POINT('',(972.,25.,694.5));
#8570 = SURFACE_CURVE('',#8571,(#8576,#8583),.PCURVE_S1.);
#8571 = CIRCLE('',#8572,5.5);
#8572 = AXIS2_PLACEMENT_3D('',#8573,#8574,#8575);
#8573 = CARTESIAN_POINT('',(972.,25.,700.));
#8574 = DIRECTION('',(1.,0.,1.110223024625E-16));
#8575 = DIRECTION('',(1.110223024625E-16,0.,-1.));
#8576 = PCURVE('',#8335,#8577);
#8577 = DEFINITIONAL_REPRESENTATION('',(#8578),#8582);
#8578 = CIRCLE('',#8579,5.5);
#8579 = AXIS2_PLACEMENT_2D('',#8580,#8581);
#8580 = CARTESIAN_POINT('',(700.,-25.));
#8581 = DIRECTION('',(-1.,0.));
#8582 = ( GEOMETRIC_REPRESENTATION_CONTEXT(2) 
PARAMETRIC_REPRESENTATION_CONTEXT() REPRESENTATION_CONTEXT('2D SPACE',''
  ) );
#8583 = PCURVE('',#8584,#8589);
#8584 = CYLINDRICAL_SURFACE('',#8585,5.5);
#8585 = AXIS2_PLACEMENT_3D('',#8586,#8587,#8588);
#8586 = CARTESIAN_POINT('',(971.,25.,700.));
#8587 = DIRECTION('',(1.,0.,1.110223024625E-16));
#8588 = DIRECTION('',(1.110223024625E-16,0.,-1.));
#8589 = DEFINITIONAL_REPRESENTATION('',(#8590),#8594);
#8590 = LINE('',#8591,#8592);
#8591 = CARTESIAN_POINT('',(0.,1.));
#8592 = VECTOR('',#8593,1.);
#8593 = DIRECTION('',(1.,0.));
#8594 = ( GEOMETRIC_REPRESENTATION_CONTEXT(2) 
PARAMETRIC_REPRESENTATION_CONTEXT() REPRESENTATION_CONTEXT('2D SPACE',''
  ) );
#8595 = FACE_BOUND('',#8596,.F.);
#8596 = EDGE_LOOP('',(#8597));
#8597 = ORIENTED_EDGE('',*,*,#8598,.F.);
#8598 = EDGE_CURVE('',#8599,#8599,#8601,.T.);
#8599 = VERTEX_POINT('',#8600);
#8600 = CARTESIAN_POINT('',(972.,25.,994.5));
#8601 = SURFACE_CURVE('',#8602,(#8607,#8614),.PCURVE_S1.);
#8602 = CIRCLE('',#8603,5.5);
#8603 = AXIS2_PLACEMENT_3D('',#8604,#8605,#8606);
#8604 = CARTESIAN_POINT('',(972.,25.,1.E+03));
#8605 = DIRECTION('',(1.,0.,1.110223024625E-16));
#8606 = DIRECTION('',(1.110223024625E-16,0.,-1.));
#8607 = PCURVE('',#8335,#8608);
#8608 = DEFINITIONAL_REPRESENTATION('',(#8609),#8613);
#8609 = CIRCLE('',#8610,5.5);
#8610 = AXIS2_PLACEMENT_2D('',#8611,#8612);
#8611 = CARTESIAN_POINT('',(1.E+03,-25.));
#8612 = DIRECTION('',(-1.,0.));
#8613 = ( GEOMETRIC_REPRESENTATION_CONTEXT(2) 
PARAMETRIC_REPRESENTATION_CONTEXT() REPRESENTATION_CONTEXT('2D SPACE',''
  ) );
#8614 = PCURVE('',#8615,#8620);
#8615 = CYLINDRICAL_SURFACE('',#8616,5.5);
#8616 = AXIS2_PLACEMENT_3D('',#8617,#8618,#8619);
#8617 = CARTESIAN_POINT('',(971.,25.,1.E+03));
#8618 = DIRECTION('',(1.,0.,1.110223024625E-16));
#8619 = DIRECTION('',(1.110223024625E-16,0.,-1.));
#8620 = DEFINITIONAL_REPRESENTATION('',(#8621),#8625);
#8621 = LINE('',#8622,#8623);
#8622 = CARTESIAN_POINT('',(0.,1.));
#8623 = VECTOR('',#8624,1.);
#8624 = DIRECTION('',(1.,0.));
#8625 = ( GEOMETRIC_REPRESENTATION_CONTEXT(2) 
PARAMETRIC_REPRESENTATION_CONTEXT() REPRESENTATION_CONTEXT('2D SPACE',''
  ) );
#8626 = FACE_BOUND('',#8627,.F.);
#8627 = EDGE_LOOP('',(#8628));
#8628 = ORIENTED_EDGE('',*,*,#8629,.F.);
#8629 = EDGE_CURVE('',#8630,#8630,#8632,.T.);
#8630 = VERTEX_POINT('',#8631);
#8631 = CARTESIAN_POINT('',(972.,25.,1.1945E+03));
#8632 = SURFACE_CURVE('',#8633,(#8638,#8645),.PCURVE_S1.);
#8633 = CIRCLE('',#8634,5.5);
#8634 = AXIS2_PLACEMENT_3D('',#8635,#8636,#8637);
#8635 = CARTESIAN_POINT('',(972.,25.,1.2E+03));
#8636 = DIRECTION('',(1.,0.,1.110223024625E-16));
#8637 = DIRECTION('',(1.110223024625E-16,0.,-1.));
#8638 = PCURVE('',#8335,#8639);
#8639 = DEFINITIONAL_REPRESENTATION('',(#8640),#8644);
#8640 = CIRCLE('',#8641,5.5);
#8641 = AXIS2_PLACEMENT_2D('',#8642,#8643);
#8642 = CARTESIAN_POINT('',(1.2E+03,-25.));
#8643 = DIRECTION('',(-1.,0.));
#8644 = ( GEOMETRIC_REPRESENTATION_CONTEXT(2) 
PARAMETRIC_REPRESENTATION_CONTEXT() REPRESENTATION_CONTEXT('2D SPACE',''
  ) );
#8645 = PCURVE('',#8646,#8651);
#8646 = CYLINDRICAL_SURFACE('',#8647,5.5);
#8647 = AXIS2_PLACEMENT_3D('',#8648,#8649,#8650);
#8648 = CARTESIAN_POINT('',(971.,25.,1.2E+03));
#8649 = DIRECTION('',(1.,0.,1.110223024625E-16));
#8650 = DIRECTION('',(1.110223024625E-16,0.,-1.));
#8651 = DEFINITIONAL_REPRESENTATION('',(#8652),#8656);
#8652 = LINE('',#8653,#8654);
#8653 = CARTESIAN_POINT('',(0.,1.));
#8654 = VECTOR('',#8655,1.);
#8655 = DIRECTION('',(1.,0.));
#8656 = ( GEOMETRIC_REPRESENTATION_CONTEXT(2) 
PARAMETRIC_REPRESENTATION_CONTEXT() REPRESENTATION_CONTEXT('2D SPACE',''
  ) );
#8657 = FACE_BOUND('',#8658,.F.);
#8658 = EDGE_LOOP('',(#8659));
#8659 = ORIENTED_EDGE('',*,*,#8660,.F.);
#8660 = EDGE_CURVE('',#8661,#8661,#8663,.T.);
#8661 = VERTEX_POINT('',#8662);
#8662 = CARTESIAN_POINT('',(972.,25.,1.2945E+03));
#8663 = SURFACE_CURVE('',#8664,(#8669,#8676),.PCURVE_S1.);
#8664 = CIRCLE('',#8665,5.5);
#8665 = AXIS2_PLACEMENT_3D('',#8666,#8667,#8668);
#8666 = CARTESIAN_POINT('',(972.,25.,1.3E+03));
#8667 = DIRECTION('',(1.,0.,1.110223024625E-16));
#8668 = DIRECTION('',(1.110223024625E-16,0.,-1.));
#8669 = PCURVE('',#8335,#8670);
#8670 = DEFINITIONAL_REPRESENTATION('',(#8671),#8675);
#8671 = CIRCLE('',#8672,5.5);
#8672 = AXIS2_PLACEMENT_2D('',#8673,#8674);
#8673 = CARTESIAN_POINT('',(1.3E+03,-25.));
#8674 = DIRECTION('',(-1.,0.));
#8675 = ( GEOMETRIC_REPRESENTATION_CONTEXT(2) 
PARAMETRIC_REPRESENTATION_CONTEXT() REPRESENTATION_CONTEXT('2D SPACE',''
  ) );
#8676 = PCURVE('',#8677,#8682);
#8677 = CYLINDRICAL_SURFACE('',#8678,5.5);
#8678 = AXIS2_PLACEMENT_3D('',#8679,#8680,#8681);
#8679 = CARTESIAN_POINT('',(971.,25.,1.3E+03));
#8680 = DIRECTION('',(1.,0.,1.110223024625E-16));
#8681 = DIRECTION('',(1.110223024625E-16,0.,-1.));
#8682 = DEFINITIONAL_REPRESENTATION('',(#8683),#8687);
#8683 = LINE('',#8684,#8685);
#8684 = CARTESIAN_POINT('',(0.,1.));
#8685 = VECTOR('',#8686,1.);
#8686 = DIRECTION('',(1.,0.));
#8687 = ( GEOMETRIC_REPRESENTATION_CONTEXT(2) 
PARAMETRIC_REPRESENTATION_CONTEXT() REPRESENTATION_CONTEXT('2D SPACE',''
  ) );
#8688 = FACE_BOUND('',#8689,.F.);
#8689 = EDGE_LOOP('',(#8690));
#8690 = ORIENTED_EDGE('',*,*,#8691,.F.);
#8691 = EDGE_CURVE('',#8692,#8692,#8694,.T.);
#8692 = VERTEX_POINT('',#8693);
#8693 = CARTESIAN_POINT('',(972.,25.,1.6945E+03));
#8694 = SURFACE_CURVE('',#8695,(#8700,#8707),.PCURVE_S1.);
#8695 = CIRCLE('',#8696,5.5);
#8696 = AXIS2_PLACEMENT_3D('',#8697,#8698,#8699);
#8697 = CARTESIAN_POINT('',(972.,25.,1.7E+03));
#8698 = DIRECTION('',(1.,0.,1.110223024625E-16));
#8699 = DIRECTION('',(1.110223024625E-16,0.,-1.));
#8700 = PCURVE('',#8335,#8701);
#8701 = DEFINITIONAL_REPRESENTATION('',(#8702),#8706);
#8702 = CIRCLE('',#8703,5.5);
#8703 = AXIS2_PLACEMENT_2D('',#8704,#8705);
#8704 = CARTESIAN_POINT('',(1.7E+03,-25.));
#8705 = DIRECTION('',(-1.,0.));
#8706 = ( GEOMETRIC_REPRESENTATION_CONTEXT(2) 
PARAMETRIC_REPRESENTATION_CONTEXT() REPRESENTATION_CONTEXT('2D SPACE',''
  ) );
#8707 = PCURVE('',#8708,#8713);
#8708 = CYLINDRICAL_SURFACE('',#8709,5.5);
#8709 = AXIS2_PLACEMENT_3D('',#8710,#8711,#8712);
#8710 = CARTESIAN_POINT('',(971.,25.,1.7E+03));
#8711 = DIRECTION('',(1.,0.,1.110223024625E-16));
#8712 = DIRECTION('',(1.110223024625E-16,0.,-1.));
#8713 = DEFINITIONAL_REPRESENTATION('',(#8714),#8718);
#8714 = LINE('',#8715,#8716);
#8715 = CARTESIAN_POINT('',(0.,1.));
#8716 = VECTOR('',#8717,1.);
#8717 = DIRECTION('',(1.,0.));
#8718 = ( GEOMETRIC_REPRESENTATION_CONTEXT(2) 
PARAMETRIC_REPRESENTATION_CONTEXT() REPRESENTATION_CONTEXT('2D SPACE',''
  ) );
#8719 = FACE_BOUND('',#8720,.F.);
#8720 = EDGE_LOOP('',(#8721));
#8721 = ORIENTED_EDGE('',*,*,#8722,.F.);
#8722 = EDGE_CURVE('',#8723,#8723,#8725,.T.);
#8723 = VERTEX_POINT('',#8724);
#8724 = CARTESIAN_POINT('',(972.,25.,1.7945E+03));
#8725 = SURFACE_CURVE('',#8726,(#8731,#8738),.PCURVE_S1.);
#8726 = CIRCLE('',#8727,5.5);
#8727 = AXIS2_PLACEMENT_3D('',#8728,#8729,#8730);
#8728 = CARTESIAN_POINT('',(972.,25.,1.8E+03));
#8729 = DIRECTION('',(1.,0.,1.110223024625E-16));
#8730 = DIRECTION('',(1.110223024625E-16,0.,-1.));
#8731 = PCURVE('',#8335,#8732);
#8732 = DEFINITIONAL_REPRESENTATION('',(#8733),#8737);
#8733 = CIRCLE('',#8734,5.5);
#8734 = AXIS2_PLACEMENT_2D('',#8735,#8736);
#8735 = CARTESIAN_POINT('',(1.8E+03,-25.));
#8736 = DIRECTION('',(-1.,0.));
#8737 = ( GEOMETRIC_REPRESENTATION_CONTEXT(2) 
PARAMETRIC_REPRESENTATION_CONTEXT() REPRESENTATION_CONTEXT('2D SPACE',''
  ) );
#8738 = PCURVE('',#8739,#8744);
#8739 = CYLINDRICAL_SURFACE('',#8740,5.5);
#8740 = AXIS2_PLACEMENT_3D('',#8741,#8742,#8743);
#8741 = CARTESIAN_POINT('',(971.,25.,1.8E+03));
#8742 = DIRECTION('',(1.,0.,1.110223024625E-16));
#8743 = DIRECTION('',(1.110223024625E-16,0.,-1.));
#8744 = DEFINITIONAL_REPRESENTATION('',(#8745),#8749);
#8745 = LINE('',#8746,#8747);
#8746 = CARTESIAN_POINT('',(0.,1.));
#8747 = VECTOR('',#8748,1.);
#8748 = DIRECTION('',(1.,0.));
#8749 = ( GEOMETRIC_REPRESENTATION_CONTEXT(2) 
PARAMETRIC_REPRESENTATION_CONTEXT() REPRESENTATION_CONTEXT('2D SPACE',''
  ) );
#8750 = FACE_BOUND('',#8751,.F.);
#8751 = EDGE_LOOP('',(#8752));
#8752 = ORIENTED_EDGE('',*,*,#8753,.F.);
#8753 = EDGE_CURVE('',#8754,#8754,#8756,.T.);
#8754 = VERTEX_POINT('',#8755);
#8755 = CARTESIAN_POINT('',(972.,25.,1.8945E+03));
#8756 = SURFACE_CURVE('',#8757,(#8762,#8769),.PCURVE_S1.);
#8757 = CIRCLE('',#8758,5.5);
#8758 = AXIS2_PLACEMENT_3D('',#8759,#8760,#8761);
#8759 = CARTESIAN_POINT('',(972.,25.,1.9E+03));
#8760 = DIRECTION('',(1.,0.,1.110223024625E-16));
#8761 = DIRECTION('',(1.110223024625E-16,0.,-1.));
#8762 = PCURVE('',#8335,#8763);
#8763 = DEFINITIONAL_REPRESENTATION('',(#8764),#8768);
#8764 = CIRCLE('',#8765,5.5);
#8765 = AXIS2_PLACEMENT_2D('',#8766,#8767);
#8766 = CARTESIAN_POINT('',(1.9E+03,-25.));
#8767 = DIRECTION('',(-1.,0.));
#8768 = ( GEOMETRIC_REPRESENTATION_CONTEXT(2) 
PARAMETRIC_REPRESENTATION_CONTEXT() REPRESENTATION_CONTEXT('2D SPACE',''
  ) );
#8769 = PCURVE('',#8770,#8775);
#8770 = CYLINDRICAL_SURFACE('',#8771,5.5);
#8771 = AXIS2_PLACEMENT_3D('',#8772,#8773,#8774);
#8772 = CARTESIAN_POINT('',(971.,25.,1.9E+03));
#8773 = DIRECTION('',(1.,0.,1.110223024625E-16));
#8774 = DIRECTION('',(1.110223024625E-16,0.,-1.));
#8775 = DEFINITIONAL_REPRESENTATION('',(#8776),#8780);
#8776 = LINE('',#8777,#8778);
#8777 = CARTESIAN_POINT('',(0.,1.));
#8778 = VECTOR('',#8779,1.);
#8779 = DIRECTION('',(1.,0.));
#8780 = ( GEOMETRIC_REPRESENTATION_CONTEXT(2) 
PARAMETRIC_REPRESENTATION_CONTEXT() REPRESENTATION_CONTEXT('2D SPACE',''
  ) );
#8781 = ADVANCED_FACE('',(#8782),#8347,.F.);
#8782 = FACE_BOUND('',#8783,.F.);
#8783 = EDGE_LOOP('',(#8784,#8807,#8808,#8831));
#8784 = ORIENTED_EDGE('',*,*,#8785,.F.);
#8785 = EDGE_CURVE('',#8325,#8786,#8788,.T.);
#8786 = VERTEX_POINT('',#8787);
#8787 = CARTESIAN_POINT('',(997.,0.,0.));
#8788 = SURFACE_CURVE('',#8789,(#8793,#8800),.PCURVE_S1.);
#8789 = LINE('',#8790,#8791);
#8790 = CARTESIAN_POINT('',(972.,0.,0.));
#8791 = VECTOR('',#8792,1.);
#8792 = DIRECTION('',(1.,0.,-0.));
#8793 = PCURVE('',#8347,#8794);
#8794 = DEFINITIONAL_REPRESENTATION('',(#8795),#8799);
#8795 = LINE('',#8796,#8797);
#8796 = CARTESIAN_POINT('',(0.,0.));
#8797 = VECTOR('',#8798,1.);
#8798 = DIRECTION('',(0.,1.));
#8799 = ( GEOMETRIC_REPRESENTATION_CONTEXT(2) 
PARAMETRIC_REPRESENTATION_CONTEXT() REPRESENTATION_CONTEXT('2D SPACE',''
  ) );
#8800 = PCURVE('',#8375,#8801);
#8801 = DEFINITIONAL_REPRESENTATION('',(#8802),#8806);
#8802 = LINE('',#8803,#8804);
#8803 = CARTESIAN_POINT('',(0.,0.));
#8804 = VECTOR('',#8805,1.);
#8805 = DIRECTION('',(1.,0.));
#8806 = ( GEOMETRIC_REPRESENTATION_CONTEXT(2) 
PARAMETRIC_REPRESENTATION_CONTEXT() REPRESENTATION_CONTEXT('2D SPACE',''
  ) );
#8807 = ORIENTED_EDGE('',*,*,#8324,.T.);
#8808 = ORIENTED_EDGE('',*,*,#8809,.T.);
#8809 = EDGE_CURVE('',#8327,#8810,#8812,.T.);
#8810 = VERTEX_POINT('',#8811);
#8811 = CARTESIAN_POINT('',(997.,0.,2.4E+03));
#8812 = SURFACE_CURVE('',#8813,(#8817,#8824),.PCURVE_S1.);
#8813 = LINE('',#8814,#8815);
#8814 = CARTESIAN_POINT('',(972.,0.,2.4E+03));
#8815 = VECTOR('',#8816,1.);
#8816 = DIRECTION('',(1.,0.,-0.));
#8817 = PCURVE('',#8347,#8818);
#8818 = DEFINITIONAL_REPRESENTATION('',(#8819),#8823);
#8819 = LINE('',#8820,#8821);
#8820 = CARTESIAN_POINT('',(2.4E+03,0.));
#8821 = VECTOR('',#8822,1.);
#8822 = DIRECTION('',(0.,1.));
#8823 = ( GEOMETRIC_REPRESENTATION_CONTEXT(2) 
PARAMETRIC_REPRESENTATION_CONTEXT() REPRESENTATION_CONTEXT('2D SPACE',''
  ) );
#8824 = PCURVE('',#8429,#8825);
#8825 = DEFINITIONAL_REPRESENTATION('',(#8826),#8830);
#8826 = LINE('',#8827,#8828);
#8827 = CARTESIAN_POINT('',(0.,0.));
#8828 = VECTOR('',#8829,1.);
#8829 = DIRECTION('',(1.,0.));
#8830 = ( GEOMETRIC_REPRESENTATION_CONTEXT(2) 
PARAMETRIC_REPRESENTATION_CONTEXT() REPRESENTATION_CONTEXT('2D SPACE',''
  ) );
#8831 = ORIENTED_EDGE('',*,*,#8832,.F.);
#8832 = EDGE_CURVE('',#8786,#8810,#8833,.T.);
#8833 = SURFACE_CURVE('',#8834,(#8838,#8845),.PCURVE_S1.);
#8834 = LINE('',#8835,#8836);
#8835 = CARTESIAN_POINT('',(997.,0.,0.));
#8836 = VECTOR('',#8837,1.);
#8837 = DIRECTION('',(0.,0.,1.));
#8838 = PCURVE('',#8347,#8839);
#8839 = DEFINITIONAL_REPRESENTATION('',(#8840),#8844);
#8840 = LINE('',#8841,#8842);
#8841 = CARTESIAN_POINT('',(0.,25.));
#8842 = VECTOR('',#8843,1.);
#8843 = DIRECTION('',(1.,0.));
#8844 = ( GEOMETRIC_REPRESENTATION_CONTEXT(2) 
PARAMETRIC_REPRESENTATION_CONTEXT() REPRESENTATION_CONTEXT('2D SPACE',''
  ) );
#8845 = PCURVE('',#8846,#8851);
#8846 = PLANE('',#8847);
#8847 = AXIS2_PLACEMENT_3D('',#8848,#8849,#8850);
#8848 = CARTESIAN_POINT('',(997.,0.,0.));
#8849 = DIRECTION('',(1.,0.,-0.));
#8850 = DIRECTION('',(0.,0.,1.));
#8851 = DEFINITIONAL_REPRESENTATION('',(#8852),#8856);
#8852 = LINE('',#8853,#8854);
#8853 = CARTESIAN_POINT('',(0.,0.));
#8854 = VECTOR('',#8855,1.);
#8855 = DIRECTION('',(1.,0.));
#8856 = ( GEOMETRIC_REPRESENTATION_CONTEXT(2) 
PARAMETRIC_REPRESENTATION_CONTEXT() REPRESENTATION_CONTEXT('2D SPACE',''
  ) );
#8857 = ADVANCED_FACE('',(#8858),#8429,.T.);
#8858 = FACE_BOUND('',#8859,.T.);
#8859 = EDGE_LOOP('',(#8860,#8861,#8862,#8885));
#8860 = ORIENTED_EDGE('',*,*,#8415,.F.);
#8861 = ORIENTED_EDGE('',*,*,#8809,.T.);
#8862 = ORIENTED_EDGE('',*,*,#8863,.T.);
#8863 = EDGE_CURVE('',#8810,#8864,#8866,.T.);
#8864 = VERTEX_POINT('',#8865);
#8865 = CARTESIAN_POINT('',(997.,50.,2.4E+03));
#8866 = SURFACE_CURVE('',#8867,(#8871,#8878),.PCURVE_S1.);
#8867 = LINE('',#8868,#8869);
#8868 = CARTESIAN_POINT('',(997.,0.,2.4E+03));
#8869 = VECTOR('',#8870,1.);
#8870 = DIRECTION('',(-0.,1.,0.));
#8871 = PCURVE('',#8429,#8872);
#8872 = DEFINITIONAL_REPRESENTATION('',(#8873),#8877);
#8873 = LINE('',#8874,#8875);
#8874 = CARTESIAN_POINT('',(25.,0.));
#8875 = VECTOR('',#8876,1.);
#8876 = DIRECTION('',(0.,1.));
#8877 = ( GEOMETRIC_REPRESENTATION_CONTEXT(2) 
PARAMETRIC_REPRESENTATION_CONTEXT() REPRESENTATION_CONTEXT('2D SPACE',''
  ) );
#8878 = PCURVE('',#8846,#8879);
#8879 = DEFINITIONAL_REPRESENTATION('',(#8880),#8884);
#8880 = LINE('',#8881,#8882);
#8881 = CARTESIAN_POINT('',(2.4E+03,0.));
#8882 = VECTOR('',#8883,1.);
#8883 = DIRECTION('',(0.,-1.));
#8884 = ( GEOMETRIC_REPRESENTATION_CONTEXT(2) 
PARAMETRIC_REPRESENTATION_CONTEXT() REPRESENTATION_CONTEXT('2D SPACE',''
  ) );
#8885 = ORIENTED_EDGE('',*,*,#8886,.F.);
#8886 = EDGE_CURVE('',#8388,#8864,#8887,.T.);
#8887 = SURFACE_CURVE('',#8888,(#8892,#8899),.PCURVE_S1.);
#8888 = LINE('',#8889,#8890);
#8889 = CARTESIAN_POINT('',(972.,50.,2.4E+03));
#8890 = VECTOR('',#8891,1.);
#8891 = DIRECTION('',(1.,0.,-0.));
#8892 = PCURVE('',#8429,#8893);
#8893 = DEFINITIONAL_REPRESENTATION('',(#8894),#8898);
#8894 = LINE('',#8895,#8896);
#8895 = CARTESIAN_POINT('',(0.,50.));
#8896 = VECTOR('',#8897,1.);
#8897 = DIRECTION('',(1.,0.));
#8898 = ( GEOMETRIC_REPRESENTATION_CONTEXT(2) 
PARAMETRIC_REPRESENTATION_CONTEXT() REPRESENTATION_CONTEXT('2D SPACE',''
  ) );
#8899 = PCURVE('',#8403,#8900);
#8900 = DEFINITIONAL_REPRESENTATION('',(#8901),#8905);
#8901 = LINE('',#8902,#8903);
#8902 = CARTESIAN_POINT('',(2.4E+03,0.));
#8903 = VECTOR('',#8904,1.);
#8904 = DIRECTION('',(0.,1.));
#8905 = ( GEOMETRIC_REPRESENTATION_CONTEXT(2) 
PARAMETRIC_REPRESENTATION_CONTEXT() REPRESENTATION_CONTEXT('2D SPACE',''
  ) );
#8906 = ADVANCED_FACE('',(#8907),#8375,.F.);
#8907 = FACE_BOUND('',#8908,.F.);
#8908 = EDGE_LOOP('',(#8909,#8910,#8911,#8934));
#8909 = ORIENTED_EDGE('',*,*,#8359,.F.);
#8910 = ORIENTED_EDGE('',*,*,#8785,.T.);
#8911 = ORIENTED_EDGE('',*,*,#8912,.T.);
#8912 = EDGE_CURVE('',#8786,#8913,#8915,.T.);
#8913 = VERTEX_POINT('',#8914);
#8914 = CARTESIAN_POINT('',(997.,50.,0.));
#8915 = SURFACE_CURVE('',#8916,(#8920,#8927),.PCURVE_S1.);
#8916 = LINE('',#8917,#8918);
#8917 = CARTESIAN_POINT('',(997.,0.,0.));
#8918 = VECTOR('',#8919,1.);
#8919 = DIRECTION('',(-0.,1.,0.));
#8920 = PCURVE('',#8375,#8921);
#8921 = DEFINITIONAL_REPRESENTATION('',(#8922),#8926);
#8922 = LINE('',#8923,#8924);
#8923 = CARTESIAN_POINT('',(25.,0.));
#8924 = VECTOR('',#8925,1.);
#8925 = DIRECTION('',(0.,1.));
#8926 = ( GEOMETRIC_REPRESENTATION_CONTEXT(2) 
PARAMETRIC_REPRESENTATION_CONTEXT() REPRESENTATION_CONTEXT('2D SPACE',''
  ) );
#8927 = PCURVE('',#8846,#8928);
#8928 = DEFINITIONAL_REPRESENTATION('',(#8929),#8933);
#8929 = LINE('',#8930,#8931);
#8930 = CARTESIAN_POINT('',(0.,0.));
#8931 = VECTOR('',#8932,1.);
#8932 = DIRECTION('',(0.,-1.));
#8933 = ( GEOMETRIC_REPRESENTATION_CONTEXT(2) 
PARAMETRIC_REPRESENTATION_CONTEXT() REPRESENTATION_CONTEXT('2D SPACE',''
  ) );
#8934 = ORIENTED_EDGE('',*,*,#8935,.F.);
#8935 = EDGE_CURVE('',#8360,#8913,#8936,.T.);
#8936 = SURFACE_CURVE('',#8937,(#8941,#8948),.PCURVE_S1.);
#8937 = LINE('',#8938,#8939);
#8938 = CARTESIAN_POINT('',(972.,50.,0.));
#8939 = VECTOR('',#8940,1.);
#8940 = DIRECTION('',(1.,0.,-0.));
#8941 = PCURVE('',#8375,#8942);
#8942 = DEFINITIONAL_REPRESENTATION('',(#8943),#8947);
#8943 = LINE('',#8944,#8945);
#8944 = CARTESIAN_POINT('',(0.,50.));
#8945 = VECTOR('',#8946,1.);
#8946 = DIRECTION('',(1.,0.));
#8947 = ( GEOMETRIC_REPRESENTATION_CONTEXT(2) 
PARAMETRIC_REPRESENTATION_CONTEXT() REPRESENTATION_CONTEXT('2D SPACE',''
  ) );
#8948 = PCURVE('',#8403,#8949);
#8949 = DEFINITIONAL_REPRESENTATION('',(#8950),#8954);
#8950 = LINE('',#8951,#8952);
#8951 = CARTESIAN_POINT('',(0.,0.));
#8952 = VECTOR('',#8953,1.);
#8953 = DIRECTION('',(0.,1.));
#8954 = ( GEOMETRIC_REPRESENTATION_CONTEXT(2) 
PARAMETRIC_REPRESENTATION_CONTEXT() REPRESENTATION_CONTEXT('2D SPACE',''
  ) );
#8955 = ADVANCED_FACE('',(#8956),#8403,.T.);
#8956 = FACE_BOUND('',#8957,.T.);
#8957 = EDGE_LOOP('',(#8958,#8959,#8960,#8961));
#8958 = ORIENTED_EDGE('',*,*,#8935,.F.);
#8959 = ORIENTED_EDGE('',*,*,#8387,.T.);
#8960 = ORIENTED_EDGE('',*,*,#8886,.T.);
#8961 = ORIENTED_EDGE('',*,*,#8962,.F.);
#8962 = EDGE_CURVE('',#8913,#8864,#8963,.T.);
#8963 = SURFACE_CURVE('',#8964,(#8968,#8975),.PCURVE_S1.);
#8964 = LINE('',#8965,#8966);
#8965 = CARTESIAN_POINT('',(997.,50.,0.));
#8966 = VECTOR('',#8967,1.);
#8967 = DIRECTION('',(0.,0.,1.));
#8968 = PCURVE('',#8403,#8969);
#8969 = DEFINITIONAL_REPRESENTATION('',(#8970),#8974);
#8970 = LINE('',#8971,#8972);
#8971 = CARTESIAN_POINT('',(0.,25.));
#8972 = VECTOR('',#8973,1.);
#8973 = DIRECTION('',(1.,0.));
#8974 = ( GEOMETRIC_REPRESENTATION_CONTEXT(2) 
PARAMETRIC_REPRESENTATION_CONTEXT() REPRESENTATION_CONTEXT('2D SPACE',''
  ) );
#8975 = PCURVE('',#8846,#8976);
#8976 = DEFINITIONAL_REPRESENTATION('',(#8977),#8981);
#8977 = LINE('',#8978,#8979);
#8978 = CARTESIAN_POINT('',(0.,-50.));
#8979 = VECTOR('',#8980,1.);
#8980 = DIRECTION('',(1.,0.));
#8981 = ( GEOMETRIC_REPRESENTATION_CONTEXT(2) 
PARAMETRIC_REPRESENTATION_CONTEXT() REPRESENTATION_CONTEXT('2D SPACE',''
  ) );
#8982 = ADVANCED_FACE('',(#8983),#8460,.F.);
#8983 = FACE_BOUND('',#8984,.F.);
#8984 = EDGE_LOOP('',(#8985,#9009,#9030,#9031));
#8985 = ORIENTED_EDGE('',*,*,#8986,.F.);
#8986 = EDGE_CURVE('',#8987,#8987,#8989,.T.);
#8987 = VERTEX_POINT('',#8988);
#8988 = CARTESIAN_POINT('',(997.,25.,294.5));
#8989 = SURFACE_CURVE('',#8990,(#8995,#9002),.PCURVE_S1.);
#8990 = CIRCLE('',#8991,5.5);
#8991 = AXIS2_PLACEMENT_3D('',#8992,#8993,#8994);
#8992 = CARTESIAN_POINT('',(997.,25.,300.));
#8993 = DIRECTION('',(1.,0.,1.110223024625E-16));
#8994 = DIRECTION('',(1.110223024625E-16,0.,-1.));
#8995 = PCURVE('',#8460,#8996);
#8996 = DEFINITIONAL_REPRESENTATION('',(#8997),#9001);
#8997 = LINE('',#8998,#8999);
#8998 = CARTESIAN_POINT('',(0.,26.));
#8999 = VECTOR('',#9000,1.);
#9000 = DIRECTION('',(1.,0.));
#9001 = ( GEOMETRIC_REPRESENTATION_CONTEXT(2) 
PARAMETRIC_REPRESENTATION_CONTEXT() REPRESENTATION_CONTEXT('2D SPACE',''
  ) );
#9002 = PCURVE('',#8846,#9003);
#9003 = DEFINITIONAL_REPRESENTATION('',(#9004),#9008);
#9004 = CIRCLE('',#9005,5.5);
#9005 = AXIS2_PLACEMENT_2D('',#9006,#9007);
#9006 = CARTESIAN_POINT('',(300.,-25.));
#9007 = DIRECTION('',(-1.,0.));
#9008 = ( GEOMETRIC_REPRESENTATION_CONTEXT(2) 
PARAMETRIC_REPRESENTATION_CONTEXT() REPRESENTATION_CONTEXT('2D SPACE',''
  ) );
#9009 = ORIENTED_EDGE('',*,*,#9010,.F.);
#9010 = EDGE_CURVE('',#8444,#8987,#9011,.T.);
#9011 = SEAM_CURVE('',#9012,(#9016,#9023),.PCURVE_S1.);
#9012 = LINE('',#9013,#9014);
#9013 = CARTESIAN_POINT('',(971.,25.,294.5));
#9014 = VECTOR('',#9015,1.);
#9015 = DIRECTION('',(1.,0.,1.110223024625E-16));
#9016 = PCURVE('',#8460,#9017);
#9017 = DEFINITIONAL_REPRESENTATION('',(#9018),#9022);
#9018 = LINE('',#9019,#9020);
#9019 = CARTESIAN_POINT('',(6.28318530718,-0.));
#9020 = VECTOR('',#9021,1.);
#9021 = DIRECTION('',(0.,1.));
#9022 = ( GEOMETRIC_REPRESENTATION_CONTEXT(2) 
PARAMETRIC_REPRESENTATION_CONTEXT() REPRESENTATION_CONTEXT('2D SPACE',''
  ) );
#9023 = PCURVE('',#8460,#9024);
#9024 = DEFINITIONAL_REPRESENTATION('',(#9025),#9029);
#9025 = LINE('',#9026,#9027);
#9026 = CARTESIAN_POINT('',(0.,-0.));
#9027 = VECTOR('',#9028,1.);
#9028 = DIRECTION('',(0.,1.));
#9029 = ( GEOMETRIC_REPRESENTATION_CONTEXT(2) 
PARAMETRIC_REPRESENTATION_CONTEXT() REPRESENTATION_CONTEXT('2D SPACE',''
  ) );
#9030 = ORIENTED_EDGE('',*,*,#8443,.T.);
#9031 = ORIENTED_EDGE('',*,*,#9010,.T.);
#9032 = ADVANCED_FACE('',(#9033),#8491,.F.);
#9033 = FACE_BOUND('',#9034,.F.);
#9034 = EDGE_LOOP('',(#9035,#9059,#9080,#9081));
#9035 = ORIENTED_EDGE('',*,*,#9036,.F.);
#9036 = EDGE_CURVE('',#9037,#9037,#9039,.T.);
#9037 = VERTEX_POINT('',#9038);
#9038 = CARTESIAN_POINT('',(997.,25.,394.5));
#9039 = SURFACE_CURVE('',#9040,(#9045,#9052),.PCURVE_S1.);
#9040 = CIRCLE('',#9041,5.5);
#9041 = AXIS2_PLACEMENT_3D('',#9042,#9043,#9044);
#9042 = CARTESIAN_POINT('',(997.,25.,400.));
#9043 = DIRECTION('',(1.,0.,1.110223024625E-16));
#9044 = DIRECTION('',(1.110223024625E-16,0.,-1.));
#9045 = PCURVE('',#8491,#9046);
#9046 = DEFINITIONAL_REPRESENTATION('',(#9047),#9051);
#9047 = LINE('',#9048,#9049);
#9048 = CARTESIAN_POINT('',(0.,26.));
#9049 = VECTOR('',#9050,1.);
#9050 = DIRECTION('',(1.,0.));
#9051 = ( GEOMETRIC_REPRESENTATION_CONTEXT(2) 
PARAMETRIC_REPRESENTATION_CONTEXT() REPRESENTATION_CONTEXT('2D SPACE',''
  ) );
#9052 = PCURVE('',#8846,#9053);
#9053 = DEFINITIONAL_REPRESENTATION('',(#9054),#9058);
#9054 = CIRCLE('',#9055,5.5);
#9055 = AXIS2_PLACEMENT_2D('',#9056,#9057);
#9056 = CARTESIAN_POINT('',(400.,-25.));
#9057 = DIRECTION('',(-1.,0.));
#9058 = ( GEOMETRIC_REPRESENTATION_CONTEXT(2) 
PARAMETRIC_REPRESENTATION_CONTEXT() REPRESENTATION_CONTEXT('2D SPACE',''
  ) );
#9059 = ORIENTED_EDGE('',*,*,#9060,.F.);
#9060 = EDGE_CURVE('',#8475,#9037,#9061,.T.);
#9061 = SEAM_CURVE('',#9062,(#9066,#9073),.PCURVE_S1.);
#9062 = LINE('',#9063,#9064);
#9063 = CARTESIAN_POINT('',(971.,25.,394.5));
#9064 = VECTOR('',#9065,1.);
#9065 = DIRECTION('',(1.,0.,1.110223024625E-16));
#9066 = PCURVE('',#8491,#9067);
#9067 = DEFINITIONAL_REPRESENTATION('',(#9068),#9072);
#9068 = LINE('',#9069,#9070);
#9069 = CARTESIAN_POINT('',(6.28318530718,-0.));
#9070 = VECTOR('',#9071,1.);
#9071 = DIRECTION('',(0.,1.));
#9072 = ( GEOMETRIC_REPRESENTATION_CONTEXT(2) 
PARAMETRIC_REPRESENTATION_CONTEXT() REPRESENTATION_CONTEXT('2D SPACE',''
  ) );
#9073 = PCURVE('',#8491,#9074);
#9074 = DEFINITIONAL_REPRESENTATION('',(#9075),#9079);
#9075 = LINE('',#9076,#9077);
#9076 = CARTESIAN_POINT('',(0.,-0.));
#9077 = VECTOR('',#9078,1.);
#9078 = DIRECTION('',(0.,1.));
#9079 = ( GEOMETRIC_REPRESENTATION_CONTEXT(2) 
PARAMETRIC_REPRESENTATION_CONTEXT() REPRESENTATION_CONTEXT('2D SPACE',''
  ) );
#9080 = ORIENTED_EDGE('',*,*,#8474,.T.);
#9081 = ORIENTED_EDGE('',*,*,#9060,.T.);
#9082 = ADVANCED_FACE('',(#9083),#8522,.F.);
#9083 = FACE_BOUND('',#9084,.F.);
#9084 = EDGE_LOOP('',(#9085,#9109,#9130,#9131));
#9085 = ORIENTED_EDGE('',*,*,#9086,.F.);
#9086 = EDGE_CURVE('',#9087,#9087,#9089,.T.);
#9087 = VERTEX_POINT('',#9088);
#9088 = CARTESIAN_POINT('',(997.,25.,494.5));
#9089 = SURFACE_CURVE('',#9090,(#9095,#9102),.PCURVE_S1.);
#9090 = CIRCLE('',#9091,5.5);
#9091 = AXIS2_PLACEMENT_3D('',#9092,#9093,#9094);
#9092 = CARTESIAN_POINT('',(997.,25.,500.));
#9093 = DIRECTION('',(1.,0.,1.110223024625E-16));
#9094 = DIRECTION('',(1.110223024625E-16,0.,-1.));
#9095 = PCURVE('',#8522,#9096);
#9096 = DEFINITIONAL_REPRESENTATION('',(#9097),#9101);
#9097 = LINE('',#9098,#9099);
#9098 = CARTESIAN_POINT('',(0.,26.));
#9099 = VECTOR('',#9100,1.);
#9100 = DIRECTION('',(1.,0.));
#9101 = ( GEOMETRIC_REPRESENTATION_CONTEXT(2) 
PARAMETRIC_REPRESENTATION_CONTEXT() REPRESENTATION_CONTEXT('2D SPACE',''
  ) );
#9102 = PCURVE('',#8846,#9103);
#9103 = DEFINITIONAL_REPRESENTATION('',(#9104),#9108);
#9104 = CIRCLE('',#9105,5.5);
#9105 = AXIS2_PLACEMENT_2D('',#9106,#9107);
#9106 = CARTESIAN_POINT('',(500.,-25.));
#9107 = DIRECTION('',(-1.,0.));
#9108 = ( GEOMETRIC_REPRESENTATION_CONTEXT(2) 
PARAMETRIC_REPRESENTATION_CONTEXT() REPRESENTATION_CONTEXT('2D SPACE',''
  ) );
#9109 = ORIENTED_EDGE('',*,*,#9110,.F.);
#9110 = EDGE_CURVE('',#8506,#9087,#9111,.T.);
#9111 = SEAM_CURVE('',#9112,(#9116,#9123),.PCURVE_S1.);
#9112 = LINE('',#9113,#9114);
#9113 = CARTESIAN_POINT('',(971.,25.,494.5));
#9114 = VECTOR('',#9115,1.);
#9115 = DIRECTION('',(1.,0.,1.110223024625E-16));
#9116 = PCURVE('',#8522,#9117);
#9117 = DEFINITIONAL_REPRESENTATION('',(#9118),#9122);
#9118 = LINE('',#9119,#9120);
#9119 = CARTESIAN_POINT('',(6.28318530718,-0.));
#9120 = VECTOR('',#9121,1.);
#9121 = DIRECTION('',(0.,1.));
#9122 = ( GEOMETRIC_REPRESENTATION_CONTEXT(2) 
PARAMETRIC_REPRESENTATION_CONTEXT() REPRESENTATION_CONTEXT('2D SPACE',''
  ) );
#9123 = PCURVE('',#8522,#9124);
#9124 = DEFINITIONAL_REPRESENTATION('',(#9125),#9129);
#9125 = LINE('',#9126,#9127);
#9126 = CARTESIAN_POINT('',(0.,-0.));
#9127 = VECTOR('',#9128,1.);
#9128 = DIRECTION('',(0.,1.));
#9129 = ( GEOMETRIC_REPRESENTATION_CONTEXT(2) 
PARAMETRIC_REPRESENTATION_CONTEXT() REPRESENTATION_CONTEXT('2D SPACE',''
  ) );
#9130 = ORIENTED_EDGE('',*,*,#8505,.T.);
#9131 = ORIENTED_EDGE('',*,*,#9110,.T.);
#9132 = ADVANCED_FACE('',(#9133),#8553,.F.);
#9133 = FACE_BOUND('',#9134,.F.);
#9134 = EDGE_LOOP('',(#9135,#9159,#9180,#9181));
#9135 = ORIENTED_EDGE('',*,*,#9136,.F.);
#9136 = EDGE_CURVE('',#9137,#9137,#9139,.T.);
#9137 = VERTEX_POINT('',#9138);
#9138 = CARTESIAN_POINT('',(997.,25.,594.5));
#9139 = SURFACE_CURVE('',#9140,(#9145,#9152),.PCURVE_S1.);
#9140 = CIRCLE('',#9141,5.5);
#9141 = AXIS2_PLACEMENT_3D('',#9142,#9143,#9144);
#9142 = CARTESIAN_POINT('',(997.,25.,600.));
#9143 = DIRECTION('',(1.,0.,1.110223024625E-16));
#9144 = DIRECTION('',(1.110223024625E-16,0.,-1.));
#9145 = PCURVE('',#8553,#9146);
#9146 = DEFINITIONAL_REPRESENTATION('',(#9147),#9151);
#9147 = LINE('',#9148,#9149);
#9148 = CARTESIAN_POINT('',(0.,26.));
#9149 = VECTOR('',#9150,1.);
#9150 = DIRECTION('',(1.,0.));
#9151 = ( GEOMETRIC_REPRESENTATION_CONTEXT(2) 
PARAMETRIC_REPRESENTATION_CONTEXT() REPRESENTATION_CONTEXT('2D SPACE',''
  ) );
#9152 = PCURVE('',#8846,#9153);
#9153 = DEFINITIONAL_REPRESENTATION('',(#9154),#9158);
#9154 = CIRCLE('',#9155,5.5);
#9155 = AXIS2_PLACEMENT_2D('',#9156,#9157);
#9156 = CARTESIAN_POINT('',(600.,-25.));
#9157 = DIRECTION('',(-1.,0.));
#9158 = ( GEOMETRIC_REPRESENTATION_CONTEXT(2) 
PARAMETRIC_REPRESENTATION_CONTEXT() REPRESENTATION_CONTEXT('2D SPACE',''
  ) );
#9159 = ORIENTED_EDGE('',*,*,#9160,.F.);
#9160 = EDGE_CURVE('',#8537,#9137,#9161,.T.);
#9161 = SEAM_CURVE('',#9162,(#9166,#9173),.PCURVE_S1.);
#9162 = LINE('',#9163,#9164);
#9163 = CARTESIAN_POINT('',(971.,25.,594.5));
#9164 = VECTOR('',#9165,1.);
#9165 = DIRECTION('',(1.,0.,1.110223024625E-16));
#9166 = PCURVE('',#8553,#9167);
#9167 = DEFINITIONAL_REPRESENTATION('',(#9168),#9172);
#9168 = LINE('',#9169,#9170);
#9169 = CARTESIAN_POINT('',(6.28318530718,-0.));
#9170 = VECTOR('',#9171,1.);
#9171 = DIRECTION('',(0.,1.));
#9172 = ( GEOMETRIC_REPRESENTATION_CONTEXT(2) 
PARAMETRIC_REPRESENTATION_CONTEXT() REPRESENTATION_CONTEXT('2D SPACE',''
  ) );
#9173 = PCURVE('',#8553,#9174);
#9174 = DEFINITIONAL_REPRESENTATION('',(#9175),#9179);
#9175 = LINE('',#9176,#9177);
#9176 = CARTESIAN_POINT('',(0.,-0.));
#9177 = VECTOR('',#9178,1.);
#9178 = DIRECTION('',(0.,1.));
#9179 = ( GEOMETRIC_REPRESENTATION_CONTEXT(2) 
PARAMETRIC_REPRESENTATION_CONTEXT() REPRESENTATION_CONTEXT('2D SPACE',''
  ) );
#9180 = ORIENTED_EDGE('',*,*,#8536,.T.);
#9181 = ORIENTED_EDGE('',*,*,#9160,.T.);
#9182 = ADVANCED_FACE('',(#9183),#8584,.F.);
#9183 = FACE_BOUND('',#9184,.F.);
#9184 = EDGE_LOOP('',(#9185,#9209,#9230,#9231));
#9185 = ORIENTED_EDGE('',*,*,#9186,.F.);
#9186 = EDGE_CURVE('',#9187,#9187,#9189,.T.);
#9187 = VERTEX_POINT('',#9188);
#9188 = CARTESIAN_POINT('',(997.,25.,694.5));
#9189 = SURFACE_CURVE('',#9190,(#9195,#9202),.PCURVE_S1.);
#9190 = CIRCLE('',#9191,5.5);
#9191 = AXIS2_PLACEMENT_3D('',#9192,#9193,#9194);
#9192 = CARTESIAN_POINT('',(997.,25.,700.));
#9193 = DIRECTION('',(1.,0.,1.110223024625E-16));
#9194 = DIRECTION('',(1.110223024625E-16,0.,-1.));
#9195 = PCURVE('',#8584,#9196);
#9196 = DEFINITIONAL_REPRESENTATION('',(#9197),#9201);
#9197 = LINE('',#9198,#9199);
#9198 = CARTESIAN_POINT('',(0.,26.));
#9199 = VECTOR('',#9200,1.);
#9200 = DIRECTION('',(1.,0.));
#9201 = ( GEOMETRIC_REPRESENTATION_CONTEXT(2) 
PARAMETRIC_REPRESENTATION_CONTEXT() REPRESENTATION_CONTEXT('2D SPACE',''
  ) );
#9202 = PCURVE('',#8846,#9203);
#9203 = DEFINITIONAL_REPRESENTATION('',(#9204),#9208);
#9204 = CIRCLE('',#9205,5.5);
#9205 = AXIS2_PLACEMENT_2D('',#9206,#9207);
#9206 = CARTESIAN_POINT('',(700.,-25.));
#9207 = DIRECTION('',(-1.,0.));
#9208 = ( GEOMETRIC_REPRESENTATION_CONTEXT(2) 
PARAMETRIC_REPRESENTATION_CONTEXT() REPRESENTATION_CONTEXT('2D SPACE',''
  ) );
#9209 = ORIENTED_EDGE('',*,*,#9210,.F.);
#9210 = EDGE_CURVE('',#8568,#9187,#9211,.T.);
#9211 = SEAM_CURVE('',#9212,(#9216,#9223),.PCURVE_S1.);
#9212 = LINE('',#9213,#9214);
#9213 = CARTESIAN_POINT('',(971.,25.,694.5));
#9214 = VECTOR('',#9215,1.);
#9215 = DIRECTION('',(1.,0.,1.110223024625E-16));
#9216 = PCURVE('',#8584,#9217);
#9217 = DEFINITIONAL_REPRESENTATION('',(#9218),#9222);
#9218 = LINE('',#9219,#9220);
#9219 = CARTESIAN_POINT('',(6.28318530718,-0.));
#9220 = VECTOR('',#9221,1.);
#9221 = DIRECTION('',(0.,1.));
#9222 = ( GEOMETRIC_REPRESENTATION_CONTEXT(2) 
PARAMETRIC_REPRESENTATION_CONTEXT() REPRESENTATION_CONTEXT('2D SPACE',''
  ) );
#9223 = PCURVE('',#8584,#9224);
#9224 = DEFINITIONAL_REPRESENTATION('',(#9225),#9229);
#9225 = LINE('',#9226,#9227);
#9226 = CARTESIAN_POINT('',(0.,-0.));
#9227 = VECTOR('',#9228,1.);
#9228 = DIRECTION('',(0.,1.));
#9229 = ( GEOMETRIC_REPRESENTATION_CONTEXT(2) 
PARAMETRIC_REPRESENTATION_CONTEXT() REPRESENTATION_CONTEXT('2D SPACE',''
  ) );
#9230 = ORIENTED_EDGE('',*,*,#8567,.T.);
#9231 = ORIENTED_EDGE('',*,*,#9210,.T.);
#9232 = ADVANCED_FACE('',(#9233),#8615,.F.);
#9233 = FACE_BOUND('',#9234,.F.);
#9234 = EDGE_LOOP('',(#9235,#9259,#9280,#9281));
#9235 = ORIENTED_EDGE('',*,*,#9236,.F.);
#9236 = EDGE_CURVE('',#9237,#9237,#9239,.T.);
#9237 = VERTEX_POINT('',#9238);
#9238 = CARTESIAN_POINT('',(997.,25.,994.5));
#9239 = SURFACE_CURVE('',#9240,(#9245,#9252),.PCURVE_S1.);
#9240 = CIRCLE('',#9241,5.5);
#9241 = AXIS2_PLACEMENT_3D('',#9242,#9243,#9244);
#9242 = CARTESIAN_POINT('',(997.,25.,1.E+03));
#9243 = DIRECTION('',(1.,0.,1.110223024625E-16));
#9244 = DIRECTION('',(1.110223024625E-16,0.,-1.));
#9245 = PCURVE('',#8615,#9246);
#9246 = DEFINITIONAL_REPRESENTATION('',(#9247),#9251);
#9247 = LINE('',#9248,#9249);
#9248 = CARTESIAN_POINT('',(0.,26.));
#9249 = VECTOR('',#9250,1.);
#9250 = DIRECTION('',(1.,0.));
#9251 = ( GEOMETRIC_REPRESENTATION_CONTEXT(2) 
PARAMETRIC_REPRESENTATION_CONTEXT() REPRESENTATION_CONTEXT('2D SPACE',''
  ) );
#9252 = PCURVE('',#8846,#9253);
#9253 = DEFINITIONAL_REPRESENTATION('',(#9254),#9258);
#9254 = CIRCLE('',#9255,5.5);
#9255 = AXIS2_PLACEMENT_2D('',#9256,#9257);
#9256 = CARTESIAN_POINT('',(1.E+03,-25.));
#9257 = DIRECTION('',(-1.,0.));
#9258 = ( GEOMETRIC_REPRESENTATION_CONTEXT(2) 
PARAMETRIC_REPRESENTATION_CONTEXT() REPRESENTATION_CONTEXT('2D SPACE',''
  ) );
#9259 = ORIENTED_EDGE('',*,*,#9260,.F.);
#9260 = EDGE_CURVE('',#8599,#9237,#9261,.T.);
#9261 = SEAM_CURVE('',#9262,(#9266,#9273),.PCURVE_S1.);
#9262 = LINE('',#9263,#9264);
#9263 = CARTESIAN_POINT('',(971.,25.,994.5));
#9264 = VECTOR('',#9265,1.);
#9265 = DIRECTION('',(1.,0.,1.110223024625E-16));
#9266 = PCURVE('',#8615,#9267);
#9267 = DEFINITIONAL_REPRESENTATION('',(#9268),#9272);
#9268 = LINE('',#9269,#9270);
#9269 = CARTESIAN_POINT('',(6.28318530718,-0.));
#9270 = VECTOR('',#9271,1.);
#9271 = DIRECTION('',(0.,1.));
#9272 = ( GEOMETRIC_REPRESENTATION_CONTEXT(2) 
PARAMETRIC_REPRESENTATION_CONTEXT() REPRESENTATION_CONTEXT('2D SPACE',''
  ) );
#9273 = PCURVE('',#8615,#9274);
#9274 = DEFINITIONAL_REPRESENTATION('',(#9275),#9279);
#9275 = LINE('',#9276,#9277);
#9276 = CARTESIAN_POINT('',(0.,-0.));
#9277 = VECTOR('',#9278,1.);
#9278 = DIRECTION('',(0.,1.));
#9279 = ( GEOMETRIC_REPRESENTATION_CONTEXT(2) 
PARAMETRIC_REPRESENTATION_CONTEXT() REPRESENTATION_CONTEXT('2D SPACE',''
  ) );
#9280 = ORIENTED_EDGE('',*,*,#8598,.T.);
#9281 = ORIENTED_EDGE('',*,*,#9260,.T.);
#9282 = ADVANCED_FACE('',(#9283),#8646,.F.);
#9283 = FACE_BOUND('',#9284,.F.);
#9284 = EDGE_LOOP('',(#9285,#9309,#9330,#9331));
#9285 = ORIENTED_EDGE('',*,*,#9286,.F.);
#9286 = EDGE_CURVE('',#9287,#9287,#9289,.T.);
#9287 = VERTEX_POINT('',#9288);
#9288 = CARTESIAN_POINT('',(997.,25.,1.1945E+03));
#9289 = SURFACE_CURVE('',#9290,(#9295,#9302),.PCURVE_S1.);
#9290 = CIRCLE('',#9291,5.5);
#9291 = AXIS2_PLACEMENT_3D('',#9292,#9293,#9294);
#9292 = CARTESIAN_POINT('',(997.,25.,1.2E+03));
#9293 = DIRECTION('',(1.,0.,1.110223024625E-16));
#9294 = DIRECTION('',(1.110223024625E-16,0.,-1.));
#9295 = PCURVE('',#8646,#9296);
#9296 = DEFINITIONAL_REPRESENTATION('',(#9297),#9301);
#9297 = LINE('',#9298,#9299);
#9298 = CARTESIAN_POINT('',(0.,26.));
#9299 = VECTOR('',#9300,1.);
#9300 = DIRECTION('',(1.,0.));
#9301 = ( GEOMETRIC_REPRESENTATION_CONTEXT(2) 
PARAMETRIC_REPRESENTATION_CONTEXT() REPRESENTATION_CONTEXT('2D SPACE',''
  ) );
#9302 = PCURVE('',#8846,#9303);
#9303 = DEFINITIONAL_REPRESENTATION('',(#9304),#9308);
#9304 = CIRCLE('',#9305,5.5);
#9305 = AXIS2_PLACEMENT_2D('',#9306,#9307);
#9306 = CARTESIAN_POINT('',(1.2E+03,-25.));
#9307 = DIRECTION('',(-1.,0.));
#9308 = ( GEOMETRIC_REPRESENTATION_CONTEXT(2) 
PARAMETRIC_REPRESENTATION_CONTEXT() REPRESENTATION_CONTEXT('2D SPACE',''
  ) );
#9309 = ORIENTED_EDGE('',*,*,#9310,.F.);
#9310 = EDGE_CURVE('',#8630,#9287,#9311,.T.);
#9311 = SEAM_CURVE('',#9312,(#9316,#9323),.PCURVE_S1.);
#9312 = LINE('',#9313,#9314);
#9313 = CARTESIAN_POINT('',(971.,25.,1.1945E+03));
#9314 = VECTOR('',#9315,1.);
#9315 = DIRECTION('',(1.,0.,1.110223024625E-16));
#9316 = PCURVE('',#8646,#9317);
#9317 = DEFINITIONAL_REPRESENTATION('',(#9318),#9322);
#9318 = LINE('',#9319,#9320);
#9319 = CARTESIAN_POINT('',(6.28318530718,-0.));
#9320 = VECTOR('',#9321,1.);
#9321 = DIRECTION('',(0.,1.));
#9322 = ( GEOMETRIC_REPRESENTATION_CONTEXT(2) 
PARAMETRIC_REPRESENTATION_CONTEXT() REPRESENTATION_CONTEXT('2D SPACE',''
  ) );
#9323 = PCURVE('',#8646,#9324);
#9324 = DEFINITIONAL_REPRESENTATION('',(#9325),#9329);
#9325 = LINE('',#9326,#9327);
#9326 = CARTESIAN_POINT('',(0.,-0.));
#9327 = VECTOR('',#9328,1.);
#9328 = DIRECTION('',(0.,1.));
#9329 = ( GEOMETRIC_REPRESENTATION_CONTEXT(2) 
PARAMETRIC_REPRESENTATION_CONTEXT() REPRESENTATION_CONTEXT('2D SPACE',''
  ) );
#9330 = ORIENTED_EDGE('',*,*,#8629,.T.);
#9331 = ORIENTED_EDGE('',*,*,#9310,.T.);
#9332 = ADVANCED_FACE('',(#9333),#8677,.F.);
#9333 = FACE_BOUND('',#9334,.F.);
#9334 = EDGE_LOOP('',(#9335,#9359,#9380,#9381));
#9335 = ORIENTED_EDGE('',*,*,#9336,.F.);
#9336 = EDGE_CURVE('',#9337,#9337,#9339,.T.);
#9337 = VERTEX_POINT('',#9338);
#9338 = CARTESIAN_POINT('',(997.,25.,1.2945E+03));
#9339 = SURFACE_CURVE('',#9340,(#9345,#9352),.PCURVE_S1.);
#9340 = CIRCLE('',#9341,5.5);
#9341 = AXIS2_PLACEMENT_3D('',#9342,#9343,#9344);
#9342 = CARTESIAN_POINT('',(997.,25.,1.3E+03));
#9343 = DIRECTION('',(1.,0.,1.110223024625E-16));
#9344 = DIRECTION('',(1.110223024625E-16,0.,-1.));
#9345 = PCURVE('',#8677,#9346);
#9346 = DEFINITIONAL_REPRESENTATION('',(#9347),#9351);
#9347 = LINE('',#9348,#9349);
#9348 = CARTESIAN_POINT('',(0.,26.));
#9349 = VECTOR('',#9350,1.);
#9350 = DIRECTION('',(1.,0.));
#9351 = ( GEOMETRIC_REPRESENTATION_CONTEXT(2) 
PARAMETRIC_REPRESENTATION_CONTEXT() REPRESENTATION_CONTEXT('2D SPACE',''
  ) );
#9352 = PCURVE('',#8846,#9353);
#9353 = DEFINITIONAL_REPRESENTATION('',(#9354),#9358);
#9354 = CIRCLE('',#9355,5.5);
#9355 = AXIS2_PLACEMENT_2D('',#9356,#9357);
#9356 = CARTESIAN_POINT('',(1.3E+03,-25.));
#9357 = DIRECTION('',(-1.,0.));
#9358 = ( GEOMETRIC_REPRESENTATION_CONTEXT(2) 
PARAMETRIC_REPRESENTATION_CONTEXT() REPRESENTATION_CONTEXT('2D SPACE',''
  ) );
#9359 = ORIENTED_EDGE('',*,*,#9360,.F.);
#9360 = EDGE_CURVE('',#8661,#9337,#9361,.T.);
#9361 = SEAM_CURVE('',#9362,(#9366,#9373),.PCURVE_S1.);
#9362 = LINE('',#9363,#9364);
#9363 = CARTESIAN_POINT('',(971.,25.,1.2945E+03));
#9364 = VECTOR('',#9365,1.);
#9365 = DIRECTION('',(1.,0.,1.110223024625E-16));
#9366 = PCURVE('',#8677,#9367);
#9367 = DEFINITIONAL_REPRESENTATION('',(#9368),#9372);
#9368 = LINE('',#9369,#9370);
#9369 = CARTESIAN_POINT('',(6.28318530718,-0.));
#9370 = VECTOR('',#9371,1.);
#9371 = DIRECTION('',(0.,1.));
#9372 = ( GEOMETRIC_REPRESENTATION_CONTEXT(2) 
PARAMETRIC_REPRESENTATION_CONTEXT() REPRESENTATION_CONTEXT('2D SPACE',''
  ) );
#9373 = PCURVE('',#8677,#9374);
#9374 = DEFINITIONAL_REPRESENTATION('',(#9375),#9379);
#9375 = LINE('',#9376,#9377);
#9376 = CARTESIAN_POINT('',(0.,-0.));
#9377 = VECTOR('',#9378,1.);
#9378 = DIRECTION('',(0.,1.));
#9379 = ( GEOMETRIC_REPRESENTATION_CONTEXT(2) 
PARAMETRIC_REPRESENTATION_CONTEXT() REPRESENTATION_CONTEXT('2D SPACE',''
  ) );
#9380 = ORIENTED_EDGE('',*,*,#8660,.T.);
#9381 = ORIENTED_EDGE('',*,*,#9360,.T.);
#9382 = ADVANCED_FACE('',(#9383),#8708,.F.);
#9383 = FACE_BOUND('',#9384,.F.);
#9384 = EDGE_LOOP('',(#9385,#9409,#9430,#9431));
#9385 = ORIENTED_EDGE('',*,*,#9386,.F.);
#9386 = EDGE_CURVE('',#9387,#9387,#9389,.T.);
#9387 = VERTEX_POINT('',#9388);
#9388 = CARTESIAN_POINT('',(997.,25.,1.6945E+03));
#9389 = SURFACE_CURVE('',#9390,(#9395,#9402),.PCURVE_S1.);
#9390 = CIRCLE('',#9391,5.5);
#9391 = AXIS2_PLACEMENT_3D('',#9392,#9393,#9394);
#9392 = CARTESIAN_POINT('',(997.,25.,1.7E+03));
#9393 = DIRECTION('',(1.,0.,1.110223024625E-16));
#9394 = DIRECTION('',(1.110223024625E-16,0.,-1.));
#9395 = PCURVE('',#8708,#9396);
#9396 = DEFINITIONAL_REPRESENTATION('',(#9397),#9401);
#9397 = LINE('',#9398,#9399);
#9398 = CARTESIAN_POINT('',(0.,26.));
#9399 = VECTOR('',#9400,1.);
#9400 = DIRECTION('',(1.,0.));
#9401 = ( GEOMETRIC_REPRESENTATION_CONTEXT(2) 
PARAMETRIC_REPRESENTATION_CONTEXT() REPRESENTATION_CONTEXT('2D SPACE',''
  ) );
#9402 = PCURVE('',#8846,#9403);
#9403 = DEFINITIONAL_REPRESENTATION('',(#9404),#9408);
#9404 = CIRCLE('',#9405,5.5);
#9405 = AXIS2_PLACEMENT_2D('',#9406,#9407);
#9406 = CARTESIAN_POINT('',(1.7E+03,-25.));
#9407 = DIRECTION('',(-1.,0.));
#9408 = ( GEOMETRIC_REPRESENTATION_CONTEXT(2) 
PARAMETRIC_REPRESENTATION_CONTEXT() REPRESENTATION_CONTEXT('2D SPACE',''
  ) );
#9409 = ORIENTED_EDGE('',*,*,#9410,.F.);
#9410 = EDGE_CURVE('',#8692,#9387,#9411,.T.);
#9411 = SEAM_CURVE('',#9412,(#9416,#9423),.PCURVE_S1.);
#9412 = LINE('',#9413,#9414);
#9413 = CARTESIAN_POINT('',(971.,25.,1.6945E+03));
#9414 = VECTOR('',#9415,1.);
#9415 = DIRECTION('',(1.,0.,1.110223024625E-16));
#9416 = PCURVE('',#8708,#9417);
#9417 = DEFINITIONAL_REPRESENTATION('',(#9418),#9422);
#9418 = LINE('',#9419,#9420);
#9419 = CARTESIAN_POINT('',(6.28318530718,-0.));
#9420 = VECTOR('',#9421,1.);
#9421 = DIRECTION('',(0.,1.));
#9422 = ( GEOMETRIC_REPRESENTATION_CONTEXT(2) 
PARAMETRIC_REPRESENTATION_CONTEXT() REPRESENTATION_CONTEXT('2D SPACE',''
  ) );
#9423 = PCURVE('',#8708,#9424);
#9424 = DEFINITIONAL_REPRESENTATION('',(#9425),#9429);
#9425 = LINE('',#9426,#9427);
#9426 = CARTESIAN_POINT('',(0.,-0.));
#9427 = VECTOR('',#9428,1.);
#9428 = DIRECTION('',(0.,1.));
#9429 = ( GEOMETRIC_REPRESENTATION_CONTEXT(2) 
PARAMETRIC_REPRESENTATION_CONTEXT() REPRESENTATION_CONTEXT('2D SPACE',''
  ) );
#9430 = ORIENTED_EDGE('',*,*,#8691,.T.);
#9431 = ORIENTED_EDGE('',*,*,#9410,.T.);
#9432 = ADVANCED_FACE('',(#9433),#8739,.F.);
#9433 = FACE_BOUND('',#9434,.F.);
#9434 = EDGE_LOOP('',(#9435,#9459,#9480,#9481));
#9435 = ORIENTED_EDGE('',*,*,#9436,.F.);
#9436 = EDGE_CURVE('',#9437,#9437,#9439,.T.);
#9437 = VERTEX_POINT('',#9438);
#9438 = CARTESIAN_POINT('',(997.,25.,1.7945E+03));
#9439 = SURFACE_CURVE('',#9440,(#9445,#9452),.PCURVE_S1.);
#9440 = CIRCLE('',#9441,5.5);
#9441 = AXIS2_PLACEMENT_3D('',#9442,#9443,#9444);
#9442 = CARTESIAN_POINT('',(997.,25.,1.8E+03));
#9443 = DIRECTION('',(1.,0.,1.110223024625E-16));
#9444 = DIRECTION('',(1.110223024625E-16,0.,-1.));
#9445 = PCURVE('',#8739,#9446);
#9446 = DEFINITIONAL_REPRESENTATION('',(#9447),#9451);
#9447 = LINE('',#9448,#9449);
#9448 = CARTESIAN_POINT('',(0.,26.));
#9449 = VECTOR('',#9450,1.);
#9450 = DIRECTION('',(1.,0.));
#9451 = ( GEOMETRIC_REPRESENTATION_CONTEXT(2) 
PARAMETRIC_REPRESENTATION_CONTEXT() REPRESENTATION_CONTEXT('2D SPACE',''
  ) );
#9452 = PCURVE('',#8846,#9453);
#9453 = DEFINITIONAL_REPRESENTATION('',(#9454),#9458);
#9454 = CIRCLE('',#9455,5.5);
#9455 = AXIS2_PLACEMENT_2D('',#9456,#9457);
#9456 = CARTESIAN_POINT('',(1.8E+03,-25.));
#9457 = DIRECTION('',(-1.,0.));
#9458 = ( GEOMETRIC_REPRESENTATION_CONTEXT(2) 
PARAMETRIC_REPRESENTATION_CONTEXT() REPRESENTATION_CONTEXT('2D SPACE',''
  ) );
#9459 = ORIENTED_EDGE('',*,*,#9460,.F.);
#9460 = EDGE_CURVE('',#8723,#9437,#9461,.T.);
#9461 = SEAM_CURVE('',#9462,(#9466,#9473),.PCURVE_S1.);
#9462 = LINE('',#9463,#9464);
#9463 = CARTESIAN_POINT('',(971.,25.,1.7945E+03));
#9464 = VECTOR('',#9465,1.);
#9465 = DIRECTION('',(1.,0.,1.110223024625E-16));
#9466 = PCURVE('',#8739,#9467);
#9467 = DEFINITIONAL_REPRESENTATION('',(#9468),#9472);
#9468 = LINE('',#9469,#9470);
#9469 = CARTESIAN_POINT('',(6.28318530718,-0.));
#9470 = VECTOR('',#9471,1.);
#9471 = DIRECTION('',(0.,1.));
#9472 = ( GEOMETRIC_REPRESENTATION_CONTEXT(2) 
PARAMETRIC_REPRESENTATION_CONTEXT() REPRESENTATION_CONTEXT('2D SPACE',''
  ) );
#9473 = PCURVE('',#8739,#9474);
#9474 = DEFINITIONAL_REPRESENTATION('',(#9475),#9479);
#9475 = LINE('',#9476,#9477);
#9476 = CARTESIAN_POINT('',(0.,-0.));
#9477 = VECTOR('',#9478,1.);
#9478 = DIRECTION('',(0.,1.));
#9479 = ( GEOMETRIC_REPRESENTATION_CONTEXT(2) 
PARAMETRIC_REPRESENTATION_CONTEXT() REPRESENTATION_CONTEXT('2D SPACE',''
  ) );
#9480 = ORIENTED_EDGE('',*,*,#8722,.T.);
#9481 = ORIENTED_EDGE('',*,*,#9460,.T.);
#9482 = ADVANCED_FACE('',(#9483),#8770,.F.);
#9483 = FACE_BOUND('',#9484,.F.);
#9484 = EDGE_LOOP('',(#9485,#9509,#9530,#9531));
#9485 = ORIENTED_EDGE('',*,*,#9486,.F.);
#9486 = EDGE_CURVE('',#9487,#9487,#9489,.T.);
#9487 = VERTEX_POINT('',#9488);
#9488 = CARTESIAN_POINT('',(997.,25.,1.8945E+03));
#9489 = SURFACE_CURVE('',#9490,(#9495,#9502),.PCURVE_S1.);
#9490 = CIRCLE('',#9491,5.5);
#9491 = AXIS2_PLACEMENT_3D('',#9492,#9493,#9494);
#9492 = CARTESIAN_POINT('',(997.,25.,1.9E+03));
#9493 = DIRECTION('',(1.,0.,1.110223024625E-16));
#9494 = DIRECTION('',(1.110223024625E-16,0.,-1.));
#9495 = PCURVE('',#8770,#9496);
#9496 = DEFINITIONAL_REPRESENTATION('',(#9497),#9501);
#9497 = LINE('',#9498,#9499);
#9498 = CARTESIAN_POINT('',(0.,26.));
#9499 = VECTOR('',#9500,1.);
#9500 = DIRECTION('',(1.,0.));
#9501 = ( GEOMETRIC_REPRESENTATION_CONTEXT(2) 
PARAMETRIC_REPRESENTATION_CONTEXT() REPRESENTATION_CONTEXT('2D SPACE',''
  ) );
#9502 = PCURVE('',#8846,#9503);
#9503 = DEFINITIONAL_REPRESENTATION('',(#9504),#9508);
#9504 = CIRCLE('',#9505,5.5);
#9505 = AXIS2_PLACEMENT_2D('',#9506,#9507);
#9506 = CARTESIAN_POINT('',(1.9E+03,-25.));
#9507 = DIRECTION('',(-1.,0.));
#9508 = ( GEOMETRIC_REPRESENTATION_CONTEXT(2) 
PARAMETRIC_REPRESENTATION_CONTEXT() REPRESENTATION_CONTEXT('2D SPACE',''
  ) );
#9509 = ORIENTED_EDGE('',*,*,#9510,.F.);
#9510 = EDGE_CURVE('',#8754,#9487,#9511,.T.);
#9511 = SEAM_CURVE('',#9512,(#9516,#9523),.PCURVE_S1.);
#9512 = LINE('',#9513,#9514);
#9513 = CARTESIAN_POINT('',(971.,25.,1.8945E+03));
#9514 = VECTOR('',#9515,1.);
#9515 = DIRECTION('',(1.,0.,1.110223024625E-16));
#9516 = PCURVE('',#8770,#9517);
#9517 = DEFINITIONAL_REPRESENTATION('',(#9518),#9522);
#9518 = LINE('',#9519,#9520);
#9519 = CARTESIAN_POINT('',(6.28318530718,-0.));
#9520 = VECTOR('',#9521,1.);
#9521 = DIRECTION('',(0.,1.));
#9522 = ( GEOMETRIC_REPRESENTATION_CONTEXT(2) 
PARAMETRIC_REPRESENTATION_CONTEXT() REPRESENTATION_CONTEXT('2D SPACE',''
  ) );
#9523 = PCURVE('',#8770,#9524);
#9524 = DEFINITIONAL_REPRESENTATION('',(#9525),#9529);
#9525 = LINE('',#9526,#9527);
#9526 = CARTESIAN_POINT('',(0.,-0.));
#9527 = VECTOR('',#9528,1.);
#9528 = DIRECTION('',(0.,1.));
#9529 = ( GEOMETRIC_REPRESENTATION_CONTEXT(2) 
PARAMETRIC_REPRESENTATION_CONTEXT() REPRESENTATION_CONTEXT('2D SPACE',''
  ) );
#9530 = ORIENTED_EDGE('',*,*,#8753,.T.);
#9531 = ORIENTED_EDGE('',*,*,#9510,.T.);
#9532 = ADVANCED_FACE('',(#9533,#9539,#9542,#9545,#9548,#9551,#9554,
    #9557,#9560,#9563,#9566,#9569),#8846,.T.);
#9533 = FACE_BOUND('',#9534,.T.);
#9534 = EDGE_LOOP('',(#9535,#9536,#9537,#9538));
#9535 = ORIENTED_EDGE('',*,*,#8832,.F.);
#9536 = ORIENTED_EDGE('',*,*,#8912,.T.);
#9537 = ORIENTED_EDGE('',*,*,#8962,.T.);
#9538 = ORIENTED_EDGE('',*,*,#8863,.F.);
#9539 = FACE_BOUND('',#9540,.T.);
#9540 = EDGE_LOOP('',(#9541));
#9541 = ORIENTED_EDGE('',*,*,#8986,.F.);
#9542 = FACE_BOUND('',#9543,.T.);
#9543 = EDGE_LOOP('',(#9544));
#9544 = ORIENTED_EDGE('',*,*,#9036,.F.);
#9545 = FACE_BOUND('',#9546,.T.);
#9546 = EDGE_LOOP('',(#9547));
#9547 = ORIENTED_EDGE('',*,*,#9086,.F.);
#9548 = FACE_BOUND('',#9549,.T.);
#9549 = EDGE_LOOP('',(#9550));
#9550 = ORIENTED_EDGE('',*,*,#9136,.F.);
#9551 = FACE_BOUND('',#9552,.T.);
#9552 = EDGE_LOOP('',(#9553));
#9553 = ORIENTED_EDGE('',*,*,#9186,.F.);
#9554 = FACE_BOUND('',#9555,.T.);
#9555 = EDGE_LOOP('',(#9556));
#9556 = ORIENTED_EDGE('',*,*,#9236,.F.);
#9557 = FACE_BOUND('',#9558,.T.);
#9558 = EDGE_LOOP('',(#9559));
#9559 = ORIENTED_EDGE('',*,*,#9286,.F.);
#9560 = FACE_BOUND('',#9561,.T.);
#9561 = EDGE_LOOP('',(#9562));
#9562 = ORIENTED_EDGE('',*,*,#9336,.F.);
#9563 = FACE_BOUND('',#9564,.T.);
#9564 = EDGE_LOOP('',(#9565));
#9565 = ORIENTED_EDGE('',*,*,#9386,.F.);
#9566 = FACE_BOUND('',#9567,.T.);
#9567 = EDGE_LOOP('',(#9568));
#9568 = ORIENTED_EDGE('',*,*,#9436,.F.);
#9569 = FACE_BOUND('',#9570,.T.);
#9570 = EDGE_LOOP('',(#9571));
#9571 = ORIENTED_EDGE('',*,*,#9486,.F.);
#9572 = ( GEOMETRIC_REPRESENTATION_CONTEXT(3) 
GLOBAL_UNCERTAINTY_ASSIGNED_CONTEXT((#9576)) 
GLOBAL_UNIT_ASSIGNED_CONTEXT((#9573,#9574,#9575)) REPRESENTATION_CONTEXT
('Context #1','3D Context with UNIT and UNCERTAINTY') );
#9573 = ( LENGTH_UNIT() NAMED_UNIT(*) SI_UNIT(.MILLI.,.METRE.) );
#9574 = ( NAMED_UNIT(*) PLANE_ANGLE_UNIT() SI_UNIT($,.RADIAN.) );
#9575 = ( NAMED_UNIT(*) SI_UNIT($,.STERADIAN.) SOLID_ANGLE_UNIT() );
#9576 = UNCERTAINTY_MEASURE_WITH_UNIT(LENGTH_MEASURE(1.E-07),#9573,
  'distance_accuracy_value','confusion accuracy');
#9577 = CONTEXT_DEPENDENT_SHAPE_REPRESENTATION(#9578,#9580);
#9578 = ( REPRESENTATION_RELATIONSHIP('','',#8317,#10) 
REPRESENTATION_RELATIONSHIP_WITH_TRANSFORMATION(#9579) 
SHAPE_REPRESENTATION_RELATIONSHIP() );
#9579 = ITEM_DEFINED_TRANSFORMATION('','',#11,#67);
#9580 = PRODUCT_DEFINITION_SHAPE('Placement','Placement of an item',
  #9581);
#9581 = NEXT_ASSEMBLY_USAGE_OCCURRENCE('837',
  '\X2\04410442043E0439043A0430\X0\_\X2\0449043804420430\X0\_25\X2\0445\X0\50\X2\0445\X0\2400','',#5,
  #8312,$);
#9582 = PRODUCT_RELATED_PRODUCT_CATEGORY('part',$,(#8314));
#9583 = SHAPE_DEFINITION_REPRESENTATION(#9584,#9590);
#9584 = PRODUCT_DEFINITION_SHAPE('','',#9585);
#9585 = PRODUCT_DEFINITION('design','',#9586,#9589);
#9586 = PRODUCT_DEFINITION_FORMATION('','',#9587);
#9587 = PRODUCT('\X2\043F043504400435043C044B0447043A0430\X0\_25\X2\0445\X0\50\X2\0445\X0\947',
  '\X2\043F043504400435043C044B0447043A0430\X0\_25\X2\0445\X0\50\X2\0445\X0\947','',(#9588));
#9588 = PRODUCT_CONTEXT('',#2,'mechanical');
#9589 = PRODUCT_DEFINITION_CONTEXT('part definition',#2,'design');
#9590 = ADVANCED_BREP_SHAPE_REPRESENTATION('',(#11,#9591),#9921);
#9591 = MANIFOLD_SOLID_BREP('',#9592);
#9592 = CLOSED_SHELL('',(#9593,#9713,#9813,#9860,#9907,#9914));
#9593 = ADVANCED_FACE('',(#9594),#9608,.F.);
#9594 = FACE_BOUND('',#9595,.F.);
#9595 = EDGE_LOOP('',(#9596,#9631,#9659,#9687));
#9596 = ORIENTED_EDGE('',*,*,#9597,.F.);
#9597 = EDGE_CURVE('',#9598,#9600,#9602,.T.);
#9598 = VERTEX_POINT('',#9599);
#9599 = CARTESIAN_POINT('',(0.,0.,0.));
#9600 = VERTEX_POINT('',#9601);
#9601 = CARTESIAN_POINT('',(0.,0.,25.));
#9602 = SURFACE_CURVE('',#9603,(#9607,#9619),.PCURVE_S1.);
#9603 = LINE('',#9604,#9605);
#9604 = CARTESIAN_POINT('',(0.,0.,0.));
#9605 = VECTOR('',#9606,1.);
#9606 = DIRECTION('',(0.,0.,1.));
#9607 = PCURVE('',#9608,#9613);
#9608 = PLANE('',#9609);
#9609 = AXIS2_PLACEMENT_3D('',#9610,#9611,#9612);
#9610 = CARTESIAN_POINT('',(0.,0.,0.));
#9611 = DIRECTION('',(1.,0.,-0.));
#9612 = DIRECTION('',(0.,0.,1.));
#9613 = DEFINITIONAL_REPRESENTATION('',(#9614),#9618);
#9614 = LINE('',#9615,#9616);
#9615 = CARTESIAN_POINT('',(0.,0.));
#9616 = VECTOR('',#9617,1.);
#9617 = DIRECTION('',(1.,0.));
#9618 = ( GEOMETRIC_REPRESENTATION_CONTEXT(2) 
PARAMETRIC_REPRESENTATION_CONTEXT() REPRESENTATION_CONTEXT('2D SPACE',''
  ) );
#9619 = PCURVE('',#9620,#9625);
#9620 = PLANE('',#9621);
#9621 = AXIS2_PLACEMENT_3D('',#9622,#9623,#9624);
#9622 = CARTESIAN_POINT('',(0.,0.,0.));
#9623 = DIRECTION('',(-0.,1.,0.));
#9624 = DIRECTION('',(0.,0.,1.));
#9625 = DEFINITIONAL_REPRESENTATION('',(#9626),#9630);
#9626 = LINE('',#9627,#9628);
#9627 = CARTESIAN_POINT('',(0.,0.));
#9628 = VECTOR('',#9629,1.);
#9629 = DIRECTION('',(1.,0.));
#9630 = ( GEOMETRIC_REPRESENTATION_CONTEXT(2) 
PARAMETRIC_REPRESENTATION_CONTEXT() REPRESENTATION_CONTEXT('2D SPACE',''
  ) );
#9631 = ORIENTED_EDGE('',*,*,#9632,.T.);
#9632 = EDGE_CURVE('',#9598,#9633,#9635,.T.);
#9633 = VERTEX_POINT('',#9634);
#9634 = CARTESIAN_POINT('',(0.,50.,0.));
#9635 = SURFACE_CURVE('',#9636,(#9640,#9647),.PCURVE_S1.);
#9636 = LINE('',#9637,#9638);
#9637 = CARTESIAN_POINT('',(0.,0.,0.));
#9638 = VECTOR('',#9639,1.);
#9639 = DIRECTION('',(-0.,1.,0.));
#9640 = PCURVE('',#9608,#9641);
#9641 = DEFINITIONAL_REPRESENTATION('',(#9642),#9646);
#9642 = LINE('',#9643,#9644);
#9643 = CARTESIAN_POINT('',(0.,0.));
#9644 = VECTOR('',#9645,1.);
#9645 = DIRECTION('',(0.,-1.));
#9646 = ( GEOMETRIC_REPRESENTATION_CONTEXT(2) 
PARAMETRIC_REPRESENTATION_CONTEXT() REPRESENTATION_CONTEXT('2D SPACE',''
  ) );
#9647 = PCURVE('',#9648,#9653);
#9648 = PLANE('',#9649);
#9649 = AXIS2_PLACEMENT_3D('',#9650,#9651,#9652);
#9650 = CARTESIAN_POINT('',(0.,0.,0.));
#9651 = DIRECTION('',(0.,0.,1.));
#9652 = DIRECTION('',(1.,0.,-0.));
#9653 = DEFINITIONAL_REPRESENTATION('',(#9654),#9658);
#9654 = LINE('',#9655,#9656);
#9655 = CARTESIAN_POINT('',(0.,0.));
#9656 = VECTOR('',#9657,1.);
#9657 = DIRECTION('',(0.,1.));
#9658 = ( GEOMETRIC_REPRESENTATION_CONTEXT(2) 
PARAMETRIC_REPRESENTATION_CONTEXT() REPRESENTATION_CONTEXT('2D SPACE',''
  ) );
#9659 = ORIENTED_EDGE('',*,*,#9660,.T.);
#9660 = EDGE_CURVE('',#9633,#9661,#9663,.T.);
#9661 = VERTEX_POINT('',#9662);
#9662 = CARTESIAN_POINT('',(0.,50.,25.));
#9663 = SURFACE_CURVE('',#9664,(#9668,#9675),.PCURVE_S1.);
#9664 = LINE('',#9665,#9666);
#9665 = CARTESIAN_POINT('',(0.,50.,0.));
#9666 = VECTOR('',#9667,1.);
#9667 = DIRECTION('',(0.,0.,1.));
#9668 = PCURVE('',#9608,#9669);
#9669 = DEFINITIONAL_REPRESENTATION('',(#9670),#9674);
#9670 = LINE('',#9671,#9672);
#9671 = CARTESIAN_POINT('',(0.,-50.));
#9672 = VECTOR('',#9673,1.);
#9673 = DIRECTION('',(1.,0.));
#9674 = ( GEOMETRIC_REPRESENTATION_CONTEXT(2) 
PARAMETRIC_REPRESENTATION_CONTEXT() REPRESENTATION_CONTEXT('2D SPACE',''
  ) );
#9675 = PCURVE('',#9676,#9681);
#9676 = PLANE('',#9677);
#9677 = AXIS2_PLACEMENT_3D('',#9678,#9679,#9680);
#9678 = CARTESIAN_POINT('',(0.,50.,0.));
#9679 = DIRECTION('',(-0.,1.,0.));
#9680 = DIRECTION('',(0.,0.,1.));
#9681 = DEFINITIONAL_REPRESENTATION('',(#9682),#9686);
#9682 = LINE('',#9683,#9684);
#9683 = CARTESIAN_POINT('',(0.,0.));
#9684 = VECTOR('',#9685,1.);
#9685 = DIRECTION('',(1.,0.));
#9686 = ( GEOMETRIC_REPRESENTATION_CONTEXT(2) 
PARAMETRIC_REPRESENTATION_CONTEXT() REPRESENTATION_CONTEXT('2D SPACE',''
  ) );
#9687 = ORIENTED_EDGE('',*,*,#9688,.F.);
#9688 = EDGE_CURVE('',#9600,#9661,#9689,.T.);
#9689 = SURFACE_CURVE('',#9690,(#9694,#9701),.PCURVE_S1.);
#9690 = LINE('',#9691,#9692);
#9691 = CARTESIAN_POINT('',(0.,0.,25.));
#9692 = VECTOR('',#9693,1.);
#9693 = DIRECTION('',(-0.,1.,0.));
#9694 = PCURVE('',#9608,#9695);
#9695 = DEFINITIONAL_REPRESENTATION('',(#9696),#9700);
#9696 = LINE('',#9697,#9698);
#9697 = CARTESIAN_POINT('',(25.,0.));
#9698 = VECTOR('',#9699,1.);
#9699 = DIRECTION('',(0.,-1.));
#9700 = ( GEOMETRIC_REPRESENTATION_CONTEXT(2) 
PARAMETRIC_REPRESENTATION_CONTEXT() REPRESENTATION_CONTEXT('2D SPACE',''
  ) );
#9701 = PCURVE('',#9702,#9707);
#9702 = PLANE('',#9703);
#9703 = AXIS2_PLACEMENT_3D('',#9704,#9705,#9706);
#9704 = CARTESIAN_POINT('',(0.,0.,25.));
#9705 = DIRECTION('',(0.,0.,1.));
#9706 = DIRECTION('',(1.,0.,-0.));
#9707 = DEFINITIONAL_REPRESENTATION('',(#9708),#9712);
#9708 = LINE('',#9709,#9710);
#9709 = CARTESIAN_POINT('',(0.,0.));
#9710 = VECTOR('',#9711,1.);
#9711 = DIRECTION('',(0.,1.));
#9712 = ( GEOMETRIC_REPRESENTATION_CONTEXT(2) 
PARAMETRIC_REPRESENTATION_CONTEXT() REPRESENTATION_CONTEXT('2D SPACE',''
  ) );
#9713 = ADVANCED_FACE('',(#9714),#9728,.T.);
#9714 = FACE_BOUND('',#9715,.T.);
#9715 = EDGE_LOOP('',(#9716,#9746,#9769,#9792));
#9716 = ORIENTED_EDGE('',*,*,#9717,.F.);
#9717 = EDGE_CURVE('',#9718,#9720,#9722,.T.);
#9718 = VERTEX_POINT('',#9719);
#9719 = CARTESIAN_POINT('',(947.,0.,0.));
#9720 = VERTEX_POINT('',#9721);
#9721 = CARTESIAN_POINT('',(947.,0.,25.));
#9722 = SURFACE_CURVE('',#9723,(#9727,#9739),.PCURVE_S1.);
#9723 = LINE('',#9724,#9725);
#9724 = CARTESIAN_POINT('',(947.,0.,0.));
#9725 = VECTOR('',#9726,1.);
#9726 = DIRECTION('',(0.,0.,1.));
#9727 = PCURVE('',#9728,#9733);
#9728 = PLANE('',#9729);
#9729 = AXIS2_PLACEMENT_3D('',#9730,#9731,#9732);
#9730 = CARTESIAN_POINT('',(947.,0.,0.));
#9731 = DIRECTION('',(1.,0.,-0.));
#9732 = DIRECTION('',(0.,0.,1.));
#9733 = DEFINITIONAL_REPRESENTATION('',(#9734),#9738);
#9734 = LINE('',#9735,#9736);
#9735 = CARTESIAN_POINT('',(0.,0.));
#9736 = VECTOR('',#9737,1.);
#9737 = DIRECTION('',(1.,0.));
#9738 = ( GEOMETRIC_REPRESENTATION_CONTEXT(2) 
PARAMETRIC_REPRESENTATION_CONTEXT() REPRESENTATION_CONTEXT('2D SPACE',''
  ) );
#9739 = PCURVE('',#9620,#9740);
#9740 = DEFINITIONAL_REPRESENTATION('',(#9741),#9745);
#9741 = LINE('',#9742,#9743);
#9742 = CARTESIAN_POINT('',(0.,947.));
#9743 = VECTOR('',#9744,1.);
#9744 = DIRECTION('',(1.,0.));
#9745 = ( GEOMETRIC_REPRESENTATION_CONTEXT(2) 
PARAMETRIC_REPRESENTATION_CONTEXT() REPRESENTATION_CONTEXT('2D SPACE',''
  ) );
#9746 = ORIENTED_EDGE('',*,*,#9747,.T.);
#9747 = EDGE_CURVE('',#9718,#9748,#9750,.T.);
#9748 = VERTEX_POINT('',#9749);
#9749 = CARTESIAN_POINT('',(947.,50.,0.));
#9750 = SURFACE_CURVE('',#9751,(#9755,#9762),.PCURVE_S1.);
#9751 = LINE('',#9752,#9753);
#9752 = CARTESIAN_POINT('',(947.,0.,0.));
#9753 = VECTOR('',#9754,1.);
#9754 = DIRECTION('',(-0.,1.,0.));
#9755 = PCURVE('',#9728,#9756);
#9756 = DEFINITIONAL_REPRESENTATION('',(#9757),#9761);
#9757 = LINE('',#9758,#9759);
#9758 = CARTESIAN_POINT('',(0.,0.));
#9759 = VECTOR('',#9760,1.);
#9760 = DIRECTION('',(0.,-1.));
#9761 = ( GEOMETRIC_REPRESENTATION_CONTEXT(2) 
PARAMETRIC_REPRESENTATION_CONTEXT() REPRESENTATION_CONTEXT('2D SPACE',''
  ) );
#9762 = PCURVE('',#9648,#9763);
#9763 = DEFINITIONAL_REPRESENTATION('',(#9764),#9768);
#9764 = LINE('',#9765,#9766);
#9765 = CARTESIAN_POINT('',(947.,0.));
#9766 = VECTOR('',#9767,1.);
#9767 = DIRECTION('',(0.,1.));
#9768 = ( GEOMETRIC_REPRESENTATION_CONTEXT(2) 
PARAMETRIC_REPRESENTATION_CONTEXT() REPRESENTATION_CONTEXT('2D SPACE',''
  ) );
#9769 = ORIENTED_EDGE('',*,*,#9770,.T.);
#9770 = EDGE_CURVE('',#9748,#9771,#9773,.T.);
#9771 = VERTEX_POINT('',#9772);
#9772 = CARTESIAN_POINT('',(947.,50.,25.));
#9773 = SURFACE_CURVE('',#9774,(#9778,#9785),.PCURVE_S1.);
#9774 = LINE('',#9775,#9776);
#9775 = CARTESIAN_POINT('',(947.,50.,0.));
#9776 = VECTOR('',#9777,1.);
#9777 = DIRECTION('',(0.,0.,1.));
#9778 = PCURVE('',#9728,#9779);
#9779 = DEFINITIONAL_REPRESENTATION('',(#9780),#9784);
#9780 = LINE('',#9781,#9782);
#9781 = CARTESIAN_POINT('',(0.,-50.));
#9782 = VECTOR('',#9783,1.);
#9783 = DIRECTION('',(1.,0.));
#9784 = ( GEOMETRIC_REPRESENTATION_CONTEXT(2) 
PARAMETRIC_REPRESENTATION_CONTEXT() REPRESENTATION_CONTEXT('2D SPACE',''
  ) );
#9785 = PCURVE('',#9676,#9786);
#9786 = DEFINITIONAL_REPRESENTATION('',(#9787),#9791);
#9787 = LINE('',#9788,#9789);
#9788 = CARTESIAN_POINT('',(0.,947.));
#9789 = VECTOR('',#9790,1.);
#9790 = DIRECTION('',(1.,0.));
#9791 = ( GEOMETRIC_REPRESENTATION_CONTEXT(2) 
PARAMETRIC_REPRESENTATION_CONTEXT() REPRESENTATION_CONTEXT('2D SPACE',''
  ) );
#9792 = ORIENTED_EDGE('',*,*,#9793,.F.);
#9793 = EDGE_CURVE('',#9720,#9771,#9794,.T.);
#9794 = SURFACE_CURVE('',#9795,(#9799,#9806),.PCURVE_S1.);
#9795 = LINE('',#9796,#9797);
#9796 = CARTESIAN_POINT('',(947.,0.,25.));
#9797 = VECTOR('',#9798,1.);
#9798 = DIRECTION('',(-0.,1.,0.));
#9799 = PCURVE('',#9728,#9800);
#9800 = DEFINITIONAL_REPRESENTATION('',(#9801),#9805);
#9801 = LINE('',#9802,#9803);
#9802 = CARTESIAN_POINT('',(25.,0.));
#9803 = VECTOR('',#9804,1.);
#9804 = DIRECTION('',(0.,-1.));
#9805 = ( GEOMETRIC_REPRESENTATION_CONTEXT(2) 
PARAMETRIC_REPRESENTATION_CONTEXT() REPRESENTATION_CONTEXT('2D SPACE',''
  ) );
#9806 = PCURVE('',#9702,#9807);
#9807 = DEFINITIONAL_REPRESENTATION('',(#9808),#9812);
#9808 = LINE('',#9809,#9810);
#9809 = CARTESIAN_POINT('',(947.,0.));
#9810 = VECTOR('',#9811,1.);
#9811 = DIRECTION('',(0.,1.));
#9812 = ( GEOMETRIC_REPRESENTATION_CONTEXT(2) 
PARAMETRIC_REPRESENTATION_CONTEXT() REPRESENTATION_CONTEXT('2D SPACE',''
  ) );
#9813 = ADVANCED_FACE('',(#9814),#9620,.F.);
#9814 = FACE_BOUND('',#9815,.F.);
#9815 = EDGE_LOOP('',(#9816,#9837,#9838,#9859));
#9816 = ORIENTED_EDGE('',*,*,#9817,.F.);
#9817 = EDGE_CURVE('',#9598,#9718,#9818,.T.);
#9818 = SURFACE_CURVE('',#9819,(#9823,#9830),.PCURVE_S1.);
#9819 = LINE('',#9820,#9821);
#9820 = CARTESIAN_POINT('',(0.,0.,0.));
#9821 = VECTOR('',#9822,1.);
#9822 = DIRECTION('',(1.,0.,-0.));
#9823 = PCURVE('',#9620,#9824);
#9824 = DEFINITIONAL_REPRESENTATION('',(#9825),#9829);
#9825 = LINE('',#9826,#9827);
#9826 = CARTESIAN_POINT('',(0.,0.));
#9827 = VECTOR('',#9828,1.);
#9828 = DIRECTION('',(0.,1.));
#9829 = ( GEOMETRIC_REPRESENTATION_CONTEXT(2) 
PARAMETRIC_REPRESENTATION_CONTEXT() REPRESENTATION_CONTEXT('2D SPACE',''
  ) );
#9830 = PCURVE('',#9648,#9831);
#9831 = DEFINITIONAL_REPRESENTATION('',(#9832),#9836);
#9832 = LINE('',#9833,#9834);
#9833 = CARTESIAN_POINT('',(0.,0.));
#9834 = VECTOR('',#9835,1.);
#9835 = DIRECTION('',(1.,0.));
#9836 = ( GEOMETRIC_REPRESENTATION_CONTEXT(2) 
PARAMETRIC_REPRESENTATION_CONTEXT() REPRESENTATION_CONTEXT('2D SPACE',''
  ) );
#9837 = ORIENTED_EDGE('',*,*,#9597,.T.);
#9838 = ORIENTED_EDGE('',*,*,#9839,.T.);
#9839 = EDGE_CURVE('',#9600,#9720,#9840,.T.);
#9840 = SURFACE_CURVE('',#9841,(#9845,#9852),.PCURVE_S1.);
#9841 = LINE('',#9842,#9843);
#9842 = CARTESIAN_POINT('',(0.,0.,25.));
#9843 = VECTOR('',#9844,1.);
#9844 = DIRECTION('',(1.,0.,-0.));
#9845 = PCURVE('',#9620,#9846);
#9846 = DEFINITIONAL_REPRESENTATION('',(#9847),#9851);
#9847 = LINE('',#9848,#9849);
#9848 = CARTESIAN_POINT('',(25.,0.));
#9849 = VECTOR('',#9850,1.);
#9850 = DIRECTION('',(0.,1.));
#9851 = ( GEOMETRIC_REPRESENTATION_CONTEXT(2) 
PARAMETRIC_REPRESENTATION_CONTEXT() REPRESENTATION_CONTEXT('2D SPACE',''
  ) );
#9852 = PCURVE('',#9702,#9853);
#9853 = DEFINITIONAL_REPRESENTATION('',(#9854),#9858);
#9854 = LINE('',#9855,#9856);
#9855 = CARTESIAN_POINT('',(0.,0.));
#9856 = VECTOR('',#9857,1.);
#9857 = DIRECTION('',(1.,0.));
#9858 = ( GEOMETRIC_REPRESENTATION_CONTEXT(2) 
PARAMETRIC_REPRESENTATION_CONTEXT() REPRESENTATION_CONTEXT('2D SPACE',''
  ) );
#9859 = ORIENTED_EDGE('',*,*,#9717,.F.);
#9860 = ADVANCED_FACE('',(#9861),#9676,.T.);
#9861 = FACE_BOUND('',#9862,.T.);
#9862 = EDGE_LOOP('',(#9863,#9884,#9885,#9906));
#9863 = ORIENTED_EDGE('',*,*,#9864,.F.);
#9864 = EDGE_CURVE('',#9633,#9748,#9865,.T.);
#9865 = SURFACE_CURVE('',#9866,(#9870,#9877),.PCURVE_S1.);
#9866 = LINE('',#9867,#9868);
#9867 = CARTESIAN_POINT('',(0.,50.,0.));
#9868 = VECTOR('',#9869,1.);
#9869 = DIRECTION('',(1.,0.,-0.));
#9870 = PCURVE('',#9676,#9871);
#9871 = DEFINITIONAL_REPRESENTATION('',(#9872),#9876);
#9872 = LINE('',#9873,#9874);
#9873 = CARTESIAN_POINT('',(0.,0.));
#9874 = VECTOR('',#9875,1.);
#9875 = DIRECTION('',(0.,1.));
#9876 = ( GEOMETRIC_REPRESENTATION_CONTEXT(2) 
PARAMETRIC_REPRESENTATION_CONTEXT() REPRESENTATION_CONTEXT('2D SPACE',''
  ) );
#9877 = PCURVE('',#9648,#9878);
#9878 = DEFINITIONAL_REPRESENTATION('',(#9879),#9883);
#9879 = LINE('',#9880,#9881);
#9880 = CARTESIAN_POINT('',(0.,50.));
#9881 = VECTOR('',#9882,1.);
#9882 = DIRECTION('',(1.,0.));
#9883 = ( GEOMETRIC_REPRESENTATION_CONTEXT(2) 
PARAMETRIC_REPRESENTATION_CONTEXT() REPRESENTATION_CONTEXT('2D SPACE',''
  ) );
#9884 = ORIENTED_EDGE('',*,*,#9660,.T.);
#9885 = ORIENTED_EDGE('',*,*,#9886,.T.);
#9886 = EDGE_CURVE('',#9661,#9771,#9887,.T.);
#9887 = SURFACE_CURVE('',#9888,(#9892,#9899),.PCURVE_S1.);
#9888 = LINE('',#9889,#9890);
#9889 = CARTESIAN_POINT('',(0.,50.,25.));
#9890 = VECTOR('',#9891,1.);
#9891 = DIRECTION('',(1.,0.,-0.));
#9892 = PCURVE('',#9676,#9893);
#9893 = DEFINITIONAL_REPRESENTATION('',(#9894),#9898);
#9894 = LINE('',#9895,#9896);
#9895 = CARTESIAN_POINT('',(25.,0.));
#9896 = VECTOR('',#9897,1.);
#9897 = DIRECTION('',(0.,1.));
#9898 = ( GEOMETRIC_REPRESENTATION_CONTEXT(2) 
PARAMETRIC_REPRESENTATION_CONTEXT() REPRESENTATION_CONTEXT('2D SPACE',''
  ) );
#9899 = PCURVE('',#9702,#9900);
#9900 = DEFINITIONAL_REPRESENTATION('',(#9901),#9905);
#9901 = LINE('',#9902,#9903);
#9902 = CARTESIAN_POINT('',(0.,50.));
#9903 = VECTOR('',#9904,1.);
#9904 = DIRECTION('',(1.,0.));
#9905 = ( GEOMETRIC_REPRESENTATION_CONTEXT(2) 
PARAMETRIC_REPRESENTATION_CONTEXT() REPRESENTATION_CONTEXT('2D SPACE',''
  ) );
#9906 = ORIENTED_EDGE('',*,*,#9770,.F.);
#9907 = ADVANCED_FACE('',(#9908),#9648,.F.);
#9908 = FACE_BOUND('',#9909,.F.);
#9909 = EDGE_LOOP('',(#9910,#9911,#9912,#9913));
#9910 = ORIENTED_EDGE('',*,*,#9632,.F.);
#9911 = ORIENTED_EDGE('',*,*,#9817,.T.);
#9912 = ORIENTED_EDGE('',*,*,#9747,.T.);
#9913 = ORIENTED_EDGE('',*,*,#9864,.F.);
#9914 = ADVANCED_FACE('',(#9915),#9702,.T.);
#9915 = FACE_BOUND('',#9916,.T.);
#9916 = EDGE_LOOP('',(#9917,#9918,#9919,#9920));
#9917 = ORIENTED_EDGE('',*,*,#9688,.F.);
#9918 = ORIENTED_EDGE('',*,*,#9839,.T.);
#9919 = ORIENTED_EDGE('',*,*,#9793,.T.);
#9920 = ORIENTED_EDGE('',*,*,#9886,.F.);
#9921 = ( GEOMETRIC_REPRESENTATION_CONTEXT(3) 
GLOBAL_UNCERTAINTY_ASSIGNED_CONTEXT((#9925)) 
GLOBAL_UNIT_ASSIGNED_CONTEXT((#9922,#9923,#9924)) REPRESENTATION_CONTEXT
('Context #1','3D Context with UNIT and UNCERTAINTY') );
#9922 = ( LENGTH_UNIT() NAMED_UNIT(*) SI_UNIT(.MILLI.,.METRE.) );
#9923 = ( NAMED_UNIT(*) PLANE_ANGLE_UNIT() SI_UNIT($,.RADIAN.) );
#9924 = ( NAMED_UNIT(*) SI_UNIT($,.STERADIAN.) SOLID_ANGLE_UNIT() );
#9925 = UNCERTAINTY_MEASURE_WITH_UNIT(LENGTH_MEASURE(1.E-07),#9922,
  'distance_accuracy_value','confusion accuracy');
#9926 = CONTEXT_DEPENDENT_SHAPE_REPRESENTATION(#9927,#9929);
#9927 = ( REPRESENTATION_RELATIONSHIP('','',#9590,#10) 
REPRESENTATION_RELATIONSHIP_WITH_TRANSFORMATION(#9928) 
SHAPE_REPRESENTATION_RELATIONSHIP() );
#9928 = ITEM_DEFINED_TRANSFORMATION('','',#11,#71);
#9929 = PRODUCT_DEFINITION_SHAPE('Placement','Placement of an item',
  #9930);
#9930 = NEXT_ASSEMBLY_USAGE_OCCURRENCE('838',
  '\X2\043F043504400435043C044B0447043A0430\X0\_25\X2\0445\X0\50\X2\0445\X0\947','',#5,#9585,$);
#9931 = PRODUCT_RELATED_PRODUCT_CATEGORY('part',$,(#9587));
#9932 = SHAPE_DEFINITION_REPRESENTATION(#9933,#9939);
#9933 = PRODUCT_DEFINITION_SHAPE('','',#9934);
#9934 = PRODUCT_DEFINITION('design','',#9935,#9938);
#9935 = PRODUCT_DEFINITION_FORMATION('','',#9936);
#9936 = PRODUCT('\X2\043F043504400435043C044B0447043A0430\X0\_25\X2\0445\X0\50\X2\0445\X0\947',
  '\X2\043F043504400435043C044B0447043A0430\X0\_25\X2\0445\X0\50\X2\0445\X0\947','',(#9937));
#9937 = PRODUCT_CONTEXT('',#2,'mechanical');
#9938 = PRODUCT_DEFINITION_CONTEXT('part definition',#2,'design');
#9939 = ADVANCED_BREP_SHAPE_REPRESENTATION('',(#11,#9940),#10354);
#9940 = MANIFOLD_SOLID_BREP('',#9941);
#9941 = CLOSED_SHELL('',(#9942,#10062,#10138,#10218,#10267,#10320,#10327
    ));
#9942 = ADVANCED_FACE('',(#9943),#9957,.F.);
#9943 = FACE_BOUND('',#9944,.F.);
#9944 = EDGE_LOOP('',(#9945,#9980,#10008,#10036));
#9945 = ORIENTED_EDGE('',*,*,#9946,.F.);
#9946 = EDGE_CURVE('',#9947,#9949,#9951,.T.);
#9947 = VERTEX_POINT('',#9948);
#9948 = CARTESIAN_POINT('',(25.,0.,2.375E+03));
#9949 = VERTEX_POINT('',#9950);
#9950 = CARTESIAN_POINT('',(25.,0.,2.4E+03));
#9951 = SURFACE_CURVE('',#9952,(#9956,#9968),.PCURVE_S1.);
#9952 = LINE('',#9953,#9954);
#9953 = CARTESIAN_POINT('',(25.,0.,2.375E+03));
#9954 = VECTOR('',#9955,1.);
#9955 = DIRECTION('',(0.,0.,1.));
#9956 = PCURVE('',#9957,#9962);
#9957 = PLANE('',#9958);
#9958 = AXIS2_PLACEMENT_3D('',#9959,#9960,#9961);
#9959 = CARTESIAN_POINT('',(25.,0.,2.375E+03));
#9960 = DIRECTION('',(1.,0.,-0.));
#9961 = DIRECTION('',(0.,0.,1.));
#9962 = DEFINITIONAL_REPRESENTATION('',(#9963),#9967);
#9963 = LINE('',#9964,#9965);
#9964 = CARTESIAN_POINT('',(0.,0.));
#9965 = VECTOR('',#9966,1.);
#9966 = DIRECTION('',(1.,0.));
#9967 = ( GEOMETRIC_REPRESENTATION_CONTEXT(2) 
PARAMETRIC_REPRESENTATION_CONTEXT() REPRESENTATION_CONTEXT('2D SPACE',''
  ) );
#9968 = PCURVE('',#9969,#9974);
#9969 = PLANE('',#9970);
#9970 = AXIS2_PLACEMENT_3D('',#9971,#9972,#9973);
#9971 = CARTESIAN_POINT('',(25.,0.,2.375E+03));
#9972 = DIRECTION('',(-0.,1.,0.));
#9973 = DIRECTION('',(0.,0.,1.));
#9974 = DEFINITIONAL_REPRESENTATION('',(#9975),#9979);
#9975 = LINE('',#9976,#9977);
#9976 = CARTESIAN_POINT('',(0.,0.));
#9977 = VECTOR('',#9978,1.);
#9978 = DIRECTION('',(1.,0.));
#9979 = ( GEOMETRIC_REPRESENTATION_CONTEXT(2) 
PARAMETRIC_REPRESENTATION_CONTEXT() REPRESENTATION_CONTEXT('2D SPACE',''
  ) );
#9980 = ORIENTED_EDGE('',*,*,#9981,.T.);
#9981 = EDGE_CURVE('',#9947,#9982,#9984,.T.);
#9982 = VERTEX_POINT('',#9983);
#9983 = CARTESIAN_POINT('',(25.,50.,2.375E+03));
#9984 = SURFACE_CURVE('',#9985,(#9989,#9996),.PCURVE_S1.);
#9985 = LINE('',#9986,#9987);
#9986 = CARTESIAN_POINT('',(25.,0.,2.375E+03));
#9987 = VECTOR('',#9988,1.);
#9988 = DIRECTION('',(-0.,1.,0.));
#9989 = PCURVE('',#9957,#9990);
#9990 = DEFINITIONAL_REPRESENTATION('',(#9991),#9995);
#9991 = LINE('',#9992,#9993);
#9992 = CARTESIAN_POINT('',(0.,0.));
#9993 = VECTOR('',#9994,1.);
#9994 = DIRECTION('',(0.,-1.));
#9995 = ( GEOMETRIC_REPRESENTATION_CONTEXT(2) 
PARAMETRIC_REPRESENTATION_CONTEXT() REPRESENTATION_CONTEXT('2D SPACE',''
  ) );
#9996 = PCURVE('',#9997,#10002);
#9997 = PLANE('',#9998);
#9998 = AXIS2_PLACEMENT_3D('',#9999,#10000,#10001);
#9999 = CARTESIAN_POINT('',(25.,0.,2.375E+03));
#10000 = DIRECTION('',(0.,0.,1.));
#10001 = DIRECTION('',(1.,0.,-0.));
#10002 = DEFINITIONAL_REPRESENTATION('',(#10003),#10007);
#10003 = LINE('',#10004,#10005);
#10004 = CARTESIAN_POINT('',(0.,0.));
#10005 = VECTOR('',#10006,1.);
#10006 = DIRECTION('',(0.,1.));
#10007 = ( GEOMETRIC_REPRESENTATION_CONTEXT(2) 
PARAMETRIC_REPRESENTATION_CONTEXT() REPRESENTATION_CONTEXT('2D SPACE',''
  ) );
#10008 = ORIENTED_EDGE('',*,*,#10009,.T.);
#10009 = EDGE_CURVE('',#9982,#10010,#10012,.T.);
#10010 = VERTEX_POINT('',#10011);
#10011 = CARTESIAN_POINT('',(25.,50.,2.4E+03));
#10012 = SURFACE_CURVE('',#10013,(#10017,#10024),.PCURVE_S1.);
#10013 = LINE('',#10014,#10015);
#10014 = CARTESIAN_POINT('',(25.,50.,2.375E+03));
#10015 = VECTOR('',#10016,1.);
#10016 = DIRECTION('',(0.,0.,1.));
#10017 = PCURVE('',#9957,#10018);
#10018 = DEFINITIONAL_REPRESENTATION('',(#10019),#10023);
#10019 = LINE('',#10020,#10021);
#10020 = CARTESIAN_POINT('',(0.,-50.));
#10021 = VECTOR('',#10022,1.);
#10022 = DIRECTION('',(1.,0.));
#10023 = ( GEOMETRIC_REPRESENTATION_CONTEXT(2) 
PARAMETRIC_REPRESENTATION_CONTEXT() REPRESENTATION_CONTEXT('2D SPACE',''
  ) );
#10024 = PCURVE('',#10025,#10030);
#10025 = PLANE('',#10026);
#10026 = AXIS2_PLACEMENT_3D('',#10027,#10028,#10029);
#10027 = CARTESIAN_POINT('',(25.,50.,2.375E+03));
#10028 = DIRECTION('',(-0.,1.,0.));
#10029 = DIRECTION('',(0.,0.,1.));
#10030 = DEFINITIONAL_REPRESENTATION('',(#10031),#10035);
#10031 = LINE('',#10032,#10033);
#10032 = CARTESIAN_POINT('',(0.,0.));
#10033 = VECTOR('',#10034,1.);
#10034 = DIRECTION('',(1.,0.));
#10035 = ( GEOMETRIC_REPRESENTATION_CONTEXT(2) 
PARAMETRIC_REPRESENTATION_CONTEXT() REPRESENTATION_CONTEXT('2D SPACE',''
  ) );
#10036 = ORIENTED_EDGE('',*,*,#10037,.F.);
#10037 = EDGE_CURVE('',#9949,#10010,#10038,.T.);
#10038 = SURFACE_CURVE('',#10039,(#10043,#10050),.PCURVE_S1.);
#10039 = LINE('',#10040,#10041);
#10040 = CARTESIAN_POINT('',(25.,0.,2.4E+03));
#10041 = VECTOR('',#10042,1.);
#10042 = DIRECTION('',(-0.,1.,0.));
#10043 = PCURVE('',#9957,#10044);
#10044 = DEFINITIONAL_REPRESENTATION('',(#10045),#10049);
#10045 = LINE('',#10046,#10047);
#10046 = CARTESIAN_POINT('',(25.,0.));
#10047 = VECTOR('',#10048,1.);
#10048 = DIRECTION('',(0.,-1.));
#10049 = ( GEOMETRIC_REPRESENTATION_CONTEXT(2) 
PARAMETRIC_REPRESENTATION_CONTEXT() REPRESENTATION_CONTEXT('2D SPACE',''
  ) );
#10050 = PCURVE('',#10051,#10056);
#10051 = PLANE('',#10052);
#10052 = AXIS2_PLACEMENT_3D('',#10053,#10054,#10055);
#10053 = CARTESIAN_POINT('',(25.,0.,2.4E+03));
#10054 = DIRECTION('',(0.,0.,1.));
#10055 = DIRECTION('',(1.,0.,-0.));
#10056 = DEFINITIONAL_REPRESENTATION('',(#10057),#10061);
#10057 = LINE('',#10058,#10059);
#10058 = CARTESIAN_POINT('',(0.,0.));
#10059 = VECTOR('',#10060,1.);
#10060 = DIRECTION('',(0.,1.));
#10061 = ( GEOMETRIC_REPRESENTATION_CONTEXT(2) 
PARAMETRIC_REPRESENTATION_CONTEXT() REPRESENTATION_CONTEXT('2D SPACE',''
  ) );
#10062 = ADVANCED_FACE('',(#10063),#9969,.F.);
#10063 = FACE_BOUND('',#10064,.F.);
#10064 = EDGE_LOOP('',(#10065,#10088,#10089,#10112));
#10065 = ORIENTED_EDGE('',*,*,#10066,.F.);
#10066 = EDGE_CURVE('',#9947,#10067,#10069,.T.);
#10067 = VERTEX_POINT('',#10068);
#10068 = CARTESIAN_POINT('',(972.,0.,2.375E+03));
#10069 = SURFACE_CURVE('',#10070,(#10074,#10081),.PCURVE_S1.);
#10070 = LINE('',#10071,#10072);
#10071 = CARTESIAN_POINT('',(25.,0.,2.375E+03));
#10072 = VECTOR('',#10073,1.);
#10073 = DIRECTION('',(1.,0.,-0.));
#10074 = PCURVE('',#9969,#10075);
#10075 = DEFINITIONAL_REPRESENTATION('',(#10076),#10080);
#10076 = LINE('',#10077,#10078);
#10077 = CARTESIAN_POINT('',(0.,0.));
#10078 = VECTOR('',#10079,1.);
#10079 = DIRECTION('',(0.,1.));
#10080 = ( GEOMETRIC_REPRESENTATION_CONTEXT(2) 
PARAMETRIC_REPRESENTATION_CONTEXT() REPRESENTATION_CONTEXT('2D SPACE',''
  ) );
#10081 = PCURVE('',#9997,#10082);
#10082 = DEFINITIONAL_REPRESENTATION('',(#10083),#10087);
#10083 = LINE('',#10084,#10085);
#10084 = CARTESIAN_POINT('',(0.,0.));
#10085 = VECTOR('',#10086,1.);
#10086 = DIRECTION('',(1.,0.));
#10087 = ( GEOMETRIC_REPRESENTATION_CONTEXT(2) 
PARAMETRIC_REPRESENTATION_CONTEXT() REPRESENTATION_CONTEXT('2D SPACE',''
  ) );
#10088 = ORIENTED_EDGE('',*,*,#9946,.T.);
#10089 = ORIENTED_EDGE('',*,*,#10090,.T.);
#10090 = EDGE_CURVE('',#9949,#10091,#10093,.T.);
#10091 = VERTEX_POINT('',#10092);
#10092 = CARTESIAN_POINT('',(972.,0.,2.4E+03));
#10093 = SURFACE_CURVE('',#10094,(#10098,#10105),.PCURVE_S1.);
#10094 = LINE('',#10095,#10096);
#10095 = CARTESIAN_POINT('',(25.,0.,2.4E+03));
#10096 = VECTOR('',#10097,1.);
#10097 = DIRECTION('',(1.,0.,-0.));
#10098 = PCURVE('',#9969,#10099);
#10099 = DEFINITIONAL_REPRESENTATION('',(#10100),#10104);
#10100 = LINE('',#10101,#10102);
#10101 = CARTESIAN_POINT('',(25.,0.));
#10102 = VECTOR('',#10103,1.);
#10103 = DIRECTION('',(0.,1.));
#10104 = ( GEOMETRIC_REPRESENTATION_CONTEXT(2) 
PARAMETRIC_REPRESENTATION_CONTEXT() REPRESENTATION_CONTEXT('2D SPACE',''
  ) );
#10105 = PCURVE('',#10051,#10106);
#10106 = DEFINITIONAL_REPRESENTATION('',(#10107),#10111);
#10107 = LINE('',#10108,#10109);
#10108 = CARTESIAN_POINT('',(0.,0.));
#10109 = VECTOR('',#10110,1.);
#10110 = DIRECTION('',(1.,0.));
#10111 = ( GEOMETRIC_REPRESENTATION_CONTEXT(2) 
PARAMETRIC_REPRESENTATION_CONTEXT() REPRESENTATION_CONTEXT('2D SPACE',''
  ) );
#10112 = ORIENTED_EDGE('',*,*,#10113,.F.);
#10113 = EDGE_CURVE('',#10067,#10091,#10114,.T.);
#10114 = SURFACE_CURVE('',#10115,(#10119,#10126),.PCURVE_S1.);
#10115 = LINE('',#10116,#10117);
#10116 = CARTESIAN_POINT('',(972.,0.,2.375E+03));
#10117 = VECTOR('',#10118,1.);
#10118 = DIRECTION('',(0.,0.,1.));
#10119 = PCURVE('',#9969,#10120);
#10120 = DEFINITIONAL_REPRESENTATION('',(#10121),#10125);
#10121 = LINE('',#10122,#10123);
#10122 = CARTESIAN_POINT('',(0.,947.));
#10123 = VECTOR('',#10124,1.);
#10124 = DIRECTION('',(1.,0.));
#10125 = ( GEOMETRIC_REPRESENTATION_CONTEXT(2) 
PARAMETRIC_REPRESENTATION_CONTEXT() REPRESENTATION_CONTEXT('2D SPACE',''
  ) );
#10126 = PCURVE('',#10127,#10132);
#10127 = PLANE('',#10128);
#10128 = AXIS2_PLACEMENT_3D('',#10129,#10130,#10131);
#10129 = CARTESIAN_POINT('',(972.,0.,2.375E+03));
#10130 = DIRECTION('',(1.,0.,-0.));
#10131 = DIRECTION('',(0.,0.,1.));
#10132 = DEFINITIONAL_REPRESENTATION('',(#10133),#10137);
#10133 = LINE('',#10134,#10135);
#10134 = CARTESIAN_POINT('',(0.,0.));
#10135 = VECTOR('',#10136,1.);
#10136 = DIRECTION('',(1.,0.));
#10137 = ( GEOMETRIC_REPRESENTATION_CONTEXT(2) 
PARAMETRIC_REPRESENTATION_CONTEXT() REPRESENTATION_CONTEXT('2D SPACE',''
  ) );
#10138 = ADVANCED_FACE('',(#10139,#10187),#10051,.T.);
#10139 = FACE_BOUND('',#10140,.T.);
#10140 = EDGE_LOOP('',(#10141,#10142,#10143,#10166));
#10141 = ORIENTED_EDGE('',*,*,#10037,.F.);
#10142 = ORIENTED_EDGE('',*,*,#10090,.T.);
#10143 = ORIENTED_EDGE('',*,*,#10144,.T.);
#10144 = EDGE_CURVE('',#10091,#10145,#10147,.T.);
#10145 = VERTEX_POINT('',#10146);
#10146 = CARTESIAN_POINT('',(972.,50.,2.4E+03));
#10147 = SURFACE_CURVE('',#10148,(#10152,#10159),.PCURVE_S1.);
#10148 = LINE('',#10149,#10150);
#10149 = CARTESIAN_POINT('',(972.,0.,2.4E+03));
#10150 = VECTOR('',#10151,1.);
#10151 = DIRECTION('',(-0.,1.,0.));
#10152 = PCURVE('',#10051,#10153);
#10153 = DEFINITIONAL_REPRESENTATION('',(#10154),#10158);
#10154 = LINE('',#10155,#10156);
#10155 = CARTESIAN_POINT('',(947.,0.));
#10156 = VECTOR('',#10157,1.);
#10157 = DIRECTION('',(0.,1.));
#10158 = ( GEOMETRIC_REPRESENTATION_CONTEXT(2) 
PARAMETRIC_REPRESENTATION_CONTEXT() REPRESENTATION_CONTEXT('2D SPACE',''
  ) );
#10159 = PCURVE('',#10127,#10160);
#10160 = DEFINITIONAL_REPRESENTATION('',(#10161),#10165);
#10161 = LINE('',#10162,#10163);
#10162 = CARTESIAN_POINT('',(25.,0.));
#10163 = VECTOR('',#10164,1.);
#10164 = DIRECTION('',(0.,-1.));
#10165 = ( GEOMETRIC_REPRESENTATION_CONTEXT(2) 
PARAMETRIC_REPRESENTATION_CONTEXT() REPRESENTATION_CONTEXT('2D SPACE',''
  ) );
#10166 = ORIENTED_EDGE('',*,*,#10167,.F.);
#10167 = EDGE_CURVE('',#10010,#10145,#10168,.T.);
#10168 = SURFACE_CURVE('',#10169,(#10173,#10180),.PCURVE_S1.);
#10169 = LINE('',#10170,#10171);
#10170 = CARTESIAN_POINT('',(25.,50.,2.4E+03));
#10171 = VECTOR('',#10172,1.);
#10172 = DIRECTION('',(1.,0.,-0.));
#10173 = PCURVE('',#10051,#10174);
#10174 = DEFINITIONAL_REPRESENTATION('',(#10175),#10179);
#10175 = LINE('',#10176,#10177);
#10176 = CARTESIAN_POINT('',(0.,50.));
#10177 = VECTOR('',#10178,1.);
#10178 = DIRECTION('',(1.,0.));
#10179 = ( GEOMETRIC_REPRESENTATION_CONTEXT(2) 
PARAMETRIC_REPRESENTATION_CONTEXT() REPRESENTATION_CONTEXT('2D SPACE',''
  ) );
#10180 = PCURVE('',#10025,#10181);
#10181 = DEFINITIONAL_REPRESENTATION('',(#10182),#10186);
#10182 = LINE('',#10183,#10184);
#10183 = CARTESIAN_POINT('',(25.,0.));
#10184 = VECTOR('',#10185,1.);
#10185 = DIRECTION('',(0.,1.));
#10186 = ( GEOMETRIC_REPRESENTATION_CONTEXT(2) 
PARAMETRIC_REPRESENTATION_CONTEXT() REPRESENTATION_CONTEXT('2D SPACE',''
  ) );
#10187 = FACE_BOUND('',#10188,.T.);
#10188 = EDGE_LOOP('',(#10189));
#10189 = ORIENTED_EDGE('',*,*,#10190,.F.);
#10190 = EDGE_CURVE('',#10191,#10191,#10193,.T.);
#10191 = VERTEX_POINT('',#10192);
#10192 = CARTESIAN_POINT('',(504.,25.,2.4E+03));
#10193 = SURFACE_CURVE('',#10194,(#10199,#10206),.PCURVE_S1.);
#10194 = CIRCLE('',#10195,5.5);
#10195 = AXIS2_PLACEMENT_3D('',#10196,#10197,#10198);
#10196 = CARTESIAN_POINT('',(498.5,25.,2.4E+03));
#10197 = DIRECTION('',(0.,0.,1.));
#10198 = DIRECTION('',(1.,0.,-0.));
#10199 = PCURVE('',#10051,#10200);
#10200 = DEFINITIONAL_REPRESENTATION('',(#10201),#10205);
#10201 = CIRCLE('',#10202,5.5);
#10202 = AXIS2_PLACEMENT_2D('',#10203,#10204);
#10203 = CARTESIAN_POINT('',(473.5,25.));
#10204 = DIRECTION('',(1.,0.));
#10205 = ( GEOMETRIC_REPRESENTATION_CONTEXT(2) 
PARAMETRIC_REPRESENTATION_CONTEXT() REPRESENTATION_CONTEXT('2D SPACE',''
  ) );
#10206 = PCURVE('',#10207,#10212);
#10207 = CYLINDRICAL_SURFACE('',#10208,5.5);
#10208 = AXIS2_PLACEMENT_3D('',#10209,#10210,#10211);
#10209 = CARTESIAN_POINT('',(498.5,25.,2.374E+03));
#10210 = DIRECTION('',(0.,0.,1.));
#10211 = DIRECTION('',(1.,0.,-0.));
#10212 = DEFINITIONAL_REPRESENTATION('',(#10213),#10217);
#10213 = LINE('',#10214,#10215);
#10214 = CARTESIAN_POINT('',(0.,26.));
#10215 = VECTOR('',#10216,1.);
#10216 = DIRECTION('',(1.,0.));
#10217 = ( GEOMETRIC_REPRESENTATION_CONTEXT(2) 
PARAMETRIC_REPRESENTATION_CONTEXT() REPRESENTATION_CONTEXT('2D SPACE',''
  ) );
#10218 = ADVANCED_FACE('',(#10219),#10025,.T.);
#10219 = FACE_BOUND('',#10220,.T.);
#10220 = EDGE_LOOP('',(#10221,#10244,#10245,#10246));
#10221 = ORIENTED_EDGE('',*,*,#10222,.F.);
#10222 = EDGE_CURVE('',#9982,#10223,#10225,.T.);
#10223 = VERTEX_POINT('',#10224);
#10224 = CARTESIAN_POINT('',(972.,50.,2.375E+03));
#10225 = SURFACE_CURVE('',#10226,(#10230,#10237),.PCURVE_S1.);
#10226 = LINE('',#10227,#10228);
#10227 = CARTESIAN_POINT('',(25.,50.,2.375E+03));
#10228 = VECTOR('',#10229,1.);
#10229 = DIRECTION('',(1.,0.,-0.));
#10230 = PCURVE('',#10025,#10231);
#10231 = DEFINITIONAL_REPRESENTATION('',(#10232),#10236);
#10232 = LINE('',#10233,#10234);
#10233 = CARTESIAN_POINT('',(0.,0.));
#10234 = VECTOR('',#10235,1.);
#10235 = DIRECTION('',(0.,1.));
#10236 = ( GEOMETRIC_REPRESENTATION_CONTEXT(2) 
PARAMETRIC_REPRESENTATION_CONTEXT() REPRESENTATION_CONTEXT('2D SPACE',''
  ) );
#10237 = PCURVE('',#9997,#10238);
#10238 = DEFINITIONAL_REPRESENTATION('',(#10239),#10243);
#10239 = LINE('',#10240,#10241);
#10240 = CARTESIAN_POINT('',(0.,50.));
#10241 = VECTOR('',#10242,1.);
#10242 = DIRECTION('',(1.,0.));
#10243 = ( GEOMETRIC_REPRESENTATION_CONTEXT(2) 
PARAMETRIC_REPRESENTATION_CONTEXT() REPRESENTATION_CONTEXT('2D SPACE',''
  ) );
#10244 = ORIENTED_EDGE('',*,*,#10009,.T.);
#10245 = ORIENTED_EDGE('',*,*,#10167,.T.);
#10246 = ORIENTED_EDGE('',*,*,#10247,.F.);
#10247 = EDGE_CURVE('',#10223,#10145,#10248,.T.);
#10248 = SURFACE_CURVE('',#10249,(#10253,#10260),.PCURVE_S1.);
#10249 = LINE('',#10250,#10251);
#10250 = CARTESIAN_POINT('',(972.,50.,2.375E+03));
#10251 = VECTOR('',#10252,1.);
#10252 = DIRECTION('',(0.,0.,1.));
#10253 = PCURVE('',#10025,#10254);
#10254 = DEFINITIONAL_REPRESENTATION('',(#10255),#10259);
#10255 = LINE('',#10256,#10257);
#10256 = CARTESIAN_POINT('',(0.,947.));
#10257 = VECTOR('',#10258,1.);
#10258 = DIRECTION('',(1.,0.));
#10259 = ( GEOMETRIC_REPRESENTATION_CONTEXT(2) 
PARAMETRIC_REPRESENTATION_CONTEXT() REPRESENTATION_CONTEXT('2D SPACE',''
  ) );
#10260 = PCURVE('',#10127,#10261);
#10261 = DEFINITIONAL_REPRESENTATION('',(#10262),#10266);
#10262 = LINE('',#10263,#10264);
#10263 = CARTESIAN_POINT('',(0.,-50.));
#10264 = VECTOR('',#10265,1.);
#10265 = DIRECTION('',(1.,0.));
#10266 = ( GEOMETRIC_REPRESENTATION_CONTEXT(2) 
PARAMETRIC_REPRESENTATION_CONTEXT() REPRESENTATION_CONTEXT('2D SPACE',''
  ) );
#10267 = ADVANCED_FACE('',(#10268,#10294),#9997,.F.);
#10268 = FACE_BOUND('',#10269,.F.);
#10269 = EDGE_LOOP('',(#10270,#10271,#10272,#10293));
#10270 = ORIENTED_EDGE('',*,*,#9981,.F.);
#10271 = ORIENTED_EDGE('',*,*,#10066,.T.);
#10272 = ORIENTED_EDGE('',*,*,#10273,.T.);
#10273 = EDGE_CURVE('',#10067,#10223,#10274,.T.);
#10274 = SURFACE_CURVE('',#10275,(#10279,#10286),.PCURVE_S1.);
#10275 = LINE('',#10276,#10277);
#10276 = CARTESIAN_POINT('',(972.,0.,2.375E+03));
#10277 = VECTOR('',#10278,1.);
#10278 = DIRECTION('',(-0.,1.,0.));
#10279 = PCURVE('',#9997,#10280);
#10280 = DEFINITIONAL_REPRESENTATION('',(#10281),#10285);
#10281 = LINE('',#10282,#10283);
#10282 = CARTESIAN_POINT('',(947.,0.));
#10283 = VECTOR('',#10284,1.);
#10284 = DIRECTION('',(0.,1.));
#10285 = ( GEOMETRIC_REPRESENTATION_CONTEXT(2) 
PARAMETRIC_REPRESENTATION_CONTEXT() REPRESENTATION_CONTEXT('2D SPACE',''
  ) );
#10286 = PCURVE('',#10127,#10287);
#10287 = DEFINITIONAL_REPRESENTATION('',(#10288),#10292);
#10288 = LINE('',#10289,#10290);
#10289 = CARTESIAN_POINT('',(0.,0.));
#10290 = VECTOR('',#10291,1.);
#10291 = DIRECTION('',(0.,-1.));
#10292 = ( GEOMETRIC_REPRESENTATION_CONTEXT(2) 
PARAMETRIC_REPRESENTATION_CONTEXT() REPRESENTATION_CONTEXT('2D SPACE',''
  ) );
#10293 = ORIENTED_EDGE('',*,*,#10222,.F.);
#10294 = FACE_BOUND('',#10295,.F.);
#10295 = EDGE_LOOP('',(#10296));
#10296 = ORIENTED_EDGE('',*,*,#10297,.F.);
#10297 = EDGE_CURVE('',#10298,#10298,#10300,.T.);
#10298 = VERTEX_POINT('',#10299);
#10299 = CARTESIAN_POINT('',(504.,25.,2.375E+03));
#10300 = SURFACE_CURVE('',#10301,(#10306,#10313),.PCURVE_S1.);
#10301 = CIRCLE('',#10302,5.5);
#10302 = AXIS2_PLACEMENT_3D('',#10303,#10304,#10305);
#10303 = CARTESIAN_POINT('',(498.5,25.,2.375E+03));
#10304 = DIRECTION('',(0.,0.,1.));
#10305 = DIRECTION('',(1.,0.,-0.));
#10306 = PCURVE('',#9997,#10307);
#10307 = DEFINITIONAL_REPRESENTATION('',(#10308),#10312);
#10308 = CIRCLE('',#10309,5.5);
#10309 = AXIS2_PLACEMENT_2D('',#10310,#10311);
#10310 = CARTESIAN_POINT('',(473.5,25.));
#10311 = DIRECTION('',(1.,0.));
#10312 = ( GEOMETRIC_REPRESENTATION_CONTEXT(2) 
PARAMETRIC_REPRESENTATION_CONTEXT() REPRESENTATION_CONTEXT('2D SPACE',''
  ) );
#10313 = PCURVE('',#10207,#10314);
#10314 = DEFINITIONAL_REPRESENTATION('',(#10315),#10319);
#10315 = LINE('',#10316,#10317);
#10316 = CARTESIAN_POINT('',(0.,1.));
#10317 = VECTOR('',#10318,1.);
#10318 = DIRECTION('',(1.,0.));
#10319 = ( GEOMETRIC_REPRESENTATION_CONTEXT(2) 
PARAMETRIC_REPRESENTATION_CONTEXT() REPRESENTATION_CONTEXT('2D SPACE',''
  ) );
#10320 = ADVANCED_FACE('',(#10321),#10127,.T.);
#10321 = FACE_BOUND('',#10322,.T.);
#10322 = EDGE_LOOP('',(#10323,#10324,#10325,#10326));
#10323 = ORIENTED_EDGE('',*,*,#10113,.F.);
#10324 = ORIENTED_EDGE('',*,*,#10273,.T.);
#10325 = ORIENTED_EDGE('',*,*,#10247,.T.);
#10326 = ORIENTED_EDGE('',*,*,#10144,.F.);
#10327 = ADVANCED_FACE('',(#10328),#10207,.F.);
#10328 = FACE_BOUND('',#10329,.F.);
#10329 = EDGE_LOOP('',(#10330,#10331,#10352,#10353));
#10330 = ORIENTED_EDGE('',*,*,#10190,.F.);
#10331 = ORIENTED_EDGE('',*,*,#10332,.F.);
#10332 = EDGE_CURVE('',#10298,#10191,#10333,.T.);
#10333 = SEAM_CURVE('',#10334,(#10338,#10345),.PCURVE_S1.);
#10334 = LINE('',#10335,#10336);
#10335 = CARTESIAN_POINT('',(504.,25.,2.374E+03));
#10336 = VECTOR('',#10337,1.);
#10337 = DIRECTION('',(0.,0.,1.));
#10338 = PCURVE('',#10207,#10339);
#10339 = DEFINITIONAL_REPRESENTATION('',(#10340),#10344);
#10340 = LINE('',#10341,#10342);
#10341 = CARTESIAN_POINT('',(6.28318530718,-0.));
#10342 = VECTOR('',#10343,1.);
#10343 = DIRECTION('',(0.,1.));
#10344 = ( GEOMETRIC_REPRESENTATION_CONTEXT(2) 
PARAMETRIC_REPRESENTATION_CONTEXT() REPRESENTATION_CONTEXT('2D SPACE',''
  ) );
#10345 = PCURVE('',#10207,#10346);
#10346 = DEFINITIONAL_REPRESENTATION('',(#10347),#10351);
#10347 = LINE('',#10348,#10349);
#10348 = CARTESIAN_POINT('',(0.,-0.));
#10349 = VECTOR('',#10350,1.);
#10350 = DIRECTION('',(0.,1.));
#10351 = ( GEOMETRIC_REPRESENTATION_CONTEXT(2) 
PARAMETRIC_REPRESENTATION_CONTEXT() REPRESENTATION_CONTEXT('2D SPACE',''
  ) );
#10352 = ORIENTED_EDGE('',*,*,#10297,.T.);
#10353 = ORIENTED_EDGE('',*,*,#10332,.T.);
#10354 = ( GEOMETRIC_REPRESENTATION_CONTEXT(3) 
GLOBAL_UNCERTAINTY_ASSIGNED_CONTEXT((#10358)) 
GLOBAL_UNIT_ASSIGNED_CONTEXT((#10355,#10356,#10357)) 
REPRESENTATION_CONTEXT('Context #1',
  '3D Context with UNIT and UNCERTAINTY') );
#10355 = ( LENGTH_UNIT() NAMED_UNIT(*) SI_UNIT(.MILLI.,.METRE.) );
#10356 = ( NAMED_UNIT(*) PLANE_ANGLE_UNIT() SI_UNIT($,.RADIAN.) );
#10357 = ( NAMED_UNIT(*) SI_UNIT($,.STERADIAN.) SOLID_ANGLE_UNIT() );
#10358 = UNCERTAINTY_MEASURE_WITH_UNIT(LENGTH_MEASURE(1.E-07),#10355,
  'distance_accuracy_value','confusion accuracy');
#10359 = CONTEXT_DEPENDENT_SHAPE_REPRESENTATION(#10360,#10362);
#10360 = ( REPRESENTATION_RELATIONSHIP('','',#9939,#10) 
REPRESENTATION_RELATIONSHIP_WITH_TRANSFORMATION(#10361) 
SHAPE_REPRESENTATION_RELATIONSHIP() );
#10361 = ITEM_DEFINED_TRANSFORMATION('','',#11,#75);
#10362 = PRODUCT_DEFINITION_SHAPE('Placement','Placement of an item',
  #10363);
#10363 = NEXT_ASSEMBLY_USAGE_OCCURRENCE('839',
  '\X2\043F043504400435043C044B0447043A0430\X0\_25\X2\0445\X0\50\X2\0445\X0\947','',#5,#9934,$);
#10364 = PRODUCT_RELATED_PRODUCT_CATEGORY('part',$,(#9936));
#10365 = SHAPE_DEFINITION_REPRESENTATION(#10366,#10372);
#10366 = PRODUCT_DEFINITION_SHAPE('','',#10367);
#10367 = PRODUCT_DEFINITION('design','',#10368,#10371);
#10368 = PRODUCT_DEFINITION_FORMATION('','',#10369);
#10369 = PRODUCT(
'\X2\043E0431044804380432043A0430\X0\_\X2\04440430043D043504400430\X0\_3\X2\043C043C\X0\_
997\X2\0445\X0\2400',
'\X2\043E0431044804380432043A0430\X0\_\X2\04440430043D043504400430\X0\_3\X2\043C043C\X0\_
997\X2\0445\X0\2400','',(#10370));
#10370 = PRODUCT_CONTEXT('',#2,'mechanical');
#10371 = PRODUCT_DEFINITION_CONTEXT('part definition',#2,'design');
#10372 = ADVANCED_BREP_SHAPE_REPRESENTATION('',(#11,#10373),#10703);
#10373 = MANIFOLD_SOLID_BREP('',#10374);
#10374 = CLOSED_SHELL('',(#10375,#10495,#10595,#10642,#10689,#10696));
#10375 = ADVANCED_FACE('',(#10376),#10390,.F.);
#10376 = FACE_BOUND('',#10377,.F.);
#10377 = EDGE_LOOP('',(#10378,#10413,#10441,#10469));
#10378 = ORIENTED_EDGE('',*,*,#10379,.F.);
#10379 = EDGE_CURVE('',#10380,#10382,#10384,.T.);
#10380 = VERTEX_POINT('',#10381);
#10381 = CARTESIAN_POINT('',(0.,0.,0.));
#10382 = VERTEX_POINT('',#10383);
#10383 = CARTESIAN_POINT('',(0.,0.,2.4E+03));
#10384 = SURFACE_CURVE('',#10385,(#10389,#10401),.PCURVE_S1.);
#10385 = LINE('',#10386,#10387);
#10386 = CARTESIAN_POINT('',(0.,0.,0.));
#10387 = VECTOR('',#10388,1.);
#10388 = DIRECTION('',(0.,0.,1.));
#10389 = PCURVE('',#10390,#10395);
#10390 = PLANE('',#10391);
#10391 = AXIS2_PLACEMENT_3D('',#10392,#10393,#10394);
#10392 = CARTESIAN_POINT('',(0.,0.,0.));
#10393 = DIRECTION('',(1.,0.,-0.));
#10394 = DIRECTION('',(0.,0.,1.));
#10395 = DEFINITIONAL_REPRESENTATION('',(#10396),#10400);
#10396 = LINE('',#10397,#10398);
#10397 = CARTESIAN_POINT('',(0.,0.));
#10398 = VECTOR('',#10399,1.);
#10399 = DIRECTION('',(1.,0.));
#10400 = ( GEOMETRIC_REPRESENTATION_CONTEXT(2) 
PARAMETRIC_REPRESENTATION_CONTEXT() REPRESENTATION_CONTEXT('2D SPACE',''
  ) );
#10401 = PCURVE('',#10402,#10407);
#10402 = PLANE('',#10403);
#10403 = AXIS2_PLACEMENT_3D('',#10404,#10405,#10406);
#10404 = CARTESIAN_POINT('',(0.,0.,0.));
#10405 = DIRECTION('',(-0.,1.,0.));
#10406 = DIRECTION('',(0.,0.,1.));
#10407 = DEFINITIONAL_REPRESENTATION('',(#10408),#10412);
#10408 = LINE('',#10409,#10410);
#10409 = CARTESIAN_POINT('',(0.,0.));
#10410 = VECTOR('',#10411,1.);
#10411 = DIRECTION('',(1.,0.));
#10412 = ( GEOMETRIC_REPRESENTATION_CONTEXT(2) 
PARAMETRIC_REPRESENTATION_CONTEXT() REPRESENTATION_CONTEXT('2D SPACE',''
  ) );
#10413 = ORIENTED_EDGE('',*,*,#10414,.T.);
#10414 = EDGE_CURVE('',#10380,#10415,#10417,.T.);
#10415 = VERTEX_POINT('',#10416);
#10416 = CARTESIAN_POINT('',(0.,3.,0.));
#10417 = SURFACE_CURVE('',#10418,(#10422,#10429),.PCURVE_S1.);
#10418 = LINE('',#10419,#10420);
#10419 = CARTESIAN_POINT('',(0.,0.,0.));
#10420 = VECTOR('',#10421,1.);
#10421 = DIRECTION('',(-0.,1.,0.));
#10422 = PCURVE('',#10390,#10423);
#10423 = DEFINITIONAL_REPRESENTATION('',(#10424),#10428);
#10424 = LINE('',#10425,#10426);
#10425 = CARTESIAN_POINT('',(0.,0.));
#10426 = VECTOR('',#10427,1.);
#10427 = DIRECTION('',(0.,-1.));
#10428 = ( GEOMETRIC_REPRESENTATION_CONTEXT(2) 
PARAMETRIC_REPRESENTATION_CONTEXT() REPRESENTATION_CONTEXT('2D SPACE',''
  ) );
#10429 = PCURVE('',#10430,#10435);
#10430 = PLANE('',#10431);
#10431 = AXIS2_PLACEMENT_3D('',#10432,#10433,#10434);
#10432 = CARTESIAN_POINT('',(0.,0.,0.));
#10433 = DIRECTION('',(0.,0.,1.));
#10434 = DIRECTION('',(1.,0.,-0.));
#10435 = DEFINITIONAL_REPRESENTATION('',(#10436),#10440);
#10436 = LINE('',#10437,#10438);
#10437 = CARTESIAN_POINT('',(0.,0.));
#10438 = VECTOR('',#10439,1.);
#10439 = DIRECTION('',(0.,1.));
#10440 = ( GEOMETRIC_REPRESENTATION_CONTEXT(2) 
PARAMETRIC_REPRESENTATION_CONTEXT() REPRESENTATION_CONTEXT('2D SPACE',''
  ) );
#10441 = ORIENTED_EDGE('',*,*,#10442,.T.);
#10442 = EDGE_CURVE('',#10415,#10443,#10445,.T.);
#10443 = VERTEX_POINT('',#10444);
#10444 = CARTESIAN_POINT('',(0.,3.,2.4E+03));
#10445 = SURFACE_CURVE('',#10446,(#10450,#10457),.PCURVE_S1.);
#10446 = LINE('',#10447,#10448);
#10447 = CARTESIAN_POINT('',(0.,3.,0.));
#10448 = VECTOR('',#10449,1.);
#10449 = DIRECTION('',(0.,0.,1.));
#10450 = PCURVE('',#10390,#10451);
#10451 = DEFINITIONAL_REPRESENTATION('',(#10452),#10456);
#10452 = LINE('',#10453,#10454);
#10453 = CARTESIAN_POINT('',(0.,-3.));
#10454 = VECTOR('',#10455,1.);
#10455 = DIRECTION('',(1.,0.));
#10456 = ( GEOMETRIC_REPRESENTATION_CONTEXT(2) 
PARAMETRIC_REPRESENTATION_CONTEXT() REPRESENTATION_CONTEXT('2D SPACE',''
  ) );
#10457 = PCURVE('',#10458,#10463);
#10458 = PLANE('',#10459);
#10459 = AXIS2_PLACEMENT_3D('',#10460,#10461,#10462);
#10460 = CARTESIAN_POINT('',(0.,3.,0.));
#10461 = DIRECTION('',(-0.,1.,0.));
#10462 = DIRECTION('',(0.,0.,1.));
#10463 = DEFINITIONAL_REPRESENTATION('',(#10464),#10468);
#10464 = LINE('',#10465,#10466);
#10465 = CARTESIAN_POINT('',(0.,0.));
#10466 = VECTOR('',#10467,1.);
#10467 = DIRECTION('',(1.,0.));
#10468 = ( GEOMETRIC_REPRESENTATION_CONTEXT(2) 
PARAMETRIC_REPRESENTATION_CONTEXT() REPRESENTATION_CONTEXT('2D SPACE',''
  ) );
#10469 = ORIENTED_EDGE('',*,*,#10470,.F.);
#10470 = EDGE_CURVE('',#10382,#10443,#10471,.T.);
#10471 = SURFACE_CURVE('',#10472,(#10476,#10483),.PCURVE_S1.);
#10472 = LINE('',#10473,#10474);
#10473 = CARTESIAN_POINT('',(0.,0.,2.4E+03));
#10474 = VECTOR('',#10475,1.);
#10475 = DIRECTION('',(-0.,1.,0.));
#10476 = PCURVE('',#10390,#10477);
#10477 = DEFINITIONAL_REPRESENTATION('',(#10478),#10482);
#10478 = LINE('',#10479,#10480);
#10479 = CARTESIAN_POINT('',(2.4E+03,0.));
#10480 = VECTOR('',#10481,1.);
#10481 = DIRECTION('',(0.,-1.));
#10482 = ( GEOMETRIC_REPRESENTATION_CONTEXT(2) 
PARAMETRIC_REPRESENTATION_CONTEXT() REPRESENTATION_CONTEXT('2D SPACE',''
  ) );
#10483 = PCURVE('',#10484,#10489);
#10484 = PLANE('',#10485);
#10485 = AXIS2_PLACEMENT_3D('',#10486,#10487,#10488);
#10486 = CARTESIAN_POINT('',(0.,0.,2.4E+03));
#10487 = DIRECTION('',(0.,0.,1.));
#10488 = DIRECTION('',(1.,0.,-0.));
#10489 = DEFINITIONAL_REPRESENTATION('',(#10490),#10494);
#10490 = LINE('',#10491,#10492);
#10491 = CARTESIAN_POINT('',(0.,0.));
#10492 = VECTOR('',#10493,1.);
#10493 = DIRECTION('',(0.,1.));
#10494 = ( GEOMETRIC_REPRESENTATION_CONTEXT(2) 
PARAMETRIC_REPRESENTATION_CONTEXT() REPRESENTATION_CONTEXT('2D SPACE',''
  ) );
#10495 = ADVANCED_FACE('',(#10496),#10510,.T.);
#10496 = FACE_BOUND('',#10497,.T.);
#10497 = EDGE_LOOP('',(#10498,#10528,#10551,#10574));
#10498 = ORIENTED_EDGE('',*,*,#10499,.F.);
#10499 = EDGE_CURVE('',#10500,#10502,#10504,.T.);
#10500 = VERTEX_POINT('',#10501);
#10501 = CARTESIAN_POINT('',(997.,0.,0.));
#10502 = VERTEX_POINT('',#10503);
#10503 = CARTESIAN_POINT('',(997.,0.,2.4E+03));
#10504 = SURFACE_CURVE('',#10505,(#10509,#10521),.PCURVE_S1.);
#10505 = LINE('',#10506,#10507);
#10506 = CARTESIAN_POINT('',(997.,0.,0.));
#10507 = VECTOR('',#10508,1.);
#10508 = DIRECTION('',(0.,0.,1.));
#10509 = PCURVE('',#10510,#10515);
#10510 = PLANE('',#10511);
#10511 = AXIS2_PLACEMENT_3D('',#10512,#10513,#10514);
#10512 = CARTESIAN_POINT('',(997.,0.,0.));
#10513 = DIRECTION('',(1.,0.,-0.));
#10514 = DIRECTION('',(0.,0.,1.));
#10515 = DEFINITIONAL_REPRESENTATION('',(#10516),#10520);
#10516 = LINE('',#10517,#10518);
#10517 = CARTESIAN_POINT('',(0.,0.));
#10518 = VECTOR('',#10519,1.);
#10519 = DIRECTION('',(1.,0.));
#10520 = ( GEOMETRIC_REPRESENTATION_CONTEXT(2) 
PARAMETRIC_REPRESENTATION_CONTEXT() REPRESENTATION_CONTEXT('2D SPACE',''
  ) );
#10521 = PCURVE('',#10402,#10522);
#10522 = DEFINITIONAL_REPRESENTATION('',(#10523),#10527);
#10523 = LINE('',#10524,#10525);
#10524 = CARTESIAN_POINT('',(0.,997.));
#10525 = VECTOR('',#10526,1.);
#10526 = DIRECTION('',(1.,0.));
#10527 = ( GEOMETRIC_REPRESENTATION_CONTEXT(2) 
PARAMETRIC_REPRESENTATION_CONTEXT() REPRESENTATION_CONTEXT('2D SPACE',''
  ) );
#10528 = ORIENTED_EDGE('',*,*,#10529,.T.);
#10529 = EDGE_CURVE('',#10500,#10530,#10532,.T.);
#10530 = VERTEX_POINT('',#10531);
#10531 = CARTESIAN_POINT('',(997.,3.,0.));
#10532 = SURFACE_CURVE('',#10533,(#10537,#10544),.PCURVE_S1.);
#10533 = LINE('',#10534,#10535);
#10534 = CARTESIAN_POINT('',(997.,0.,0.));
#10535 = VECTOR('',#10536,1.);
#10536 = DIRECTION('',(-0.,1.,0.));
#10537 = PCURVE('',#10510,#10538);
#10538 = DEFINITIONAL_REPRESENTATION('',(#10539),#10543);
#10539 = LINE('',#10540,#10541);
#10540 = CARTESIAN_POINT('',(0.,0.));
#10541 = VECTOR('',#10542,1.);
#10542 = DIRECTION('',(0.,-1.));
#10543 = ( GEOMETRIC_REPRESENTATION_CONTEXT(2) 
PARAMETRIC_REPRESENTATION_CONTEXT() REPRESENTATION_CONTEXT('2D SPACE',''
  ) );
#10544 = PCURVE('',#10430,#10545);
#10545 = DEFINITIONAL_REPRESENTATION('',(#10546),#10550);
#10546 = LINE('',#10547,#10548);
#10547 = CARTESIAN_POINT('',(997.,0.));
#10548 = VECTOR('',#10549,1.);
#10549 = DIRECTION('',(0.,1.));
#10550 = ( GEOMETRIC_REPRESENTATION_CONTEXT(2) 
PARAMETRIC_REPRESENTATION_CONTEXT() REPRESENTATION_CONTEXT('2D SPACE',''
  ) );
#10551 = ORIENTED_EDGE('',*,*,#10552,.T.);
#10552 = EDGE_CURVE('',#10530,#10553,#10555,.T.);
#10553 = VERTEX_POINT('',#10554);
#10554 = CARTESIAN_POINT('',(997.,3.,2.4E+03));
#10555 = SURFACE_CURVE('',#10556,(#10560,#10567),.PCURVE_S1.);
#10556 = LINE('',#10557,#10558);
#10557 = CARTESIAN_POINT('',(997.,3.,0.));
#10558 = VECTOR('',#10559,1.);
#10559 = DIRECTION('',(0.,0.,1.));
#10560 = PCURVE('',#10510,#10561);
#10561 = DEFINITIONAL_REPRESENTATION('',(#10562),#10566);
#10562 = LINE('',#10563,#10564);
#10563 = CARTESIAN_POINT('',(0.,-3.));
#10564 = VECTOR('',#10565,1.);
#10565 = DIRECTION('',(1.,0.));
#10566 = ( GEOMETRIC_REPRESENTATION_CONTEXT(2) 
PARAMETRIC_REPRESENTATION_CONTEXT() REPRESENTATION_CONTEXT('2D SPACE',''
  ) );
#10567 = PCURVE('',#10458,#10568);
#10568 = DEFINITIONAL_REPRESENTATION('',(#10569),#10573);
#10569 = LINE('',#10570,#10571);
#10570 = CARTESIAN_POINT('',(0.,997.));
#10571 = VECTOR('',#10572,1.);
#10572 = DIRECTION('',(1.,0.));
#10573 = ( GEOMETRIC_REPRESENTATION_CONTEXT(2) 
PARAMETRIC_REPRESENTATION_CONTEXT() REPRESENTATION_CONTEXT('2D SPACE',''
  ) );
#10574 = ORIENTED_EDGE('',*,*,#10575,.F.);
#10575 = EDGE_CURVE('',#10502,#10553,#10576,.T.);
#10576 = SURFACE_CURVE('',#10577,(#10581,#10588),.PCURVE_S1.);
#10577 = LINE('',#10578,#10579);
#10578 = CARTESIAN_POINT('',(997.,0.,2.4E+03));
#10579 = VECTOR('',#10580,1.);
#10580 = DIRECTION('',(-0.,1.,0.));
#10581 = PCURVE('',#10510,#10582);
#10582 = DEFINITIONAL_REPRESENTATION('',(#10583),#10587);
#10583 = LINE('',#10584,#10585);
#10584 = CARTESIAN_POINT('',(2.4E+03,0.));
#10585 = VECTOR('',#10586,1.);
#10586 = DIRECTION('',(0.,-1.));
#10587 = ( GEOMETRIC_REPRESENTATION_CONTEXT(2) 
PARAMETRIC_REPRESENTATION_CONTEXT() REPRESENTATION_CONTEXT('2D SPACE',''
  ) );
#10588 = PCURVE('',#10484,#10589);
#10589 = DEFINITIONAL_REPRESENTATION('',(#10590),#10594);
#10590 = LINE('',#10591,#10592);
#10591 = CARTESIAN_POINT('',(997.,0.));
#10592 = VECTOR('',#10593,1.);
#10593 = DIRECTION('',(0.,1.));
#10594 = ( GEOMETRIC_REPRESENTATION_CONTEXT(2) 
PARAMETRIC_REPRESENTATION_CONTEXT() REPRESENTATION_CONTEXT('2D SPACE',''
  ) );
#10595 = ADVANCED_FACE('',(#10596),#10402,.F.);
#10596 = FACE_BOUND('',#10597,.F.);
#10597 = EDGE_LOOP('',(#10598,#10619,#10620,#10641));
#10598 = ORIENTED_EDGE('',*,*,#10599,.F.);
#10599 = EDGE_CURVE('',#10380,#10500,#10600,.T.);
#10600 = SURFACE_CURVE('',#10601,(#10605,#10612),.PCURVE_S1.);
#10601 = LINE('',#10602,#10603);
#10602 = CARTESIAN_POINT('',(0.,0.,0.));
#10603 = VECTOR('',#10604,1.);
#10604 = DIRECTION('',(1.,0.,-0.));
#10605 = PCURVE('',#10402,#10606);
#10606 = DEFINITIONAL_REPRESENTATION('',(#10607),#10611);
#10607 = LINE('',#10608,#10609);
#10608 = CARTESIAN_POINT('',(0.,0.));
#10609 = VECTOR('',#10610,1.);
#10610 = DIRECTION('',(0.,1.));
#10611 = ( GEOMETRIC_REPRESENTATION_CONTEXT(2) 
PARAMETRIC_REPRESENTATION_CONTEXT() REPRESENTATION_CONTEXT('2D SPACE',''
  ) );
#10612 = PCURVE('',#10430,#10613);
#10613 = DEFINITIONAL_REPRESENTATION('',(#10614),#10618);
#10614 = LINE('',#10615,#10616);
#10615 = CARTESIAN_POINT('',(0.,0.));
#10616 = VECTOR('',#10617,1.);
#10617 = DIRECTION('',(1.,0.));
#10618 = ( GEOMETRIC_REPRESENTATION_CONTEXT(2) 
PARAMETRIC_REPRESENTATION_CONTEXT() REPRESENTATION_CONTEXT('2D SPACE',''
  ) );
#10619 = ORIENTED_EDGE('',*,*,#10379,.T.);
#10620 = ORIENTED_EDGE('',*,*,#10621,.T.);
#10621 = EDGE_CURVE('',#10382,#10502,#10622,.T.);
#10622 = SURFACE_CURVE('',#10623,(#10627,#10634),.PCURVE_S1.);
#10623 = LINE('',#10624,#10625);
#10624 = CARTESIAN_POINT('',(0.,0.,2.4E+03));
#10625 = VECTOR('',#10626,1.);
#10626 = DIRECTION('',(1.,0.,-0.));
#10627 = PCURVE('',#10402,#10628);
#10628 = DEFINITIONAL_REPRESENTATION('',(#10629),#10633);
#10629 = LINE('',#10630,#10631);
#10630 = CARTESIAN_POINT('',(2.4E+03,0.));
#10631 = VECTOR('',#10632,1.);
#10632 = DIRECTION('',(0.,1.));
#10633 = ( GEOMETRIC_REPRESENTATION_CONTEXT(2) 
PARAMETRIC_REPRESENTATION_CONTEXT() REPRESENTATION_CONTEXT('2D SPACE',''
  ) );
#10634 = PCURVE('',#10484,#10635);
#10635 = DEFINITIONAL_REPRESENTATION('',(#10636),#10640);
#10636 = LINE('',#10637,#10638);
#10637 = CARTESIAN_POINT('',(0.,0.));
#10638 = VECTOR('',#10639,1.);
#10639 = DIRECTION('',(1.,0.));
#10640 = ( GEOMETRIC_REPRESENTATION_CONTEXT(2) 
PARAMETRIC_REPRESENTATION_CONTEXT() REPRESENTATION_CONTEXT('2D SPACE',''
  ) );
#10641 = ORIENTED_EDGE('',*,*,#10499,.F.);
#10642 = ADVANCED_FACE('',(#10643),#10458,.T.);
#10643 = FACE_BOUND('',#10644,.T.);
#10644 = EDGE_LOOP('',(#10645,#10666,#10667,#10688));
#10645 = ORIENTED_EDGE('',*,*,#10646,.F.);
#10646 = EDGE_CURVE('',#10415,#10530,#10647,.T.);
#10647 = SURFACE_CURVE('',#10648,(#10652,#10659),.PCURVE_S1.);
#10648 = LINE('',#10649,#10650);
#10649 = CARTESIAN_POINT('',(0.,3.,0.));
#10650 = VECTOR('',#10651,1.);
#10651 = DIRECTION('',(1.,0.,-0.));
#10652 = PCURVE('',#10458,#10653);
#10653 = DEFINITIONAL_REPRESENTATION('',(#10654),#10658);
#10654 = LINE('',#10655,#10656);
#10655 = CARTESIAN_POINT('',(0.,0.));
#10656 = VECTOR('',#10657,1.);
#10657 = DIRECTION('',(0.,1.));
#10658 = ( GEOMETRIC_REPRESENTATION_CONTEXT(2) 
PARAMETRIC_REPRESENTATION_CONTEXT() REPRESENTATION_CONTEXT('2D SPACE',''
  ) );
#10659 = PCURVE('',#10430,#10660);
#10660 = DEFINITIONAL_REPRESENTATION('',(#10661),#10665);
#10661 = LINE('',#10662,#10663);
#10662 = CARTESIAN_POINT('',(0.,3.));
#10663 = VECTOR('',#10664,1.);
#10664 = DIRECTION('',(1.,0.));
#10665 = ( GEOMETRIC_REPRESENTATION_CONTEXT(2) 
PARAMETRIC_REPRESENTATION_CONTEXT() REPRESENTATION_CONTEXT('2D SPACE',''
  ) );
#10666 = ORIENTED_EDGE('',*,*,#10442,.T.);
#10667 = ORIENTED_EDGE('',*,*,#10668,.T.);
#10668 = EDGE_CURVE('',#10443,#10553,#10669,.T.);
#10669 = SURFACE_CURVE('',#10670,(#10674,#10681),.PCURVE_S1.);
#10670 = LINE('',#10671,#10672);
#10671 = CARTESIAN_POINT('',(0.,3.,2.4E+03));
#10672 = VECTOR('',#10673,1.);
#10673 = DIRECTION('',(1.,0.,-0.));
#10674 = PCURVE('',#10458,#10675);
#10675 = DEFINITIONAL_REPRESENTATION('',(#10676),#10680);
#10676 = LINE('',#10677,#10678);
#10677 = CARTESIAN_POINT('',(2.4E+03,0.));
#10678 = VECTOR('',#10679,1.);
#10679 = DIRECTION('',(0.,1.));
#10680 = ( GEOMETRIC_REPRESENTATION_CONTEXT(2) 
PARAMETRIC_REPRESENTATION_CONTEXT() REPRESENTATION_CONTEXT('2D SPACE',''
  ) );
#10681 = PCURVE('',#10484,#10682);
#10682 = DEFINITIONAL_REPRESENTATION('',(#10683),#10687);
#10683 = LINE('',#10684,#10685);
#10684 = CARTESIAN_POINT('',(0.,3.));
#10685 = VECTOR('',#10686,1.);
#10686 = DIRECTION('',(1.,0.));
#10687 = ( GEOMETRIC_REPRESENTATION_CONTEXT(2) 
PARAMETRIC_REPRESENTATION_CONTEXT() REPRESENTATION_CONTEXT('2D SPACE',''
  ) );
#10688 = ORIENTED_EDGE('',*,*,#10552,.F.);
#10689 = ADVANCED_FACE('',(#10690),#10430,.F.);
#10690 = FACE_BOUND('',#10691,.F.);
#10691 = EDGE_LOOP('',(#10692,#10693,#10694,#10695));
#10692 = ORIENTED_EDGE('',*,*,#10414,.F.);
#10693 = ORIENTED_EDGE('',*,*,#10599,.T.);
#10694 = ORIENTED_EDGE('',*,*,#10529,.T.);
#10695 = ORIENTED_EDGE('',*,*,#10646,.F.);
#10696 = ADVANCED_FACE('',(#10697),#10484,.T.);
#10697 = FACE_BOUND('',#10698,.T.);
#10698 = EDGE_LOOP('',(#10699,#10700,#10701,#10702));
#10699 = ORIENTED_EDGE('',*,*,#10470,.F.);
#10700 = ORIENTED_EDGE('',*,*,#10621,.T.);
#10701 = ORIENTED_EDGE('',*,*,#10575,.T.);
#10702 = ORIENTED_EDGE('',*,*,#10668,.F.);
#10703 = ( GEOMETRIC_REPRESENTATION_CONTEXT(3) 
GLOBAL_UNCERTAINTY_ASSIGNED_CONTEXT((#10707)) 
GLOBAL_UNIT_ASSIGNED_CONTEXT((#10704,#10705,#10706)) 
REPRESENTATION_CONTEXT('Context #1',
  '3D Context with UNIT and UNCERTAINTY') );
#10704 = ( LENGTH_UNIT() NAMED_UNIT(*) SI_UNIT(.MILLI.,.METRE.) );
#10705 = ( NAMED_UNIT(*) PLANE_ANGLE_UNIT() SI_UNIT($,.RADIAN.) );
#10706 = ( NAMED_UNIT(*) SI_UNIT($,.STERADIAN.) SOLID_ANGLE_UNIT() );
#10707 = UNCERTAINTY_MEASURE_WITH_UNIT(LENGTH_MEASURE(1.E-07),#10704,
  'distance_accuracy_value','confusion accuracy');
#10708 = CONTEXT_DEPENDENT_SHAPE_REPRESENTATION(#10709,#10711);
#10709 = ( REPRESENTATION_RELATIONSHIP('','',#10372,#10) 
REPRESENTATION_RELATIONSHIP_WITH_TRANSFORMATION(#10710) 
SHAPE_REPRESENTATION_RELATIONSHIP() );
#10710 = ITEM_DEFINED_TRANSFORMATION('','',#11,#79);
#10711 = PRODUCT_DEFINITION_SHAPE('Placement','Placement of an item',
  #10712);
#10712 = NEXT_ASSEMBLY_USAGE_OCCURRENCE('840',
'\X2\043E0431044804380432043A0430\X0\_\X2\04440430043D043504400430\X0\_3\X2\043C043C\X0\_
997\X2\0445\X0\2400','',#5,#10367,$);
#10713 = PRODUCT_RELATED_PRODUCT_CATEGORY('part',$,(#10369));
#10714 = SHAPE_DEFINITION_REPRESENTATION(#10715,#10721);
#10715 = PRODUCT_DEFINITION_SHAPE('','',#10716);
#10716 = PRODUCT_DEFINITION('design','',#10717,#10720);
#10717 = PRODUCT_DEFINITION_FORMATION('','',#10718);
#10718 = PRODUCT('\X2\0431043E043B0442\X0\_\X2\041C\X0\10\X2\0445\X0\80',
  '\X2\0431043E043B0442\X0\_\X2\041C\X0\10\X2\0445\X0\80','',(#10719));
#10719 = PRODUCT_CONTEXT('',#2,'mechanical');
#10720 = PRODUCT_DEFINITION_CONTEXT('part definition',#2,'design');
#10721 = ADVANCED_BREP_SHAPE_REPRESENTATION('',(#11,#10722),#10820);
#10722 = MANIFOLD_SOLID_BREP('',#10723);
#10723 = CLOSED_SHELL('',(#10724,#10812,#10816));
#10724 = ADVANCED_FACE('',(#10725),#10738,.T.);
#10725 = FACE_BOUND('',#10726,.T.);
#10726 = EDGE_LOOP('',(#10727,#10761,#10784,#10811));
#10727 = ORIENTED_EDGE('',*,*,#10728,.F.);
#10728 = EDGE_CURVE('',#10729,#10729,#10731,.T.);
#10729 = VERTEX_POINT('',#10730);
#10730 = CARTESIAN_POINT('',(5.,-1.224646799147E-15,80.));
#10731 = SURFACE_CURVE('',#10732,(#10737,#10749),.PCURVE_S1.);
#10732 = CIRCLE('',#10733,5.);
#10733 = AXIS2_PLACEMENT_3D('',#10734,#10735,#10736);
#10734 = CARTESIAN_POINT('',(0.,0.,80.));
#10735 = DIRECTION('',(0.,0.,1.));
#10736 = DIRECTION('',(1.,0.,-0.));
#10737 = PCURVE('',#10738,#10743);
#10738 = CYLINDRICAL_SURFACE('',#10739,5.);
#10739 = AXIS2_PLACEMENT_3D('',#10740,#10741,#10742);
#10740 = CARTESIAN_POINT('',(0.,0.,0.));
#10741 = DIRECTION('',(0.,0.,1.));
#10742 = DIRECTION('',(1.,0.,-0.));
#10743 = DEFINITIONAL_REPRESENTATION('',(#10744),#10748);
#10744 = LINE('',#10745,#10746);
#10745 = CARTESIAN_POINT('',(0.,80.));
#10746 = VECTOR('',#10747,1.);
#10747 = DIRECTION('',(1.,0.));
#10748 = ( GEOMETRIC_REPRESENTATION_CONTEXT(2) 
PARAMETRIC_REPRESENTATION_CONTEXT() REPRESENTATION_CONTEXT('2D SPACE',''
  ) );
#10749 = PCURVE('',#10750,#10755);
#10750 = PLANE('',#10751);
#10751 = AXIS2_PLACEMENT_3D('',#10752,#10753,#10754);
#10752 = CARTESIAN_POINT('',(0.,0.,80.));
#10753 = DIRECTION('',(0.,0.,1.));
#10754 = DIRECTION('',(1.,0.,-0.));
#10755 = DEFINITIONAL_REPRESENTATION('',(#10756),#10760);
#10756 = CIRCLE('',#10757,5.);
#10757 = AXIS2_PLACEMENT_2D('',#10758,#10759);
#10758 = CARTESIAN_POINT('',(0.,0.));
#10759 = DIRECTION('',(1.,0.));
#10760 = ( GEOMETRIC_REPRESENTATION_CONTEXT(2) 
PARAMETRIC_REPRESENTATION_CONTEXT() REPRESENTATION_CONTEXT('2D SPACE',''
  ) );
#10761 = ORIENTED_EDGE('',*,*,#10762,.F.);
#10762 = EDGE_CURVE('',#10763,#10729,#10765,.T.);
#10763 = VERTEX_POINT('',#10764);
#10764 = CARTESIAN_POINT('',(5.,-1.224646799147E-15,0.));
#10765 = SEAM_CURVE('',#10766,(#10770,#10777),.PCURVE_S1.);
#10766 = LINE('',#10767,#10768);
#10767 = CARTESIAN_POINT('',(5.,-1.224646799147E-15,0.));
#10768 = VECTOR('',#10769,1.);
#10769 = DIRECTION('',(0.,0.,1.));
#10770 = PCURVE('',#10738,#10771);
#10771 = DEFINITIONAL_REPRESENTATION('',(#10772),#10776);
#10772 = LINE('',#10773,#10774);
#10773 = CARTESIAN_POINT('',(6.28318530718,-0.));
#10774 = VECTOR('',#10775,1.);
#10775 = DIRECTION('',(0.,1.));
#10776 = ( GEOMETRIC_REPRESENTATION_CONTEXT(2) 
PARAMETRIC_REPRESENTATION_CONTEXT() REPRESENTATION_CONTEXT('2D SPACE',''
  ) );
#10777 = PCURVE('',#10738,#10778);
#10778 = DEFINITIONAL_REPRESENTATION('',(#10779),#10783);
#10779 = LINE('',#10780,#10781);
#10780 = CARTESIAN_POINT('',(0.,-0.));
#10781 = VECTOR('',#10782,1.);
#10782 = DIRECTION('',(0.,1.));
#10783 = ( GEOMETRIC_REPRESENTATION_CONTEXT(2) 
PARAMETRIC_REPRESENTATION_CONTEXT() REPRESENTATION_CONTEXT('2D SPACE',''
  ) );
#10784 = ORIENTED_EDGE('',*,*,#10785,.T.);
#10785 = EDGE_CURVE('',#10763,#10763,#10786,.T.);
#10786 = SURFACE_CURVE('',#10787,(#10792,#10799),.PCURVE_S1.);
#10787 = CIRCLE('',#10788,5.);
#10788 = AXIS2_PLACEMENT_3D('',#10789,#10790,#10791);
#10789 = CARTESIAN_POINT('',(0.,0.,0.));
#10790 = DIRECTION('',(0.,0.,1.));
#10791 = DIRECTION('',(1.,0.,-0.));
#10792 = PCURVE('',#10738,#10793);
#10793 = DEFINITIONAL_REPRESENTATION('',(#10794),#10798);
#10794 = LINE('',#10795,#10796);
#10795 = CARTESIAN_POINT('',(0.,0.));
#10796 = VECTOR('',#10797,1.);
#10797 = DIRECTION('',(1.,0.));
#10798 = ( GEOMETRIC_REPRESENTATION_CONTEXT(2) 
PARAMETRIC_REPRESENTATION_CONTEXT() REPRESENTATION_CONTEXT('2D SPACE',''
  ) );
#10799 = PCURVE('',#10800,#10805);
#10800 = PLANE('',#10801);
#10801 = AXIS2_PLACEMENT_3D('',#10802,#10803,#10804);
#10802 = CARTESIAN_POINT('',(0.,0.,0.));
#10803 = DIRECTION('',(0.,0.,1.));
#10804 = DIRECTION('',(1.,0.,-0.));
#10805 = DEFINITIONAL_REPRESENTATION('',(#10806),#10810);
#10806 = CIRCLE('',#10807,5.);
#10807 = AXIS2_PLACEMENT_2D('',#10808,#10809);
#10808 = CARTESIAN_POINT('',(0.,0.));
#10809 = DIRECTION('',(1.,0.));
#10810 = ( GEOMETRIC_REPRESENTATION_CONTEXT(2) 
PARAMETRIC_REPRESENTATION_CONTEXT() REPRESENTATION_CONTEXT('2D SPACE',''
  ) );
#10811 = ORIENTED_EDGE('',*,*,#10762,.T.);
#10812 = ADVANCED_FACE('',(#10813),#10750,.T.);
#10813 = FACE_BOUND('',#10814,.T.);
#10814 = EDGE_LOOP('',(#10815));
#10815 = ORIENTED_EDGE('',*,*,#10728,.T.);
#10816 = ADVANCED_FACE('',(#10817),#10800,.F.);
#10817 = FACE_BOUND('',#10818,.T.);
#10818 = EDGE_LOOP('',(#10819));
#10819 = ORIENTED_EDGE('',*,*,#10785,.F.);
#10820 = ( GEOMETRIC_REPRESENTATION_CONTEXT(3) 
GLOBAL_UNCERTAINTY_ASSIGNED_CONTEXT((#10824)) 
GLOBAL_UNIT_ASSIGNED_CONTEXT((#10821,#10822,#10823)) 
REPRESENTATION_CONTEXT('Context #1',
  '3D Context with UNIT and UNCERTAINTY') );
#10821 = ( LENGTH_UNIT() NAMED_UNIT(*) SI_UNIT(.MILLI.,.METRE.) );
#10822 = ( NAMED_UNIT(*) PLANE_ANGLE_UNIT() SI_UNIT($,.RADIAN.) );
#10823 = ( NAMED_UNIT(*) SI_UNIT($,.STERADIAN.) SOLID_ANGLE_UNIT() );
#10824 = UNCERTAINTY_MEASURE_WITH_UNIT(LENGTH_MEASURE(1.E-07),#10821,
  'distance_accuracy_value','confusion accuracy');
#10825 = CONTEXT_DEPENDENT_SHAPE_REPRESENTATION(#10826,#10828);
#10826 = ( REPRESENTATION_RELATIONSHIP('','',#10721,#10) 
REPRESENTATION_RELATIONSHIP_WITH_TRANSFORMATION(#10827) 
SHAPE_REPRESENTATION_RELATIONSHIP() );
#10827 = ITEM_DEFINED_TRANSFORMATION('','',#11,#83);
#10828 = PRODUCT_DEFINITION_SHAPE('Placement','Placement of an item',
  #10829);
#10829 = NEXT_ASSEMBLY_USAGE_OCCURRENCE('841',
  '\X2\0431043E043B0442\X0\_\X2\041C\X0\10\X2\0445\X0\80','',#5,#10716,$);
#10830 = PRODUCT_RELATED_PRODUCT_CATEGORY('part',$,(#10718));
#10831 = SHAPE_DEFINITION_REPRESENTATION(#10832,#10838);
#10832 = PRODUCT_DEFINITION_SHAPE('','',#10833);
#10833 = PRODUCT_DEFINITION('design','',#10834,#10837);
#10834 = PRODUCT_DEFINITION_FORMATION('','',#10835);
#10835 = PRODUCT('\X2\0431043E043B0442\X0\_\X2\041C\X0\10\X2\0445\X0\80',
  '\X2\0431043E043B0442\X0\_\X2\041C\X0\10\X2\0445\X0\80','',(#10836));
#10836 = PRODUCT_CONTEXT('',#2,'mechanical');
#10837 = PRODUCT_DEFINITION_CONTEXT('part definition',#2,'design');
#10838 = ADVANCED_BREP_SHAPE_REPRESENTATION('',(#11,#10839),#10937);
#10839 = MANIFOLD_SOLID_BREP('',#10840);
#10840 = CLOSED_SHELL('',(#10841,#10929,#10933));
#10841 = ADVANCED_FACE('',(#10842),#10855,.T.);
#10842 = FACE_BOUND('',#10843,.T.);
#10843 = EDGE_LOOP('',(#10844,#10878,#10901,#10928));
#10844 = ORIENTED_EDGE('',*,*,#10845,.F.);
#10845 = EDGE_CURVE('',#10846,#10846,#10848,.T.);
#10846 = VERTEX_POINT('',#10847);
#10847 = CARTESIAN_POINT('',(5.,-1.224646799147E-15,80.));
#10848 = SURFACE_CURVE('',#10849,(#10854,#10866),.PCURVE_S1.);
#10849 = CIRCLE('',#10850,5.);
#10850 = AXIS2_PLACEMENT_3D('',#10851,#10852,#10853);
#10851 = CARTESIAN_POINT('',(0.,0.,80.));
#10852 = DIRECTION('',(0.,0.,1.));
#10853 = DIRECTION('',(1.,0.,-0.));
#10854 = PCURVE('',#10855,#10860);
#10855 = CYLINDRICAL_SURFACE('',#10856,5.);
#10856 = AXIS2_PLACEMENT_3D('',#10857,#10858,#10859);
#10857 = CARTESIAN_POINT('',(0.,0.,0.));
#10858 = DIRECTION('',(0.,0.,1.));
#10859 = DIRECTION('',(1.,0.,-0.));
#10860 = DEFINITIONAL_REPRESENTATION('',(#10861),#10865);
#10861 = LINE('',#10862,#10863);
#10862 = CARTESIAN_POINT('',(0.,80.));
#10863 = VECTOR('',#10864,1.);
#10864 = DIRECTION('',(1.,0.));
#10865 = ( GEOMETRIC_REPRESENTATION_CONTEXT(2) 
PARAMETRIC_REPRESENTATION_CONTEXT() REPRESENTATION_CONTEXT('2D SPACE',''
  ) );
#10866 = PCURVE('',#10867,#10872);
#10867 = PLANE('',#10868);
#10868 = AXIS2_PLACEMENT_3D('',#10869,#10870,#10871);
#10869 = CARTESIAN_POINT('',(0.,0.,80.));
#10870 = DIRECTION('',(0.,0.,1.));
#10871 = DIRECTION('',(1.,0.,-0.));
#10872 = DEFINITIONAL_REPRESENTATION('',(#10873),#10877);
#10873 = CIRCLE('',#10874,5.);
#10874 = AXIS2_PLACEMENT_2D('',#10875,#10876);
#10875 = CARTESIAN_POINT('',(0.,0.));
#10876 = DIRECTION('',(1.,0.));
#10877 = ( GEOMETRIC_REPRESENTATION_CONTEXT(2) 
PARAMETRIC_REPRESENTATION_CONTEXT() REPRESENTATION_CONTEXT('2D SPACE',''
  ) );
#10878 = ORIENTED_EDGE('',*,*,#10879,.F.);
#10879 = EDGE_CURVE('',#10880,#10846,#10882,.T.);
#10880 = VERTEX_POINT('',#10881);
#10881 = CARTESIAN_POINT('',(5.,-1.224646799147E-15,0.));
#10882 = SEAM_CURVE('',#10883,(#10887,#10894),.PCURVE_S1.);
#10883 = LINE('',#10884,#10885);
#10884 = CARTESIAN_POINT('',(5.,-1.224646799147E-15,0.));
#10885 = VECTOR('',#10886,1.);
#10886 = DIRECTION('',(0.,0.,1.));
#10887 = PCURVE('',#10855,#10888);
#10888 = DEFINITIONAL_REPRESENTATION('',(#10889),#10893);
#10889 = LINE('',#10890,#10891);
#10890 = CARTESIAN_POINT('',(6.28318530718,-0.));
#10891 = VECTOR('',#10892,1.);
#10892 = DIRECTION('',(0.,1.));
#10893 = ( GEOMETRIC_REPRESENTATION_CONTEXT(2) 
PARAMETRIC_REPRESENTATION_CONTEXT() REPRESENTATION_CONTEXT('2D SPACE',''
  ) );
#10894 = PCURVE('',#10855,#10895);
#10895 = DEFINITIONAL_REPRESENTATION('',(#10896),#10900);
#10896 = LINE('',#10897,#10898);
#10897 = CARTESIAN_POINT('',(0.,-0.));
#10898 = VECTOR('',#10899,1.);
#10899 = DIRECTION('',(0.,1.));
#10900 = ( GEOMETRIC_REPRESENTATION_CONTEXT(2) 
PARAMETRIC_REPRESENTATION_CONTEXT() REPRESENTATION_CONTEXT('2D SPACE',''
  ) );
#10901 = ORIENTED_EDGE('',*,*,#10902,.T.);
#10902 = EDGE_CURVE('',#10880,#10880,#10903,.T.);
#10903 = SURFACE_CURVE('',#10904,(#10909,#10916),.PCURVE_S1.);
#10904 = CIRCLE('',#10905,5.);
#10905 = AXIS2_PLACEMENT_3D('',#10906,#10907,#10908);
#10906 = CARTESIAN_POINT('',(0.,0.,0.));
#10907 = DIRECTION('',(0.,0.,1.));
#10908 = DIRECTION('',(1.,0.,-0.));
#10909 = PCURVE('',#10855,#10910);
#10910 = DEFINITIONAL_REPRESENTATION('',(#10911),#10915);
#10911 = LINE('',#10912,#10913);
#10912 = CARTESIAN_POINT('',(0.,0.));
#10913 = VECTOR('',#10914,1.);
#10914 = DIRECTION('',(1.,0.));
#10915 = ( GEOMETRIC_REPRESENTATION_CONTEXT(2) 
PARAMETRIC_REPRESENTATION_CONTEXT() REPRESENTATION_CONTEXT('2D SPACE',''
  ) );
#10916 = PCURVE('',#10917,#10922);
#10917 = PLANE('',#10918);
#10918 = AXIS2_PLACEMENT_3D('',#10919,#10920,#10921);
#10919 = CARTESIAN_POINT('',(0.,0.,0.));
#10920 = DIRECTION('',(0.,0.,1.));
#10921 = DIRECTION('',(1.,0.,-0.));
#10922 = DEFINITIONAL_REPRESENTATION('',(#10923),#10927);
#10923 = CIRCLE('',#10924,5.);
#10924 = AXIS2_PLACEMENT_2D('',#10925,#10926);
#10925 = CARTESIAN_POINT('',(0.,0.));
#10926 = DIRECTION('',(1.,0.));
#10927 = ( GEOMETRIC_REPRESENTATION_CONTEXT(2) 
PARAMETRIC_REPRESENTATION_CONTEXT() REPRESENTATION_CONTEXT('2D SPACE',''
  ) );
#10928 = ORIENTED_EDGE('',*,*,#10879,.T.);
#10929 = ADVANCED_FACE('',(#10930),#10867,.T.);
#10930 = FACE_BOUND('',#10931,.T.);
#10931 = EDGE_LOOP('',(#10932));
#10932 = ORIENTED_EDGE('',*,*,#10845,.T.);
#10933 = ADVANCED_FACE('',(#10934),#10917,.F.);
#10934 = FACE_BOUND('',#10935,.T.);
#10935 = EDGE_LOOP('',(#10936));
#10936 = ORIENTED_EDGE('',*,*,#10902,.F.);
#10937 = ( GEOMETRIC_REPRESENTATION_CONTEXT(3) 
GLOBAL_UNCERTAINTY_ASSIGNED_CONTEXT((#10941)) 
GLOBAL_UNIT_ASSIGNED_CONTEXT((#10938,#10939,#10940)) 
REPRESENTATION_CONTEXT('Context #1',
  '3D Context with UNIT and UNCERTAINTY') );
#10938 = ( LENGTH_UNIT() NAMED_UNIT(*) SI_UNIT(.MILLI.,.METRE.) );
#10939 = ( NAMED_UNIT(*) PLANE_ANGLE_UNIT() SI_UNIT($,.RADIAN.) );
#10940 = ( NAMED_UNIT(*) SI_UNIT($,.STERADIAN.) SOLID_ANGLE_UNIT() );
#10941 = UNCERTAINTY_MEASURE_WITH_UNIT(LENGTH_MEASURE(1.E-07),#10938,
  'distance_accuracy_value','confusion accuracy');
#10942 = CONTEXT_DEPENDENT_SHAPE_REPRESENTATION(#10943,#10945);
#10943 = ( REPRESENTATION_RELATIONSHIP('','',#10838,#10) 
REPRESENTATION_RELATIONSHIP_WITH_TRANSFORMATION(#10944) 
SHAPE_REPRESENTATION_RELATIONSHIP() );
#10944 = ITEM_DEFINED_TRANSFORMATION('','',#11,#87);
#10945 = PRODUCT_DEFINITION_SHAPE('Placement','Placement of an item',
  #10946);
#10946 = NEXT_ASSEMBLY_USAGE_OCCURRENCE('842',
  '\X2\0431043E043B0442\X0\_\X2\041C\X0\10\X2\0445\X0\80','',#5,#10833,$);
#10947 = PRODUCT_RELATED_PRODUCT_CATEGORY('part',$,(#10835));
#10948 = SHAPE_DEFINITION_REPRESENTATION(#10949,#10955);
#10949 = PRODUCT_DEFINITION_SHAPE('','',#10950);
#10950 = PRODUCT_DEFINITION('design','',#10951,#10954);
#10951 = PRODUCT_DEFINITION_FORMATION('','',#10952);
#10952 = PRODUCT('\X2\0431043E043B0442\X0\_\X2\041C\X0\10\X2\0445\X0\80',
  '\X2\0431043E043B0442\X0\_\X2\041C\X0\10\X2\0445\X0\80','',(#10953));
#10953 = PRODUCT_CONTEXT('',#2,'mechanical');
#10954 = PRODUCT_DEFINITION_CONTEXT('part definition',#2,'design');
#10955 = ADVANCED_BREP_SHAPE_REPRESENTATION('',(#11,#10956),#11054);
#10956 = MANIFOLD_SOLID_BREP('',#10957);
#10957 = CLOSED_SHELL('',(#10958,#11046,#11050));
#10958 = ADVANCED_FACE('',(#10959),#10972,.T.);
#10959 = FACE_BOUND('',#10960,.T.);
#10960 = EDGE_LOOP('',(#10961,#10995,#11018,#11045));
#10961 = ORIENTED_EDGE('',*,*,#10962,.F.);
#10962 = EDGE_CURVE('',#10963,#10963,#10965,.T.);
#10963 = VERTEX_POINT('',#10964);
#10964 = CARTESIAN_POINT('',(5.,-1.224646799147E-15,80.));
#10965 = SURFACE_CURVE('',#10966,(#10971,#10983),.PCURVE_S1.);
#10966 = CIRCLE('',#10967,5.);
#10967 = AXIS2_PLACEMENT_3D('',#10968,#10969,#10970);
#10968 = CARTESIAN_POINT('',(0.,0.,80.));
#10969 = DIRECTION('',(0.,0.,1.));
#10970 = DIRECTION('',(1.,0.,-0.));
#10971 = PCURVE('',#10972,#10977);
#10972 = CYLINDRICAL_SURFACE('',#10973,5.);
#10973 = AXIS2_PLACEMENT_3D('',#10974,#10975,#10976);
#10974 = CARTESIAN_POINT('',(0.,0.,0.));
#10975 = DIRECTION('',(0.,0.,1.));
#10976 = DIRECTION('',(1.,0.,-0.));
#10977 = DEFINITIONAL_REPRESENTATION('',(#10978),#10982);
#10978 = LINE('',#10979,#10980);
#10979 = CARTESIAN_POINT('',(0.,80.));
#10980 = VECTOR('',#10981,1.);
#10981 = DIRECTION('',(1.,0.));
#10982 = ( GEOMETRIC_REPRESENTATION_CONTEXT(2) 
PARAMETRIC_REPRESENTATION_CONTEXT() REPRESENTATION_CONTEXT('2D SPACE',''
  ) );
#10983 = PCURVE('',#10984,#10989);
#10984 = PLANE('',#10985);
#10985 = AXIS2_PLACEMENT_3D('',#10986,#10987,#10988);
#10986 = CARTESIAN_POINT('',(0.,0.,80.));
#10987 = DIRECTION('',(0.,0.,1.));
#10988 = DIRECTION('',(1.,0.,-0.));
#10989 = DEFINITIONAL_REPRESENTATION('',(#10990),#10994);
#10990 = CIRCLE('',#10991,5.);
#10991 = AXIS2_PLACEMENT_2D('',#10992,#10993);
#10992 = CARTESIAN_POINT('',(0.,0.));
#10993 = DIRECTION('',(1.,0.));
#10994 = ( GEOMETRIC_REPRESENTATION_CONTEXT(2) 
PARAMETRIC_REPRESENTATION_CONTEXT() REPRESENTATION_CONTEXT('2D SPACE',''
  ) );
#10995 = ORIENTED_EDGE('',*,*,#10996,.F.);
#10996 = EDGE_CURVE('',#10997,#10963,#10999,.T.);
#10997 = VERTEX_POINT('',#10998);
#10998 = CARTESIAN_POINT('',(5.,-1.224646799147E-15,0.));
#10999 = SEAM_CURVE('',#11000,(#11004,#11011),.PCURVE_S1.);
#11000 = LINE('',#11001,#11002);
#11001 = CARTESIAN_POINT('',(5.,-1.224646799147E-15,0.));
#11002 = VECTOR('',#11003,1.);
#11003 = DIRECTION('',(0.,0.,1.));
#11004 = PCURVE('',#10972,#11005);
#11005 = DEFINITIONAL_REPRESENTATION('',(#11006),#11010);
#11006 = LINE('',#11007,#11008);
#11007 = CARTESIAN_POINT('',(6.28318530718,-0.));
#11008 = VECTOR('',#11009,1.);
#11009 = DIRECTION('',(0.,1.));
#11010 = ( GEOMETRIC_REPRESENTATION_CONTEXT(2) 
PARAMETRIC_REPRESENTATION_CONTEXT() REPRESENTATION_CONTEXT('2D SPACE',''
  ) );
#11011 = PCURVE('',#10972,#11012);
#11012 = DEFINITIONAL_REPRESENTATION('',(#11013),#11017);
#11013 = LINE('',#11014,#11015);
#11014 = CARTESIAN_POINT('',(0.,-0.));
#11015 = VECTOR('',#11016,1.);
#11016 = DIRECTION('',(0.,1.));
#11017 = ( GEOMETRIC_REPRESENTATION_CONTEXT(2) 
PARAMETRIC_REPRESENTATION_CONTEXT() REPRESENTATION_CONTEXT('2D SPACE',''
  ) );
#11018 = ORIENTED_EDGE('',*,*,#11019,.T.);
#11019 = EDGE_CURVE('',#10997,#10997,#11020,.T.);
#11020 = SURFACE_CURVE('',#11021,(#11026,#11033),.PCURVE_S1.);
#11021 = CIRCLE('',#11022,5.);
#11022 = AXIS2_PLACEMENT_3D('',#11023,#11024,#11025);
#11023 = CARTESIAN_POINT('',(0.,0.,0.));
#11024 = DIRECTION('',(0.,0.,1.));
#11025 = DIRECTION('',(1.,0.,-0.));
#11026 = PCURVE('',#10972,#11027);
#11027 = DEFINITIONAL_REPRESENTATION('',(#11028),#11032);
#11028 = LINE('',#11029,#11030);
#11029 = CARTESIAN_POINT('',(0.,0.));
#11030 = VECTOR('',#11031,1.);
#11031 = DIRECTION('',(1.,0.));
#11032 = ( GEOMETRIC_REPRESENTATION_CONTEXT(2) 
PARAMETRIC_REPRESENTATION_CONTEXT() REPRESENTATION_CONTEXT('2D SPACE',''
  ) );
#11033 = PCURVE('',#11034,#11039);
#11034 = PLANE('',#11035);
#11035 = AXIS2_PLACEMENT_3D('',#11036,#11037,#11038);
#11036 = CARTESIAN_POINT('',(0.,0.,0.));
#11037 = DIRECTION('',(0.,0.,1.));
#11038 = DIRECTION('',(1.,0.,-0.));
#11039 = DEFINITIONAL_REPRESENTATION('',(#11040),#11044);
#11040 = CIRCLE('',#11041,5.);
#11041 = AXIS2_PLACEMENT_2D('',#11042,#11043);
#11042 = CARTESIAN_POINT('',(0.,0.));
#11043 = DIRECTION('',(1.,0.));
#11044 = ( GEOMETRIC_REPRESENTATION_CONTEXT(2) 
PARAMETRIC_REPRESENTATION_CONTEXT() REPRESENTATION_CONTEXT('2D SPACE',''
  ) );
#11045 = ORIENTED_EDGE('',*,*,#10996,.T.);
#11046 = ADVANCED_FACE('',(#11047),#10984,.T.);
#11047 = FACE_BOUND('',#11048,.T.);
#11048 = EDGE_LOOP('',(#11049));
#11049 = ORIENTED_EDGE('',*,*,#10962,.T.);
#11050 = ADVANCED_FACE('',(#11051),#11034,.F.);
#11051 = FACE_BOUND('',#11052,.T.);
#11052 = EDGE_LOOP('',(#11053));
#11053 = ORIENTED_EDGE('',*,*,#11019,.F.);
#11054 = ( GEOMETRIC_REPRESENTATION_CONTEXT(3) 
GLOBAL_UNCERTAINTY_ASSIGNED_CONTEXT((#11058)) 
GLOBAL_UNIT_ASSIGNED_CONTEXT((#11055,#11056,#11057)) 
REPRESENTATION_CONTEXT('Context #1',
  '3D Context with UNIT and UNCERTAINTY') );
#11055 = ( LENGTH_UNIT() NAMED_UNIT(*) SI_UNIT(.MILLI.,.METRE.) );
#11056 = ( NAMED_UNIT(*) PLANE_ANGLE_UNIT() SI_UNIT($,.RADIAN.) );
#11057 = ( NAMED_UNIT(*) SI_UNIT($,.STERADIAN.) SOLID_ANGLE_UNIT() );
#11058 = UNCERTAINTY_MEASURE_WITH_UNIT(LENGTH_MEASURE(1.E-07),#11055,
  'distance_accuracy_value','confusion accuracy');
#11059 = CONTEXT_DEPENDENT_SHAPE_REPRESENTATION(#11060,#11062);
#11060 = ( REPRESENTATION_RELATIONSHIP('','',#10955,#10) 
REPRESENTATION_RELATIONSHIP_WITH_TRANSFORMATION(#11061) 
SHAPE_REPRESENTATION_RELATIONSHIP() );
#11061 = ITEM_DEFINED_TRANSFORMATION('','',#11,#91);
#11062 = PRODUCT_DEFINITION_SHAPE('Placement','Placement of an item',
  #11063);
#11063 = NEXT_ASSEMBLY_USAGE_OCCURRENCE('843',
  '\X2\0431043E043B0442\X0\_\X2\041C\X0\10\X2\0445\X0\80','',#5,#10950,$);
#11064 = PRODUCT_RELATED_PRODUCT_CATEGORY('part',$,(#10952));
#11065 = SHAPE_DEFINITION_REPRESENTATION(#11066,#11072);
#11066 = PRODUCT_DEFINITION_SHAPE('','',#11067);
#11067 = PRODUCT_DEFINITION('design','',#11068,#11071);
#11068 = PRODUCT_DEFINITION_FORMATION('','',#11069);
#11069 = PRODUCT('\X2\0431043E043B0442\X0\_\X2\041C\X0\10\X2\0445\X0\80',
  '\X2\0431043E043B0442\X0\_\X2\041C\X0\10\X2\0445\X0\80','',(#11070));
#11070 = PRODUCT_CONTEXT('',#2,'mechanical');
#11071 = PRODUCT_DEFINITION_CONTEXT('part definition',#2,'design');
#11072 = ADVANCED_BREP_SHAPE_REPRESENTATION('',(#11,#11073),#11171);
#11073 = MANIFOLD_SOLID_BREP('',#11074);
#11074 = CLOSED_SHELL('',(#11075,#11163,#11167));
#11075 = ADVANCED_FACE('',(#11076),#11089,.T.);
#11076 = FACE_BOUND('',#11077,.T.);
#11077 = EDGE_LOOP('',(#11078,#11112,#11135,#11162));
#11078 = ORIENTED_EDGE('',*,*,#11079,.F.);
#11079 = EDGE_CURVE('',#11080,#11080,#11082,.T.);
#11080 = VERTEX_POINT('',#11081);
#11081 = CARTESIAN_POINT('',(5.,-1.224646799147E-15,80.));
#11082 = SURFACE_CURVE('',#11083,(#11088,#11100),.PCURVE_S1.);
#11083 = CIRCLE('',#11084,5.);
#11084 = AXIS2_PLACEMENT_3D('',#11085,#11086,#11087);
#11085 = CARTESIAN_POINT('',(0.,0.,80.));
#11086 = DIRECTION('',(0.,0.,1.));
#11087 = DIRECTION('',(1.,0.,-0.));
#11088 = PCURVE('',#11089,#11094);
#11089 = CYLINDRICAL_SURFACE('',#11090,5.);
#11090 = AXIS2_PLACEMENT_3D('',#11091,#11092,#11093);
#11091 = CARTESIAN_POINT('',(0.,0.,0.));
#11092 = DIRECTION('',(0.,0.,1.));
#11093 = DIRECTION('',(1.,0.,-0.));
#11094 = DEFINITIONAL_REPRESENTATION('',(#11095),#11099);
#11095 = LINE('',#11096,#11097);
#11096 = CARTESIAN_POINT('',(0.,80.));
#11097 = VECTOR('',#11098,1.);
#11098 = DIRECTION('',(1.,0.));
#11099 = ( GEOMETRIC_REPRESENTATION_CONTEXT(2) 
PARAMETRIC_REPRESENTATION_CONTEXT() REPRESENTATION_CONTEXT('2D SPACE',''
  ) );
#11100 = PCURVE('',#11101,#11106);
#11101 = PLANE('',#11102);
#11102 = AXIS2_PLACEMENT_3D('',#11103,#11104,#11105);
#11103 = CARTESIAN_POINT('',(0.,0.,80.));
#11104 = DIRECTION('',(0.,0.,1.));
#11105 = DIRECTION('',(1.,0.,-0.));
#11106 = DEFINITIONAL_REPRESENTATION('',(#11107),#11111);
#11107 = CIRCLE('',#11108,5.);
#11108 = AXIS2_PLACEMENT_2D('',#11109,#11110);
#11109 = CARTESIAN_POINT('',(0.,0.));
#11110 = DIRECTION('',(1.,0.));
#11111 = ( GEOMETRIC_REPRESENTATION_CONTEXT(2) 
PARAMETRIC_REPRESENTATION_CONTEXT() REPRESENTATION_CONTEXT('2D SPACE',''
  ) );
#11112 = ORIENTED_EDGE('',*,*,#11113,.F.);
#11113 = EDGE_CURVE('',#11114,#11080,#11116,.T.);
#11114 = VERTEX_POINT('',#11115);
#11115 = CARTESIAN_POINT('',(5.,-1.224646799147E-15,0.));
#11116 = SEAM_CURVE('',#11117,(#11121,#11128),.PCURVE_S1.);
#11117 = LINE('',#11118,#11119);
#11118 = CARTESIAN_POINT('',(5.,-1.224646799147E-15,0.));
#11119 = VECTOR('',#11120,1.);
#11120 = DIRECTION('',(0.,0.,1.));
#11121 = PCURVE('',#11089,#11122);
#11122 = DEFINITIONAL_REPRESENTATION('',(#11123),#11127);
#11123 = LINE('',#11124,#11125);
#11124 = CARTESIAN_POINT('',(6.28318530718,-0.));
#11125 = VECTOR('',#11126,1.);
#11126 = DIRECTION('',(0.,1.));
#11127 = ( GEOMETRIC_REPRESENTATION_CONTEXT(2) 
PARAMETRIC_REPRESENTATION_CONTEXT() REPRESENTATION_CONTEXT('2D SPACE',''
  ) );
#11128 = PCURVE('',#11089,#11129);
#11129 = DEFINITIONAL_REPRESENTATION('',(#11130),#11134);
#11130 = LINE('',#11131,#11132);
#11131 = CARTESIAN_POINT('',(0.,-0.));
#11132 = VECTOR('',#11133,1.);
#11133 = DIRECTION('',(0.,1.));
#11134 = ( GEOMETRIC_REPRESENTATION_CONTEXT(2) 
PARAMETRIC_REPRESENTATION_CONTEXT() REPRESENTATION_CONTEXT('2D SPACE',''
  ) );
#11135 = ORIENTED_EDGE('',*,*,#11136,.T.);
#11136 = EDGE_CURVE('',#11114,#11114,#11137,.T.);
#11137 = SURFACE_CURVE('',#11138,(#11143,#11150),.PCURVE_S1.);
#11138 = CIRCLE('',#11139,5.);
#11139 = AXIS2_PLACEMENT_3D('',#11140,#11141,#11142);
#11140 = CARTESIAN_POINT('',(0.,0.,0.));
#11141 = DIRECTION('',(0.,0.,1.));
#11142 = DIRECTION('',(1.,0.,-0.));
#11143 = PCURVE('',#11089,#11144);
#11144 = DEFINITIONAL_REPRESENTATION('',(#11145),#11149);
#11145 = LINE('',#11146,#11147);
#11146 = CARTESIAN_POINT('',(0.,0.));
#11147 = VECTOR('',#11148,1.);
#11148 = DIRECTION('',(1.,0.));
#11149 = ( GEOMETRIC_REPRESENTATION_CONTEXT(2) 
PARAMETRIC_REPRESENTATION_CONTEXT() REPRESENTATION_CONTEXT('2D SPACE',''
  ) );
#11150 = PCURVE('',#11151,#11156);
#11151 = PLANE('',#11152);
#11152 = AXIS2_PLACEMENT_3D('',#11153,#11154,#11155);
#11153 = CARTESIAN_POINT('',(0.,0.,0.));
#11154 = DIRECTION('',(0.,0.,1.));
#11155 = DIRECTION('',(1.,0.,-0.));
#11156 = DEFINITIONAL_REPRESENTATION('',(#11157),#11161);
#11157 = CIRCLE('',#11158,5.);
#11158 = AXIS2_PLACEMENT_2D('',#11159,#11160);
#11159 = CARTESIAN_POINT('',(0.,0.));
#11160 = DIRECTION('',(1.,0.));
#11161 = ( GEOMETRIC_REPRESENTATION_CONTEXT(2) 
PARAMETRIC_REPRESENTATION_CONTEXT() REPRESENTATION_CONTEXT('2D SPACE',''
  ) );
#11162 = ORIENTED_EDGE('',*,*,#11113,.T.);
#11163 = ADVANCED_FACE('',(#11164),#11101,.T.);
#11164 = FACE_BOUND('',#11165,.T.);
#11165 = EDGE_LOOP('',(#11166));
#11166 = ORIENTED_EDGE('',*,*,#11079,.T.);
#11167 = ADVANCED_FACE('',(#11168),#11151,.F.);
#11168 = FACE_BOUND('',#11169,.T.);
#11169 = EDGE_LOOP('',(#11170));
#11170 = ORIENTED_EDGE('',*,*,#11136,.F.);
#11171 = ( GEOMETRIC_REPRESENTATION_CONTEXT(3) 
GLOBAL_UNCERTAINTY_ASSIGNED_CONTEXT((#11175)) 
GLOBAL_UNIT_ASSIGNED_CONTEXT((#11172,#11173,#11174)) 
REPRESENTATION_CONTEXT('Context #1',
  '3D Context with UNIT and UNCERTAINTY') );
#11172 = ( LENGTH_UNIT() NAMED_UNIT(*) SI_UNIT(.MILLI.,.METRE.) );
#11173 = ( NAMED_UNIT(*) PLANE_ANGLE_UNIT() SI_UNIT($,.RADIAN.) );
#11174 = ( NAMED_UNIT(*) SI_UNIT($,.STERADIAN.) SOLID_ANGLE_UNIT() );
#11175 = UNCERTAINTY_MEASURE_WITH_UNIT(LENGTH_MEASURE(1.E-07),#11172,
  'distance_accuracy_value','confusion accuracy');
#11176 = CONTEXT_DEPENDENT_SHAPE_REPRESENTATION(#11177,#11179);
#11177 = ( REPRESENTATION_RELATIONSHIP('','',#11072,#10) 
REPRESENTATION_RELATIONSHIP_WITH_TRANSFORMATION(#11178) 
SHAPE_REPRESENTATION_RELATIONSHIP() );
#11178 = ITEM_DEFINED_TRANSFORMATION('','',#11,#95);
#11179 = PRODUCT_DEFINITION_SHAPE('Placement','Placement of an item',
  #11180);
#11180 = NEXT_ASSEMBLY_USAGE_OCCURRENCE('844',
  '\X2\0431043E043B0442\X0\_\X2\041C\X0\10\X2\0445\X0\80','',#5,#11067,$);
#11181 = PRODUCT_RELATED_PRODUCT_CATEGORY('part',$,(#11069));
#11182 = SHAPE_DEFINITION_REPRESENTATION(#11183,#11189);
#11183 = PRODUCT_DEFINITION_SHAPE('','',#11184);
#11184 = PRODUCT_DEFINITION('design','',#11185,#11188);
#11185 = PRODUCT_DEFINITION_FORMATION('','',#11186);
#11186 = PRODUCT('\X2\0431043E043B0442\X0\_\X2\041C\X0\10\X2\0445\X0\80',
  '\X2\0431043E043B0442\X0\_\X2\041C\X0\10\X2\0445\X0\80','',(#11187));
#11187 = PRODUCT_CONTEXT('',#2,'mechanical');
#11188 = PRODUCT_DEFINITION_CONTEXT('part definition',#2,'design');
#11189 = ADVANCED_BREP_SHAPE_REPRESENTATION('',(#11,#11190),#11288);
#11190 = MANIFOLD_SOLID_BREP('',#11191);
#11191 = CLOSED_SHELL('',(#11192,#11280,#11284));
#11192 = ADVANCED_FACE('',(#11193),#11206,.T.);
#11193 = FACE_BOUND('',#11194,.T.);
#11194 = EDGE_LOOP('',(#11195,#11229,#11252,#11279));
#11195 = ORIENTED_EDGE('',*,*,#11196,.F.);
#11196 = EDGE_CURVE('',#11197,#11197,#11199,.T.);
#11197 = VERTEX_POINT('',#11198);
#11198 = CARTESIAN_POINT('',(5.,-1.224646799147E-15,80.));
#11199 = SURFACE_CURVE('',#11200,(#11205,#11217),.PCURVE_S1.);
#11200 = CIRCLE('',#11201,5.);
#11201 = AXIS2_PLACEMENT_3D('',#11202,#11203,#11204);
#11202 = CARTESIAN_POINT('',(0.,0.,80.));
#11203 = DIRECTION('',(0.,0.,1.));
#11204 = DIRECTION('',(1.,0.,-0.));
#11205 = PCURVE('',#11206,#11211);
#11206 = CYLINDRICAL_SURFACE('',#11207,5.);
#11207 = AXIS2_PLACEMENT_3D('',#11208,#11209,#11210);
#11208 = CARTESIAN_POINT('',(0.,0.,0.));
#11209 = DIRECTION('',(0.,0.,1.));
#11210 = DIRECTION('',(1.,0.,-0.));
#11211 = DEFINITIONAL_REPRESENTATION('',(#11212),#11216);
#11212 = LINE('',#11213,#11214);
#11213 = CARTESIAN_POINT('',(0.,80.));
#11214 = VECTOR('',#11215,1.);
#11215 = DIRECTION('',(1.,0.));
#11216 = ( GEOMETRIC_REPRESENTATION_CONTEXT(2) 
PARAMETRIC_REPRESENTATION_CONTEXT() REPRESENTATION_CONTEXT('2D SPACE',''
  ) );
#11217 = PCURVE('',#11218,#11223);
#11218 = PLANE('',#11219);
#11219 = AXIS2_PLACEMENT_3D('',#11220,#11221,#11222);
#11220 = CARTESIAN_POINT('',(0.,0.,80.));
#11221 = DIRECTION('',(0.,0.,1.));
#11222 = DIRECTION('',(1.,0.,-0.));
#11223 = DEFINITIONAL_REPRESENTATION('',(#11224),#11228);
#11224 = CIRCLE('',#11225,5.);
#11225 = AXIS2_PLACEMENT_2D('',#11226,#11227);
#11226 = CARTESIAN_POINT('',(0.,0.));
#11227 = DIRECTION('',(1.,0.));
#11228 = ( GEOMETRIC_REPRESENTATION_CONTEXT(2) 
PARAMETRIC_REPRESENTATION_CONTEXT() REPRESENTATION_CONTEXT('2D SPACE',''
  ) );
#11229 = ORIENTED_EDGE('',*,*,#11230,.F.);
#11230 = EDGE_CURVE('',#11231,#11197,#11233,.T.);
#11231 = VERTEX_POINT('',#11232);
#11232 = CARTESIAN_POINT('',(5.,-1.224646799147E-15,0.));
#11233 = SEAM_CURVE('',#11234,(#11238,#11245),.PCURVE_S1.);
#11234 = LINE('',#11235,#11236);
#11235 = CARTESIAN_POINT('',(5.,-1.224646799147E-15,0.));
#11236 = VECTOR('',#11237,1.);
#11237 = DIRECTION('',(0.,0.,1.));
#11238 = PCURVE('',#11206,#11239);
#11239 = DEFINITIONAL_REPRESENTATION('',(#11240),#11244);
#11240 = LINE('',#11241,#11242);
#11241 = CARTESIAN_POINT('',(6.28318530718,-0.));
#11242 = VECTOR('',#11243,1.);
#11243 = DIRECTION('',(0.,1.));
#11244 = ( GEOMETRIC_REPRESENTATION_CONTEXT(2) 
PARAMETRIC_REPRESENTATION_CONTEXT() REPRESENTATION_CONTEXT('2D SPACE',''
  ) );
#11245 = PCURVE('',#11206,#11246);
#11246 = DEFINITIONAL_REPRESENTATION('',(#11247),#11251);
#11247 = LINE('',#11248,#11249);
#11248 = CARTESIAN_POINT('',(0.,-0.));
#11249 = VECTOR('',#11250,1.);
#11250 = DIRECTION('',(0.,1.));
#11251 = ( GEOMETRIC_REPRESENTATION_CONTEXT(2) 
PARAMETRIC_REPRESENTATION_CONTEXT() REPRESENTATION_CONTEXT('2D SPACE',''
  ) );
#11252 = ORIENTED_EDGE('',*,*,#11253,.T.);
#11253 = EDGE_CURVE('',#11231,#11231,#11254,.T.);
#11254 = SURFACE_CURVE('',#11255,(#11260,#11267),.PCURVE_S1.);
#11255 = CIRCLE('',#11256,5.);
#11256 = AXIS2_PLACEMENT_3D('',#11257,#11258,#11259);
#11257 = CARTESIAN_POINT('',(0.,0.,0.));
#11258 = DIRECTION('',(0.,0.,1.));
#11259 = DIRECTION('',(1.,0.,-0.));
#11260 = PCURVE('',#11206,#11261);
#11261 = DEFINITIONAL_REPRESENTATION('',(#11262),#11266);
#11262 = LINE('',#11263,#11264);
#11263 = CARTESIAN_POINT('',(0.,0.));
#11264 = VECTOR('',#11265,1.);
#11265 = DIRECTION('',(1.,0.));
#11266 = ( GEOMETRIC_REPRESENTATION_CONTEXT(2) 
PARAMETRIC_REPRESENTATION_CONTEXT() REPRESENTATION_CONTEXT('2D SPACE',''
  ) );
#11267 = PCURVE('',#11268,#11273);
#11268 = PLANE('',#11269);
#11269 = AXIS2_PLACEMENT_3D('',#11270,#11271,#11272);
#11270 = CARTESIAN_POINT('',(0.,0.,0.));
#11271 = DIRECTION('',(0.,0.,1.));
#11272 = DIRECTION('',(1.,0.,-0.));
#11273 = DEFINITIONAL_REPRESENTATION('',(#11274),#11278);
#11274 = CIRCLE('',#11275,5.);
#11275 = AXIS2_PLACEMENT_2D('',#11276,#11277);
#11276 = CARTESIAN_POINT('',(0.,0.));
#11277 = DIRECTION('',(1.,0.));
#11278 = ( GEOMETRIC_REPRESENTATION_CONTEXT(2) 
PARAMETRIC_REPRESENTATION_CONTEXT() REPRESENTATION_CONTEXT('2D SPACE',''
  ) );
#11279 = ORIENTED_EDGE('',*,*,#11230,.T.);
#11280 = ADVANCED_FACE('',(#11281),#11218,.T.);
#11281 = FACE_BOUND('',#11282,.T.);
#11282 = EDGE_LOOP('',(#11283));
#11283 = ORIENTED_EDGE('',*,*,#11196,.T.);
#11284 = ADVANCED_FACE('',(#11285),#11268,.F.);
#11285 = FACE_BOUND('',#11286,.T.);
#11286 = EDGE_LOOP('',(#11287));
#11287 = ORIENTED_EDGE('',*,*,#11253,.F.);
#11288 = ( GEOMETRIC_REPRESENTATION_CONTEXT(3) 
GLOBAL_UNCERTAINTY_ASSIGNED_CONTEXT((#11292)) 
GLOBAL_UNIT_ASSIGNED_CONTEXT((#11289,#11290,#11291)) 
REPRESENTATION_CONTEXT('Context #1',
  '3D Context with UNIT and UNCERTAINTY') );
#11289 = ( LENGTH_UNIT() NAMED_UNIT(*) SI_UNIT(.MILLI.,.METRE.) );
#11290 = ( NAMED_UNIT(*) PLANE_ANGLE_UNIT() SI_UNIT($,.RADIAN.) );
#11291 = ( NAMED_UNIT(*) SI_UNIT($,.STERADIAN.) SOLID_ANGLE_UNIT() );
#11292 = UNCERTAINTY_MEASURE_WITH_UNIT(LENGTH_MEASURE(1.E-07),#11289,
  'distance_accuracy_value','confusion accuracy');
#11293 = CONTEXT_DEPENDENT_SHAPE_REPRESENTATION(#11294,#11296);
#11294 = ( REPRESENTATION_RELATIONSHIP('','',#11189,#10) 
REPRESENTATION_RELATIONSHIP_WITH_TRANSFORMATION(#11295) 
SHAPE_REPRESENTATION_RELATIONSHIP() );
#11295 = ITEM_DEFINED_TRANSFORMATION('','',#11,#99);
#11296 = PRODUCT_DEFINITION_SHAPE('Placement','Placement of an item',
  #11297);
#11297 = NEXT_ASSEMBLY_USAGE_OCCURRENCE('845',
  '\X2\0431043E043B0442\X0\_\X2\041C\X0\10\X2\0445\X0\80','',#5,#11184,$);
#11298 = PRODUCT_RELATED_PRODUCT_CATEGORY('part',$,(#11186));
#11299 = SHAPE_DEFINITION_REPRESENTATION(#11300,#11306);
#11300 = PRODUCT_DEFINITION_SHAPE('','',#11301);
#11301 = PRODUCT_DEFINITION('design','',#11302,#11305);
#11302 = PRODUCT_DEFINITION_FORMATION('','',#11303);
#11303 = PRODUCT('\X2\0431043E043B0442\X0\_\X2\041C\X0\10\X2\0445\X0\80',
  '\X2\0431043E043B0442\X0\_\X2\041C\X0\10\X2\0445\X0\80','',(#11304));
#11304 = PRODUCT_CONTEXT('',#2,'mechanical');
#11305 = PRODUCT_DEFINITION_CONTEXT('part definition',#2,'design');
#11306 = ADVANCED_BREP_SHAPE_REPRESENTATION('',(#11,#11307),#11405);
#11307 = MANIFOLD_SOLID_BREP('',#11308);
#11308 = CLOSED_SHELL('',(#11309,#11397,#11401));
#11309 = ADVANCED_FACE('',(#11310),#11323,.T.);
#11310 = FACE_BOUND('',#11311,.T.);
#11311 = EDGE_LOOP('',(#11312,#11346,#11369,#11396));
#11312 = ORIENTED_EDGE('',*,*,#11313,.F.);
#11313 = EDGE_CURVE('',#11314,#11314,#11316,.T.);
#11314 = VERTEX_POINT('',#11315);
#11315 = CARTESIAN_POINT('',(5.,-1.224646799147E-15,80.));
#11316 = SURFACE_CURVE('',#11317,(#11322,#11334),.PCURVE_S1.);
#11317 = CIRCLE('',#11318,5.);
#11318 = AXIS2_PLACEMENT_3D('',#11319,#11320,#11321);
#11319 = CARTESIAN_POINT('',(0.,0.,80.));
#11320 = DIRECTION('',(0.,0.,1.));
#11321 = DIRECTION('',(1.,0.,-0.));
#11322 = PCURVE('',#11323,#11328);
#11323 = CYLINDRICAL_SURFACE('',#11324,5.);
#11324 = AXIS2_PLACEMENT_3D('',#11325,#11326,#11327);
#11325 = CARTESIAN_POINT('',(0.,0.,0.));
#11326 = DIRECTION('',(0.,0.,1.));
#11327 = DIRECTION('',(1.,0.,-0.));
#11328 = DEFINITIONAL_REPRESENTATION('',(#11329),#11333);
#11329 = LINE('',#11330,#11331);
#11330 = CARTESIAN_POINT('',(0.,80.));
#11331 = VECTOR('',#11332,1.);
#11332 = DIRECTION('',(1.,0.));
#11333 = ( GEOMETRIC_REPRESENTATION_CONTEXT(2) 
PARAMETRIC_REPRESENTATION_CONTEXT() REPRESENTATION_CONTEXT('2D SPACE',''
  ) );
#11334 = PCURVE('',#11335,#11340);
#11335 = PLANE('',#11336);
#11336 = AXIS2_PLACEMENT_3D('',#11337,#11338,#11339);
#11337 = CARTESIAN_POINT('',(0.,0.,80.));
#11338 = DIRECTION('',(0.,0.,1.));
#11339 = DIRECTION('',(1.,0.,-0.));
#11340 = DEFINITIONAL_REPRESENTATION('',(#11341),#11345);
#11341 = CIRCLE('',#11342,5.);
#11342 = AXIS2_PLACEMENT_2D('',#11343,#11344);
#11343 = CARTESIAN_POINT('',(0.,0.));
#11344 = DIRECTION('',(1.,0.));
#11345 = ( GEOMETRIC_REPRESENTATION_CONTEXT(2) 
PARAMETRIC_REPRESENTATION_CONTEXT() REPRESENTATION_CONTEXT('2D SPACE',''
  ) );
#11346 = ORIENTED_EDGE('',*,*,#11347,.F.);
#11347 = EDGE_CURVE('',#11348,#11314,#11350,.T.);
#11348 = VERTEX_POINT('',#11349);
#11349 = CARTESIAN_POINT('',(5.,-1.224646799147E-15,0.));
#11350 = SEAM_CURVE('',#11351,(#11355,#11362),.PCURVE_S1.);
#11351 = LINE('',#11352,#11353);
#11352 = CARTESIAN_POINT('',(5.,-1.224646799147E-15,0.));
#11353 = VECTOR('',#11354,1.);
#11354 = DIRECTION('',(0.,0.,1.));
#11355 = PCURVE('',#11323,#11356);
#11356 = DEFINITIONAL_REPRESENTATION('',(#11357),#11361);
#11357 = LINE('',#11358,#11359);
#11358 = CARTESIAN_POINT('',(6.28318530718,-0.));
#11359 = VECTOR('',#11360,1.);
#11360 = DIRECTION('',(0.,1.));
#11361 = ( GEOMETRIC_REPRESENTATION_CONTEXT(2) 
PARAMETRIC_REPRESENTATION_CONTEXT() REPRESENTATION_CONTEXT('2D SPACE',''
  ) );
#11362 = PCURVE('',#11323,#11363);
#11363 = DEFINITIONAL_REPRESENTATION('',(#11364),#11368);
#11364 = LINE('',#11365,#11366);
#11365 = CARTESIAN_POINT('',(0.,-0.));
#11366 = VECTOR('',#11367,1.);
#11367 = DIRECTION('',(0.,1.));
#11368 = ( GEOMETRIC_REPRESENTATION_CONTEXT(2) 
PARAMETRIC_REPRESENTATION_CONTEXT() REPRESENTATION_CONTEXT('2D SPACE',''
  ) );
#11369 = ORIENTED_EDGE('',*,*,#11370,.T.);
#11370 = EDGE_CURVE('',#11348,#11348,#11371,.T.);
#11371 = SURFACE_CURVE('',#11372,(#11377,#11384),.PCURVE_S1.);
#11372 = CIRCLE('',#11373,5.);
#11373 = AXIS2_PLACEMENT_3D('',#11374,#11375,#11376);
#11374 = CARTESIAN_POINT('',(0.,0.,0.));
#11375 = DIRECTION('',(0.,0.,1.));
#11376 = DIRECTION('',(1.,0.,-0.));
#11377 = PCURVE('',#11323,#11378);
#11378 = DEFINITIONAL_REPRESENTATION('',(#11379),#11383);
#11379 = LINE('',#11380,#11381);
#11380 = CARTESIAN_POINT('',(0.,0.));
#11381 = VECTOR('',#11382,1.);
#11382 = DIRECTION('',(1.,0.));
#11383 = ( GEOMETRIC_REPRESENTATION_CONTEXT(2) 
PARAMETRIC_REPRESENTATION_CONTEXT() REPRESENTATION_CONTEXT('2D SPACE',''
  ) );
#11384 = PCURVE('',#11385,#11390);
#11385 = PLANE('',#11386);
#11386 = AXIS2_PLACEMENT_3D('',#11387,#11388,#11389);
#11387 = CARTESIAN_POINT('',(0.,0.,0.));
#11388 = DIRECTION('',(0.,0.,1.));
#11389 = DIRECTION('',(1.,0.,-0.));
#11390 = DEFINITIONAL_REPRESENTATION('',(#11391),#11395);
#11391 = CIRCLE('',#11392,5.);
#11392 = AXIS2_PLACEMENT_2D('',#11393,#11394);
#11393 = CARTESIAN_POINT('',(0.,0.));
#11394 = DIRECTION('',(1.,0.));
#11395 = ( GEOMETRIC_REPRESENTATION_CONTEXT(2) 
PARAMETRIC_REPRESENTATION_CONTEXT() REPRESENTATION_CONTEXT('2D SPACE',''
  ) );
#11396 = ORIENTED_EDGE('',*,*,#11347,.T.);
#11397 = ADVANCED_FACE('',(#11398),#11335,.T.);
#11398 = FACE_BOUND('',#11399,.T.);
#11399 = EDGE_LOOP('',(#11400));
#11400 = ORIENTED_EDGE('',*,*,#11313,.T.);
#11401 = ADVANCED_FACE('',(#11402),#11385,.F.);
#11402 = FACE_BOUND('',#11403,.T.);
#11403 = EDGE_LOOP('',(#11404));
#11404 = ORIENTED_EDGE('',*,*,#11370,.F.);
#11405 = ( GEOMETRIC_REPRESENTATION_CONTEXT(3) 
GLOBAL_UNCERTAINTY_ASSIGNED_CONTEXT((#11409)) 
GLOBAL_UNIT_ASSIGNED_CONTEXT((#11406,#11407,#11408)) 
REPRESENTATION_CONTEXT('Context #1',
  '3D Context with UNIT and UNCERTAINTY') );
#11406 = ( LENGTH_UNIT() NAMED_UNIT(*) SI_UNIT(.MILLI.,.METRE.) );
#11407 = ( NAMED_UNIT(*) PLANE_ANGLE_UNIT() SI_UNIT($,.RADIAN.) );
#11408 = ( NAMED_UNIT(*) SI_UNIT($,.STERADIAN.) SOLID_ANGLE_UNIT() );
#11409 = UNCERTAINTY_MEASURE_WITH_UNIT(LENGTH_MEASURE(1.E-07),#11406,
  'distance_accuracy_value','confusion accuracy');
#11410 = CONTEXT_DEPENDENT_SHAPE_REPRESENTATION(#11411,#11413);
#11411 = ( REPRESENTATION_RELATIONSHIP('','',#11306,#10) 
REPRESENTATION_RELATIONSHIP_WITH_TRANSFORMATION(#11412) 
SHAPE_REPRESENTATION_RELATIONSHIP() );
#11412 = ITEM_DEFINED_TRANSFORMATION('','',#11,#103);
#11413 = PRODUCT_DEFINITION_SHAPE('Placement','Placement of an item',
  #11414);
#11414 = NEXT_ASSEMBLY_USAGE_OCCURRENCE('846',
  '\X2\0431043E043B0442\X0\_\X2\041C\X0\10\X2\0445\X0\80','',#5,#11301,$);
#11415 = PRODUCT_RELATED_PRODUCT_CATEGORY('part',$,(#11303));
ENDSEC;
END-ISO-10303-21;
